# step atoms n_gas iacc dacc tacc
504 0 0 0 0
677 173 0.82142856849489798154 0.26760563254645197695 0.88362918957864100555
730 226 0.75638506727625698378 0.33829787162064300921 0.84133202660006700668
776 272 0.71764705788542904052 0.38049450497184800213 0.79296615740347298207
794 290 0.68044354770116599607 0.39690721608566298384 0.76692836076205694873
828 324 0.64786462478012496469 0.40066777929827401827 0.75517375995502800112
832 328 0.63003412926277502226 0.40753424629620899067 0.74471544691228797053
843 339 0.61015947985223895067 0.40656121827383601142 0.7372222220174380336
850 346 0.59455292877977794497 0.41335372048248997245 0.72996089913735096033
862 358 0.58474965522060196044 0.41290613699778599965 0.72520078126216602765
869 365 0.57136963672798302127 0.41564792159101598967 0.72120265507200298494
861 357 0.56567557374268895298 0.42070484566053401032 0.71809930579852299104
860 356 0.55773871059712598619 0.4246298787265709862 0.71193079799054503898
854 350 0.54744525530071597164 0.42359827466925498163 0.70619415406539498559
847 343 0.54132473606643505271 0.42630385475444898535 0.7028328610902500051
838 334 0.53768155644349602262 0.43068783057389198321 0.69858671236315095232
865 361 0.5324974410101079858 0.42850024902130001703 0.693612280181528984
854 350 0.52522825552012797345 0.42987590718101698073 0.69090696851979604975
877 373 0.52719854929120602005 0.43236661491424199788 0.6883474809074690004
896 392 0.52552552541279995424 0.43117536131758299467 0.68740198633691595997
895 391 0.51935157031016199181 0.43215280532587502238 0.68552644678897001196
908 404 0.51563999222497802766 0.4340304181684350171 0.683065818151480042
919 415 0.51305936063688395432 0.43464052279690601477 0.68158300801655802292
878 374 0.5065662755197749556 0.43611495837324898428 0.68096933894892996975
875 371 0.50369623647451300386 0.43601659743800602609 0.67886550772029696788
876 372 0.50161290314490103448 0.43689165462950502183 0.67812973743891102885
875 371 0.49969040239942902337 0.43852647729262800302 0.67815738958325100239
888 384 0.50156927208166601773 0.43834808253121698707 0.67750757626746205275
904 400 0.50194777081201202851 0.43779326028184400998 0.67754345962684903171
928 424 0.49972144839836701857 0.43605292165985998221 0.67618786043146195119
917 413 0.496564731173842977 0.43628365763312698666 0.6731674958094080452
910 406 0.49485342013096400571 0.4359336845603479782 0.67189912502110804571
927 423 0.49281391824346798547 0.43536905202505699064 0.67168918494043394762
895 391 0.49016012706390899023 0.43628691977862699147 0.66975308637922104094
892 388 0.48962655595854998047 0.4377120130497469952 0.66790079920851497253
894 390 0.48882745905449997981 0.43740778567274901656 0.66756154677171597456
894 390 0.48725402499024400571 0.43801744117032598291 0.66661110181326799218
905 401 0.48634236581931200583 0.43784307389540000344 0.66592872566598704243
906 402 0.48534236421998699917 0.43843655030509898207 0.66535143094142701337
919 415 0.48451692810853502769 0.43734668842627300034 0.66381605895822304308
942 438 0.48348559376734401294 0.43736263731894498008 0.66333815963536202354
946 442 0.48337420299329297846 0.43706157439233600526 0.6621391363291889709
951 447 0.48154169850023498256 0.43670283643282897801 0.65985359821941902414
955 451 0.48052675815069301191 0.43709842625597400412 0.65843926878266501035
943 439 0.47886423806456102081 0.43675027258844500988 0.65794129652688204679
957 453 0.47778768952026900996 0.43683178898460200967 0.6564300274458729767
958 454 0.47586687572086899811 0.43642701521251198171 0.65566017266214005055
945 441 0.47424087338158998906 0.436439594131090014 0.65486049175458205251
924 420 0.47297635949603400451 0.43734356745892299934 0.65420288646781998843
937 433 0.47243322711162000216 0.43785287616088297558 0.65283664816380704288
927 423 0.47185973897431299218 0.43848681570581998779 0.65312400125227199066
921 417 0.47041745131274198544 0.43783359494208501372 0.65198306942106998285
900 396 0.46996221173209201671 0.43800445841817198245 0.65162926526853603981
920 416 0.47087305186330197238 0.43877011404103899439 0.6511207383442789709
923 419 0.46970708190806798044 0.43905878856598401505 0.65137004028209299911
902 398 0.46968702119576200005 0.43956043952845097467 0.65164053423883394611
931 427 0.46913403826313698763 0.43963047834147600534 0.65057061338621402502
928 424 0.4688354483300259945 0.44071493910064601929 0.64905700060825000097
932 428 0.46827088343291400907 0.44105859587886497852 0.64841458783947802935
913 409 0.46757817784841099185 0.44096892384034702683 0.64816196416684201953
900 396 0.46758179513109998648 0.44145886115205601463 0.64740790129530201291
893 389 0.46773665244233597615 0.44228249472993397262 0.64769781101218504293
911 407 0.46809195695356498046 0.44185447518082099361 0.64642383889834098554
929 425 0.46764687239573798916 0.44141170493580000889 0.64569231256091497162
924 420 0.46722332998085597255 0.44196066185189097908 0.64539562261184801883
910 406 0.46696954810492602439 0.44188044676311000192 0.6445801714897719803
912 408 0.4662877184213409798 0.44137555902082797887 0.64428714643970297349
898 394 0.46643214879165101339 0.44183418577127198112 0.64475968155130303217
892 388 0.46665882626915999865 0.44217926183701400378 0.64482372359849005061
907 403 0.46687130774546098388 0.44224994222440200398 0.6446626764877489979
901 397 0.46774009361266799534 0.44312432491369901921 0.64439031378007205486
899 395 0.46704935559305299497 0.44324809329053099782 0.64465097882299904342
888 384 0.46659261313709599062 0.44354080218846198003 0.6443207126769400217
906 402 0.46711247530875299461 0.44344929275061700791 0.64384689256019100867
905 401 0.4672038068205700001 0.44376817836670401363 0.64362090899965795909
907 403 0.46699749210463697979 0.44338821027916197615 0.64388575701611394653
895 391 0.46674402655906199744 0.44264182539027402408 0.64403026386934802971
914 410 0.46683660196291698607 0.44249250798581701849 0.6441454337078279524
909 405 0.46697822511981401661 0.44270063692011701884 0.64426907948887601751
907 403 0.46706556460285697518 0.44285786110700098295 0.64391977657669696722
912 408 0.46662329861556101074 0.44268480363189799398 0.64371880719675700355
922 418 0.46636682644855598223 0.44208049412019800872 0.64382679348385296603
900 396 0.46620365839449301459 0.44173677591907301032 0.64337443725182597021
908 404 0.46560054109258902644 0.44141129222921998698 0.64317989608207803975
907 403 0.46554934820868298928 0.44189674733160499986 0.64359861590159694877
927 423 0.46521821093103898903 0.44176368820116101999 0.64340134448299601821
942 438 0.46476971077796397358 0.4411465556892669726 0.64309858496764105151
929 425 0.46437618014717602088 0.44146820860074698079 0.64344621053574202474
946 442 0.46392831147816898651 0.44115386352393398672 0.64306704023683802784
931 427 0.46360446281880501873 0.44171175600582601728 0.6423923078510570539
904 400 0.46351568066359999376 0.44232724698517500439 0.64206707763465498129
901 397 0.46316438414447297367 0.44213883183599900217 0.64182819381846201168
916 412 0.46298472383413902254 0.442128929030993989 0.64152176753733602954
917 413 0.46317195035909797252 0.44197478091720598936 0.6414020565081940406
910 406 0.4633023612452770168 0.44254599279160300451 0.6413537201577770297
909 405 0.46269034460443397849 0.44261951646865499432 0.64137814699444695155
923 419 0.46254900323369102511 0.44265626942458602411 0.64149604490135203605
919 415 0.4617003714213079868 0.44180132883103101493 0.64208068114734895282
890 386 0.46140630750352201739 0.44196519126771999231 0.6417879927891010361
892 388 0.46143256264074899997 0.44183992933925297919 0.64133713983596896124
908 404 0.46158778501736902333 0.44199642074201600517 0.64111658850063901749
878 374 0.46125124129250200111 0.44214502103150898904 0.64089033485476698537
878 374 0.46180473603721999831 0.44279091509436302454 0.64077078707810497527
857 353 0.46149048953611299106 0.44329101221613498307 0.64120860958096803639
871 367 0.46149986489399402734 0.44321223707674101133 0.64120829401356904675
868 364 0.46196816649594601989 0.44300684748447000105 0.64156701187004705478
864 360 0.46212465876318897795 0.44321630632683101103 0.64193822611425399582
904 400 0.46235832768661899728 0.44289217505971301136 0.64206586825145794961
902 398 0.46217050226931699619 0.44287817444082200335 0.64213005023562297335
890 386 0.46192687599653797781 0.44267492709757000346 0.64248181082085498161
905 401 0.46160583939921101537 0.44227366290699998697 0.64280901126149103675
914 410 0.46146616539685297864 0.44248674973347301709 0.64287518947803901082
926 422 0.46124919416727799826 0.44234934837390899043 0.64239855498967401992
916 412 0.46067854352825998721 0.44247694147565702627 0.64187464547926298408
902 398 0.4605508459509459751 0.44256580092582997743 0.64163414547267094701
901 397 0.46049787321454199729 0.44279690306778701769 0.64116683510540595226
900 396 0.46048216940055697322 0.44266620971752301816 0.64083303112399003787
905 401 0.46065989846135801944 0.4427154117816419765 0.64098130520028495649
902 398 0.46040108767979598392 0.44301792692940400453 0.64112793697132397508
882 378 0.46010656233694902095 0.44324902267221599761 0.64089402021911401341
887 383 0.45986963060471802711 0.44325865038965700515 0.64097942014853204196
890 386 0.46005235774066199905 0.44383426502979800299 0.64098786683924002805
882 378 0.45974631964840501075 0.44386840130281801642 0.64074943758287095097
907 403 0.46005473737586199956 0.44385840019272998491 0.6409028727665799785
904 400 0.45999224403890898172 0.44392388407907101833 0.64049246278835303414
919 415 0.45986664955571698865 0.44359178473352700589 0.6401224378493229894
930 426 0.46013616694896497528 0.44347908503590699469 0.64002797379617204498
947 443 0.45996657309892602372 0.44353498289448600733 0.64031103118765497761
929 425 0.45905280278844301511 0.44366262958237601133 0.64026097975935603035
911 407 0.45902148266301301405 0.44411156066207102544 0.64012358136591396285
885 381 0.45874699388115097731 0.44405647951103999205 0.64029452992836599634
888 384 0.45871447362992301411 0.44437009549107697737 0.64049820431511395036
880 376 0.4587016616404290259 0.44435055527389100138 0.64048828568291005237
874 370 0.45883842951393599696 0.44465077271940101067 0.64054176071270796378
889 385 0.458873163566055009 0.44454686011998900685 0.64028261160858201961
884 380 0.45867854490100401499 0.44476589713512498792 0.64018324412328697637
879 375 0.45844140531541999195 0.44496233106308602512 0.64015067907650002876
876 372 0.4585004537735020147 0.44484855537126899439 0.64031603235329703772
894 390 0.45866387700988997533 0.44469480311856302013 0.6404813687017469892
897 393 0.45858568378443298474 0.444916226748769017 0.64043472001381296366
894 390 0.45852653270197102353 0.44510892779595301327 0.64022760088867003425
873 369 0.4582409460327980244 0.44527053767045698951 0.64047240516919601294
873 369 0.45824513869956701173 0.44554260843898502165 0.64077122560828803088
862 358 0.45854711636923400908 0.44576030316143000487 0.64095960584720002018
870 366 0.45887397670939300554 0.44576613459720099142 0.64079680830948204662
878 374 0.45930843705506801955 0.44551194069597799263 0.64072079535155002095
903 399 0.45954479311260598706 0.44541068068463801621 0.64049167283122798722
898 394 0.45914502900419201792 0.44556948316199002091 0.64043075244492297937
912 408 0.45916544892409000278 0.44555654208180500708 0.64077748750469298855
921 417 0.45894369035186299843 0.44522250433127802394 0.64081742403010499842
912 408 0.45898093253060501251 0.44540893524341201859 0.64066610578314597824
896 392 0.45846374196439299009 0.44539654080243101797 0.64062624385510602565
903 399 0.45834211634542698643 0.44522449833799898622 0.64039064764424702414
898 394 0.45861256543302097999 0.44554584242778799696 0.64021004661044200734
911 407 0.45875471206398699131 0.44577472071664797637 0.6402430297979490037
904 400 0.45883386291408101432 0.4460344783175489991 0.64053613896390604321
895 391 0.45858466591907898202 0.4460980777462509872 0.64042995838289895616
902 398 0.45905359235992398981 0.44641363047472398806 0.64050193394385201984
903 399 0.45899313384025497431 0.44642947133884902655 0.64016741707603297407
902 398 0.45895409702891698522 0.44661142126413599929 0.64018355794001402526
888 384 0.45863759126591402415 0.4467778054131180121 0.64031219462503696782
908 404 0.45883638891889400035 0.44689061493971998784 0.64022659361752698448
909 405 0.45892085441514002264 0.4469110307926609793 0.640137081201561986
936 432 0.45915361577742802579 0.44672892625545801426 0.63991248554979296426
911 407 0.45854669591664098949 0.44708512550248902251 0.63987829762533898759
914 410 0.45858669055794498703 0.44724576781744901366 0.63962727183594603186
932 428 0.45886403581588497413 0.44732039952825297657 0.63940641639431294863
929 425 0.45876325679397800261 0.44734643205654900378 0.63936550597970598364
913 409 0.45867739094165899116 0.44763441369411999249 0.63950090061386000162
911 407 0.45873729012866498733 0.4477052542147489933 0.63932753567407396567
926 422 0.45857028715376801919 0.44762262026522497971 0.63927872254358497628
909 405 0.45823890847701698181 0.44783531111258600976 0.63946591014912002038
886 382 0.45819009568758300999 0.44825508642424199968 0.63935706458913998951
916 412 0.45829774462803202217 0.4482488298529370141 0.63892944038189203315
905 401 0.45810171359263801572 0.44786175916835802013 0.63876220747375700437
921 417 0.45809736937207501395 0.44749191306101698817 0.6384492039784850359
921 417 0.45818388194192499752 0.44761991031188902435 0.63856615636232705313
895 391 0.45805577508280298504 0.44782099764884197857 0.63851355177041202449
908 404 0.45809203141508197943 0.44791759963170801884 0.6383939632769639605
869 365 0.45782890327322300905 0.44819448772322501018 0.63859279827303605526
887 383 0.45785325784309299779 0.44835529958027797726 0.63878187283555498688
905 401 0.45770079434117999506 0.44831842023078599668 0.63880583792174594482
915 411 0.45780303694246898827 0.44824336466460101835 0.63877049811523300971
912 408 0.45768038761059698372 0.44838414234270201897 0.63879155533442699699
918 414 0.45767052235383398617 0.44835512761155499328 0.63868072498432904016
922 418 0.45738458549074301196 0.44819848974221798699 0.63873392765537495563
929 425 0.45711649463645898095 0.4482758620593410015 0.63865636748824494706
919 415 0.45683913933451097966 0.44821989192387901024 0.63850464485167002238
906 402 0.45677517996099498143 0.44822899854650000151 0.63842373982712696812
922 418 0.45720987235953802763 0.44816879988915298005 0.63821689811684301219
906 402 0.45688821624297099033 0.44808972715447897839 0.63823234719571597662
900 396 0.45673358426481097672 0.44804964167628297256 0.63824921052238103858
901 397 0.45679038028508001101 0.44815831045879800376 0.63814910668894897494
901 397 0.4565037453864069783 0.44813106343321401637 0.63821615055757496826
914 410 0.45663359814644899348 0.44812116721306899381 0.63832885766744096312
901 397 0.45652663702647300337 0.44817491349625998565 0.63821021267195898741
895 391 0.45669227163437098316 0.44856101186531599501 0.63812561333989503698
885 381 0.45662748276334397257 0.4487145722240489798 0.63834830465581204884
875 371 0.45690942101156101218 0.44884554941272397643 0.63851775374874997215
881 377 0.45679433420025300494 0.44892435390161899988 0.63873892021919098649
879 375 0.45694491583730401096 0.44905449612125897252 0.63878894778927097775
905 401 0.45695390541860597677 0.44892772040411199619 0.63886645327271895933
889 385 0.45702708044164802592 0.44902634592469398145 0.63902119551640301776
888 384 0.45700013765350400163 0.44909508930320701792 0.63898599671506595143
897 393 0.45695105003705099866 0.44887263624286000141 0.63888179227042496411
893 389 0.45691636476068497874 0.44883268481617100143 0.6388839992896510056
904 400 0.45691192432049698713 0.44864571837043498714 0.63889564700566503497
904 400 0.45685249820743900617 0.44888794664362502429 0.63879446429163400101
882 378 0.45676666473855098705 0.44903750286737798003 0.6389635927181690489
899 395 0.4564926883193369811 0.44884053821072900092 0.63908158467287401461
912 408 0.45654362733987102763 0.44872452370602800009 0.63880665430946403927
916 412 0.45659285591860199194 0.44862392256826300052 0.63868533355537204788
925 421 0.45659333420297398831 0.44860287890773198338 0.63874647646910898136
929 425 0.4567098756096080181 0.44865624121268599112 0.63867785088976103403
942 438 0.45666281280616399796 0.44854531890248899861 0.63858028738371797051
930 426 0.45649067457629199929 0.44865988565504699714 0.63842445378417900237
933 429 0.45634026520045201103 0.44858293610374699867 0.63837628099808396698
926 422 0.45607555628215901145 0.44870898925171598393 0.63818264155933701609
906 402 0.45591759819140598164 0.44868604054518901325 0.63800288875831001612
911 407 0.45586628795324701802 0.44878288753646300435 0.63798629935674799896
912 408 0.45582584105902301808 0.44858474314224000556 0.63792018817284401599
928 424 0.4557240483878949866 0.44867743973190099549 0.63783180216567603171
903 399 0.45557031557721699988 0.44875410954406397268 0.63785015049454596436
896 392 0.45562405073786099718 0.44884423547117602293 0.6377072494496960342
886 382 0.4557054384884730025 0.44881945802806200163 0.63761480219848898354
918 414 0.45586437794802797674 0.44854647557178101147 0.637484388932761048
925 421 0.45608465607661202723 0.44865961198503201413 0.63742451153963197719
917 413 0.45572376970642197724 0.44844663773996901179 0.63742364370331394685
912 408 0.45558664101319101825 0.44847605224179498684 0.63729174550366296526
903 399 0.45563315278121102603 0.44844992949488299283 0.63710440541971502526
900 396 0.45553841085220697638 0.44835412334635599274 0.63708868159407805454
890 386 0.45550587787713398003 0.44845547525054801907 0.63717721474440303098
895 391 0.45555154576385398224 0.44840077599793298768 0.63719907927660301983
891 387 0.45555669643605500863 0.44822813791394899852 0.63705618751605397332
901 397 0.45570720236405998227 0.44819432867048497604 0.63714771205385001274
912 408 0.45589982013004498596 0.44820868975271899171 0.63699361707037505109
900 396 0.45581898371908302625 0.44843760544562899506 0.63698694227691698977
913 409 0.45577052489139002756 0.44827122743778302638 0.6370660295782959448
926 422 0.45573204650555099171 0.44815812816200800706 0.63701304724981200334
936 432 0.45561172563765900412 0.448015469495273988 0.63686447082791497465
922 418 0.45541247818467400776 0.44803545639413600021 0.63670424513567802638
935 431 0.45537590811300598936 0.44786533945487799757 0.63662933510440400386
935 431 0.45543868903598100362 0.44772064996546501181 0.63646238422039203009
931 427 0.4552889589519750202 0.44760015085437598881 0.63625480903657094522
918 414 0.4552236364156789783 0.44765979683757900487 0.63626274251367798129
896 392 0.45496750231385202357 0.44771411848137299128 0.63624972358880405032
908 404 0.45483154086241300851 0.44761010057747002699 0.63642814033767403092
891 387 0.4548186930312390075 0.44758142533944600405 0.63625950477159098906
893 389 0.4546698432044259941 0.44730630268249998993 0.6362224217807319615
891 387 0.45482096755360001961 0.44738862058324402327 0.63613288961075797889
917 413 0.45501149865122297866 0.44735835828743597542 0.63616594446608798474
913 409 0.45508639067592998595 0.44738345339012802748 0.63613695213839005493
930 426 0.45490985138225398243 0.44726772499450900833 0.636121237200241052
910 406 0.4548338726153450251 0.44743680604067298523 0.63614744351457697125
914 410 0.4547126798136200132 0.44740847677675998906 0.63617488236463703988
906 402 0.45479323307558300327 0.44741694533163400838 0.63614488148847803117
902 398 0.45467735895446398375 0.44756714674273900822 0.63611087179069303321
906 402 0.45473762744878898356 0.4475778305109969768 0.6359977222506300043
906 402 0.45462425508157799925 0.44768115717369000306 0.63606763750030304028
906 402 0.4545300357645469802 0.44768972577795401735 0.6359998451903250416
893 389 0.45442118358311101023 0.447882311426040014 0.63604823289462097957
908 404 0.45448844429473600481 0.44797334473852201686 0.63614787276861195497
929 425 0.45446375530525900954 0.44786051468786597374 0.63626902562281395515
949 445 0.45454269541170999602 0.4477285831267600047 0.63626454872721005529
926 422 0.45437776869937901436 0.44774698539623797311 0.63618137771860594487
925 421 0.45437425613609599973 0.44767424355791601842 0.63593382402520604035
926 422 0.4542726836225660092 0.44776029872009698307 0.63588394478681797839
923 419 0.45401285307944999614 0.4476302892593890248 0.6357894894892249793
893 389 0.45393609889843000715 0.4477882955222989847 0.63568153084946799058
917 413 0.45399919881820699485 0.4477521173490000006 0.63563124161100303944
922 418 0.45418526950039600498 0.44777398524686701231 0.63551651680166099112
911 407 0.45425086902058797733 0.44796573244748100207 0.63547184327645200863
931 427 0.45436938786820901814 0.44778242063708301179 0.63546620071929604823
915 411 0.45425706098394502686 0.448025950488792013 0.6355263737669799573
921 417 0.45429124855519997794 0.44801583834908398352 0.63553200675749599302
917 413 0.45414714117175897234 0.44799280658359502683 0.63552628699735602691
915 411 0.45403179190095299678 0.44811191235966701951 0.63553120207673097219
915 411 0.45379711312254400468 0.44815966821542302378 0.63555178931812694731
899 395 0.45355606537921500099 0.44820065430109301552 0.63550025979565605283
906 402 0.45344401422392199841 0.44811017203014402721 0.63544527688244700769
910 406 0.45345674616655801126 0.44809007981117299213 0.63535436736285200165
911 407 0.45338099492952399494 0.44818623412140801143 0.63538120016391896883
926 422 0.45336480031014697589 0.44811040339068497484 0.63540273707119099278
935 431 0.45330103649654501785 0.44785570237278998773 0.63534231622069703427
919 415 0.45321731807658099944 0.44788973810767801487 0.6353015137449909977
908 404 0.45312609297201800196 0.44778731326985099503 0.63531374038907695301
911 407 0.45300932702534602026 0.44772204004119597887 0.63530096487830101104
910 406 0.45298717894663198535 0.4478265706197980256 0.6352353331658320279
895 391 0.4528301886729769743 0.4479819260347069898 0.63536727176066698508
899 395 0.4528950018561549995 0.44793392994630498727 0.63537698205728199152
892 388 0.45285172147655899932 0.44795408562908001215 0.63553573280340502905
892 388 0.45279555013011502096 0.44808143442514297705 0.63561564541032300468
940 436 0.45313374178932197545 0.44805239194913898393 0.6356061438655029594
921 417 0.45299645076012101663 0.44819129367874899206 0.63557384231566405042
899 395 0.45293376163335197226 0.44832735961159497773 0.63539726400821905372
903 399 0.4529810627488319863 0.44841538336019398647 0.63534555443308304845
896 392 0.452966597998668008 0.44841954797388700049 0.63532497102580298698
891 387 0.45309606247882200369 0.44850431369838300588 0.63536657841701804639
862 358 0.45312270093964401863 0.44874815905142900752 0.63540467583095805448
857 353 0.45323539605335999569 0.44887667430960997983 0.63554988927977196234
847 343 0.45341821274183402579 0.44895517625818898155 0.63560002139642302055
869 365 0.4535427232100540107 0.44895931318050097403 0.63572666666242805267
885 381 0.45360225982135699008 0.44882191346018301958 0.63566427062012098581
906 402 0.45372282357914900386 0.44891966977249297965 0.63578996159028100532
903 399 0.45353135485982698505 0.44883067796465997423 0.6357366315942040158
919 415 0.45346012173184402361 0.44883084934576200631 0.6357692130547120124
923 419 0.45340571785068201072 0.4487219613921660244 0.63580271198470994509
924 420 0.45337190896944201679 0.44886045997050300072 0.63580928727403795975
908 404 0.45326764423858501019 0.4490364552901129902 0.63572698904493196714
884 380 0.45320819420045599379 0.44906181798818300965 0.63560741837037604274
914 410 0.45322474983682597971 0.44908891893053798361 0.6355780806980489972
936 432 0.45329304516473800657 0.44894029447812000555 0.63561875390726496615
938 434 0.45311921569050200853 0.44878785550970501372 0.63561081928649998396
926 422 0.45300689689699197293 0.44877339354167400387 0.63548616585183703709
933 429 0.45299199512282600777 0.44869952304675697619 0.63537700896443705112
939 435 0.45296237748399698075 0.44858450498309299093 0.63528984768583296461
933 429 0.45263065015689801784 0.4483477601510290067 0.63522735207270197844
923 419 0.45261279824532801852 0.44837921567075100793 0.63518243093171000702
908 404 0.45241375854332199768 0.44842610147221401151 0.63519489285065799944
894 390 0.45237619558409197795 0.44857064182876998926 0.63521110817243797708
906 402 0.4524292631863319758 0.44851941050390597976 0.63522848366680095822
895 391 0.45229348688874698725 0.44855987557762300177 0.63529294153268500711
872 368 0.45227989852809197258 0.448664533883283978 0.63542192239496098072
886 382 0.45231459786849398386 0.44871065838691698291 0.63542468883912095468
885 381 0.45224073276630899487 0.44862093613112097312 0.63546368009116105391
889 385 0.45231353802228002614 0.44872755870127800648 0.63551309585131998681
914 410 0.45231201514321300872 0.44868448463354698719 0.63550959136324403076
918 414 0.45232238107445399411 0.44868490171336999905 0.63543295977626401694
918 414 0.45237835014691002433 0.4487295051958890002 0.63550767612521796845
917 413 0.45240661136462601011 0.44865521218567600004 0.63546263561724103397
905 401 0.45239935276097797967 0.44866238953578702064 0.63551186077778298866
904 400 0.45245747715319700744 0.44874981898382099166 0.63556061771466199062
898 394 0.45257042717880102689 0.44883793667056998133 0.63547738268148801222
881 377 0.45259781450308700368 0.44896148126290402747 0.63542914952556295294
881 377 0.45257982911970101592 0.44893835779674701181 0.63547120418466596092
882 378 0.45272915500966598445 0.4489523491639180186 0.63555228329391300068
872 368 0.45265893072717000578 0.44900117647923298847 0.63563666310215094502
863 359 0.45265698196596998448 0.44907944932292598317 0.6357177708188900267
862 358 0.45268397399826998395 0.44917657065367300184 0.63574237866896998739
888 384 0.45269952499115001521 0.44903464442109297661 0.63575007245700698721
887 383 0.45276449070938001862 0.44903759203709797676 0.63565374838171195826
888 384 0.45269519878826902648 0.44896716473313802442 0.63562326902009502749
867 363 0.45266851639752997416 0.44909634333758602365 0.6356745031328150386
878 374 0.45272186322750301857 0.44907461296183098787 0.63570618429758196655
900 396 0.45284177830822802679 0.44897035265190499143 0.63567640029937799717
894 390 0.45283324088957299658 0.44904808748974001098 0.6356545442884049546
920 416 0.45293690745829401356 0.44903966018226798562 0.63562921966540697483
899 395 0.45299272923062000595 0.44925034806805802523 0.63566276757688899846
897 393 0.45314164613719998265 0.44923147510381700176 0.63567209335464203157
918 414 0.45309520274459502698 0.44911638546812598927 0.63573251189262502958
931 427 0.45321217917545497667 0.44908642988607100355 0.63554727793332099761
907 403 0.45312482254490898947 0.44906823116907101934 0.63548881116919497813
912 408 0.45317295821352598928 0.44909113587661297906 0.63530082041570601348
929 425 0.45317053334929902064 0.44902437644421699936 0.63518894019325600198
914 410 0.45321107117805098374 0.44907302990156200417 0.63510107446129404618
917 413 0.45319853973093898736 0.44903856965648197841 0.63514925583532300113
907 403 0.4531654361876609749 0.44901277062811500995 0.63504364967257098673
898 394 0.45316218117937301368 0.44899624429436402195 0.63500631933360496273
886 382 0.45320751353134902661 0.44919184036953302419 0.63504581811308302708
891 387 0.45315884776816400814 0.44904423204657700763 0.63492231973411095147
888 384 0.45305991313864801828 0.44903953799783802303 0.63494114828717296284
899 395 0.45312327374270100488 0.44903712219539398953 0.63492901103919996419
899 395 0.45304476229857998382 0.44890961610053897735 0.63498050422795104808
896 392 0.45310971655416498738 0.44897914306895897463 0.63492913872551903776
898 394 0.45317124503482397735 0.44898518623615402134 0.63499380420963802418
896 392 0.45322372591821802335 0.44900235062101401251 0.63504287118520497124
883 379 0.45322925297137900413 0.44908260380859399419 0.63500210901930398411
898 394 0.45333971124920302564 0.44912471457595798396 0.63496607409812300116
894 390 0.4533302979006400002 0.44922900084095102047 0.6349366343719829997
868 364 0.45326673369386599743 0.44944792308287700999 0.63502102826245099276
880 376 0.45335949628629701458 0.44942681203479700747 0.63496837757959800896
897 393 0.45346436711911902728 0.44939819943370101774 0.63488177272998302936
890 386 0.45343426328508301681 0.44958961428625499046 0.63486031832956102416
865 361 0.45338067634431999942 0.44966407051898299452 0.63486824422051302275
862 358 0.45336334349781998165 0.44966922748133097976 0.63483332796897695705
867 363 0.45362163081973699841 0.44977334155777398683 0.63487107655943197937
874 370 0.45373200865650098468 0.44972354582506701703 0.63487755852486504882
882 378 0.45384590958165599295 0.44978304582019501545 0.63498960288547801056
895 391 0.45390729734671197981 0.44989388547603798019 0.63509901462343099077
902 398 0.45387449988993600059 0.44978832746635599715 0.6351672996126389581
927 423 0.45401085803217500203 0.44973422694235198893 0.63510868934187603152
948 444 0.45396486378484901536 0.44972125581118999049 0.63503246377087496644
965 461 0.45383177959877402108 0.44965292296928899285 0.63505166541258795121
970 466 0.45374100793847699231 0.4495824166611099848 0.63496550351960900915
972 468 0.45363372092552300963 0.4496291750267890075 0.6348704990491179645
959 455 0.45340457255991800656 0.44963838419007801095 0.63490427021658402129
920 416 0.45339477789593601864 0.44964929340951298453 0.63492887819900101221
933 429 0.45343996042238499111 0.44959808483609098317 0.63492926812515204649
922 418 0.45331551351441001785 0.44951267457314497689 0.6348706132727429674
928 424 0.45330954723944699714 0.44954778305444498265 0.63489732292064204877
933 429 0.45329501758515400311 0.44947317762003802244 0.63484875741751800593
920 416 0.45331197779650400648 0.44956798822998200738 0.63474364692107299035
895 391 0.45321786208119702044 0.44959566536522899138 0.63482485297553103987
882 378 0.45323003187939697733 0.4495652350529280028 0.6347756459263610429
875 371 0.45320286859878899932 0.44964076164155597493 0.63479742617749801425
867 363 0.45321625608337001712 0.44964828589455002605 0.63491805773689702352
861 357 0.45330107851574097388 0.44972984959830497598 0.63494377131661694502
871 367 0.45336644313738899692 0.44973103413151899188 0.63490645099084797032
889 385 0.45349525174784199866 0.44976076554572802513 0.63489369844483001248
884 380 0.45351408133206400075 0.44974386680624200974 0.63494678472988097528
881 377 0.45355196710060502463 0.44982982163261597819 0.63498870313739597115
868 364 0.45352726837849699493 0.44988103652079197703 0.63498798118651400557
869 365 0.45362534763156897588 0.44996871492397300107 0.63507000343594999237
869 365 0.45358628887999197232 0.45008621201765802722 0.63517544469870101942
872 368 0.45359663167434000064 0.45001285016260400562 0.63526996468919705308
872 368 0.45364819561769198497 0.45002415720476401928 0.63529068415453404661
881 377 0.4536690930508199826 0.44996507932942497732 0.63539256269391097831
893 389 0.45376411604393701582 0.44991660943343597667 0.63543148557135797905
884 380 0.4537614409431379725 0.44995351112845699548 0.63541513231877300161
880 376 0.45376600294470098573 0.44988335886960700849 0.63552555523676401705
873 369 0.45370334293955300042 0.44995569576675598089 0.63558887199951297209
890 386 0.45374534927333398659 0.44995191886965701933 0.63558710532677598071
895 391 0.45379218110544300435 0.4499985463241489847 0.635670412929062012
877 373 0.45371749008552897386 0.4501068345036779994 0.63563905907841000698
864 360 0.45381134769125397455 0.45009497911953799676 0.63561618644498396602
877 373 0.45391299326949802184 0.45013321534284800318 0.63573946211850795862
914 410 0.45401410815822201839 0.45010509746278298815 0.63574579993528601563
902 398 0.45400829334660597336 0.45006749575925497631 0.63590674968944105316
895 391 0.45400531111653902316 0.45018002616396102233 0.63598057591242895814
904 400 0.45395551828196600841 0.45010528722498999166 0.63603322700514097754
896 392 0.45386962762542498728 0.45010884133451700695 0.63621964600622005204
859 355 0.45386337335710502661 0.45029960557825499112 0.63634329991796201309
862 358 0.45396050377594898695 0.45036413505674499635 0.63634852722299695138
857 353 0.45393867300655199593 0.45023629622916300219 0.63639637078323596509
877 373 0.45404458508317002696 0.45021363901170602384 0.63637051146617196196
871 367 0.45409093471745898274 0.45018072571515599378 0.63631005426922804258
892 388 0.45415846225547001902 0.45004776980152100263 0.63643291248501099311
885 381 0.45398411406013799985 0.44991028707713498491 0.63648436216589698855
891 387 0.45394558775067500589 0.44982986062135998928 0.63641088065622697378
889 385 0.45393432090526197875 0.44984700662707899355 0.63648296415027905137
884 380 0.45394767392841200992 0.44997541218952097353 0.63645643013984298797
905 401 0.45393310478593601465 0.44987177468962197269 0.63643127170640101387
937 433 0.45404885803390299115 0.44978476545485801541 0.63639442369401599819
939 435 0.45400470327427500106 0.44974008257954500856 0.63635690450441095845
923 419 0.45393320452245899954 0.44976371292085998155 0.63638798581056799097
899 395 0.45385519381136402162 0.44972487160262497596 0.63633766736098895667
900 396 0.45391838042913101869 0.4498169838904669815 0.6362712877174220294
904 400 0.45391153353633800771 0.4498817470350019998 0.63623898857409200147
893 389 0.45396014773194098835 0.44996947969306599902 0.63621432688585399795
889 385 0.45395245589521399099 0.45006908336863199471 0.63626985104859101749
899 395 0.45396050386199998661 0.45006529782657900274 0.63634831562739602173
893 389 0.45399634143721601109 0.45007011987830697342 0.63631736567475305488
896 392 0.4541051889692159782 0.4501119254752309895 0.63628902441500800879
896 392 0.4542364323220879907 0.45016615783238200788 0.63625629936288796706
873 369 0.45423463465576602305 0.45027852650089600361 0.63631029486481405222
908 404 0.45432349218194900686 0.45026051241177800222 0.63634808137101694925
896 392 0.45425398530848798417 0.4502916651715069829 0.63634484741455898948
890 386 0.45432690158942601322 0.45034590492791498617 0.63626827802944097012
880 376 0.45435168421680099948 0.45037583270590297868 0.63628475716103205517
882 378 0.45439256826695900715 0.45049592946380501157 0.63623990968074095598
896 392 0.45436870793794198464 0.45042879820809000879 0.63627054198050603251
910 406 0.45445928707697502702 0.45037607290991599207 0.63622269015541299542
926 422 0.45450929788186300584 0.45037352312266798471 0.63623066353159796193
918 414 0.45448693642848797536 0.45043521161107197281 0.63619435167907600892
907 403 0.45443667238173002243 0.45050240432823301928 0.6362845996300120488
920 416 0.45442973523022700544 0.45042587345329898607 0.63637284388522297185
927 423 0.45440690880983797273 0.4503706556232849878 0.63635364942375405306
923 419 0.4544262638936579779 0.45038994611101601517 0.63633055517523295919
918 414 0.45434881205339300303 0.45025092353409901236 0.63623715940431802007
911 407 0.45433813800871897248 0.45023906806528501967 0.636230694682968001
915 411 0.45427936143576802541 0.4501895598874769977 0.63618743983799497244
906 402 0.45427286356427898362 0.45031685019348399734 0.63608825842737604095
889 385 0.45416418052028101338 0.45032866606965199496 0.6360521796423229679
889 385 0.45421596292356597457 0.45035338734312702069 0.6360520815726760091
891 387 0.4542714433305700128 0.45032594299480299682 0.63603077693355003497
924 420 0.45436736376837100204 0.45028281076611897937 0.63606988216265902825
907 403 0.45439344177560397897 0.45037383417306497968 0.63605450949773900682
900 396 0.45440620239560497451 0.45034306562721299061 0.63601576944418303228
899 395 0.45445229168591499969 0.45035597049537201553 0.6359741115811450296
902 398 0.45452763621721598009 0.45043734258686901617 0.63598233429590900201
888 384 0.45457251219913802354 0.45053312505984499658 0.63597885852846902655
875 371 0.4545122830798549729 0.45063370496754701078 0.63597582500505700498
875 371 0.45444308030604602111 0.45072554457743602141 0.63601101684935001934
892 388 0.45450935329220398806 0.45065609045651500164 0.63607336294571403812
888 384 0.45448413099552698036 0.45063828353556301121 0.63615158378420200158
902 398 0.4544223067306030206 0.45050503352506299226 0.63614819562364000038
893 389 0.45437219259935002214 0.45054253944982497471 0.6361065641003189608
893 389 0.45446165963805201793 0.45055266878822397558 0.63601931555475099689
880 376 0.4545325293307250214 0.45065295079948397561 0.6360745306194990345
893 389 0.45454166075088198173 0.45061795271015298026 0.63609037015712699414
887 383 0.45444854379873500516 0.45065830512046900491 0.63609852561751201172
877 373 0.45450918460265599119 0.45066343592220797776 0.63612442282846604069
889 385 0.45447080972659698039 0.45059003767586802702 0.63608449603764405378
881 377 0.45436486586776397845 0.450524750016935982 0.63612427593206499754
901 397 0.45444258137680398901 0.45040818009029098823 0.63611723763821503841
920 416 0.45441960496341898823 0.45043866146157002239 0.6360737929327769935
920 416 0.4542778440122169914 0.4503905832837710177 0.63603056329175200467
917 413 0.45435521197125799953 0.45039669529497700085 0.63607498621920000037
910 406 0.45431985519574802357 0.45042657439530797703 0.63611439453376994457
906 402 0.45427644216642898423 0.45033874785364197413 0.63614395654994104756
905 401 0.45433480736538400802 0.4503502769595120192 0.63612807245299396453
906 402 0.45430192888236697879 0.45036870817621299512 0.63611299176691904478
904 400 0.45429279590057902727 0.4502774532673750052 0.63610535612995700028
897 393 0.4541687278470359912 0.45027691410439901754 0.63602981497395805199
898 394 0.4542246396129939745 0.45027756005357100211 0.63600249701802202829
911 407 0.45403013516856899345 0.45023471148674598652 0.63594361911902497209
924 420 0.45407875436844902239 0.45016059051871798458 0.6358982433590679717
881 377 0.45394874434551801823 0.45029319623704500142 0.63586255801703595036
891 387 0.45398644959979800317 0.45028339626213298441 0.63585332802298499821
909 405 0.45402975746577600713 0.45024728308351402717 0.63584677791209098796
896 392 0.45398061668009498382 0.45029870295468099606 0.63589550565142405336
# step atoms n_gas iacc dacc tacc
896 392 0.45398061668009498382 0.45029870295468099606 0.63589550565142405336
896 392 0.45391423714112699717 0.45024671380042702307 0.63588702587537404565
889 385 0.45385902030701802401 0.45025099243084598655 0.63588289484450200018
909 405 0.45387201640169200223 0.4501949325442060057 0.63591460162296697955
923 419 0.45381284007444999684 0.45015019536930500621 0.63596245585768795827
891 387 0.45374438875730399579 0.45020641874970201979 0.63590737723187795716
895 391 0.45372162659334497326 0.45026248272784502591 0.63595037071367399584
888 384 0.45372027916522400526 0.4502765477974640107 0.63598567553337304048
872 368 0.45377549333333000448 0.45036127337701897799 0.63601005642698804632
871 367 0.45381333626300301987 0.45033543881321097535 0.63599288966943301471
879 375 0.45388680665192099317 0.45032848115285301072 0.6359825245208730049
866 362 0.45384531095554497826 0.45032470830604398593 0.63601320938510497172
870 366 0.45382752694536898641 0.45038108388174802332 0.63601427716694303172
867 363 0.45397414505236499682 0.450494008825586989 0.6361745875039069853
883 379 0.45402907030677902567 0.45046312124723797421 0.63619193744105695387
912 408 0.45407881964314400491 0.45039636368928198662 0.63626541470314701421
904 400 0.45409238877341401297 0.45040909688706798342 0.63633225106718804831
894 390 0.45419800080111599749 0.45051141806147398938 0.63644775148415599908
877 373 0.45419092776148600743 0.45052420597864201168 0.6364138709179150144
872 368 0.45426093659314498163 0.450580142800916017 0.63649650799771495535
892 388 0.4543244636214689991 0.45060135477281698657 0.63647561017610998491
906 402 0.45431653295110102642 0.45058685535643999698 0.63648656954700499888
909 405 0.45433508294353197599 0.45065852407611001196 0.63649434100912305468
894 390 0.4543702389294340116 0.45078404863583299012 0.63651948310123795949
899 395 0.45433380404981199563 0.45078530039302500132 0.63645807473929605358
904 400 0.45437715695862201937 0.45081805037325300978 0.63640695462325402865
904 400 0.45441824030561900338 0.45074883042369900954 0.63633631234087695283
895 391 0.4544260752041530127 0.45082166029614001435 0.63624729426713200198
894 390 0.45434571791885597358 0.45070806099876897788 0.63618961700337994802
926 422 0.45445198747747600487 0.45074038555586898314 0.63620781638180601281
933 429 0.45432871854499001785 0.45066367178621802303 0.63624690313373799544
918 414 0.45428323982035401229 0.45069702007590300985 0.63623479034182595093
931 427 0.4542359634124120138 0.45072887172870901296 0.63618851256034503194
927 423 0.45414041403799798591 0.45071066598360698396 0.63621546919590998836
922 418 0.4540519494099419795 0.45057460944177202267 0.63611216270175496845
932 428 0.45395715171420097933 0.45051309244289899913 0.63610752567246198197
915 411 0.45392435463923397343 0.45054298001408299434 0.63599118613446403714
930 426 0.45393914130550000463 0.45046639986573000503 0.63592844732857101153
936 432 0.45387152364768601487 0.45052872333771099012 0.63581827383728395375
920 416 0.45378979994028101341 0.45053144966089098133 0.63573084123021794678
902 398 0.45382400189179999961 0.45049742963533800921 0.63563865284277398793
899 395 0.45387497505521201546 0.45060958049009697257 0.63566095122275501073
914 410 0.45399021899952102244 0.45058038839628100636 0.63566590087892105299
904 400 0.45388211905567199533 0.45051566108744500738 0.63566986060235397549
904 400 0.45380528632085498364 0.45050184658655800796 0.63564898643938605449
899 395 0.45380998833456398511 0.4505327802743009924 0.63560819523143896603
901 397 0.45375745817596702114 0.45046850655433401389 0.63562454619230501773
906 402 0.45378611829369802644 0.45041065887606901441 0.63560690086632198881
912 408 0.45383066868615201672 0.45043101877500002495 0.63557733416415196359
918 414 0.45384648988355097421 0.45037968054136900964 0.63559470401343798329
913 409 0.45382334558760900611 0.45037641472808598309 0.63556659178144103706
908 404 0.45384247101677199776 0.45036624861107799056 0.63561290322349595083
910 406 0.45391549907350298154 0.45041474720705199086 0.63560797915725497642
888 384 0.45386789656364900925 0.45038542598629799363 0.63564524248197096234
897 393 0.45391109827930498088 0.45043162460584201812 0.63561570549433699107
887 383 0.45379373928249699954 0.4504218726365389891 0.6355816311411960351
889 385 0.45381866808211901443 0.45048072435035402261 0.63565506162472096285
897 393 0.45380955456196497844 0.4504526459867509991 0.63568346875445602695
906 402 0.45381034235457801129 0.45044716319345701194 0.63569864685174404251
899 395 0.45376559316257097931 0.45048454940511101219 0.63581021039730900579
916 412 0.45388709723127201867 0.45058423457463497863 0.6358579987458250482
927 423 0.45389161859678200939 0.45061952444683600616 0.63583387785917999668
914 410 0.4538080953093410197 0.45057966072478500275 0.63583481254718898779
905 401 0.45374561863760098923 0.45059027900556197777 0.63578588533971502894
893 389 0.45367353299199797423 0.45059246570175298663 0.63578212349802998293
905 401 0.45368988948041300002 0.45053912355008601809 0.63573092427632404977
889 385 0.45364710532310997815 0.45062425054348098641 0.63576423788333702447
898 394 0.45370311651937600406 0.45056500158094398012 0.63577041025198999247
889 385 0.45359599397652700103 0.45052705551334798484 0.63574638289242901834
894 390 0.4536053523883319949 0.45055423038830799687 0.63578140898800494796
919 415 0.45365484474212802724 0.45046571888472297651 0.63573735804267794691
906 402 0.4536297374022190132 0.45055298443498698058 0.63571228069952401274
916 412 0.45364978283929202618 0.45050873005589398002 0.63577803620244699445
924 420 0.4535969668637629959 0.45045942500156399557 0.63569128122056695052
925 421 0.45349298341726201889 0.45038528945078598609 0.63572802384578497303
919 415 0.45347205822796898822 0.45041448546558199295 0.63571299148174897908
939 435 0.45342122957380398551 0.4503746421633569863 0.63574032587753903645
942 438 0.45334034427095398767 0.45042526245544700636 0.63568489225900504103
924 420 0.45328765135869397707 0.4504518197111500033 0.63560071130487505453
909 405 0.45320214027323502126 0.45047480466149597556 0.63559946706128600535
906 402 0.45316070592458101984 0.45046192396875700537 0.63561049423868498653
902 398 0.4531325152162790082 0.45050617512731300218 0.63559330801721802828
906 402 0.45311824859260002585 0.45052796245291198973 0.63557676416902297856
892 388 0.45307525350076299775 0.45054824636191398435 0.63554183737785796549
894 390 0.45301446917557097738 0.45056139822724999844 0.63551863631934601973
887 383 0.45304131272504999384 0.45064644285465199625 0.63549826848357904296
873 369 0.45300559846040200362 0.45069808324906301955 0.63547697621313703475
857 353 0.45299929955965601014 0.4506907176495150158 0.63551794297357899755
863 359 0.45306729306666099211 0.45069427940620798712 0.63551659856171205387
861 357 0.4531067855853480042 0.45073916668055702406 0.63560276400585302703
861 357 0.45320737096107299724 0.45073958290737498045 0.63568747983278495184
907 403 0.4533669305776379943 0.45069927707282797513 0.63580054379670702946
930 426 0.45335257309004900472 0.45070194493425297377 0.63571319783853996732
920 416 0.45331978137063300149 0.45071380471076999408 0.63568812175390698727
908 404 0.45330161417917802513 0.45069267531675699656 0.63567604402952604392
914 410 0.45325739126630498754 0.45068825041140198051 0.63564447796969203441
894 390 0.4532971633313019888 0.45074828837941799398 0.63566003543465299241
913 409 0.45331024198799502178 0.45068086358349201959 0.63567312113583995803
903 399 0.45337302911463200905 0.45076374609147101813 0.63562394857799198178
920 416 0.45339756659568097863 0.45076684151641499554 0.63567655098134201452
893 389 0.45335693042326197233 0.45084978106358497563 0.63565166569045494782
883 379 0.4534071963250940196 0.4509256860409669998 0.63567222603601103437
888 384 0.45346084211202897229 0.45092018436548098048 0.63569307787344797589
897 393 0.45344102750535597579 0.45093468773912898095 0.63567398368909699968
906 402 0.45342727410622901685 0.45088952208136301447 0.63567964224604800449
876 372 0.45340266458725597687 0.45100446133648097735 0.63574700347217505403
862 358 0.45343681439651700726 0.4510425244543559975 0.63582014535769304509
879 375 0.45348225326615199116 0.45100670257742797586 0.63583007912221900515
881 377 0.45349654252750898342 0.45098528474794302712 0.6357973832493960531
900 396 0.45358304053402398459 0.45100789930544399331 0.63578839300488698694
907 403 0.45359704696284097736 0.450950620108962974 0.63581055999370694742
898 394 0.45363000718516899301 0.45100229992910101373 0.63582817900762900187
916 412 0.45365000880324601873 0.45092424696732902323 0.63577123958073999965
924 420 0.453594081712097974 0.4508413430201679839 0.63571423900824597375
942 438 0.45359913134210100294 0.45081578108551401129 0.63575158279278198847
922 418 0.45359994805912101645 0.450839359668860018 0.63569808812397998743
939 435 0.45364392937405301209 0.45089751651150999923 0.63571816546497295075
932 428 0.45350477570695102436 0.45084598754352400718 0.63573223713483695274
910 406 0.45340587482422400889 0.45086989116374798225 0.6357445236052600146
911 407 0.45340533007894201489 0.4508436300258030216 0.63574082224202699276
914 410 0.4534364714870219859 0.45092064064444198346 0.63575330914336702914
903 399 0.4533855523157490075 0.45094141788114400216 0.63571299557277094472
912 408 0.45345694309508000064 0.45090698943428997314 0.63577837465093800517
932 428 0.45345811165660199205 0.45082161655894997798 0.63574338380012795913
918 414 0.45337266671069198498 0.45086190893497801735 0.63568277978390197447
903 399 0.45342551532598002195 0.45091924568525898476 0.63565707619078903878
903 399 0.45341226603775597326 0.45089282865950697232 0.63562703804361797566
910 406 0.45336262896157597524 0.45088608884807901411 0.635591920713117986
924 420 0.45340276188008099556 0.45091017796204801993 0.63553688427646004566
934 430 0.45340518855360600892 0.45084168883579101017 0.63554685011581801835
912 408 0.45340229185393599032 0.45090208309275098264 0.63555161251141401024
922 418 0.45336910509144301429 0.45082973632959799648 0.63551446378533205106
921 417 0.45328785294388701521 0.45086738079153898529 0.63556133204217502009
912 408 0.45327379825901997767 0.45090257490677099206 0.63557178893727295232
912 408 0.45328429921440499539 0.45087404327411301219 0.6355615666079890147
921 417 0.4532673553664530175 0.45084668998030602571 0.63561051784584299273
916 412 0.45317345721355301036 0.4507907397376499925 0.63559081803435801827
911 407 0.45318298064102702227 0.45080137449866597432 0.63560889089954497599
886 382 0.4531674406350330031 0.45089238204060999582 0.6356408783031880505
899 395 0.45320427903438498252 0.45083186459887497621 0.63558981947493597975
909 405 0.4532370061174439968 0.45081435257128998906 0.63557595089060203719
917 413 0.4532186328101630024 0.45076390100160301788 0.63551726077545200866
926 422 0.45324783560271397764 0.45079141882698997579 0.63549480174033801116
920 416 0.4531654528832519957 0.4508345912742139916 0.63549520806392301164
915 411 0.45311405493250500598 0.45082338346750899793 0.63547026360944403045
936 432 0.45311987523931701594 0.45077566186437001416 0.63540437110745295879
927 423 0.45311804834363300643 0.45084689163589597438 0.63539550764396302007
897 393 0.45299129479567801226 0.45091441201978899045 0.63544314772013299475
882 378 0.45300977692071298097 0.45090884435646799711 0.63537595844473404583
891 387 0.45303955761133102298 0.45093368784881898703 0.63539464057861705371
899 395 0.45308383435511800919 0.45098485080999900498 0.6354345172764059857
915 411 0.45317865201331097857 0.45098207656300198787 0.6353799612833239685
905 401 0.45310252376273602026 0.45100681830436101238 0.63537966047328398034
919 415 0.45310809736859497532 0.45100726157937298666 0.63542753347293301491
890 386 0.45309362966483501811 0.45110146148731700144 0.63543447489648896553
884 380 0.45311557329319501752 0.4511379991678389767 0.63547882899359997566
862 358 0.4531314655669430036 0.45117808218903399098 0.63555455106122604736
869 365 0.45317826348230699773 0.45119067160048398346 0.63558800031519102625
871 367 0.45320397303303100456 0.45121536630696701398 0.63563545583049796406
858 354 0.45323849970342300342 0.45132625351292698923 0.63573410991316403607
853 349 0.45332825110748098396 0.4513122779811349905 0.63581013199754798926
868 364 0.45330441978330998642 0.45122017533517100318 0.63582166454314203996
900 396 0.45336718815692200746 0.45111489176590202632 0.63584091417864796458
891 387 0.45332731104815798817 0.45108905165495399858 0.63585790519971996382
881 377 0.45326951062303300066 0.45108381850279599679 0.63587294307711195174
836 332 0.45329457480463597463 0.45124096971318500282 0.63596766031087803572
871 367 0.45343719267675597351 0.45125000749314098103 0.63601692748479998762
882 378 0.45347911215157399312 0.45125361533170499362 0.63604831347108603534
886 382 0.45347808412173001846 0.45127266856534797856 0.63612183148872003535
898 394 0.45351655304704102667 0.45128315360553999946 0.63614670658492200594
889 385 0.45346660944345001942 0.45125520892059001188 0.63620708726905295105
886 382 0.45343307920481001894 0.451248258863702012 0.63627570683345402447
909 405 0.45337437164759297747 0.45116362014890099008 0.63628207000588299369
918 414 0.45343752410180898638 0.45117115619501202417 0.63624675220125104236
911 407 0.45342244183091101606 0.45122760844298698268 0.6362420694452359804
909 405 0.45340266439238702256 0.45125509762918697421 0.6362249818233080001
894 390 0.45341185643471998423 0.45130274968856198825 0.63627851574233196263
899 395 0.45349502479958497814 0.45134623214051000639 0.63630446231312398631
890 386 0.45345967879402399037 0.45130866611811698563 0.63631340707985795113
911 407 0.45345493675532000388 0.45129255062273498922 0.63631643384822500487
915 411 0.45344521826691802646 0.45123047368125002166 0.63631891648093596991
901 397 0.45342762150771098728 0.45128232202091100866 0.63630962360138398903
898 394 0.45338876364754898685 0.45121651223276398879 0.63632919311022795306
893 389 0.45340209440349499292 0.45127008357780901138 0.63632844574593494524
888 384 0.45339678276090600306 0.45127848707232098846 0.63636656447369699396
888 384 0.45335774125393701883 0.45126374843736499765 0.63634476325629696358
901 397 0.45337221892090501241 0.45122668483283401297 0.63633788916895195342
900 396 0.45334472755336202576 0.451152783832236004 0.6363495895120919732
888 384 0.45331313060681699412 0.45115196135093499352 0.63636257779610905239
882 378 0.45329120894783697659 0.45116535250202199903 0.63632981119824294503
872 368 0.45327784401761200828 0.45125227238255199991 0.63634806738700899764
870 366 0.45340771142578500941 0.45125285396115000225 0.6363241112429199875
863 359 0.4534638719371619775 0.45130291749371598264 0.63630811799389797034
865 361 0.45345968504038697278 0.45131896695550399734 0.63631870847106197786
839 335 0.4533931963365370188 0.4513194388474829899 0.63631798293532604305
863 359 0.45349826408586701998 0.45129982071179097769 0.63632695876521194744
851 347 0.45351373692349400413 0.45130935713862802006 0.63633119816572503158
856 352 0.45358135801855298253 0.45131774951041997435 0.63630877979214595097
869 365 0.45364264944677001878 0.45134677437552200852 0.63630546564562695533
860 356 0.45364342502841398241 0.45142031171184998639 0.63637613929544400992
874 370 0.45373969123389101821 0.45140901311779002558 0.63635063021120696902
875 371 0.45375742308792699209 0.45139608798913499754 0.63637662441384901246
883 379 0.45383976233849399051 0.4513745919421079944 0.6363724561405369462
881 377 0.45388257091124400988 0.45142182113250800546 0.63642761489404697794
889 385 0.45388613973501901189 0.45140160945227797429 0.63641019658320396868
908 404 0.4539041251107550079 0.45143329689182498665 0.63641684352702498906
906 402 0.4538654354282800063 0.4514018110117170024 0.63648073540079297405
897 393 0.45383872225010402079 0.45148828014430097966 0.63651611696627397041
883 379 0.45381707385626701701 0.45148245697884697991 0.63651923963572798471
883 379 0.45383856880995199212 0.45150462115283002129 0.63656447402439597649
887 383 0.45390861058808401607 0.4515579302561780195 0.63661394110016600312
895 391 0.45397332014444702342 0.45156815169030400936 0.63654033589120795344
904 400 0.45398528561473200371 0.45145424158216002075 0.63650453866336098585
907 403 0.45394847428502799191 0.45150576598625802305 0.63646451054518204948
906 402 0.4538954317819460238 0.45155029003008501087 0.63645467499793395572
887 383 0.45381611365681101544 0.45156785861651099756 0.63648434764160899402
901 397 0.45383332124211900327 0.45150242362125897477 0.63643102502814996591
895 391 0.45377659663121100442 0.4514698838103829992 0.63643829876210200602
903 399 0.45381405441243100052 0.45147599525828402411 0.63647825759321197125
921 417 0.45392667829545402247 0.45140902173541602727 0.63640618209599497668
919 415 0.45388068064928299705 0.45144292900749599662 0.6363793160986890296
916 412 0.45380260154423202046 0.45147013205457597884 0.63632752163928496536
914 410 0.45379908604814400697 0.45146337280769799349 0.63630865687199500424
916 412 0.4538232044173819979 0.45145966249370900192 0.63625559264572395524
920 416 0.45384980359020499208 0.45147998190455101986 0.63622329565084700942
943 439 0.45388136909528997709 0.4514877886163840004 0.636194359720648972
942 438 0.45384826978899800443 0.45149824480070299693 0.63613566391720399729
935 431 0.453799196696390017 0.45148314631190900048 0.63610845593630105377
909 405 0.45371828713236300734 0.45145359364977999395 0.63609606619160996566
913 409 0.45367259813532001544 0.45140148505109201071 0.63603100740948603775
877 373 0.45366118004864197655 0.45139211834810699653 0.6360531527905870508
884 380 0.45375973759489501846 0.45142573034627597739 0.63603765004783996417
883 379 0.45378261367793398806 0.45140540776219700847 0.63605724118324302729
864 360 0.45381377189099697533 0.45141748926558900035 0.63604773144331905321
869 365 0.45387262963885699474 0.45138828444353601421 0.63609454541312804299
865 361 0.45391695042235197244 0.45134199933483298839 0.63608006167637998196
871 367 0.45394794020264500611 0.45135618964711199386 0.63611235050049497186
874 370 0.45401881122352200082 0.45143640332812501326 0.63615985914746098207
897 393 0.45404322157583199004 0.4514256343642730207 0.63616975090726601838
879 375 0.4540458378611120227 0.45145814649293097842 0.63614094132330700759
888 384 0.45410301838442801436 0.45150691139570597876 0.63613262539000103857
884 380 0.45411792623028601756 0.45158388104486801851 0.63609751350653398472
877 373 0.4542051746027799819 0.45166357352025798821 0.63610300489260795942
886 382 0.45422031473289298242 0.45162174066947602391 0.63609304733077698391
876 372 0.45424271395946802521 0.45166966177372197544 0.63613502168608504483
889 385 0.45425677994950297567 0.45165386222394598992 0.6361900869538760217
901 397 0.45421531869065800979 0.4515737268116630232 0.63621447579900403113
917 413 0.45414188523996501523 0.45147174327469402622 0.6362756219929139867
918 414 0.45405266839813701596 0.45146074010591302761 0.63620536335902100333
917 413 0.4540121382758199875 0.45141952810041402477 0.63613017820955197745
890 386 0.453999232963023025 0.45143577710497401201 0.63612659857651099315
898 394 0.45408801016774297254 0.45152874161529299446 0.63608276303508204386
918 414 0.45409829969853499065 0.45148913135533502716 0.63611390141767598649
904 400 0.45403329336756398371 0.4514874153980409921 0.63612826660040300286
919 415 0.45407057751259999323 0.45143670708296601557 0.63603628980655002589
921 417 0.45404770595370097519 0.45145962059668498512 0.63602053220064003192
915 411 0.4540752442163910052 0.4515292925216620179 0.63604822827955198594
923 419 0.45406392115658400499 0.45151511956237899703 0.63604718264577497777
902 398 0.45398695427434998528 0.45154259239522198666 0.63607884398641101331
899 395 0.45404890574853601359 0.45159967401639600215 0.63605761868637600287
909 405 0.45407916587598501357 0.45156158111163402502 0.63601991203941299347
939 435 0.45414517153009897887 0.45150447303877599969 0.63601005911538799342
930 426 0.45407796864032401452 0.45141896527108599235 0.63599644474196503907
913 409 0.4540499787935449727 0.45147134204151201375 0.63596305798217001026
914 410 0.45399792966919699788 0.45147439078302598059 0.6359840646628529548
922 418 0.45400816564968099476 0.45148870234586602201 0.63598741713188200464
898 394 0.45394627064672399275 0.4515009742502870127 0.63600954269194998059
918 414 0.45398594115879198352 0.45151756398614101284 0.63604229204545803533
920 416 0.45392095683591299204 0.45147359175738899228 0.63608233166796002145
923 419 0.453894815566517007 0.45140211653707901229 0.63601614428595898421
925 421 0.45385469180901899522 0.45139954385003400184 0.63601942353767604299
916 412 0.45379196021314899268 0.4513887810284409885 0.63598186094090303211
908 404 0.45371064952299000606 0.45139639383191898503 0.63594626719860702924
899 395 0.45375815135716301985 0.45139986161223499828 0.63593667381876195499
885 381 0.45369156611348898656 0.45139447572843099943 0.6359551259800380052
883 379 0.45371382039842000911 0.45144411025271202753 0.63601861426929695575
852 348 0.45367877567805697803 0.45146442438503697758 0.63607820455719199515
859 355 0.45367380932562700879 0.4514495284643240125 0.63609452197337801316
878 374 0.45372723585142499259 0.4514153217923059791 0.63608409113572494942
914 410 0.45380848608919999165 0.45133591208109602455 0.63606059826478000829
907 403 0.45380246925991901685 0.45133662479623798403 0.63609529779112394809
889 385 0.45378808800283398917 0.45136898466526997886 0.63607766262726894713
876 372 0.45383350021224300175 0.45137507015433797619 0.63606500248387998209
908 404 0.45389520942577499252 0.45129072694245297992 0.636055831949726036
912 408 0.45392567983912102125 0.45126735907683901416 0.63594049535915997406
892 388 0.45388796709833201248 0.4512471540064890152 0.63592203270257396941
890 386 0.45390215136619099789 0.45123566762367500749 0.63587997012092201121
879 375 0.45395695506910699324 0.45128082962253701638 0.63587176542617296349
892 388 0.45397292226330299147 0.45123210561255400197 0.63579678670987405109
888 384 0.45390792724686102044 0.45130318274666297862 0.63578846842383596183
889 385 0.45394776768325800775 0.45130911202337298249 0.63578391458696803529
893 389 0.45398893855365801686 0.45134251880912601429 0.63576714268543399466
891 387 0.45403133859786498627 0.45133443129680200778 0.63576812430101103946
892 388 0.45402788204064897792 0.45134532869656601717 0.6357872445791850069
879 375 0.45399103319300798676 0.45139087752917000929 0.635798293875533993
870 366 0.4540520438601000075 0.4514979854569139972 0.63580472532879994674
879 375 0.45407044154990500173 0.45143363966861699277 0.63587934815012803202
881 377 0.45404373063623898465 0.45141627464492301014 0.63581820833362001633
883 379 0.45407069897629598332 0.45139104095422799556 0.63581139788998897178
908 404 0.45410041003873302667 0.45133993649553999505 0.63578723489477195763
905 401 0.45410229900331100517 0.45133978878281499902 0.63571784614685900028
922 418 0.45411644983411397769 0.45133109201618099027 0.63573735306686796065
895 391 0.45407026862500299291 0.45132809390941397432 0.63569863567955897654
917 413 0.45406771900962400457 0.45125792412486198657 0.63565454327532200374
911 407 0.45406466684666302314 0.45127899764073298172 0.63561264920472604345
911 407 0.45404538616742501356 0.45125190809204801523 0.63553599916218295185
881 377 0.45398198055023297748 0.45123997208540400639 0.63550667713903297162
884 380 0.45405151064658699767 0.45124187529124798468 0.6354978462439380138
882 378 0.45406068520437398162 0.45125334438857500619 0.63546708855579603359
900 396 0.45405910074170302559 0.4512669556062540166 0.63540941704878095564
915 411 0.45409514975773901391 0.45123704841601097737 0.63547601083344096295
896 392 0.45409159010934202483 0.45129221718077600078 0.63547116861913899299
871 367 0.45413729273928699071 0.45135064768971999705 0.6354924587268400149
878 374 0.45418248332880500895 0.45133372909157598585 0.6355159302203899907
876 372 0.45422353628545797388 0.45134798757141098013 0.63555077539351700899
907 403 0.45427523151558701908 0.45130014731356099533 0.63558215852647903521
926 422 0.45429295032035199586 0.45129278105362602425 0.63559159742935100734
920 416 0.45425811943844401908 0.45129537220368898254 0.63551965630729301271
897 393 0.45417497361100900299 0.45132833986554998784 0.63552821075370202752
878 374 0.45414122481828700373 0.45135743300285702251 0.63559821627165002944
843 339 0.45414610838946201099 0.45142807112897698207 0.63564622526109004763
835 331 0.45416339986825299269 0.45144569884940899396 0.63568725155347904909
870 366 0.45428148983758098733 0.45144307285988799494 0.63573528049642002991
869 365 0.45424911218523700285 0.4513619996973540216 0.63570152334523899462
880 376 0.4542861024295309913 0.45134280971037799013 0.63575289406152202254
888 384 0.4543216815723850055 0.45137620000361899919 0.63576993695018402253
883 379 0.45437253155514600866 0.45139767295683197457 0.63576803100786405398
872 368 0.45438195293659100482 0.45145469538706800572 0.63578730620001000506
854 350 0.45439310740955901613 0.45147089987645500075 0.63577613843241798097
857 353 0.45443538661688098745 0.45151079274910199679 0.63576829483267904841
858 354 0.45452837188465999851 0.45154997789647199902 0.63579929571362303609
880 376 0.4545787034564430229 0.45155020157203101805 0.63580986450077103811
889 385 0.45461843142314500854 0.45154362415890897386 0.63581822208800997664
894 390 0.45463274584613400098 0.45153984639624500375 0.63578520604186594678
889 385 0.45462828425019202738 0.45153484546121097631 0.63575336609207500072
878 374 0.45463645463427698745 0.45159718772471602044 0.63576279684427494665
890 386 0.454646785016744992 0.45153872941903899774 0.63578312271318104809
919 415 0.45471094123050798119 0.45148563913715000773 0.63578205177147395499
894 390 0.45469470348270601967 0.45153614801627700581 0.63578514569685196101
898 394 0.45476213175491098095 0.45156016064805898358 0.63578344177010504001
877 373 0.45480690026018899541 0.45166313010983899501 0.63578824864749294843
894 390 0.45485845265449498243 0.45164211514267899039 0.63579799904565104107
910 406 0.45486929097739697836 0.45160893140221297637 0.63575237156961295071
928 424 0.45485593935670798338 0.45157658722812199503 0.63578116830496700373
910 406 0.45480734605474099075 0.45158699411101099752 0.63582330461051594916
931 427 0.45482379552778601228 0.45157012468285301354 0.63583687578235603688
937 433 0.45477145868270402174 0.45156819392309399674 0.63586204936670998045
922 418 0.45471068371617101578 0.45158191637926597961 0.63586673730467102583
906 402 0.45469206828041702773 0.45158893272984301781 0.63588644808773697736
907 403 0.45468845664552998143 0.45160153882797299252 0.63586144730265004021
921 417 0.45463952924803902045 0.45152905629004902455 0.63579838072752703493
909 405 0.45460183518784297307 0.45152583039452498515 0.6357737970505480396
875 371 0.45460903360046500676 0.45154300476215397664 0.63575740046925699467
885 381 0.45464561317755097791 0.45158274154654898247 0.6357899582184259879
896 392 0.45465102666547402288 0.45155099391345598914 0.63579189850938799822
885 381 0.45461773757305901089 0.45153692968295300325 0.63579701621087603147
890 386 0.45465247736382402577 0.45150352125586201701 0.63578828122291197733
900 396 0.45469010279145599673 0.45152135479458699319 0.63581275847490303921
886 382 0.45470181080680199814 0.45154694746023898988 0.63578412028143005408
906 402 0.45473675389338502617 0.45153039909925302142 0.63578586971330397493
918 414 0.45473694978724099602 0.45152061724006897769 0.63575966100994096841
917 413 0.4547075871272630021 0.45150608547242798707 0.63575357637997698124
914 410 0.45470064060426301777 0.45154620099247599896 0.63572637176550295113
916 412 0.45466001964243801803 0.45154195199732199972 0.63571677306875096214
939 435 0.45467627896435802715 0.45153101258019001651 0.63565952591716901043
928 424 0.45469083648187397229 0.45159565149029701203 0.63567424838876296356
921 417 0.45464450096968900272 0.45165390886021800076 0.63569044132298901939
913 409 0.45463139739513497295 0.45159776813639701531 0.63567775911045798498
900 396 0.4546258591123499837 0.45159719382508001218 0.63568630799870795567
902 398 0.45464123858172700299 0.45160905457224997939 0.63570591978310198034
917 413 0.45467789225795002261 0.4516010744091579765 0.63571421991581600341
905 401 0.45467566450693297497 0.45161364166829998101 0.63568801451719303408
924 420 0.45466633653170301921 0.45155212468010197391 0.63566830102005000835
903 399 0.45462290336261101942 0.4515997880328749825 0.63566789820172198144
892 388 0.45461075981013998604 0.451610106456161009 0.6357108313321010451
889 385 0.45458077017789899621 0.45158291021917501551 0.63573404031100699818
893 389 0.45459359037938901205 0.4516284702283970276 0.6357047949874430337
899 395 0.45470048057863599045 0.45168434072224900033 0.63570929292138000921
896 392 0.45473921993489702098 0.45173597863205700031 0.63573325666576396831
881 377 0.45471543605634501262 0.45172412228565100856 0.63572713038220096671
886 382 0.45472516984955502206 0.45172049686421500425 0.6357912277013110236
885 381 0.45476704916635801723 0.45177235301102297571 0.63581604229290900054
894 390 0.45481791142018701546 0.45176326973301500489 0.63582181761873302062
891 387 0.45476695106943998415 0.45173774815092498924 0.63588140269213599964
887 383 0.45477452860711298221 0.45171359236234998047 0.63592398029108898605
911 407 0.45480958663738002556 0.45167249396040598519 0.63596665972310895132
889 385 0.45479165161923701399 0.45173267326529398247 0.63603679383369504663
916 412 0.45483604820288797699 0.45169962819727599301 0.63600863661474504873
928 424 0.45478534182094798588 0.45165375547119501753 0.63597826062290696569
918 414 0.45476054462567100378 0.45166514148116998495 0.63599386153151604706
934 430 0.45477864378403498602 0.45166609166102100748 0.63597458847963994621
923 419 0.45474127292349797447 0.45167123189371199965 0.63599569177629600158
916 412 0.4546428347311530227 0.45164650447300397351 0.63598055687689003523
905 401 0.45464598303022102366 0.45168795212801798877 0.63598424931705299645
903 399 0.454648313117353986 0.45169031486624400262 0.63599079342667796944
883 379 0.45460190670001798807 0.45172214053178399995 0.63599102809621099741
883 379 0.45459454393520798421 0.45168971395053597595 0.63600202130276595192
889 385 0.45464312781215898696 0.45164416506798599205 0.63604121113979195101
900 396 0.45463369889771398924 0.45166576369136202107 0.63602351444970595118
910 406 0.45464572251767998434 0.45167700981474701027 0.636017801864791954
928 424 0.45456201136969398569 0.45161533347905302715 0.63604612336523402849
907 403 0.45450309731955401693 0.45163860765737900982 0.63601859695556894891
898 394 0.45453538008513300062 0.45165769063905897296 0.63598808659067296301
901 397 0.45455712849559398725 0.45160535264562301494 0.63602943623302299336
895 391 0.45455108441101699235 0.45162685019543502563 0.63602116702129096737
884 380 0.45460531548928101442 0.45162072125863000904 0.63605677074200395182
888 384 0.45466865608190198955 0.45163178627032102286 0.63608342933064099256
883 379 0.45469858585836198106 0.45164920671705399702 0.63609396880229496229
878 374 0.45472365505466699753 0.45164576527008598594 0.63609246172476396897
888 384 0.45479426738219602688 0.45164785038004701123 0.6360709208902880496
906 402 0.45483315165593501961 0.45163890969915698737 0.63605844268632905081
903 399 0.45481726699366498146 0.45161996209751897879 0.63604057676393899179
884 380 0.454814587397403991 0.4516267216828400155 0.63604131610371195116
879 375 0.45481589877300199198 0.45163741157780301627 0.63603489739534302405
882 378 0.45481678577325101998 0.45167214087050000515 0.63608188672488996662
868 364 0.45484591608578001098 0.45167487877680201347 0.6360937287876740065
863 359 0.45486940534582198659 0.4517038655164610228 0.63609560637469997335
866 362 0.45491030920440900243 0.45171919147814898476 0.63611874560179804128
901 397 0.45494315879173802264 0.45168014312938398191 0.63612258659945897232
915 411 0.45493440810408097841 0.45163977095066998313 0.63614009234131896342
903 399 0.45494431906433902002 0.45162646190715899364 0.63614094222641104359
910 406 0.45494585684117200275 0.45161108802353200353 0.63616768134055401429
896 392 0.4549181928208619885 0.45164777198203198694 0.63614398668373894896
890 386 0.45490835171591897934 0.45166919345517397844 0.63611148488669599921
897 393 0.45495005996071097298 0.45169000836827399858 0.63613579649899298918
916 412 0.45496964245362098156 0.45165475005084898541 0.63615946219164998254
942 438 0.45497898515157497723 0.45163554319129400882 0.63616224986341596281
936 432 0.45493180768752400356 0.45163954168336201134 0.63611000053890298656
930 426 0.45491691989200699897 0.45162080298832801839 0.63604611000639799112
944 440 0.45487973958451399792 0.45155419731802598493 0.6360517668150810211
936 432 0.45484148492082898674 0.45150709599772098635 0.63604135257239702295
955 451 0.45487434422054401351 0.45151259460215298347 0.63599103246934995948
936 432 0.45484474662213397744 0.45152140057650802518 0.63591621641234197249
938 434 0.45482414580932001291 0.45147863247670300124 0.63591667078037794614
933 429 0.45475299176587197225 0.45144213528043697359 0.63590469450205699964
938 434 0.45478466238050202497 0.45143861115301497922 0.6358603787233819693
930 426 0.45472416548594302155 0.45146820139279397743 0.63584786135146798003
929 425 0.45473173730211302601 0.45150266828756502324 0.6358295743621099616
915 411 0.45469471654951099104 0.45150744796434399975 0.63580627870736594609
915 411 0.45465196533519097732 0.45148329829287298098 0.63576116563116902292
930 426 0.45466848242210100572 0.45144922617239902074 0.63573175824696004366
924 420 0.45463897804130098956 0.45145637239545399755 0.63566779196207001679
915 411 0.45462690496318697297 0.45150515830323501021 0.63566288732438902542
913 409 0.45461563257980597275 0.45155546909170601877 0.63568545817444299662
917 413 0.45460284105400100563 0.45161712824872002336 0.6356657245422310254
916 412 0.45457277074588597898 0.45163836513635102765 0.63564202400474001386
944 440 0.45457811971400702289 0.45162609854236601681 0.63562548167586496728
941 437 0.45455889059484100301 0.45164551842486999611 0.63558974315455596393
917 413 0.45451937840427797388 0.45170833526020898185 0.63559918276318605468
932 428 0.45453664455807202271 0.45169603033285099514 0.63561684892021996784
899 395 0.45443295323772298078 0.45169607538296402405 0.63562300622482104107
907 403 0.45441243251234297862 0.45167907708253102195 0.63560216260710200586
916 412 0.45441296294549898827 0.45169983068558300365 0.63555820186950495732
913 409 0.45438753288413502585 0.45167070684045002027 0.63557056570965897446
896 392 0.45439989269386299453 0.45175321198954498936 0.63559314917086395802
882 378 0.45437337989817999651 0.45174053276992998107 0.63556121304005697148
885 381 0.45437469932249402449 0.45170754508122801241 0.6355548013779730443
915 411 0.45439577430461397523 0.45167410248737999146 0.63556349817391399881
919 415 0.45438986107210799226 0.4516901672444890159 0.63556397279870802119
919 415 0.45432179076405199147 0.4516382732572730152 0.63555644652576304132
932 428 0.45430195988397198414 0.45159922512013300766 0.63552164144879397245
920 416 0.45426324330883299796 0.4515925418360879906 0.63549012252930803246
932 428 0.45426504821892998986 0.45154171316024599436 0.63546755985270797495
936 432 0.45428572614849699329 0.45156357487815701468 0.63547058224009700389
931 427 0.45428940021630798141 0.45163013102961502288 0.63546358000964797696
937 433 0.45426365583901701095 0.45156540799680899845 0.63545153277602495212
924 420 0.45424925894458101361 0.45158504893571999039 0.63540066623832602843
921 417 0.45425142072291802009 0.45159093441671999125 0.63537311856547196154
939 435 0.4542465029023859957 0.45158563588121597432 0.63533855583304099657
933 429 0.45420294639353697708 0.45163310113960097869 0.63533583654714298472
942 438 0.45418346400030401577 0.45162962962777097875 0.6352451063359869643
952 448 0.45414081189619598389 0.45161926924045597831 0.63514466601918895261
949 445 0.4541247609039130162 0.4515735565274909824 0.63508803012629699847
947 443 0.45414798712825799054 0.45157611460079599697 0.63503108811358599528
962 458 0.45412827090629398485 0.45155883063951002265 0.63495881803733900117
956 452 0.45411751198183397671 0.45158265811042497262 0.63494329267911797654
962 458 0.45407291807282801344 0.45158281826959001393 0.63492574795620204675
942 438 0.45398529525899400383 0.45162410764815297259 0.63490274048284400799
946 442 0.45394610457635298228 0.45156365447154300785 0.63488748284981699754
929 425 0.45389248453233499436 0.45156515072241798503 0.63479644663587297959
945 441 0.45383755649278900712 0.45150828702086198696 0.6347772782986620399
935 431 0.4538030854972829875 0.45152060302960000948 0.63478818212492504891
908 404 0.45378082838510197528 0.45153683525593002468 0.63476384872812596782
900 396 0.45376124550401897295 0.45154647549622700664 0.63472181765090596173
900 396 0.45373651020489197405 0.45152022982818901253 0.63466715502114201541
914 410 0.45375282613541201293 0.4514801798168109892 0.63463469567669095195
895 391 0.45375428351094398982 0.4514838495440480215 0.63462319476128903339
903 399 0.4537708903050590159 0.4514081857986130264 0.63464058651801902311
913 409 0.45379742992834598558 0.4514039575056820186 0.6346368194277900443
918 414 0.45376143227782900214 0.45134115082466602642 0.63458443248936702297
911 407 0.45378422810611401816 0.45137992773545299041 0.63454269297615195633
911 407 0.45373034351501001504 0.451381306730061993 0.63455050164122894785
896 392 0.45367361911566400634 0.45138192926562198393 0.63458445094195203851
900 396 0.45366205293856798342 0.45136750005849801681 0.63455656567361495846
901 397 0.45369044362377197732 0.45141064571403299865 0.63454379914787695238
908 404 0.45367739549954100298 0.4513916756270109909 0.63451535596373498382
888 384 0.45364322162665798865 0.45140200027879101574 0.63450435817311601205
886 382 0.45363867888401698814 0.45136981364587702714 0.63452582025607495719
884 380 0.45363344257384402569 0.45138580554141699563 0.63459088327992696499
891 387 0.45365875134397598556 0.45142688155963300867 0.63460382108283797109
902 398 0.45364035841625299783 0.45141364977400200154 0.63459405345753394645
903 399 0.45361808864405600561 0.451438418455907986 0.63461088408305299513
878 374 0.45358924224710300832 0.45148615854037499329 0.6346302561128389641
907 403 0.45364461468985300963 0.45147497909768902202 0.6346417584774119991
906 402 0.45361686876349999187 0.45144432114936600131 0.63461707202158001984
888 384 0.45359278459025997865 0.45146153754285500703 0.63460182244744700597
863 359 0.45354387666103501697 0.45150688846107500662 0.63457550342790702835
892 388 0.45360435842478097346 0.45144699378830999148 0.63455788209532903998
866 362 0.45356595974081997946 0.45149227124534901945 0.63454342506547400937
890 386 0.45361380370592802036 0.45149187276455998719 0.63461397281185505381
881 377 0.45358771735163899708 0.45152132223383700804 0.63461649002571896006
869 365 0.45356274102460797382 0.45153147886088501606 0.6346231146811029955
885 381 0.45356726532529800799 0.45147656012418901916 0.6346574567481340079
895 391 0.45359803251846997352 0.45150021684953900447 0.63466528077084205517
887 383 0.45362219382344298735 0.45149550599678800467 0.63464993149721304899
886 382 0.45363026355530700062 0.45148648861151602363 0.63460783714205104555
893 389 0.45363580181129298241 0.45149142254960300535 0.63456791096257902929
874 370 0.45364303524476901064 0.45151130780864701109 0.63454683941798395441
883 379 0.45365677329949000152 0.45146699410200702429 0.63454894735579003839
892 388 0.4536708860741689997 0.45148521060066298949 0.63456144072666098577
903 399 0.45368529606491198036 0.45147813148341198186 0.63455806021661897987
887 383 0.45369108060496698975 0.45150792098395697849 0.63457338566313403749
874 370 0.45367514676926201656 0.45151306739851099215 0.6345701885627099692
880 376 0.45371004008034498955 0.45145587483086802028 0.63457482400786802135
881 377 0.45372855596661298971 0.45144432701243897288 0.63454359238851298919
880 376 0.45368429680279098726 0.45141859721948901507 0.63454715511007098172
860 356 0.45371699084223598986 0.45146262104005902005 0.63457531894847096776
861 357 0.45371993548662697959 0.45143405894687399504 0.63460957522362404504
876 372 0.45376143218348402586 0.45139315037459498692 0.63456625698896595988
879 375 0.45379964618109297492 0.45138686810901201829 0.63456637863497200591
864 360 0.45380494948180799542 0.45142110750475200609 0.63457038689543099341
873 369 0.45383949673252199641 0.45140892246395297738 0.63459178839504304381
873 369 0.4538828364267289972 0.45144581342545997416 0.63459893514758602961
887 383 0.45393350684585898058 0.45146218266384502416 0.634600068596640976
905 401 0.45391023086301002243 0.45145571086396102389 0.63459598843760800513
902 398 0.45388025836002199309 0.45141181916196798651 0.63459065124729097107
905 401 0.45390300979921599511 0.45142705193940502184 0.6345660406510650331
910 406 0.45390607216673700686 0.45139755139581400067 0.63456040890815101907
907 403 0.45391016770626702037 0.45140854821661602347 0.63452100652239795675
900 396 0.4539660656641920089 0.45146750282260300624 0.63449653620486401451
913 409 0.45395896007396302485 0.45145636658725502022 0.63449779726234301069
924 420 0.45395012432235098965 0.45142348686030797644 0.63450178825398095839
913 409 0.45395348122718798267 0.45145580848062000223 0.63447614766368598538
903 399 0.4539620557102320153 0.45150324995807800121 0.63448724542548295968
904 400 0.45392981971864299062 0.45146941835032200485 0.63451289090536500126
919 415 0.45391097277401698529 0.45151317121840400803 0.63452205389340898822
916 412 0.45389349356679897785 0.45150427611311999554 0.63454138770827894778
910 406 0.45387989667700701091 0.45157623290843401653 0.63451642747246594922
901 397 0.45385652055886899214 0.45157884706831197263 0.63449890393468999505
910 406 0.45385477928383599622 0.45161216616925697886 0.63447594375404803291
898 394 0.45380866556500798481 0.45161903964582500448 0.63447985393938399756
879 375 0.45379782980980798435 0.45163754960371998992 0.6344898091269800533
896 392 0.45380861640573300075 0.45165627302317601366 0.63452273855343899189
923 419 0.45382075453602699344 0.45163665065135299992 0.63453247525497302739
916 412 0.4538262681767999962 0.45163650424023399355 0.63449998765960802238
932 428 0.45382112464369900318 0.45164650359279601144 0.6344942290247289618
916 412 0.45375744442083598695 0.4516678334230729841 0.63450232009868801075
910 406 0.45378052657703499273 0.45170692979300697267 0.63448382907881895054
933 429 0.45377992384396398373 0.45168979024295202729 0.63450075642845205071
944 440 0.45378611581066502501 0.45164954600519402472 0.63452506451627099793
911 407 0.45373396842959001773 0.45169146782214197877 0.63451117473847395978
899 395 0.45374735079437000795 0.4516973442844269826 0.63448879267798197201
900 396 0.45372309964263302096 0.45169508427271998219 0.6344829015297830388
873 369 0.45370774674225100576 0.45173211029698001617 0.634460368692756016
898 394 0.45371606502708100583 0.45169250878763000934 0.63445864004167595862
908 404 0.45373118626831099309 0.45171096382750097753 0.63445095608280799304
917 413 0.45373161219439800407 0.45168801367639099809 0.63441505921443497318
903 399 0.45368429342173499652 0.45168322988177200816 0.63440973107435805201
891 387 0.45363945629035601348 0.45170381182113500396 0.63440701108896602189
895 391 0.45364204947223402131 0.45172206206059800637 0.63440795826134899205
906 402 0.45367891225486300932 0.45170099029704602334 0.63442932806249796585
890 386 0.45367291583992602755 0.45172955563928901546 0.63442906800484399898
912 408 0.45372568340106300688 0.45173582499524000955 0.63441847445647903125
921 417 0.45370815760945598649 0.45173211538078300586 0.63440916344644504576
900 396 0.45368859482287698937 0.45175552859218398583 0.63439588439842797829
874 370 0.45367950865269401906 0.45177925423964099272 0.63439705687940295409
879 375 0.4536846607268770204 0.45173895762666799181 0.63442225535388496738
893 389 0.45374123626521500885 0.4517705650501669945 0.63440746374715195621
880 376 0.45370827471612601434 0.45180617915913701133 0.63442981316548796578
892 388 0.45371822681849699466 0.45182548266957600624 0.63444199503367104676
895 391 0.45373372112241799892 0.4517745457220240235 0.63444437241146800499
886 382 0.45372337668899798135 0.45176758527202598437 0.63447331408573104383
888 384 0.45376277278964100015 0.45174955863827798153 0.63447333534135397226
876 372 0.45381483068842198847 0.45177417747880499466 0.63452881249363202176
894 390 0.45384061582598100859 0.45172028621503201862 0.63458834211021097893
889 385 0.45383818001226999828 0.45168145373488000072 0.63463126843540795807
878 374 0.45388029222742198865 0.45169919345177000913 0.63460667120874802993
889 385 0.4538929785329059996 0.45167183754925199768 0.63465222455814396252
897 393 0.45387719962895001213 0.45164038885846097271 0.63470427092600900654
915 411 0.45387716996014298987 0.45160461753942199303 0.63471079541476405073
905 401 0.45386039132567301824 0.45161822501007597985 0.63472422044630705251
901 397 0.45384265408241597495 0.4516088859569930003 0.63471442269321598495
899 395 0.45381330302808398081 0.45159389740778399513 0.6347317673595920251
878 374 0.45379462405201698161 0.45163248144326900713 0.63472648451094304534
893 389 0.4538020212056489977 0.4516070117491329805 0.63474966586040504346
896 392 0.45381161984537898846 0.45159100613318697848 0.63476534315695798405
914 410 0.45382884528114098011 0.45150493136035801944 0.63476351850620804651
920 416 0.4537861122954089943 0.45147894506611002674 0.63475792202845804368
925 421 0.45380133589847398978 0.4514614519511450097 0.63472849916181695029
953 449 0.45380009178624397537 0.45144444767531399787 0.63471163120709994665
926 422 0.4537663131675250261 0.45144684020108100109 0.63469626359284303518
919 415 0.45377989317014399973 0.45143705381120902143 0.63465891543167496369
924 420 0.45376044871653298252 0.45140165565992101948 0.63459395294523501807
930 426 0.45376144258036599233 0.45138453623397700731 0.63455313963557302692
955 451 0.45375033994940200399 0.45137023494750300179 0.6345003125016810408
976 472 0.45372906161082998677 0.45131946353227297974 0.63448728994447800567
944 440 0.45367608733257902554 0.45128794366054497678 0.63442977816001500102
930 426 0.45359538575423097306 0.45130743376023502167 0.63439704266767904528
901 397 0.45355848678793797557 0.45138543222004101629 0.63436762706824001423
895 391 0.45357508988097400282 0.4513864615035709793 0.63439663676894297861
899 395 0.4535408762372020175 0.45134148448813599108 0.6344211960231610492
885 381 0.45354112241976901609 0.45138431765944198037 0.63444518856057496858
881 377 0.45352952400676299627 0.45136620269879801359 0.63442687818012100109
901 397 0.45358640682948297984 0.4513905097023240276 0.63442189608553301028
916 412 0.4536186940991490113 0.45143744864811502504 0.63443066791511004698
905 401 0.45357574974076797503 0.45140026453062898071 0.63442800562409495946
903 399 0.45363494830627199006 0.45139239508981898741 0.63442282428775498282
904 400 0.45364881622075098333 0.451416019117147016 0.63444603213712902345
925 421 0.45364645057642999371 0.45140534685793698433 0.63442574264397699757
913 409 0.45356665068766999216 0.45140287718234800574 0.63442680384984595499
887 383 0.45357689173378601399 0.45145613746975499225 0.63442642273550797771
866 362 0.45355398108571598481 0.45147444672437697655 0.63442254988610402577
893 389 0.45360162688482097426 0.45146640831314399644 0.63446330906410797201
903 399 0.45362221200196201076 0.4514435788925689752 0.63445207528775804384
914 410 0.4536366647300549837 0.45145782961011399204 0.63449633163400298574
901 397 0.45362002220099900685 0.45146050093440998063 0.63450791996886002355
902 398 0.45358211820082300347 0.45145639682261101688 0.63452051679583998389
902 398 0.45358141054391998281 0.45149450884417502428 0.63452438846790804039
894 390 0.45358161715495398658 0.45152649983719400639 0.63457197322226399638
888 384 0.45358339389696100685 0.45152566371521601907 0.63460097265294601598
858 354 0.4535410534055480114 0.45156088089613499736 0.63462491591915104472
867 363 0.45358146514644498426 0.45153437096814097451 0.6346677937974120054
886 382 0.45363857858525702405 0.45154685034067898464 0.63464956763463997724
891 387 0.45364033677415399604 0.45155509776303098812 0.63466942994825104041
897 393 0.45362804307534398962 0.45155230687197900341 0.63468288432459296633
898 394 0.45363656881531599918 0.45157348751720499669 0.6346878750325849472
888 384 0.45360595895657102039 0.4515941763816609944 0.63468669119736098594
902 398 0.45364079891140801637 0.45163252105526202618 0.6346565900707640262
901 397 0.45363681763350599541 0.45164338046610502664 0.63462579533758500805
885 381 0.45366726171073201712 0.45169666982330902716 0.63461747837305904074
893 389 0.45364284911648400378 0.45167612749700497554 0.63463033176075600572
911 407 0.45370519772821599203 0.45169765844887499462 0.63461545203600799869
884 380 0.4536925077353100022 0.45177165698686400086 0.63465479013384795692
899 395 0.45367102259039698842 0.45176431086968099615 0.63465869223133997146
898 394 0.45366126718520199956 0.45173125910548400652 0.63468830803170894761
909 405 0.45368968928221797832 0.45172451113381800747 0.63470628307807197555
914 410 0.45366192657828902091 0.45174107485313097499 0.63467693800435798224
912 408 0.45368490101097097567 0.45177739283029899608 0.63466779659132999125
910 406 0.45363908275016301408 0.45174343491169899334 0.63462426325591203558
918 414 0.45359880475015901258 0.4517322125054299975 0.63461083181194999359
921 417 0.45359074111291197706 0.45170743916993100209 0.63462204049151405005
929 425 0.45361118643674397388 0.45170489081386799857 0.63460819971425497243
933 429 0.45360982302418001444 0.45170704960316299115 0.63456706953828301288
908 404 0.45357211029394700619 0.45171221834137698092 0.63459036357659504013
879 375 0.45354204016085197804 0.45176230146889601036 0.63456778568050098421
885 381 0.45356677569418202278 0.45173638270175298093 0.63457082592909896945
908 404 0.45361581334007100574 0.45173092284606597424 0.63454560869447895755
916 412 0.45356759934820500835 0.45168958606712800163 0.63450600743256202474
898 394 0.45356346861399299275 0.45175555179507198567 0.63448742840055905035
921 417 0.45353197072070999818 0.45167899829098601128 0.63451519099734299267
916 412 0.45351151647543197498 0.45166960183743498636 0.63453527188347602639
919 415 0.45352716544503701712 0.45168121481172901488 0.63453914895047303091
913 409 0.45347107437860401102 0.45167228049980301385 0.63452385665413901794
882 378 0.45343747849269300243 0.45171714393601797299 0.6345250993127400374
904 400 0.4534716636056160266 0.4517518549036420028 0.63452993391439205251
925 421 0.45345107090201297595 0.45169948481583599431 0.63455744380490897161
897 393 0.45336906689936901094 0.45172440990630602364 0.6345241750521299906
910 406 0.45336670323486899514 0.45173935688871802441 0.63451690523089698814
926 422 0.45339398132452801704 0.45174123221296097475 0.6344875417405010376
901 397 0.45336440889536899768 0.45175833159301098663 0.63448186182645405218
884 380 0.45334796926299397724 0.45176735141483198577 0.63453832424894396347
883 379 0.45333224000993099789 0.45176413544745597228 0.63454669989352696646
888 384 0.45337671071387197763 0.45177897031426900165 0.63456313529419905439
890 386 0.45337835533117298858 0.45177211651708099049 0.63457996834989505164
882 378 0.45336250732603500246 0.45172012177940601418 0.63460352400283104313
907 403 0.45334777115889701715 0.45164945471714601499 0.6345920107846649838
921 417 0.45333492098438998852 0.4516473428293780179 0.6346319021002719829
887 383 0.45331053449077102213 0.45168303445404800467 0.63459845629287103819
887 383 0.45333532602449899684 0.45166621980576299178 0.63461087848950403778
888 384 0.45333174961243000167 0.45164998372242698421 0.63462912034203899925
907 403 0.45333283603696700181 0.45163716694070799029 0.63462936939547698323
914 410 0.45328802948435797937 0.45162677319818700372 0.63461023849983499989
920 416 0.45323341659574600815 0.45157165473508698028 0.63460711880246301053
919 415 0.45324865062141300731 0.45159774753610998355 0.63457851328990200201
937 433 0.45326480685381898006 0.45161551815996597847 0.63454281322212402472
945 441 0.45328336540580899117 0.45160234344263699979 0.63452288124329603303
931 427 0.45327706543183199361 0.45162943606018202125 0.63451245054582294802
931 427 0.45326403494427397467 0.45158584446276101021 0.63450705767863302409
939 435 0.45328017080106397518 0.45160845139487199029 0.63451702297346501691
944 440 0.45321947329486400591 0.45158708002014197325 0.63449265415731503914
927 423 0.45318267698382497244 0.45157084337116698558 0.63446207940837995309
938 434 0.45322508590335902623 0.45162470996164799653 0.63444112312649503238
959 455 0.45323077026190100591 0.45160370299383101322 0.63442437014161801034
956 452 0.45319138234402500665 0.45157278246404902733 0.6344047263779389878
945 441 0.45315593914124002728 0.45154980338414002494 0.63439127470466305514
937 433 0.45309079222949100174 0.45149016484358300838 0.63437152689332898525
925 421 0.45310048867791302696 0.45152014657987399326 0.63432940656940994817
924 420 0.45308463314788999243 0.4515254984749980105 0.63434138875276402381
915 411 0.4530412569066399886 0.4515150200107099776 0.6343327189421900103
903 399 0.45299789796652401019 0.45151445410458102003 0.6343541641981880197
904 400 0.4530082081426219931 0.45150604216367701271 0.63436089573824805399
907 403 0.45300503309166201271 0.45151977303151602516 0.63434691304669399425
891 387 0.45298692999559697636 0.45153359128701997527 0.63430908594637602782
898 394 0.45301504529401198651 0.45148701788526202083 0.63429990805768798889
884 380 0.45301051078343101963 0.45149419790084499571 0.63427097228507900439
877 373 0.45302647438577997585 0.45152105449894497369 0.63431944020183395061
898 394 0.4530458410593740104 0.45148700671979302701 0.63431949718804903071
926 422 0.45307548495587002257 0.45145664843152599754 0.63430052311324403025
923 419 0.45308716807120902326 0.45143767006597002034 0.63429817401464194671
910 406 0.45307789297962697272 0.4514832687795770072 0.63427682839975096929
917 413 0.45303799812041900541 0.45143508650026797913 0.63423415083973899709
908 404 0.45300198557417198364 0.45142713740258499922 0.63424132867917404344
886 382 0.45297680943978502199 0.45144751818527800724 0.6342607719843650349
877 373 0.45297775138801299466 0.45144659768382400244 0.63427254199622395969
885 381 0.45298322748052000097 0.45140913028007600971 0.634287267693696033
892 388 0.45300304948180797338 0.45140717143912101328 0.63428646682036304849
903 399 0.4530374923480169902 0.45139779430474802346 0.63428655078385598465
893 389 0.45303720264856200961 0.45141238854171000794 0.6342671949792120234
889 385 0.45303419070029699034 0.45140746819712301852 0.6342886793619739727
894 390 0.45301513311081298419 0.45138371814446498487 0.63426431042893305357
899 395 0.4530060021632290046 0.45142025527080398284 0.63427504491522601615
904 400 0.45299781095422297916 0.45141185948722600818 0.63428129637473096292
900 396 0.45302472692834400148 0.45147535726175702653 0.63428298338513200427
893 389 0.45303216687893199666 0.45149213469772597751 0.63429854441464394998
904 400 0.45304383926000801885 0.45150013231989899465 0.63427960798178795176
905 401 0.45304349246124198114 0.45148147664355897657 0.63425839007698403549
891 387 0.4530361135121229732 0.451501896736399011 0.63425694831763401726
895 391 0.45300831566785298987 0.45146529696885800975 0.6341981816334090194
911 407 0.45301880029828600627 0.4514338003020280099 0.63418967954502902806
908 404 0.45302576022301999092 0.45144749770478898032 0.63419929271472097465
917 413 0.45303443295736700591 0.45145025064709798368 0.63419084167972794575
906 402 0.45303039658740201778 0.45145982674865298145 0.6341875981023850084
881 377 0.45300133479114901291 0.45144121865746500433 0.63421571731139303463
895 391 0.45300742730727400209 0.4514428205920070214 0.6342290371552139483
905 401 0.45304257892013299891 0.45145852841254402454 0.63424905337310999442
890 386 0.45303879931564899897 0.45150022014305701834 0.63424308534916296054
891 387 0.45305889930619097639 0.45153735422889201834 0.63424845528563200681
913 409 0.45303551158725902104 0.45148361238460299472 0.63424143389984999342
888 384 0.45303138995917702214 0.45151331171621200689 0.63424766435072998938
885 381 0.45305845696704000192 0.45153962563541499842 0.63428117512474802009
878 374 0.45306556980255502376 0.45154582674989002244 0.63428170400084804559
881 377 0.45307509081210700641 0.45159066602954700542 0.63431364488470398655
884 380 0.45311725035119998495 0.45160397428860998836 0.63433284203472195539
884 380 0.45313425151096298205 0.4516483834539299913 0.63435962394815603727
875 371 0.45313791251578600106 0.4516501172902350203 0.63436701440661702467
881 377 0.45313348434317102242 0.4516406628783720123 0.63437435725936697217
881 377 0.45313337763805300318 0.45162863523046098413 0.63440682401533199375
906 402 0.45311803330076499963 0.45161414432091301352 0.6344284912157950318
922 418 0.45312915642271700545 0.45160711596783598143 0.63443831751629498061
915 411 0.45315442259510302359 0.45162704941501902178 0.63443445335247694583
905 401 0.4531735009297679917 0.45163302118369502702 0.63442130229687498932
907 403 0.4531306955878869891 0.45158218341806699581 0.6344285312206010552
900 396 0.45315125916030402076 0.45159456939457598423 0.63441915164816697903
935 431 0.45313422735093999982 0.45156092455599899926 0.63443653415276202168
932 428 0.45310232422995100343 0.45154420274232198729 0.6344133882125100321
930 426 0.45308381907097200481 0.45157076819516500654 0.63438307992872200458
910 406 0.45305111246126000824 0.45160438021120602459 0.63439609956144904501
912 408 0.45305141911527002652 0.45159371610366799699 0.63436034306766897473
914 410 0.45305922600357001473 0.45157476561115000857 0.63437421480563105369
908 404 0.45306359740243701273 0.45158217296587499501 0.63437776096818399019
922 418 0.45307123903211798943 0.45158250440102298828 0.63436771078191300788
893 389 0.45306399484776599396 0.45161965267199399854 0.63435411116704698564
893 389 0.45306315185521700561 0.45161280104262202517 0.63432239530882394973
886 382 0.45305963460950399169 0.45159677163965300517 0.63430791870979896796
903 399 0.453085544675836005 0.45158576542926498476 0.63430095443005696243
892 388 0.45304871879046298977 0.45160342206502301909 0.63429692923882696753
909 405 0.45304014027628097816 0.45154373521569501904 0.63429611673398300642
898 394 0.45302585471966100306 0.45156821910749900262 0.63427389430036795748
880 376 0.45301326435514699398 0.45158646085410497628 0.63429057385419995718
875 371 0.45299985816130700078 0.45157286593483098036 0.6343370293342079913
880 376 0.45302574600282502493 0.45157279817555501245 0.63432693564879605308
878 374 0.45307494288035399244 0.45159951190528901943 0.63430437013686502556
885 381 0.45311320754574502256 0.45157428355815898424 0.6343148357860920461
903 399 0.45315097072441301584 0.45158231524337899554 0.63432268123450397113
892 388 0.45314884237749297746 0.45156483328799601473 0.63432357643293502125
886 382 0.4531379414186519905 0.4515824649824710102 0.6343423406448950308
860 356 0.4531222079744030018 0.45162391663053602642 0.63435316549280196252
861 357 0.45319445532006197297 0.45165873810574702629 0.6343859429215059631
863 359 0.45322189353601199935 0.45162874037890299306 0.63444058626172294968
882 378 0.45327723995416602243 0.45164425167971300468 0.63444298270900101322
882 378 0.45327228403408797996 0.45165893351010799606 0.63442715708885599746
880 376 0.45325796730180301086 0.45167611012514097268 0.6344526856167299611
904 400 0.45325357373408697859 0.45161501527576297654 0.63447082305217694653
893 389 0.45323247503865399244 0.45164074109703100657 0.63444580798681005085
897 393 0.45323068582806097515 0.45159964887893300212 0.63445330358143103844
901 397 0.45321839509721401074 0.45154106926118398047 0.63444369361555597031
884 380 0.45321259029144700392 0.45156408296056499418 0.6344623187494019545
893 389 0.45324049609756200674 0.45155270438392802745 0.63448578211110595593
909 405 0.45323676208733898463 0.4515469419529800077 0.6345111270584450347
905 401 0.45325219021114399043 0.45156069794123199213 0.63451941330776095995
904 400 0.45325291490804597849 0.45154904882283597445 0.6345219315991640352
908 404 0.45326913125651602243 0.45154440692096298182 0.63451952882728701599
905 401 0.45323718732540502208 0.45151472975967998913 0.63452502268778299133
922 418 0.45320427153570802536 0.45149356368947601847 0.63455583428279604963
922 418 0.45319725031387297909 0.45153539452535601528 0.6345497534315559518
927 423 0.45317359573151899665 0.45154918536074101221 0.63453438605609502332
932 428 0.45314043057336000908 0.45152137574418299559 0.63454074433069396211
915 411 0.45311088153068301843 0.45153705101791602461 0.6345422290773089502
916 412 0.45310776247125500449 0.45153760400937498209 0.63451732833413299062
919 415 0.45309021715898600835 0.45152883038259500337 0.63448546739886602097
899 395 0.45308678060873197602 0.45157273314131102238 0.6344976183320879537
909 405 0.45306697164080200757 0.45156364261916598357 0.63450259123035901432
906 402 0.45306221506637800456 0.45156368012731901151 0.63449901502411798493
926 422 0.45305291848002299249 0.45155391931139299277 0.63452115710224499256
911 407 0.4530330820319929952 0.45155070246667999845 0.63456360135229594732
906 402 0.4530044194343210151 0.45155786190934499302 0.63458245243842004157
889 385 0.45294881453168400753 0.45155958247742000733 0.63458604229250903384
899 395 0.45293642439088799279 0.45152597740106198421 0.63458753654593902382
885 381 0.45290397940136800647 0.45152771962073201539 0.63456458527937598113
905 401 0.45295862778927697967 0.45153753828819598315 0.63454966190920703006
902 398 0.4529535137167570169 0.45155787481933701288 0.63454351348736504068
886 382 0.45294324023230797538 0.45156568751977799181 0.63454788516497695472
901 397 0.45295862407304898767 0.45155294454480698896 0.63457034109111298825
901 397 0.45293392016675199097 0.45154867054419900452 0.63457383099430597628
879 375 0.45291822398479097966 0.45155559341180501187 0.63456047946767102363
881 377 0.4529001374631920207 0.45155308580289399423 0.6345967165214090322
897 393 0.45291940414480402755 0.45153578848750497432 0.63460561885464694676
900 396 0.45290404078607299221 0.4515178281430269891 0.63460603556096495392
902 398 0.45289694556748499865 0.45148923263436002706 0.63461485914049597934
913 409 0.45293156300365700062 0.45150799688292297951 0.63462985322663501009
918 414 0.45293828925863199863 0.45148971223189898749 0.63464424187394097299
915 411 0.45296260077791800081 0.45148044481291599306 0.63462552103432401385
936 432 0.45296580431120697652 0.45145956929415897996 0.63460810814805301838
932 428 0.45296993037931498893 0.45145636934840599475 0.63460069777791394685
937 433 0.45298391360032297381 0.45142356812761902374 0.63453038465220401587
924 420 0.45295298467903399864 0.45141671091238000368 0.63450524195340096689
889 385 0.45289979668406299407 0.4514238689068409971 0.63455384099959000199
893 389 0.45289780810550500645 0.45141371759247400641 0.63456693328814894883
904 400 0.45290923383061998386 0.45142172605564301335 0.63455842249962401969
889 385 0.45289867067004302426 0.45142479060329498974 0.63453483925459497339
903 399 0.4529255735048750009 0.45142153032262000156 0.6345299844742720019
910 406 0.45292084860732900742 0.45142138107772900035 0.63455415688218796966
918 414 0.45292377906753500394 0.45142181516867502244 0.63455151497758899293
928 424 0.45297024504123201138 0.45142447622139297847 0.63452913451917603016
912 408 0.45294066503235502763 0.45145216528750697904 0.63452475588991497091
912 408 0.45293125503535702769 0.45141550105249000913 0.63450767028540100423
876 372 0.45287656386922897633 0.45143987123891898827 0.63454629051270294848
876 372 0.45291344330032801135 0.4514737534364119953 0.63456559543276602753
886 382 0.45293662205372797747 0.45144919094296298567 0.63459646184349804976
868 364 0.45294590339607698759 0.45146338114631601179 0.63459857352180504275
892 388 0.45299678515964297842 0.45144646585012998541 0.63462104164363197789
920 416 0.45300993518579502073 0.45142581244947799224 0.63464135279128297551
930 426 0.45302846515706901576 0.45144804088451601087 0.63466541822440802889
907 403 0.45299995532321801761 0.45144067947797600349 0.63465793037390705322
910 406 0.45298758656678900225 0.45146218657205799962 0.63462597692499500557
898 394 0.45297124657509502121 0.45149748289603097717 0.63460517174856401201
937 433 0.45300735123564700446 0.45145512858451197769 0.63460172018492899682
942 438 0.45298373855670998056 0.45146481013125300263 0.63458844744335096699
936 432 0.45296363652411497647 0.45147706851732199995 0.63457516524102497435
928 424 0.45293786315530398801 0.45149752412766197551 0.63457342748521694542
922 418 0.45294711864473402585 0.45150019394458901223 0.63454076566134398618
925 421 0.45294189037450199864 0.45151258713812297829 0.63453241885011202328
915 411 0.45289386737206899225 0.45152858312821697595 0.63451150896560704062
909 405 0.45285216054722199353 0.45148967098287701161 0.63449207034552901341
887 383 0.45282511740422098923 0.45146853477027598656 0.63447127270698999713
901 397 0.45280947293103401829 0.45140593288204000633 0.63447924511490905175
882 378 0.45281321436338700659 0.4513760548463259803 0.63448712424726505521
879 375 0.45282028910187899218 0.45136501933484901583 0.63448708024529498761
884 380 0.45282324215452701699 0.45137431607812600332 0.63452579157425903489
882 378 0.45281147545674999 0.45139479140493399267 0.63452095777432704349
884 380 0.45280982475406400534 0.45141087020919401507 0.63450442100214099472
869 365 0.45280917367431100518 0.45141945923272097652 0.63449107254337400175
887 383 0.45286681251427102213 0.45143720745836202202 0.63449684148577301102
890 386 0.45285033991516698837 0.4514621186337969827 0.63447543854662402651
925 421 0.45287311168372501591 0.45148802109912400393 0.63447680968830000303
916 412 0.45286733363473097302 0.45147120835739001921 0.63444581751882700438
926 422 0.45283886000523099202 0.45143969099183200999 0.6344361043228470276
918 414 0.45283769474099799801 0.45143520454127700203 0.63440833456447698335
931 427 0.45281248629794401683 0.45143249521395700796 0.63441920336931600932
927 423 0.45281856123422398186 0.45143677992989400538 0.63439783542540195693
921 417 0.45282798595433298994 0.45142778789020099328 0.63438518382093800341
920 416 0.45283112413650999928 0.45142172495889199002 0.63436002458010898319
901 397 0.45283953639376400835 0.45145626825847401387 0.634361406977955955
894 390 0.45280793513834999287 0.45146707806819702524 0.63438452882678497691
898 394 0.45281294832005097861 0.45148904234578302042 0.63439604182383302344
902 398 0.45280209826476397472 0.45149512959984100524 0.634403562902959961
911 407 0.4527976244077649981 0.45147994306662897479 0.63442913594734695604
895 391 0.45279830432063200574 0.45149259146254699937 0.6344606574998770121
895 391 0.45280746956218798083 0.45151578434312700239 0.63448043498374295801
912 408 0.45277428258179397424 0.45147882343262302207 0.63446518391149597793
907 403 0.45275710316443901204 0.45147051156409101491 0.63443704383571697392
905 401 0.45272257735648102628 0.45145576270025500332 0.63444732163077899312
909 405 0.45272254383625998297 0.4514228529932080014 0.6344700260633729938
912 408 0.45272813473738299228 0.45141162768387999016 0.63447538371730305418
896 392 0.45271943077721199522 0.45140964443274500528 0.63447762273062802141
884 380 0.4526890101311950021 0.4513705349401250233 0.63450239158302002007
870 366 0.45265966653074302117 0.451381220247176973 0.6344899488661740472
886 382 0.45265642834776698145 0.45139921394934701127 0.63450483105637600634
897 393 0.45264373642574901035 0.45138960874292699543 0.63447102420926204669
883 379 0.45266145304008997829 0.45138607166874900045 0.63448326541812705148
908 404 0.45267141764173102203 0.45139272242026801107 0.63446579713476003448
883 379 0.45268681852277398159 0.45141079338684797495 0.63447204075080698704
907 403 0.45269505786275499037 0.45139778031552302284 0.63447181032705601833
924 420 0.45269461765023299993 0.45137414653608498583 0.63447564334776296313
927 423 0.45268292123296299811 0.45136515835936902308 0.63447022182947299118
938 434 0.45267492070093601209 0.45135894710476698322 0.63445164733846604044
952 448 0.45265397157934800232 0.45133381811389899907 0.63440789294364596795
941 437 0.45261971315062898835 0.4513423202788450217 0.63437464627602602185
927 423 0.45259381030533202273 0.45135478190140798649 0.63434260130173303338
901 397 0.45256782045841498219 0.45133168039541599059 0.63434543167780399475
906 402 0.4525563282958979805 0.45133261210111902395 0.63436921383084998727
920 416 0.45256788446815698901 0.45134116666965801157 0.6343793977917140392
888 384 0.45253158241234497927 0.45136471828950197605 0.63440579287962994837
898 394 0.45254653040978498613 0.45137389401830102509 0.6344145848393180076
897 393 0.45251638396719101598 0.45136927806749199688 0.63439929746638501484
891 387 0.45251493598733300017 0.45137670007182500997 0.63442506884097105146
863 359 0.45251695264503200011 0.45139869979490299112 0.63443673540181899639
876 372 0.45252172825837899683 0.45138656106592400796 0.63445265192643396368
883 379 0.4525357607269340221 0.45137380808288202205 0.63447562218382702603
866 362 0.45250282315827100588 0.45139501567225598366 0.63451473113439704754
865 361 0.45252765262334199159 0.45137095608220501042 0.63455342366112998942
876 372 0.45255352427023198825 0.45137029955257701452 0.63455551442287905228
865 361 0.45254281919961597547 0.45138517367263797375 0.63458681996417798388
874 370 0.45257153528040400259 0.45139819984823897903 0.63460647803809899781
876 372 0.45257913843868402548 0.45140482785784602493 0.63466122037570005254
907 403 0.45260757905672099888 0.45138227825089899392 0.63467386292507199652
906 402 0.45259021058655601877 0.45139026111375801786 0.63466944432184402292
911 407 0.45258314242703501229 0.45137631241797898651 0.63465433232026702282
914 410 0.45254970285290302412 0.45137855209615601604 0.6346666252679550313
891 387 0.45250531036647900773 0.45143159798493998069 0.63465668943232900201
896 392 0.4525034134243979822 0.45140112720655301004 0.63468349185545303026
911 407 0.45253667524522100951 0.4514171578061090262 0.63468065629091696689
883 379 0.45254741884482002634 0.45145656995428701252 0.63467660445140694492
868 364 0.45256028115628399444 0.45149963341231097447 0.63470106433159301229
870 366 0.4525891716603189785 0.45152615075261398614 0.63473499891701201658
890 386 0.45260343758551901949 0.45154466800452397468 0.63473613106358595104
898 394 0.45259847110705198059 0.45154842073854400963 0.63475234533335000986
870 366 0.45256971252037297981 0.45157223541941698963 0.63474596474409294977
861 357 0.45258092150445200508 0.4515675696848299725 0.63476239256742295058
868 364 0.45261008224569798664 0.45157410049275897856 0.63478445969891494904
872 368 0.45267827939187599284 0.45161542804943399787 0.63481682902880998132
886 382 0.45271338618625001082 0.45164624573157302612 0.63482493972512399338
910 406 0.45273554067243898524 0.45162992347873798238 0.63481253947846094654
909 405 0.45271649984809897438 0.45160687384798398059 0.63482314429906394615
904 400 0.45267298139463202356 0.45158691440153997387 0.63481390613506905041
918 414 0.45270010529532400678 0.45160095056749499642 0.63479069715462699275
914 410 0.45265950191796799906 0.45159871378930199759 0.63476627282343600633
918 414 0.45263825490348297276 0.45156076118280802367 0.63475526452399599897
926 422 0.45264258095236697965 0.45157245294749298603 0.63472521416674398953
915 411 0.4525927201605169925 0.45157400461100899447 0.63471898893222900018
919 415 0.45256528050993999335 0.45154115912366898922 0.63473115470259000581
922 418 0.45258159183706397899 0.45155490444037998943 0.63474512483281697595
914 410 0.4525701614567180231 0.45154761508563900918 0.6347549965919569992
916 412 0.45257510372858900105 0.45158153143542700825 0.63473822897075804494
909 405 0.45255341114347197307 0.45160120276977500087 0.63473049742612597246
915 411 0.45252819709910702128 0.45160379864398897398 0.63471856363634104881
905 401 0.45250775944620502678 0.45161789836232602013 0.63471830664192796512
896 392 0.45251793196086698146 0.45162859069030897308 0.6347075981729159988
889 385 0.45251324175077500822 0.45161762391258297722 0.63473073754770403809
902 398 0.45252378154774497432 0.45162287224671399111 0.63471663609556294716
886 382 0.45251082525391500555 0.45164341256148599069 0.63471818321005601948
887 383 0.45251729010063501679 0.45165645760705297462 0.63470700037704597118
898 394 0.45253437194519102738 0.45162018679935600485 0.63471517944799504818
907 403 0.45254068982086698147 0.45158867086445697581 0.63468954878431704802
903 399 0.45255478465355497564 0.45160944382908602135 0.63467695094235598852
914 410 0.45255302025096899587 0.45161910833502300067 0.63465545769935405307
924 420 0.45250838506976298614 0.45160971403181898731 0.63464136824699102224
920 416 0.45248217224231401801 0.45161741822219397813 0.63460082991796296081
884 380 0.45245783013520501914 0.45165147376495501375 0.63457246315055104713
908 404 0.4524789709950329808 0.45162103647550899677 0.63458977063610899627
898 394 0.45243862717442101529 0.45162226780509301394 0.63460194046908702248
894 390 0.45241989748066901988 0.45162861858097197443 0.63460382036390805549
897 393 0.45240373050979498792 0.45161466780688097611 0.63460066937157799671
906 402 0.45238739070813899223 0.45156934984735197514 0.63458799871323101627
919 415 0.45238855545697498339 0.45159854144066302606 0.6345797356626800001
907 403 0.45237939385881698051 0.45164240051848297819 0.63456184306427798614
921 417 0.45239866881321000314 0.45162645426028297235 0.63453531263479701074
908 404 0.45235429825800099746 0.451598306695928986 0.63453095881802501488
899 395 0.45233837183541297788 0.45159260479905699581 0.63452556555509298519
872 368 0.45232479371770500931 0.4515865605771570146 0.63455586252658602309
867 363 0.45232741815646498873 0.45158482312750497512 0.6345393335203329821
873 369 0.45232655123669102126 0.45160746616668001607 0.63456481429750299927
881 377 0.45235186150448397635 0.45157346836640799292 0.63459227397710304963
892 388 0.4523630582049700255 0.45156885421125197988 0.63456749534266998491
894 390 0.45236449021191799114 0.45157028291014700283 0.63456752915024394746
886 382 0.45238850094311899852 0.45156629118932001266 0.63454421133660399157
877 373 0.45238108132869297995 0.45155321736793802012 0.63454663038484904192
880 376 0.45238752415003202767 0.45154601220228501868 0.63453388108068997653
882 378 0.45239331494279699797 0.45153471158770397409 0.63455523752442599683
874 370 0.45239723158207700848 0.45153764638336402193 0.6345661271916429591
919 415 0.45242853207765398871 0.45152487787886502746 0.63458839373276398899
893 389 0.45238821316356997437 0.45153582604019198987 0.63460592597311205054
905 401 0.4523953993218929881 0.45154536256201899258 0.63460354326370005396
878 374 0.45237774411977299538 0.4515633298901030046 0.63460575660450302404
873 369 0.45239884400725999258 0.45154728611874100919 0.63459155202995498612
902 398 0.45242151440406802587 0.45152292668883897697 0.63460698748721799944
909 405 0.45243365509403399294 0.45150710436202901032 0.63463475731207996677
914 410 0.45245794123612698145 0.45147483068429800079 0.63463567602401704804
924 420 0.45247649744707901798 0.45148177006246398291 0.63463033449363903671
916 412 0.45246301187363802132 0.45148558448620301764 0.63463001443459199358
912 408 0.45244232486782498537 0.45151872920346802776 0.63462274630236603645
944 440 0.45245383151397100541 0.45147778891979700733 0.63463035646126597644
916 412 0.45241564396516897872 0.45149837622198202292 0.63462689049842602174
884 380 0.45239822371522597777 0.45156478870478400367 0.63464678393531903655
885 381 0.45238311781987800009 0.45156568210952502396 0.63468012340318302744
877 373 0.45238025220634198176 0.45153638381394500811 0.63467971775506604182
886 382 0.45241568350738298188 0.45153747066846000591 0.63468983692440994471
880 376 0.45246632580744000629 0.45157215572419701077 0.63469433864308399951
886 382 0.45249803225642698523 0.45157037673442901315 0.63468655392267203652
899 395 0.45248347593191301508 0.45154588585953397972 0.63467017722732199658
878 374 0.45249102686623199343 0.45158831477802602317 0.63468907437367294566
884 380 0.45249824254826997993 0.45158738613846599597 0.63469938506254097721
890 386 0.45252242495402600353 0.4515902376694659881 0.63471652757353802521
895 391 0.45253145201701799882 0.45157695396950997546 0.63471922425888205321
894 390 0.45252818916852199926 0.45156017435559298034 0.63469658519363603144
907 403 0.45256773192854099497 0.45156586569371198747 0.63472001127663602027
913 409 0.45254738361635399313 0.45155425079709499148 0.63473813893629604799
929 425 0.45255629307550099272 0.4515465886441539789 0.63473543005812704809
949 445 0.4525672792790350063 0.45152559446371798302 0.63473205693913203884
955 451 0.4525143067471379954 0.45148736750799001172 0.63470981639439294497
931 427 0.45249998015033898735 0.45151572108812199069 0.63468258050064596532
933 429 0.45251791140577102279 0.45150751176446102253 0.63470184744021596046
924 420 0.45249113941327900879 0.45148848312333900168 0.63469196471040001395
911 407 0.45248905828505597837 0.45148916609749301099 0.63467479153049699558
934 430 0.45247735382806697491 0.45148182862153202199 0.63468817633543894718
919 415 0.45246115253724500382 0.4514939156303059975 0.63468030149806797802
908 404 0.45243756491179099033 0.45149518392713100523 0.63466619135241897354
913 409 0.45242868319651902143 0.45151182953126800523 0.63463941302196102967
911 407 0.45243723937372998245 0.45153457602181801267 0.63461756523260604013
921 417 0.452425427125497992 0.4514982037334639986 0.63462402512871796123
933 429 0.45240699355737501453 0.45147493983073599955 0.63462042358682102527
915 411 0.45234660928435899141 0.45146248633071700551 0.63461409402513302425
893 389 0.45231500321500600625 0.45149046934759901051 0.63460486378066904845
909 405 0.45235321589436799927 0.45147302773751302185 0.63462999324381197397
921 417 0.45234511835597301932 0.45145297441240600511 0.63463857083108798918
921 417 0.45235468749472101946 0.45145841033548200771 0.63462881293558703888
904 400 0.45234111303892399203 0.45147338888494098486 0.63462491965760103874
922 418 0.45236593720197798563 0.45147769903462897645 0.6346209304877979962
906 402 0.45236021872209397632 0.4514907899853979889 0.63461548538467904557
896 392 0.45236682756393697957 0.45149104484127100534 0.6345923229987500136
890 386 0.4523850565694769732 0.45152550697712001693 0.63458222455886603708
884 380 0.45238331393015202009 0.45151167040767697936 0.63459099597489398992
919 415 0.45242293506551600757 0.45149237179887902194 0.63459123851947396577
916 412 0.45240888165837100932 0.45147377862955401229 0.63457566126982400956
894 390 0.45238101440813299758 0.45146496284057002768 0.63455669263618197373
887 383 0.45236638558208097649 0.45146212535361401885 0.63455567566920900724
895 391 0.45237073170614000572 0.45146272789136199233 0.63455195394936203535
904 400 0.45236417713206900082 0.45144982185927901019 0.63456246345151301469
888 384 0.4523716108233989952 0.45148530290705801704 0.63456820651560796875
880 376 0.45235053388058199531 0.45150314030750698935 0.63461793570489499761
898 394 0.45235698011642899719 0.45149391272628902616 0.63460288742892601022
903 399 0.45236712169502202308 0.45149750307944397365 0.63463993796587003793
893 389 0.45237650961371400626 0.45150878830183099888 0.63465732087144999252
881 377 0.45237546394145400352 0.45151946941513598777 0.63468311115122000299
875 371 0.45237183104307698844 0.45153656345117298976 0.63470195928390504836
887 383 0.45240331012814599676 0.45154687726299602701 0.63469318227368698437
918 414 0.45244736984859901252 0.45151246356755797562 0.63471152476908399009
905 401 0.45244554685566401586 0.45150627863647602167 0.63470815227925303503
903 399 0.45247673541780097928 0.45154675385603298965 0.63472989639460897227
888 384 0.45248300153417797542 0.4515655324760199929 0.63472021064707995208
884 380 0.4524740909583250259 0.45158736094838902719 0.6347145576002609646
903 399 0.45245665931321599196 0.45157631823700900009 0.63471109786214296999
899 395 0.45248622910428698551 0.45157252144231102564 0.63468871662989101434
910 406 0.45247641448623299176 0.4515733761675430058 0.63468780204828301184
912 408 0.45246238909488900592 0.45157107796361400931 0.63468592388730704634
909 405 0.45244293897869097831 0.4515796456069919862 0.6347208511210680193
919 415 0.45242718446485702399 0.4515480023319560221 0.63472805123130404681
901 397 0.4523988592861239999 0.45156063426731302135 0.6347246893926760114
948 444 0.45242119788838697225 0.45154410575718900711 0.63471755505462501556
953 449 0.45239096109958498726 0.4515363701640209837 0.6346767070945810163
962 458 0.45234679972425401173 0.45152640739798999281 0.63464131356421604746
943 439 0.4523265249689559786 0.45150440845611400364 0.63463582433534404537
943 439 0.4523316764677010049 0.45152280820206597278 0.63460281828653497538
937 433 0.45232726398722600258 0.45151692679903598915 0.6345879776934499894
940 436 0.45230387961203299962 0.4515129434312519785 0.63456562631881596737
921 417 0.45226161447113499836 0.45150122259268699043 0.63456713394481800705
901 397 0.452221221345231017 0.4514858108752179966 0.63455947285674596525
907 403 0.45226600972543601342 0.4514973360267739988 0.63456550142131495917
884 380 0.45224618160480301032 0.4515378004889660235 0.63456256254131004901
881 377 0.45225960424017497274 0.45152708229692700703 0.63458261264352000541
894 390 0.4522846502950090275 0.45152294605905501923 0.63459442508896402035
907 403 0.45225655140019599409 0.45150017307616502338 0.63459279735966800384
897 393 0.45226534337212997983 0.45151304728141999911 0.63458524667929394614
906 402 0.45227358756480801061 0.45152991837439598877 0.63458416456233901481
923 419 0.45227202331571597638 0.4515108710552689919 0.63457078631033003724
910 406 0.452269913119995981 0.45152731547309399307 0.63457670448328395985
903 399 0.45226949994813797629 0.45152679987199101364 0.63457584934809596611
886 382 0.45224658596361499985 0.45154403393489300766 0.63457404281699703041
892 388 0.45225468893130299497 0.45154996034075201017 0.63459482492871399639
909 405 0.45225518904699602007 0.4515055587903579748 0.63459688549878401354
902 398 0.45224020660426000884 0.45148472753939500324 0.63459458363967302663
888 384 0.45222066894235501966 0.45146792517615197404 0.63458741596789702832
911 407 0.45222859134924997537 0.45145699783510101488 0.63459779725405096595
910 406 0.45223066629522001847 0.45143697251740699805 0.63457777699041095776
884 380 0.45223928052211498363 0.45145582050404298169 0.63456665041141302464
903 399 0.45227263557019597995 0.45144176190001900073 0.63455065613138994518
903 399 0.45226310483756998471 0.45143503998433998081 0.63455705338091594747
905 401 0.45226228104304899702 0.45144108302207597294 0.63455796311907997076
879 375 0.45226714992146499483 0.45149261247355798599 0.6345649048116920321
877 373 0.45229997534638699541 0.45149455598526599953 0.63458029254452097412
865 361 0.45230995886811897755 0.45151474763313198535 0.63457871825157696755
876 372 0.45236731289019099789 0.4515222717837489852 0.6345936400640509456
886 382 0.45238358283043900165 0.45152646065947799059 0.63461997742385301002
886 382 0.45237228887431402136 0.45148846349693799729 0.63462350139103695934
876 372 0.45240101517637099082 0.45153490565214599028 0.63461521561931100166
879 375 0.45240631257514801744 0.45154797325807199959 0.63462083744145902919
880 376 0.45242585676925001215 0.45156894279746401244 0.63464371646694994755
880 376 0.45244435989995201997 0.4515891612581819925 0.63466338851967796231
875 371 0.45245069224595102497 0.45162210374245598254 0.63467573680163202887
875 371 0.45247219576467601065 0.45162492061553599632 0.63470431644962599371
896 392 0.45252120993981098662 0.45161185541911297303 0.63470019787436204872
903 399 0.45251702106829500005 0.45162007266802800531 0.63468504616043697197
908 404 0.45251562519379601168 0.45164172548280501207 0.63468406516111897098
913 409 0.45252913630742497286 0.45164219011779799251 0.63468726358366100992
928 424 0.45250672779713801974 0.45162239167117002037 0.63465969984188097541
905 401 0.45250422746256901974 0.45163379643010598263 0.63461931693419404432
935 431 0.45254462552278201803 0.45159780519510400731 0.6346107838145149671
946 442 0.45255643305651999109 0.45157831094367401059 0.63459177294711599515
925 421 0.45253881244371702008 0.45159437443318700689 0.63455830837135995814
930 426 0.45256114650202100558 0.45158011664694802656 0.63450841108864197704
923 419 0.45256375238881502154 0.4515794178989480101 0.63449707304262503715
925 421 0.45256831170523598162 0.45157847711592502549 0.63448145659339605373
920 416 0.45255248180229301624 0.45159810102922498531 0.6344794370392290439
896 392 0.45252511233211301089 0.45163753185217198061 0.63450733840966000443
900 396 0.452507504680016992 0.45162736772106198968 0.63453112718339799159
914 410 0.45251649695195600431 0.45164924408502599151 0.63452789231544604043
909 405 0.45248407643200200257 0.45163421495957700724 0.63449960747136002759
900 396 0.45250414700179097949 0.45163683300705098622 0.63449253912271996736
896 392 0.45249883878252000757 0.45162406341940097843 0.63447392244179401377
913 409 0.45250487642168701896 0.45162102954466998295 0.63447588843231295108
921 417 0.45249181403753002684 0.45158543478095797274 0.63446421336522496048
920 416 0.45248863199107197675 0.45159977404976398008 0.63444248989212803647
931 427 0.45246556100334500705 0.45156352072462702107 0.6344368981739250124
906 402 0.45246938514021101119 0.45158047994449301843 0.63442354330698402798
900 396 0.4524880863286879773 0.4516156035481930231 0.6344217452369029786
903 399 0.45249065803248600393 0.45159909255876601319 0.63440190226782899874
900 396 0.45247490429963799219 0.45157459113632797409 0.63441384232858999415
912 408 0.45249380204267797279 0.45156787574842299771 0.63440131547313305393
914 410 0.45249941063108400918 0.45155134430080401398 0.63439857132419796848
915 411 0.45249455145085398788 0.45152905311259300403 0.63440083621595400043
911 407 0.45250914299759698034 0.4515307686824630018 0.63440415398134797353
888 384 0.4525080225822479818 0.45151572346974899741 0.63439418400868297088
884 380 0.45252258962236502349 0.45152408178952802009 0.63437076633465394604
889 385 0.4525455934483230136 0.4515365330554100276 0.63437627120227702004
900 396 0.45255888844731101406 0.45154565518345901598 0.63434853523822298804
900 396 0.45254840776369897881 0.45155571422871698672 0.63434271490277704952
916 412 0.45255558298171499887 0.4515166474406839825 0.63434497856571703256
900 396 0.45256228627148897825 0.45155089878748599919 0.63435391610365399195
898 394 0.45253904628809399346 0.45152652750275401594 0.63433495791877803072
916 412 0.4525325025422550218 0.45148439977447002436 0.63431679767104098833
922 418 0.45250413251239102186 0.45147841859810700083 0.63432234923733399334
917 413 0.45252442064064402061 0.45149391008897599153 0.63432322631226900622
934 430 0.45255726854436101325 0.45150245945441097595 0.63433684218144803513
937 433 0.45253051340289202065 0.45143494036485798393 0.63432912156884802002
917 413 0.45254022076921102125 0.45143788226887099357 0.63430404564124498457
918 414 0.45255506393627498163 0.4514245855530240048 0.63429404030781300072
912 408 0.45254587729823197995 0.45142297799053299201 0.63426424506368694889
918 414 0.45257133421771500448 0.4514235639943500189 0.63423881090091704937
932 428 0.45259906185659798394 0.45141366971811197617 0.63425051354568695583
914 410 0.45257133156183099176 0.45142591151311400877 0.63423571206632201047
916 412 0.4525731792137520082 0.45143016367117400067 0.63422909123461101988
926 422 0.45256827000757499091 0.45142144517519500191 0.63420601700856504834
925 421 0.4525444079175299783 0.45139198110358702554 0.63417280912244500257
892 388 0.45252507657136198382 0.45141817900289399335 0.63416600296711600482
901 397 0.4525327014665430081 0.45141127960097598981 0.63418381171657700612
912 408 0.45251051079965998181 0.45141232428876099103 0.63417744932386399537
908 404 0.45250514358463900244 0.45142163217798997321 0.63418450255757397027
912 408 0.45249569831902097805 0.45143046034727901672 0.63417493781468503578
916 412 0.45246116707273498214 0.45143818967404097942 0.63419099234703801837
927 423 0.45245893737162401482 0.45144162752082600543 0.63417240331241997442
908 404 0.45243876002492400268 0.45147218930241700408 0.63417929624615898554
926 422 0.45246348344249198714 0.4514585309243909772 0.63417871864662000991
927 423 0.4524304962497869842 0.45144550806185901326 0.6341791109455480191
916 412 0.45243710975239997962 0.45145088346420497727 0.63418146730148294843
918 414 0.45245452579366002288 0.45145323132412401579 0.63417478903410096081
910 406 0.45244287549571399198 0.45147872864050297981 0.63413083707775497189
912 408 0.45243780975015301937 0.45147269183766902678 0.63412487104860504328
916 412 0.45243989023743502731 0.45144515602779600183 0.63411891222292005033
929 425 0.45244710151940997767 0.45145213295029001932 0.63409692834653497151
910 406 0.45241432182064800216 0.451437319270904025 0.63408400524507202434
925 421 0.45242969507487801328 0.45140436861365701438 0.63408506590363200583
906 402 0.45241502426402402381 0.45141738670489300889 0.63408241628565897852
909 405 0.45240959389188700746 0.45140755478498900688 0.63408429232399898812
898 394 0.45238146456317501753 0.45139657327390797503 0.63408418499671803659
882 378 0.45235399227809197642 0.45140247412427098039 0.63409617574819099328
887 383 0.4523787354623359791 0.45139860306682599855 0.63412463794005902162
909 405 0.45237470354868897227 0.45139332919680402734 0.63414520599541801538
914 410 0.45237175543652902165 0.45141783428447401771 0.6341415404282879642
899 395 0.45236824295233901694 0.4514441637661419926 0.63415058706752702733
892 388 0.45235679650850102451 0.45144457596211401418 0.63416930103460200652
881 377 0.45236468714708799599 0.45145227820606498303 0.6341843029091650541
905 401 0.45238457732165099356 0.45143279903595601166 0.63418726926873802974
926 422 0.45237772595005099063 0.4513991583641580041 0.63417372677166594652
935 431 0.45237529521792202436 0.451380192800586999 0.63416892612244701866
925 421 0.4523452767945410069 0.45136164594248701087 0.63415022411061194862
910 406 0.4522959728506790178 0.45134641900138999793 0.6341333099028010345
910 406 0.45229664379441997246 0.45133801196668299482 0.63411887555844204112
901 397 0.45227124043468802661 0.45134199154614901284 0.63410191368249202437
892 388 0.45225703286833901506 0.45133038954532900267 0.63410185328869794752
897 393 0.45226280551792097384 0.45133987864160401982 0.63409913351381597124
891 387 0.45225847668066099239 0.45132462787988197883 0.6340788637214399559
908 404 0.45227409232466697642 0.45131663576753799916 0.63406254066961598159
899 395 0.45225496474996701446 0.4513054534100329751 0.63406639793993702092
911 407 0.45224070251242998175 0.45130607106223802338 0.63406232532891604325
923 419 0.45222134626081100794 0.45128774108153402178 0.6340607609520010346
926 422 0.45221801540296502342 0.45129598958005701093 0.63406665651530003114
934 430 0.45220357683296902307 0.45126750467352999552 0.63405821463253497772
922 418 0.45218067434685299544 0.45126276372767698541 0.63405179883519902084
945 441 0.45218359840332800204 0.45122907672526202383 0.63406527504588094946
965 461 0.45215128031842199974 0.45118213660139000476 0.63406822311089494626
958 454 0.45212773463300998111 0.45120642926943499429 0.63405001470946298348
936 432 0.45210750484107398162 0.45124480352031698382 0.63400879710138502432
943 439 0.4521025183225609867 0.45122598899159399588 0.6339714099660389568
944 440 0.45208904624062701272 0.45123188575885797569 0.63395489689738904193
933 429 0.45206977300671502551 0.45124421669757097675 0.63396285778276795231
919 415 0.45206112312225998906 0.45126145443690601766 0.63395195276861304734
930 426 0.45206237153284600794 0.45125113718322701351 0.63395787481501897354
920 416 0.45204767124722000649 0.45127621082915897466 0.63394598192448303742
937 433 0.45205434558593798888 0.45126152563345300894 0.6339273270276299943
941 437 0.4520409189680609785 0.45126989216753199408 0.63391276864654000356
917 413 0.45199269644559197934 0.45126874818611301121 0.6338880731898219878
909 405 0.45200281326052799136 0.45127898223673101885 0.63387254242762902656
929 425 0.45203640091340402396 0.4512789480559910027 0.63384636598228505378
920 416 0.45201582318995497944 0.45127244792303100596 0.63383420185246597267
908 404 0.4520036387375159781 0.4512633946896090209 0.63382985974863903511
897 393 0.4519978552768280089 0.45127104808887702481 0.63383220959728203692
913 409 0.45200874135544100163 0.45125561144233000688 0.63383395006816301009
917 413 0.45201061773709000358 0.45125701187021000083 0.63380941395170897756
920 416 0.45200602237108300496 0.45125219136293798217 0.63378057670332399454
928 424 0.45199566493375997744 0.45122890456019498773 0.63376801727023901467
940 436 0.45200369103934401327 0.45124095331901198369 0.63379225078056999898
932 428 0.45198112834893500178 0.45127098945540999875 0.63378809876050501426
940 436 0.45195760931283002204 0.45126914874234802522 0.63378558757545699898
937 433 0.45197329800187002746 0.45126178607228900619 0.63379665212239599814
916 412 0.451972802366222004 0.45126223954603200683 0.6337853298762899934
911 407 0.45196706948955900351 0.45125907580322499602 0.63378432757253599927
902 398 0.45195534996524999727 0.45127595421246502472 0.63379716877185199309
916 412 0.45197456298842697553 0.45127151523189001914 0.63379443114850397833
905 401 0.45195771529210798656 0.45125962689105797443 0.63377379328794403168
894 390 0.45194066434553398226 0.45125796712408200451 0.63376952446993695123
910 406 0.45193816543806697439 0.45122825352972301127 0.63375781816342502406
910 406 0.45191583712393001981 0.45124701880130102527 0.63375891868580802591
921 417 0.45191521972869802548 0.45119948634580797631 0.63379221052144996129
922 418 0.45189494956847597873 0.45116481974215100204 0.63378156712063304923
916 412 0.45190081806088000516 0.45116308038576097283 0.6337858853599339648
919 415 0.45190734501709400872 0.45116311239089101903 0.633777856694100028
895 391 0.45188483037919602303 0.45115364942040797613 0.63378116613144896974
886 382 0.45187947425258001566 0.45116944184003998641 0.63379718830795994666
924 420 0.45189332682988997414 0.45115756670375700699 0.63377647329577102564
943 439 0.45188907842663700309 0.45114222685250698897 0.63376605449107803469
921 417 0.45187853834173097312 0.45115469671579000455 0.63376877812478105145
924 420 0.45186807837306497415 0.45115955281180397662 0.63377899327128095486
914 410 0.45183602561909902429 0.45116431797568501416 0.63377080658387996426
908 404 0.45183907597710198933 0.45117221564258197519 0.63377014520660401864
943 439 0.45183146111092897801 0.4511520155961900036 0.63374033822171205177
921 417 0.45178774328232801372 0.45115493241776699618 0.63370272030157004384
918 414 0.4517826234272069863 0.45113016224930202469 0.63367868167152097136
925 421 0.45174827414885498911 0.45111010359031700201 0.63367317375304299532
906 402 0.45173078550139400544 0.45115400899302898763 0.6336685901581059488
876 372 0.45171862893556402607 0.45119633311958901034 0.63367648068007997875
898 394 0.45174752336057200086 0.4511732098966769744 0.63368749814156799527
886 382 0.45175061123474902214 0.451206111542869992 0.63368691900515294879
901 397 0.45176378250876297882 0.45120801185417702683 0.6336841912941320043
891 387 0.45177200815326301608 0.45124144226277701497 0.63367067690037204297
901 397 0.45178441203178698604 0.45123033168334697462 0.63367288629066798045
911 407 0.45178937874416197351 0.45122826852443398415 0.63365137991104503179
891 387 0.45177929583806197833 0.45126918818328798366 0.63366429128784995672
898 394 0.45177134900887300217 0.45126202538748499959 0.63364921840858901003
927 423 0.45177037126195801475 0.45123746884889498476 0.63363306978302302852
928 424 0.45174271567693902174 0.45123041335144298269 0.63362342509896496523
962 458 0.45172505410206598153 0.45119935615921602512 0.63358627650602694636
939 435 0.45168596958184598078 0.4512168797606659898 0.6335534118217209798
943 439 0.45167883277806597508 0.45119782712761902221 0.63350132092900601766
930 426 0.45166687448179698716 0.45121358892665097695 0.633492603631824025
941 437 0.4516777352546419988 0.45117724447568102741 0.6334671881743909605
936 432 0.45167295084649200509 0.45119225206087698599 0.63347867036378802119
952 448 0.45166583305129598402 0.45116040901398402063 0.63347024680601904389
935 431 0.45164800115713699125 0.45116803594133297883 0.63346816509857295507
934 430 0.45162544736722098904 0.45114184188386702301 0.6334400997434740388
956 452 0.45163061530120801601 0.45111793767316199499 0.63340355257268898814
941 437 0.45160357886362600954 0.45113222221115401034 0.63337899016950305331
921 417 0.45157111486651402288 0.45114315990580200477 0.63337354487242603085
913 409 0.45158569043972701662 0.45116383047806202233 0.63336125498341300233
912 408 0.45158025247869298946 0.45117310921233499954 0.6333876412600719652
919 415 0.45157838054516902249 0.45114549100264300652 0.63340369773905502715
928 424 0.45157382534366202753 0.45114124370100799899 0.63338840702467602561
921 417 0.45156774978913299945 0.45116642708658799554 0.63336460903980595916
942 438 0.45155261482860897804 0.45115502929695899814 0.63337367233029895353
959 455 0.45153924126777800208 0.45114526667270299365 0.63334443486740799045
932 428 0.45149718085124401767 0.45113263949549997633 0.63333104675896900737
932 428 0.45149347558519598023 0.45111188043924199675 0.63328702891931598629
961 457 0.45148573056826102334 0.45108582085258902561 0.63328286186622395615
939 435 0.45146366951061900341 0.45111944488008098864 0.63326208299395903012
957 453 0.45143592249010200401 0.45108082084375800136 0.63325722428163000455
962 458 0.45140705633499800253 0.45107936101905898862 0.633207477770849958
962 458 0.45138464500112701616 0.45106418278776899689 0.6331803876907150519
967 463 0.45136948453230502087 0.45106831142829700854 0.63315605180373102367
953 449 0.4513432235118309821 0.45107353135389899323 0.63312017625690697464
934 430 0.4513336432047410085 0.45109752740080399924 0.63310943945899200713
934 430 0.45130304471724502768 0.45109628174597199424 0.63311004998643205521
945 441 0.4513047379465440212 0.45108056503187998754 0.63311251764461595748
954 450 0.4512968543992860182 0.45106377273307002307 0.6331025500097929859
947 443 0.45127854115332599605 0.45105111409283199508 0.63308876231064603601
940 436 0.45125464880651500188 0.45103991357389400241 0.63306632031895004875
927 423 0.45124284260196001473 0.45102903057322601965 0.63307918006225805119
918 414 0.45122192815019901424 0.4510192115174330163 0.63305127627774604449
917 413 0.45123218246478502547 0.45102076286381598269 0.63304263749315403675
896 392 0.45123724727945402346 0.45101143712154401211 0.63303303838153202054
883 379 0.45122956740018199673 0.45102176167547797236 0.63304488702232697417
887 383 0.4512602260778029728 0.45103464843206497736 0.63307830032290601796
891 387 0.4512716003328819947 0.45104730315446800448 0.63307999582022800311
884 380 0.45127757956482600354 0.45106595713852198903 0.63310298709494594593
889 385 0.45128985259677800723 0.45107327017527798496 0.63309838123895201267
906 402 0.45129919060901202421 0.45106503871859998656 0.63311027252109797203
908 404 0.45128728793373601436 0.45103780553440597778 0.63312152061499604727
903 399 0.45129146308155398959 0.45103020790280301533 0.63312307629145903043
886 382 0.45128699858068099804 0.45103656388443702507 0.63313910336582801541
885 381 0.45129345994353997629 0.45103739952514099176 0.63314555487578194626
882 378 0.45127517134428102308 0.45104383602169101364 0.63314145719564995929
911 407 0.45128976537170800709 0.45102836236124999036 0.63313809715436697445
908 404 0.45127179446324300338 0.45104207889499797757 0.6331528317083400248
900 396 0.45127332741912101755 0.4510624099548979915 0.63314855361377297971
907 403 0.45128795446577302242 0.45105872687662101894 0.6331320572222209897
918 414 0.45129098021830099663 0.4510624959982270088 0.63313500426970303891
915 411 0.45129421715787398917 0.45109139284306798423 0.63311294796151795783
931 427 0.45130015938190398694 0.45108904166879598696 0.63309855273675597065
930 426 0.45130805958227598884 0.45108137530918201996 0.63308825473415897278
935 431 0.45129339634367598988 0.45106771951751400973 0.63307173480710099422
892 388 0.45128121716630698046 0.45108773412654101787 0.63307910104920794847
896 392 0.45128927239157701212 0.45110696032972097402 0.63308400669053999099
912 408 0.45129922167356201212 0.45109076875954901009 0.63306747683945197025
915 411 0.4512906934889289734 0.4510817011840009827 0.63307963069497996678
914 410 0.45128953024156498453 0.4511016757410559741 0.63307856414195995409
902 398 0.45127350839408297833 0.45110910112655200344 0.63309249886902196902
902 398 0.45125378698994500493 0.45112310119331300307 0.63310578707391795827
896 392 0.45124487686873598902 0.45113433261230700966 0.63310726300638797692
914 410 0.45125412187300700806 0.45113881210980799619 0.63312174204491300511
920 416 0.45124324797067100201 0.45112571116761801537 0.63316481670599500386
922 418 0.45122081827839299883 0.45110485382374199137 0.63316031329580402254
928 424 0.45120568646155501114 0.45110328633261798092 0.63317247428993395086
901 397 0.4511894261576580023 0.45113031914794898825 0.63315907769065005173
916 412 0.4512057013045460141 0.4511197822726800144 0.63313863540941894836
892 388 0.451201266694179981 0.45111262577837701881 0.63313414972335602116
864 360 0.45119649139535200622 0.45114341482912900805 0.6331240695540489849
882 378 0.45121465030913399108 0.45113613798091700691 0.63312956248103802182
894 390 0.45122954924413000155 0.4511190302745540226 0.63313613983297800658
858 354 0.45123527721820799741 0.45114330613828002026 0.63314979617608502238
854 350 0.451233571592285998 0.45114446112088801843 0.63316166452964595113
865 361 0.45125448106495297251 0.45118963891579000336 0.63317086656613197349
871 367 0.45127555510069700118 0.45119477693046500244 0.63316939872808397638
880 376 0.45127398839815702214 0.45117956436716999402 0.63318586909064000778
881 377 0.45127424892792200595 0.45120026435719001734 0.63316983165851004056
887 383 0.45128165081994098262 0.45122213554752998999 0.63317382984246595168
883 379 0.45126882093321202261 0.45122682198929897623 0.63316968545020901882
867 363 0.45126919392977399292 0.45120905691075402499 0.63318416784574305112
877 373 0.45131702626157899072 0.45122943262698100853 0.63320766827826602263
874 370 0.45133854449558902244 0.45124188051138397482 0.63319849112476001007
856 352 0.45134455072284601629 0.45127423936663701998 0.63319903390991805203
852 348 0.45135822438175698945 0.451275132319989003 0.63321685815723105506
865 361 0.45136972238034200888 0.45125269206945500811 0.63321504689916496833
866 362 0.45138059370940197823 0.45125269856829497428 0.63322790114176796816
881 377 0.45142152724757300675 0.45126620730114802571 0.63322914842821997894
867 363 0.45144416991152297447 0.45127727526037897388 0.63323946887120297067
885 381 0.45145956671206299848 0.45125585815076502127 0.63325038729075899813
888 384 0.45146722482835499601 0.4512474151579590198 0.63326064743964805004
903 399 0.45147279339429402523 0.45122464257339700566 0.63324832178509904423
896 392 0.45148432553855699645 0.45124167954931798663 0.63323155649516205123
889 385 0.45148598388221600208 0.45124006482549600117 0.6332325847918179873
891 387 0.45147640293677598899 0.45121851400213802696 0.63323823877636598034
866 362 0.45148652803632199904 0.45123208700178601971 0.63326325122109294874
873 369 0.45149089346058901562 0.45123124092205602054 0.63329497795393796533
886 382 0.45150329268038502661 0.45122263295539100092 0.63329252655507295433
879 375 0.45148520802690400577 0.45122651059626200931 0.63331363934146900352
884 380 0.45150735601654801155 0.45123323924443697885 0.63331855266805303639
890 386 0.45150008255664497714 0.45124035434918202681 0.63330811616995996705
906 402 0.45150865071086998537 0.45124186148222700243 0.63332142853244599578
904 400 0.45149558232835002025 0.45123999202053099999 0.63332375717072297849
901 397 0.45147969275727301008 0.45122484501776799481 0.63331719107508199773
900 396 0.45147858981312199989 0.45121731752994798104 0.63331102461208699239
913 409 0.45147397817911100182 0.45120530686086801619 0.63329359031372700617
937 433 0.45150418041519602141 0.45118626221370400353 0.63329903148927102485
919 415 0.45151429706528500851 0.45120224493104099661 0.63328914168345196156
917 413 0.45152764404761802641 0.45122102418865300821 0.63328613638603203917
895 391 0.45152431412702898061 0.45123303416250998277 0.63329203558658797579
891 387 0.4515119071475919843 0.45122833989846300451 0.6333022703709160206
907 403 0.45150907319638799997 0.45119247062744499699 0.6333235890940279722
916 412 0.45151489972654601512 0.45116675909634601505 0.63330592903178195563
910 406 0.45150773725391502023 0.45118410056017499432 0.63332839553996500559
897 393 0.45149797708617200875 0.45119066897260901028 0.63335666056256600953
891 387 0.45148157680259398683 0.45121314924631800158 0.63335306442204197808
888 384 0.45148631038205999655 0.45121481402553897944 0.63336922818203200691
889 385 0.45149967278225300316 0.45122428574371598042 0.6333784965121189714
898 394 0.45153288763825000229 0.45121551918328001163 0.63337514216707901937
906 402 0.45152108807633500875 0.45122715748620001452 0.63335946745809201808
882 378 0.45148781175855701164 0.4512401819801890035 0.63335262294405503258
896 392 0.45149348666706601296 0.45122202338020300783 0.6333248079934780117
920 416 0.45152732011643997856 0.45122810293223097888 0.63332587327666500787
901 397 0.45150481838303202498 0.45122496887912899588 0.63331838560201403343
914 410 0.45152119426143599856 0.45121969313107701538 0.63334530609410000235
913 409 0.45151721598916000344 0.45123041462843699323 0.63334752340765798628
891 387 0.45149604867111597928 0.45124639252217202401 0.63335936954204496985
885 381 0.45152331150536301196 0.45126168145093098483 0.63334750809692896834
882 378 0.45153330685477399697 0.45125239788150700582 0.63336261974852403611
864 360 0.4515459476798610039 0.45127271804792601362 0.63337965286700304013
864 360 0.45155700944346199854 0.45126390399938498543 0.63339001309552500629
878 374 0.4515737094223200021 0.45125407007831602746 0.63339248071661602424
873 369 0.45156896973281601682 0.45126385790499201622 0.63340890795829996041
874 370 0.45157531417687601927 0.45124636678397500589 0.63341241972664197313
892 388 0.4515946277788269736 0.45123552961865998068 0.6334301516767210094
898 394 0.45161616267837401129 0.45122845463262001298 0.63344621461421102282
917 413 0.4516411360131539765 0.45123646334742001374 0.63342657445659900084
918 414 0.45163304959194400245 0.45123121808189498028 0.63340418144063703743
906 402 0.45160314070890500426 0.45122959528137701612 0.63339170123978294491
918 414 0.45159989413760398547 0.45124402799178398027 0.63339303771190003101
918 414 0.45157545361506901127 0.45123491690409800459 0.63338971298836699297
908 404 0.45158095509778700682 0.45121705302509002022 0.6333890899691260179
893 389 0.45157826521807598041 0.45123087969069197722 0.63337786625992298362
909 405 0.45160303103255999835 0.45121943542657400039 0.63337955571898896245
910 406 0.45162925856227298382 0.45122769635916698538 0.63338571648661001756
903 399 0.45164769122107001342 0.45123075891115699276 0.63337521179292499696
892 388 0.4516313345141960145 0.45122536234977300706 0.63336901151130897691
900 396 0.45163834291309701285 0.451214890653661993 0.63336546845510299786
905 401 0.45165465158972900594 0.45120774766422999669 0.63338177245264803972
906 402 0.45164357312766501007 0.45121747169038201042 0.63339457522909903275
895 391 0.45163042002566500255 0.4512114820604259946 0.63337883145700601961
879 375 0.45163525845923402358 0.45125752656401901808 0.63338431035749398479
892 388 0.45164816823739500906 0.45125103887711098816 0.63338929502814400596
899 395 0.45165063848504199973 0.45123440170712197927 0.63342165046177800747
906 402 0.45164503779314302268 0.45124454494536297977 0.6334227167332260322
902 398 0.45165315164158797989 0.45125274431912498763 0.6334080413632650064
891 387 0.45165407381557798328 0.45124949986569101723 0.63342116147706195584
889 385 0.45165962582887297927 0.45124625872349599653 0.6334264588118809769
913 409 0.45167784955625100984 0.45124482407488897273 0.63344181288096601534
923 419 0.4516430109663259751 0.45124197042149899461 0.63342747031498602972
914 410 0.45160452582978799496 0.45122331663882997432 0.63342309091788395747
919 415 0.45160218608188801293 0.4512398687053950086 0.63342093149093203763
897 393 0.4515877314762209993 0.45126661306346999014 0.63344882668246005331
896 392 0.45161638266223097515 0.45128722657502801097 0.63345987395699099309
856 352 0.45161196690968502532 0.45132851720244299143 0.63347917706303802365
887 383 0.4516457238523209905 0.45128785898794199216 0.63349192884291605221
888 384 0.45163675374663597717 0.45128261473368902479 0.63350608428798904637
872 368 0.4516430194950429855 0.45130818019163998489 0.63351838633988299954
863 359 0.45164867677483000463 0.45132985277609000141 0.63353385794094696504
863 359 0.45163178116544500096 0.45134954428593598852 0.63355027118027795741
878 374 0.45165197190748401779 0.45135194966586300591 0.63356588385509804429
905 401 0.45167493963018201519 0.45134260455885599761 0.63357965012474304345
905 401 0.45168469733163002511 0.45135721121060501382 0.63360325350698198932
900 396 0.45168865310038297523 0.45138286356369100583 0.63360579976491804288
896 392 0.45168482318441299794 0.45137346074022499653 0.63359784809878294531
887 383 0.45167295058049400369 0.45137285249868197567 0.63361270328534802232
910 406 0.45169651466483501379 0.45134636208848299965 0.63360578742328899082
899 395 0.45170238090242098572 0.45138999123753797971 0.63361437724540503602
881 377 0.45170227085989000937 0.45140386988741598717 0.63364585522157401698
872 368 0.45171125502914799554 0.45141108438405802561 0.63365659810093899473
857 353 0.45169707425005400925 0.45142420793198800855 0.63366961167401003596
872 368 0.45173402385923999702 0.45142676110427398806 0.63368109478971401671
888 384 0.45176934073786501056 0.45143123845931298899 0.63368661273179804905
886 382 0.45176336302459701999 0.45143232912652297983 0.63369914443085895162
877 373 0.45176150482425597721 0.45142500349072200994 0.6337035382547140383
874 370 0.45178848666104998166 0.45143888214806698889 0.63370866093174904599
878 374 0.45180546302372398548 0.45143486726333698078 0.63370941896448895747
872 368 0.45181838670589902218 0.45143992584965997317 0.63369890880987000958
853 349 0.4518250925643619853 0.45144134801709301374 0.63370023059120295095
862 358 0.45183594685394501411 0.45143211803436100737 0.63368904531319203421
889 385 0.4518640655932359973 0.45141722369419601257 0.63369989997078601807
906 402 0.45188273397089201433 0.45140412192154899529 0.63370070199071504291
920 416 0.45189334564884697798 0.45137896125317999996 0.6337061712579660222
916 412 0.45187876856616399079 0.45138204667918102597 0.63370891270014995111
894 390 0.45187574646961198299 0.45141774851880800412 0.63370070405561995663
900 396 0.45188179502993097714 0.45141179137211101535 0.6336931025003770257
900 396 0.4519105454758730045 0.45143803029252199677 0.63368763995795496236
933 429 0.45192341013563702701 0.45140409037496498357 0.63366909322321995912
942 438 0.45190852136616499468 0.45139228736327602354 0.63368064937397095004
932 428 0.4518827599820550156 0.4513917337710179889 0.63365644476808802299
918 414 0.45185530437239201929 0.45140222897990500694 0.63365594398692004496
911 407 0.45186509777023997625 0.45140536083221899366 0.63363735112514396608
881 377 0.45186387187466597881 0.45141578063702197943 0.63363054447266298208
884 380 0.4518759400015199823 0.451429326878156012 0.6336107961328429905
873 369 0.45187639403979901198 0.45143493692202801837 0.63359585601711598812
900 396 0.4519026561240879758 0.45140841636369399836 0.63356578420610798474
915 411 0.45192358425000300759 0.45139457198174098851 0.63355663261770600592
925 421 0.45193390112662601421 0.45139310339136701211 0.63353848152384095727
916 412 0.45191699508495897231 0.45139838434075002516 0.63352478489530994477
928 424 0.45191206894014701589 0.45137487808396797861 0.63352651205545396085
934 430 0.45192989278056899805 0.45137623603760101965 0.63351374247400704665
959 455 0.4519229990679490272 0.45134550404653700495 0.63352192161469500498
942 438 0.45191585958162100445 0.45137124287459601257 0.63348470798732403608
922 418 0.45188850557421200715 0.45137639556887998449 0.6334540421250079989
921 417 0.45190270995607700888 0.45137371972143097709 0.63345765810892196157
898 394 0.45190446752798602015 0.45137659187295098295 0.63347336415564703405
906 402 0.45189030496775101087 0.45137937583505799433 0.63346305624697296643
914 410 0.4518947260069949845 0.45136424862736801433 0.63347106770327599179
916 412 0.45191456229119797428 0.45136483638826702114 0.63347507022018201273
929 425 0.45191850197081501195 0.45137471049078897734 0.63349574304903200073
930 426 0.4519149587821880143 0.45139128348053497719 0.63347361501185395216
935 431 0.45190531910303299856 0.45139275204488399362 0.63347337425326299964
950 446 0.4518812702288850236 0.45135783069331697481 0.63345816193677695338
947 443 0.45185983957547898315 0.45135360979300398476 0.6334432692436839929
909 405 0.45187036731582497229 0.45138997894917098908 0.63345991764912001898
928 424 0.45191192579325700773 0.45139450404804098982 0.63345935176377199394
937 433 0.45193744877040697983 0.45138041465623501836 0.63346230281326998401
947 443 0.45194479750763100201 0.45137793495533901078 0.63347144720095005521
938 434 0.45192022092083100615 0.45138802414842399413 0.63346461516151097992
955 451 0.45192691502949200455 0.45140075282218000696 0.6334585258722660317
941 437 0.451901678127288986 0.45138571187696902021 0.6334563197560399983
934 430 0.45188718000009597819 0.45138369408828699081 0.63344817144638498885
943 439 0.45188367481733698883 0.45139679586804298816 0.63344737807271100927
949 445 0.45187984674484499292 0.45139658312389102646 0.63344875977446901683
947 443 0.45182296876535099628 0.45138641342786101074 0.63344880407621695362
955 451 0.4518087346347000044 0.45136631491206602451 0.63343797251431899209
937 433 0.45179264873028301963 0.45138373449172797258 0.63343962040648504885
931 427 0.45179004478517498233 0.45139874822441700131 0.63343990051000897967
920 416 0.45177778487594699719 0.45140414237399800745 0.6334482734495989753
919 415 0.45178581763156500095 0.4514044399510749872 0.63344957965506298869
923 419 0.45177685224988500812 0.4513939776323619979 0.63345913632076300548
926 422 0.45177271313535799502 0.45141558197831899157 0.63347400556639699154
903 399 0.45175701660781397706 0.45142520894330800951 0.63347343753832097146
884 380 0.45174242710834600079 0.45144594527149201069 0.63348542564855203629
892 388 0.45176541314977097796 0.45145316687665998368 0.63349631108364901078
880 376 0.4517674587026859756 0.45147027190579397393 0.63352085469852204014
871 367 0.45174826287292701998 0.45147451695395601767 0.63353283759082801296
886 382 0.45175704497523899716 0.45146976597868998526 0.6335308768698659776
886 382 0.45174184704238301569 0.45144931138974497831 0.63352156925063496384
894 390 0.45174735746719701934 0.45144355390079299317 0.63350017439249695084
899 395 0.4517466473214269973 0.45146894608542398331 0.63348936250449805474
871 367 0.4517427443503109763 0.45149118870030602313 0.6334935553802110153
882 378 0.45176832617136297721 0.45150495033693399671 0.63350759885594598586
895 391 0.45178128721866400719 0.45149585366731798119 0.63350500281094301869
905 401 0.45178989151422899173 0.45148836434498601511 0.63351324560688604404
908 404 0.45180276849401401762 0.45149098433019402288 0.63349357291267405223
920 416 0.45180100675832302048 0.45149602617956402506 0.63347930109700301138
933 429 0.45180186772370201087 0.45149275895981799689 0.63348938949972899426
917 413 0.45181733899653098163 0.45150878276130301803 0.63348683982664100167
895 391 0.45179888524151101681 0.45151253822298698104 0.63349012713188601609
903 399 0.45181381938732601 0.45154574768547800501 0.63348300014861202989
898 394 0.45182799009823498837 0.45156190716996902346 0.63346833542359404223
906 402 0.45182502056647200206 0.45153880490211101284 0.63347047422646396431
905 401 0.45181944022595199595 0.45153712371323700969 0.63346304116277796226
896 392 0.45181577733628497384 0.4515558098686849875 0.63347747690812694632
893 389 0.45182412733344101685 0.45157377825020400541 0.63348220447536895961
871 367 0.45183362047658998106 0.45159649852373601187 0.6334957961988090247
893 389 0.45184125384653600621 0.45158760806600301008 0.63350378996738598847
905 401 0.45183562031761098643 0.45156913406082099804 0.63349018526842004739
912 408 0.45183322552841598263 0.45156820212731502151 0.63349886404608601875
913 409 0.45183629114101397928 0.45156143329512998807 0.63349520769224398897
903 399 0.45179765680919198312 0.45154965970520699603 0.63346550886863794982
919 415 0.45181922048463102337 0.45154614049515900964 0.63346475762423004596
937 433 0.45180778445022501399 0.45151455025066999927 0.63345981691243202771
934 430 0.45179161142965801323 0.45152568331673798019 0.6334517092853140241
948 444 0.45181359337393700581 0.45151591276543900921 0.63344442296932701453
936 432 0.45181236297718502248 0.4515153298408139948 0.6334424724866040135
946 442 0.45182508909949498088 0.45151834801138102105 0.63344741608387100662
955 451 0.45185144588459602577 0.45152370313667000712 0.63343233754365702026
944 440 0.45186124267964999923 0.45153310063492002602 0.63340510256672100109
934 430 0.45185948554601101934 0.45152013468716101219 0.63338755074257002686
939 435 0.45183596964165601007 0.45151171823698799113 0.63333861542583103077
953 449 0.45183509536781601978 0.45151012552671199174 0.63332192684796495552
948 444 0.45181665003748300302 0.45150778229044602474 0.63330483007927196315
933 429 0.45180238548636297846 0.45152119671424700842 0.63328081487229703761
944 440 0.45178857031314301196 0.45150807352404997985 0.63326746438328596067
948 444 0.45175383019739900892 0.45148501322417899928 0.63325077677268903908
900 396 0.45172108067995297986 0.451516044256177973 0.63322649801841002226
893 389 0.45171323788531198007 0.45150961461497401972 0.63322037467376501851
889 385 0.45172430575069999481 0.45151714782357998956 0.6332189034407570416
881 377 0.45173108877360301783 0.45153787263299399735 0.63320986415731694841
885 381 0.45174000474441200481 0.45152239689319001448 0.63320963232311899826
881 377 0.45173624339976398145 0.45153706630043100034 0.63323376016752297435
866 362 0.45173856950692897749 0.45153265163525302395 0.63326930651601698319
872 368 0.45175805715418698716 0.45153444605291798153 0.63328959007647001034
877 373 0.45178115270152102712 0.45154357512392401253 0.63330356943266896685
885 381 0.45177750658122400873 0.451520990089672003 0.63330597975126001753
889 385 0.45180776629655799992 0.45154714827259601062 0.63329926317148199644
887 383 0.45179147727735802231 0.45152258359860697468 0.63331816580919997328
884 380 0.45179500988906601266 0.45153470367632397853 0.63332370037429497334
898 394 0.4518176572409020042 0.45152861451534098691 0.63332796988134498761
889 385 0.45180401097686401224 0.45152903065723598575 0.63333895254033401034
886 382 0.45180959455476998876 0.45153794315990697372 0.63333129974363899795
892 388 0.451822720293639013 0.45153261191357002557 0.63332620295949204614
894 390 0.45181314306388398183 0.45154550220753897349 0.63332362680835596613
891 387 0.45182077374104301359 0.45156605630637802751 0.63333497714555397895
871 367 0.45180155306877600729 0.45157948448260598617 0.63334441572839994539
888 384 0.45182437661175300914 0.45156173931771198538 0.63335700037129905038
882 378 0.45183174772101797334 0.45156164013159000303 0.63337076362564004306
893 389 0.45183075890807700148 0.45156048257047498584 0.63338342178371498381
911 407 0.45185868913720100837 0.45155036516539198699 0.63337722407852703466
930 426 0.45186198129746102392 0.45153720824770499087 0.63337382853114898573
921 417 0.45185266464834800137 0.45155061168711102537 0.63335742646714299209
908 404 0.45183467703055202325 0.45155343751779097872 0.63334428228587802412
910 406 0.45184673734007502199 0.45154526831285102251 0.63334244760516100747
895 391 0.45183801054159500321 0.45155510909346902038 0.63334411110280297574
882 378 0.45184795182210302222 0.4515615292726359864 0.63334452268379604067
899 395 0.45186536707072200159 0.45156378569089700159 0.63336912852270998986
898 394 0.45186356865248000769 0.45154844003010702336 0.63338032378184394577
887 383 0.45183225279034699984 0.45154270898266402057 0.63337450630788505457
902 398 0.45186253507209900304 0.45153741454721901816 0.63339893249305601053
890 386 0.45185821334621800727 0.45153460635092301789 0.63340136465592000725
878 374 0.45184239922810698342 0.45151942866480598848 0.6334044020391890184
881 377 0.45186639342605899872 0.45153004500722399017 0.63341436714005594499
869 365 0.45188042614610401948 0.45153002574862899365 0.63340656687298502181
893 389 0.45189466997219401856 0.45153308910042400104 0.63340468015970796678
888 384 0.45188416551194499071 0.45152627629840397239 0.63342229301497399163
903 399 0.45190431134089897869 0.45152915788138697772 0.63343344760779796143
908 404 0.45192450984426602023 0.45153740247733797908 0.63343483475036799213
914 410 0.4519011900570359952 0.45152868141107399547 0.63342962455920104325
927 423 0.45188404303353202351 0.45151707352399800266 0.63342426225688397423
916 412 0.45185344860390097566 0.45152142986632898269 0.63342670205258400085
901 397 0.45183987430267902319 0.45151076170704002033 0.63343422859924203294
935 431 0.45184492034576800856 0.45149418884079900449 0.63342349433451794471
943 439 0.45184241205025099664 0.45149036710370199499 0.6334167751404129465
955 451 0.45183315055053202558 0.4514738818408010057 0.63340478807049005461
928 424 0.45181315596575999383 0.45148569175024999556 0.63339202079152501224
941 437 0.45181588022503899049 0.45147672093601498577 0.63338719983332203434
933 429 0.45181922059663098823 0.45148771514351598855 0.63337330934712199326
927 423 0.45180894610132699141 0.45147268358760800355 0.63335391476941604871
932 428 0.45179530621927399547 0.45147201152956600856 0.63333786609525299927
951 447 0.45180893294038299013 0.45147201368345202255 0.63333057694861305542
976 472 0.45180381121800800015 0.45146502575084301867 0.63330369255614304969
963 459 0.45177319356827000396 0.45146692998527998553 0.63331374077562496705
935 431 0.45175037012939500691 0.45148022881871802126 0.6332885663976219881
929 425 0.45174290927539700879 0.45147827406555901542 0.63329880143911398971
914 410 0.45172103593494300489 0.45148237756742298776 0.63328019996545203973
902 398 0.45172776058292102297 0.45151881557316297933 0.63326973547591502989
912 408 0.45175041104254298752 0.45151751650789101467 0.63326559709668894804
894 390 0.45172588563605498013 0.4515160350949690149 0.63325960112583701278
894 390 0.45171644005653399656 0.45152035306700899486 0.63326115020970297209
899 395 0.45172114112894101723 0.45153705444630398702 0.63325509739699203937
880 376 0.45175794749300002273 0.45157234606842300284 0.63326837118949397265
862 358 0.45175660472721901328 0.45158461849451997372 0.6332847217556180075
881 377 0.45178264503421200482 0.45158170704902000914 0.63328625613400202354
881 377 0.45179126741726000072 0.45158105191927300215 0.63328876525594202107
911 407 0.45182121826637100526 0.45157412631799598302 0.63327805897277200664
912 408 0.45181692125584599351 0.45158850369525099788 0.63325626215084895865
912 408 0.45180279340149198664 0.45156084446521099762 0.63324045655711602709
919 415 0.45178667218691698215 0.45154864921822901458 0.63324313957165700995
929 425 0.45178416554171801911 0.45152741204440099976 0.63321793766690404048
926 422 0.45178147982998201337 0.45152793702528798425 0.6332044041791190514
928 424 0.45176678445144802243 0.45154272486812002674 0.63320267834816301722
923 419 0.45175840691254598447 0.45156253820905500884 0.63317834590763300007
920 416 0.45173998193556097469 0.45156256169406200351 0.63316083513638499181
924 420 0.45171600920325299944 0.45153281763219199618 0.63316674529261895987
926 422 0.45169937607544902169 0.45153879244673600368 0.63316547512642595841
919 415 0.45166522288513899497 0.45150085336482997933 0.6331753171818540471
919 415 0.45167208911726802745 0.45151289379913100985 0.63317513840041994566
913 409 0.45166051936922602117 0.45150586363858602468 0.6331993489949929721
914 410 0.45165922741553798936 0.45151462313856799424 0.63320641070178795839
903 399 0.4516407938682839851 0.45150161348875100797 0.63322833774842701704
911 407 0.45163625480410501956 0.45149906530767702773 0.63324275031345000908
902 398 0.45164903174575099509 0.4515067887866089924 0.63324922405622097177
917 413 0.45163273735018399924 0.45149204150869498564 0.63326820028726504841
899 395 0.45161892913166101771 0.45150350271621597642 0.63326355449237903272
906 402 0.45161844444028198531 0.4514832306861200073 0.63325442370670204095
883 379 0.45158527094807998647 0.45151246715396897713 0.63325748195160802556
912 408 0.45158636744248398243 0.45150412951327301148 0.63327473734491701585
892 388 0.45157326750311099772 0.45151237328339399735 0.63329147663823803782
891 387 0.45157563005549700152 0.45149472395393297486 0.63330449802712995844
898 394 0.45160509143525601194 0.45149857203265297834 0.63332245126328401419
916 412 0.45161818865564001824 0.45149838153826199472 0.63331549515792995297
923 419 0.45164634327829700222 0.45148328854248298558 0.63331624903259398085
891 387 0.45161272320306500294 0.45151267344759998812 0.63331501490254005216
882 378 0.45161698179428599875 0.4515253353681349946 0.63332222306990204608
893 389 0.45160337121374599656 0.45151144634621098728 0.63332160784320501445
895 391 0.45160217710242500644 0.45150825185564197328 0.63333624780657904463
905 401 0.45161200481178098709 0.45149954446488399507 0.63333661836372601162
865 361 0.45158829730288002624 0.45151494878229597729 0.63335160954517000231
863 359 0.45162134085175698051 0.45153417080022900665 0.633356276547823005
873 369 0.45162049956434702214 0.45152905397418202638 0.63335654402080299175
911 407 0.45165056748598597647 0.4515004175550679788 0.63335183160696195692
912 408 0.45165043004275101657 0.45150268409234001199 0.63334443342621504769
886 382 0.45165949441073000026 0.45151398292745698049 0.63332943933839802586
891 387 0.45167290717627500696 0.45148892800805801029 0.63334207548527399201
902 398 0.45169955764981001289 0.45147524587347598324 0.6333344757660860358
904 400 0.45171198425882097549 0.45149495510422799072 0.63334919644336096223
894 390 0.45173000818756897656 0.4515015201159630065 0.63333308654987097164
905 401 0.45174157479736898324 0.45150288258178100653 0.63333197665970397683
900 396 0.45175122713238302641 0.45151271456614899824 0.63332128304947399311
885 381 0.45174663823969901655 0.45150924988275698002 0.63333638310221296308
895 391 0.45176645977318402592 0.4515015514176060063 0.63332785255795198687
903 399 0.4517812650412990072 0.45149921909819501487 0.63332166918510701681
906 402 0.45178302175376500172 0.45152558010711502101 0.63331915180239295449
912 408 0.4517932221243560198 0.45153900635881899506 0.63330553674717804391
913 409 0.45176764793540802323 0.45154665024492801617 0.63330241461026404171
894 390 0.45176609177335902423 0.45155191603133398859 0.63330371806700203052
895 391 0.4517560482008060041 0.45153929035086098898 0.63331444811342796353
887 383 0.45175307933552599771 0.45153700860376599913 0.63330926984442803551
896 392 0.45175016174484700082 0.45154588714075899469 0.63329848116912401679
895 391 0.45175448265642997869 0.45156211489637099188 0.6332978838883810413
906 402 0.45176063579656100533 0.45156972767770797716 0.63327442188872795636
941 437 0.45179099765718200299 0.45155083633714598879 0.63327591943368599647
929 425 0.45176209433221697909 0.45153824535798398054 0.63324914951007105213
916 412 0.45174943152561497506 0.45153046236918498169 0.63323134448908202643
902 398 0.4517393201081250087 0.45153038285638802396 0.6332370517831059642
931 427 0.45172773257573900496 0.4515013051229980201 0.63322905294388698305
928 424 0.45171527246142301193 0.45150188939308100178 0.63324019503047401791
928 424 0.45170878847253798094 0.45150873720491602192 0.63322312792049695318
923 419 0.45167805493729301647 0.45149714419615899486 0.63321236597256302936
932 428 0.45166150712226998953 0.45148154454804501068 0.63319761457279399863
939 435 0.45166071758123299551 0.45147877013094500631 0.63318922392310794667
939 435 0.45164625780663697485 0.45146602566834298509 0.63317196710889100952
927 423 0.45164812691188599425 0.45149570305274899784 0.63316774094366301551
909 405 0.45164157637974999826 0.45149322606561498317 0.63316028926547895939
923 419 0.45163797302466002215 0.45146906237130401962 0.63316030551033197771
915 411 0.45162272655908397567 0.45147012907254602254 0.63313237661927601607
893 389 0.45162342810918998381 0.45147808693601898522 0.63313247017804497041
891 387 0.45164040906747698889 0.45148809252268601311 0.63314378835627505016
869 365 0.45164803543312298517 0.45149968091812997528 0.63315707104181995213
893 389 0.4516705075407629888 0.45150484605180402076 0.63314256229932297515
926 422 0.45168298096784698092 0.45148115154645801494 0.63314468371593302098
938 434 0.45166646359012702083 0.45146834147529502079 0.63312525160102095523
941 437 0.45165887459654802116 0.4514561958161529831 0.63311627127813596694
918 414 0.45162380490275400025 0.45147287047281497996 0.63311510166141204969
910 406 0.45160024916695601371 0.45146636551854002484 0.63310686057770304558
924 420 0.45160166056367800902 0.4514620903512189809 0.633112296197670954
922 418 0.45159077919521800615 0.45145078943939498384 0.63309146587975695386
933 429 0.4515997402975480135 0.45145706886261899315 0.63308512841322694964
937 433 0.4515833150543149821 0.45145309416665302393 0.63307707252534894948
941 437 0.45159764814514902209 0.45144959881467899843 0.63304588026734398554
941 437 0.45160343887616799519 0.45146037826109197688 0.63305242095256897272
923 419 0.451598304120486016 0.45146665071315500439 0.63304293585177395798
938 434 0.45160782497054802187 0.4514613334194940153 0.63303398278148304001
954 450 0.45159925124033201138 0.45145573036393898958 0.63302871128421100977
963 459 0.45157109233407499715 0.45143582380773200624 0.63301424100000003303
944 440 0.45153701040011501311 0.45140835512364102522 0.63299677011471300325
929 425 0.45152306541893499903 0.45142974971837002141 0.63299546340589796234
923 419 0.45150697889281499187 0.45143024504458101331 0.63296688193142602863
919 415 0.4514969001023950157 0.45143475691545498218 0.63297087269774598983
913 409 0.45147775210620200159 0.45143052226309299257 0.63297269755863194707
916 412 0.45149363373578499381 0.45145815127425498181 0.63294736357282899153
904 400 0.45150676440192200056 0.45149134537734098016 0.63291210075587800432
907 403 0.45148288028274097261 0.45149459708034700434 0.63289165876455100168
923 419 0.45145071806772901768 0.45148969780386100092 0.63288185113655104352
922 418 0.45140685669376701128 0.45147521125866801883 0.63289780378399396188
926 422 0.45140427613512701388 0.45145400165678500892 0.63288629180709199407
908 404 0.45138807743598702293 0.45145959768688198599 0.63285985607411099352
905 401 0.45138353557543298145 0.45146041769340899963 0.63283541785687902337
907 403 0.45137691467574198034 0.45145421437795302255 0.6328188260014240285
910 406 0.45138223117416698127 0.45144517922803001353 0.63281926579623903883
921 417 0.45138754297856698017 0.4514250171669870193 0.63281293539973404449
933 429 0.45139383415974199121 0.45141785157804398265 0.63281245788345297232
916 412 0.45135923061119398447 0.45140154855453501481 0.63280918129664298633
907 403 0.45135737686034199667 0.45141907188004098961 0.63280110377656495491
899 395 0.45135563616740298487 0.45140735636557999255 0.63281109100167598491
895 391 0.45133450077450198989 0.45141924432445501569 0.63282567966371905399
897 393 0.45133311975177298203 0.45140695454097801154 0.63283365067697194828
880 376 0.45132949176355302567 0.45142161834672300813 0.63282828599559204363
896 392 0.45134202385342098163 0.45140708711123700425 0.63284546466590096969
906 402 0.45136036548011998493 0.45139459563896600081 0.63284656959984297853
913 409 0.45137027905732801658 0.45140894725270197529 0.63284693872015596039
894 390 0.45136675256224600972 0.45141758339960402768 0.63284802047935595493
891 387 0.4513577002983670261 0.45140740184402200486 0.63284234618783896664
911 407 0.45136737985389302485 0.45141359965175797964 0.63284696907760595863
917 413 0.4513520695224800261 0.45139478173795899441 0.63284031649730598801
912 408 0.45132648713896400539 0.45136919769362798815 0.63283245726841796941
920 416 0.45131742117486201016 0.45134420740496300484 0.63283083093568504029
900 396 0.45131703146903501267 0.45135532899761598991 0.63281249302986997129
905 401 0.45132187253476002686 0.45134722130510201987 0.63282499790391200101
881 377 0.45132252066219197273 0.45136569560751199637 0.63283771533744803683
878 374 0.45134416490951201339 0.45139028678537002071 0.63285239790534497661
892 388 0.45136184003432600065 0.45139750750889601205 0.63283942569153894819
888 384 0.45136849138027002049 0.45140966520704700615 0.63283589529887895875
912 408 0.45138895055607497486 0.45141554915826398453 0.63283311162169497699
919 415 0.45137376244134802539 0.45140714079863397679 0.63281976115858096232
915 411 0.45134352935668597961 0.45138234677146998886 0.63282757835856495721
916 412 0.45134273719304601746 0.45138858043310398083 0.6328229134448789539
905 401 0.45135834250752798757 0.45139006046749502454 0.63281911992710204728
884 380 0.45135593040032601087 0.45139926797064200414 0.63282112836555504121
900 396 0.45135467871139201002 0.45138562372060897498 0.63280194805714895523
863 359 0.45134952802295602581 0.45140444307221599951 0.63279987368641299472
879 375 0.45137036610863601194 0.45139852764092702753 0.63279562646901499345
887 383 0.45137942869598901563 0.45138941799049298043 0.632814099342487002
890 386 0.45138323984329997707 0.45138791724663801519 0.63282259700376097822
928 424 0.45140991580903100377 0.45135694938578502233 0.63282736564115504851
929 425 0.45141969713754698246 0.4513705914300629729 0.63282761501628204126
924 420 0.45141009361691497581 0.4513698375714350064 0.63280938993328694764
883 379 0.45138625309962598919 0.45137297748279597842 0.63281171938015301492
883 379 0.45137673282621698645 0.45135308025804898868 0.6328290033068419973
896 392 0.45137820829314601045 0.45135711837920999834 0.6328440700900670457
871 367 0.45136795263655499211 0.4513838249177630213 0.63285551425762898159
876 372 0.45137835203893300617 0.45139656127811700337 0.6328767340923909801
888 384 0.4513851091292819806 0.45140444779947197507 0.63289840406282005247
888 384 0.45139287487463697346 0.45140584910737802105 0.63290659230611001629
870 366 0.45139767649293199847 0.45140577962879502305 0.63291858942942302857
887 383 0.45140651689306499073 0.45140376592546499479 0.63292752019244202799
889 385 0.45142605943300301297 0.45141981667775898934 0.63292717833040501585
894 390 0.45146004773593001458 0.45146095066010499819 0.63293592979255997033
881 377 0.45145806759844597789 0.45145403872195999373 0.63295948697406800854
882 378 0.45147263623847500025 0.45145734369946799447 0.63297290356117197341
882 378 0.45147331945306301559 0.45145882811994897388 0.63294701389938301528
859 355 0.45144530578218600159 0.45146722895721097535 0.63296824389699601898
892 388 0.45148090788949102325 0.45144094648536298164 0.63299092222571595734
902 398 0.45150698091826302338 0.45144793321608600589 0.63297871873361299944
894 390 0.45150307097780401078 0.45146125147765697738 0.63300134008321995438
913 409 0.4515088301894750189 0.45146776357832302251 0.63301244938434397813
910 406 0.45150616436598300929 0.45145533189132397434 0.63299379287128698657
915 411 0.45149672934896500909 0.45144742883702498881 0.6329621825901849963
899 395 0.45151020593717899887 0.45146129375744198375 0.63297148649173295976
879 375 0.45151769478169800909 0.45147932723710998415 0.63295859159166301122
878 374 0.45153239562573099786 0.4514871238430679945 0.63295428384801599719
913 409 0.45154313924422900817 0.45146352898289199285 0.63296209482406795566
905 401 0.4515513926642120146 0.45147792209530002161 0.63295223086131302548
919 415 0.45154218852460298317 0.4514766236209939998 0.63295807792715597095
895 391 0.45151385629844198455 0.45149257642758000575 0.63296368756765797325
930 426 0.45153477147058102004 0.45148237151420600455 0.63294993322686399218
921 417 0.45152479623986202517 0.45147235183447997908 0.63295719929228599909
928 424 0.45152281212735201343 0.45146132505024999526 0.63294351520427405422
929 425 0.4515049875998710105 0.45144569361471997837 0.63294452808606205263
922 418 0.45149610328944000948 0.45143643143595801881 0.63292679949584396137
937 433 0.45148886267307697384 0.45142902948596197454 0.63292618625289598366
942 438 0.45148184928033402441 0.45142983554678700608 0.63291408301205798193
921 417 0.45145218405552600682 0.45143277999984099402 0.63290680714836999865
913 409 0.45144687158360602419 0.45143589091988700623 0.6329067320257070195
899 395 0.45142744990342698053 0.45143294512546200403 0.63292726215983396987
925 421 0.45144091293331700676 0.45139729304822101552 0.63293124004748901879
912 408 0.45143567157003899881 0.45141073458228697657 0.63293694257494703681
927 423 0.45142640064034300629 0.45138481103183897281 0.63292501946227597287
931 427 0.45141535441866698086 0.45138955217840698309 0.63291706508685097177
927 423 0.45139229493316002095 0.45138516392923200282 0.63290605190867499363
933 429 0.45141797896773999677 0.45137463454336201885 0.63290077097568797626
934 430 0.45141309561456099964 0.45137664004361599535 0.63289514313117500866
923 419 0.45139687045549498068 0.45136773636476101856 0.63289207777301903501
928 424 0.4514028862233039896 0.45137293228314101512 0.63288925555894504082
932 428 0.45137274840131097475 0.45136319545407899145 0.63286626057615502638
920 416 0.45136838538743601079 0.45135303588972902622 0.63287003925764995227
899 395 0.45136151808454200163 0.45136219765156299077 0.63287485567938794873
897 393 0.45135616873618000788 0.45136654557956901179 0.63285913509231395135
921 417 0.45136296935614800274 0.45134980452698297837 0.63286714798454801745
924 420 0.45137158398199200837 0.45132985020635801865 0.63286211292812200035
925 421 0.45137774833719501721 0.45133041486199798609 0.63284703190769198144
928 424 0.45136840217652701712 0.4513322626872309784 0.63284473028037802056
880 376 0.45133936111828099058 0.45136501097730602483 0.6328459630090299548
887 383 0.45136025883689900873 0.45137073634405100453 0.63284180917648902298
881 377 0.45133898512237602407 0.45138079239399797604 0.63284280030683104368
874 370 0.45136219589998299861 0.45139507822186497599 0.63284189146729696862
902 398 0.45135376017651301916 0.4513593666792730108 0.63284782295806596419
904 400 0.45133763044312902313 0.45137397229757098005 0.63285187268298703778
924 420 0.45135671740491600801 0.45137962205595699716 0.63284574124561299158
923 419 0.45134125554912901679 0.45137283721909199352 0.6328274461368840198
898 394 0.45131399736453198246 0.45136368171621998879 0.63281274866071701712
902 398 0.45133212815958501096 0.45137416538053898307 0.63281563048654099202
898 394 0.45132848148216897499 0.45137193969025402041 0.63282717198515703316
886 382 0.45131117621554600605 0.45136512321422200822 0.63283416670908099189
886 382 0.45130484131111398005 0.4513758064813059856 0.63284886417060903785
899 395 0.45131675683750199779 0.45138321466013298089 0.63286798228504204111
891 387 0.45130963597353102035 0.45137196900466802774 0.63287622335925797223
869 365 0.45130843073853099678 0.45137672894954999903 0.6328897115008900176
875 371 0.45131436161213200897 0.45137544849640698352 0.63289538547216295239
892 388 0.45130616134424300645 0.45137442999763299767 0.63290458031566698693
863 359 0.45130120551906899307 0.45137890930688601143 0.63291966538754595994
893 389 0.45133365129595498511 0.45136850972244302316 0.63292267464356000151
897 393 0.4513443547345870055 0.45137005173448901951 0.63292179238495205329
888 384 0.45136490498025300111 0.45139212009995000052 0.63295299590522802191
864 360 0.45136032644342899411 0.45141621140928400724 0.63296307697515696855
876 372 0.45137204773717298778 0.45140664524432300153 0.63295842375526101264
893 389 0.45139955099652101511 0.45139202099229902565 0.63293395165673405067
918 414 0.45139739108116400113 0.45136027295890501776 0.63294587644879296562
927 423 0.4513822607028030176 0.45136521538660201447 0.63294991356995800036
927 423 0.45138329281367300938 0.45136163532667100684 0.63294313596442797198
917 413 0.45139371398132999147 0.45137604977443701593 0.63294344617661002506
887 383 0.45139335750565801053 0.45138605945121701435 0.6329456878591750435
910 406 0.45141249859541099365 0.45137372983378298841 0.63295483112214201427
921 417 0.45141285508399697779 0.45137151160039801212 0.63295213726411603261
932 428 0.45139221826587100361 0.45137363479321201964 0.63294617071654901697
908 404 0.4513560223563110041 0.4513705566469209951 0.63294287056462794627
925 421 0.45136489493544801332 0.45134129992369498297 0.63293668685006898578
904 400 0.45133170103803899043 0.45134300946279398703 0.63292287729036700306
907 403 0.45132503046458199991 0.45134043084775599119 0.63291217781123798591
902 398 0.45133614173833097594 0.45133627508040902176 0.63290627336315397056
901 397 0.45134424238853099176 0.45134531965914098661 0.63291565998986598629
923 419 0.45134392015057900327 0.45132450387266298542 0.63293044307123003112
911 407 0.45134178433432498023 0.45131975956778802583 0.63291217644245101326
912 408 0.45132867772396101369 0.45132255476146598827 0.63290837572395797217
914 410 0.45132301378553202342 0.45133186036458300405 0.63291856066653595647
925 421 0.45131915181592602293 0.45130781434248001815 0.63292201156121496997
912 408 0.45130093664655701602 0.45130777753982098677 0.63290364057201498049
926 422 0.45132447083652998954 0.45129922913231501624 0.63289503763419097115
887 383 0.4513191766991059839 0.45130265812595399266 0.63289688715735104019
881 377 0.45133640506201500031 0.45130257944152502025 0.6329062095785760178
897 393 0.4513586410373069957 0.45130543313109200421 0.63289878344581196323
892 388 0.45136157209587302042 0.45128403643098202735 0.63291967360215894978
882 378 0.45136037718897897841 0.45131654762492301458 0.63291466499438797655
890 386 0.45136614049630502388 0.45131339814669801935 0.63291839440539099382
908 404 0.45137456899745997951 0.4513074720398669859 0.63291764342345802064
909 405 0.45138369231730302022 0.45131570953053801176 0.63291475688648601849
912 408 0.45137368006015698985 0.45130674188313302242 0.63291049559678103087
908 404 0.45135515159603700752 0.45130637725171501851 0.63291126434324995742
905 401 0.45136427140592899621 0.45130309026659998217 0.6329245559681440092
905 401 0.45136150108278799697 0.45129958199665498597 0.63292980737345394537
906 402 0.4513648060000139961 0.45130427313789900357 0.63293228283816005408
912 408 0.45136638110660198819 0.45130033549909798207 0.63292974947447200318
893 389 0.45136940031314998212 0.45130042217161997486 0.6329459076314589705
898 394 0.45138982208051497969 0.45130565824407797848 0.63295450531690800045
910 406 0.45140557393983599122 0.45131191610116799806 0.6329558923657450098
912 408 0.45141681379614201353 0.45130771454038198787 0.6329835505745590174
910 406 0.45140807620160600111 0.45131601712619401345 0.63298935648334497817
936 432 0.45141498439643501506 0.45131796795426798452 0.6330040844763570318
927 423 0.45140641813333798327 0.45132302217969000324 0.63299157507229197872
924 420 0.45141758061251802125 0.45133548083945501661 0.63298822747741101402
913 409 0.45141425458684197869 0.45134306131032297937 0.63298519051375101707
910 406 0.45142054538286902066 0.4513453392131450137 0.63300025647032998055
918 414 0.45141447709619497708 0.4513478233905610093 0.63300288115816605305
901 397 0.45139778615485598445 0.45138909826626300026 0.63300589555435504696
891 387 0.45140375046738501208 0.45138763318725100282 0.63301473616485304241
872 368 0.4514135870138989981 0.4513998249479089786 0.6330090994660529935
887 383 0.45143301993255602333 0.45140250389694802635 0.63301762438723396809
896 392 0.45147322807616002693 0.4514043318756890133 0.633018886065217945
886 382 0.45145836880280598713 0.45138808806274099972 0.63301617546841704165
913 409 0.45144632408195700668 0.45136035953178699209 0.63303589179780395124
895 391 0.45142858095828297671 0.45136288789875200766 0.63302625129683898209
899 395 0.451418607015345974 0.45135002044777899899 0.63303218633667901472
910 406 0.45142406750664598736 0.45134996687787898306 0.63302149131792695425
905 401 0.45141366593634502102 0.45133738180978699717 0.633020843496855945
897 393 0.4513992487605040238 0.45133932516008801183 0.63299585269730296311
899 395 0.4513934310267009864 0.45133019144549402224 0.63299810596065397839
901 397 0.45138692494193899396 0.4513339052640720217 0.63299685735436994616
902 398 0.4513866947800619922 0.45132677052522801597 0.63299963532949898859
879 375 0.45136609115178000229 0.45132266149976302261 0.63299929508194496819
891 387 0.45137616203163299922 0.45132781643083197398 0.63300953428287998204
914 410 0.45139442495673298694 0.45131462972434999159 0.63301673571225103299
910 406 0.45137133095641801539 0.45130494048731401024 0.63301024296974395256
909 405 0.45136355942535100194 0.45129209786369900437 0.63300137756329599714
912 408 0.45136339735423197661 0.45129897633181997874 0.63301607866534403968
913 409 0.45134895843621097855 0.45130086835170502013 0.63300010460042199778
893 389 0.45137461714832199933 0.45132831481185298195 0.63299625579999696523
886 382 0.45137802841466900805 0.45133662339741797975 0.63298104862505000234
895 391 0.45138346073771601352 0.45131742583704798077 0.63297603313818395776
898 394 0.45138452064787898399 0.45130755894630997238 0.63296876890662701065
898 394 0.45137676615005001279 0.45131328461080100212 0.63295987195557501526
912 408 0.45140534880992100319 0.45130229854334802386 0.63296704206638498835
908 404 0.45141092264197002493 0.45129287511513199727 0.63296010356680398878
897 393 0.45141159087754401114 0.45129088463124800157 0.63293272711424297672
892 388 0.45141657263525697408 0.45127881129354602274 0.63292660434311998063
874 370 0.45140588513052898323 0.45127703226521098667 0.63291266911599897149
904 400 0.45142599626526902501 0.45126777973626197582 0.63291298239762594502
918 414 0.45143315386178300974 0.45123921345715900522 0.63291658922360605199
914 410 0.45143940068605098448 0.45125885857250397359 0.63291794582955596127
905 401 0.45142638570291898636 0.45126522420084602683 0.63291366995489195535
909 405 0.45143645388967901244 0.4512441988796990211 0.6329033615346709718
913 409 0.45142961635203798787 0.45123009080070297649 0.6329252865311300047
916 412 0.45143149789309600095 0.45123008651083501563 0.63292941283096104677
889 385 0.45140816091312102598 0.4512550195005439746 0.63292948919143598996
902 398 0.45142852441949798958 0.45126743860383899953 0.6329419516910960164
910 406 0.4514372456977169823 0.451239288447655984 0.63295423763509395254
899 395 0.45142304758323298364 0.45123360081024799229 0.63296040741432402221
875 371 0.45142762295034699616 0.45123987333889697959 0.63297632983681595409
863 359 0.45144322462188102296 0.451261941168958014 0.63297724060013604852
861 357 0.4514466338252030031 0.45126797600385998299 0.63300727466965400758
859 355 0.45145618319734698298 0.45128312121770197685 0.63304451428636798749
864 360 0.45146386881298800064 0.45128415659410897609 0.63306790414929203781
854 350 0.45149519314272401616 0.45132977239002597392 0.63307729441577398344
840 336 0.45149672131073498305 0.45134026944781002744 0.63308831192866099613
850 346 0.45151791244768302303 0.45133921908470997497 0.633088685867705947
876 372 0.45153972153898197517 0.45131849665895901191 0.63309403251213902664
894 390 0.45156082689532200947 0.45133536652242400855 0.6330933659659719881
925 421 0.45157003585633698206 0.45132791203532701685 0.63308019214535904418
934 430 0.45155189985579302636 0.45131063755847999897 0.6330745417910399464
917 413 0.45155988866974999807 0.45131109437841498977 0.63307360696510395215
914 410 0.45156966432566697511 0.45131037732379497562 0.63306566768656802324
925 421 0.4515672587995709919 0.45130042701491202006 0.63305066653090902307
928 424 0.45154636144410098542 0.45129168424041998797 0.63303958490335299203
922 418 0.45153738404651599936 0.45129703530045500726 0.63302962243682003862
916 412 0.45152857240695598584 0.45129885509888001405 0.63302268848400100598
903 399 0.45151692605248300305 0.45130999304354801893 0.63301252342731695322
886 382 0.45152206418212298411 0.4513341211180060264 0.6330033558274490435
891 387 0.45154023820277899848 0.45133686175137799346 0.63300295455995903016
896 392 0.45154242440955200122 0.45133981646454901515 0.63299797315707595491
902 398 0.45154902098022198231 0.45135291106480202039 0.63298571846649998029
884 380 0.4515509870502240064 0.45134677117037702576 0.63297681605351896472
897 393 0.45156266527725802407 0.45133442465334100424 0.63298630627937102489
895 391 0.45157076579639299219 0.45132750566926999047 0.63298457499555604855
894 390 0.45156485527027601101 0.45132404901292200172 0.63297443719618795566
905 401 0.45157169119067597229 0.45131676557790101345 0.63297678024947601205
892 388 0.45156914098474798536 0.45134867474155698774 0.63297079378298803931
877 373 0.45156727313402400537 0.45136467593444801194 0.63296635578397497657
861 357 0.45156776324794201116 0.45137511231053101257 0.63297895682904803394
869 365 0.45156856731549399608 0.45138279833874001001 0.63298914972707098769
895 391 0.45158946294423801815 0.45137990320553900148 0.6329923460558289916
890 386 0.45161285092303898869 0.45139758910936700342 0.63299705932672700737
863 359 0.45161562186417397724 0.45141641956571199046 0.63301444451875599206
865 361 0.45162079451178299694 0.45142355880710699489 0.63303114649278902082
891 387 0.45165897729389398174 0.45142703398259698133 0.63304396750014702011
901 397 0.45165874859303500877 0.45143118222529299288 0.63304316538549199045
909 405 0.45164656828011701117 0.45141709584353401086 0.63304973604582803759
893 389 0.45163293825298300721 0.45140605548386497636 0.63306199883836000719
915 411 0.45163178265674902567 0.4513701223668770135 0.63305301497318200443
891 387 0.45161493644422801008 0.45136151525616602376 0.63306067961113798859
895 391 0.45159680074367397618 0.45134868139097600315 0.63307933437232499774
889 385 0.45161498687073997615 0.45136500568814097445 0.63309204792889095526
894 390 0.4516120701058379816 0.45137452825238599807 0.63309791435977602614
899 395 0.45160613668708599056 0.45135477327782602686 0.63311346861182105084
903 399 0.45158902200558098672 0.45135169167215299924 0.63313148439656596889
909 405 0.45158091933788502281 0.45134419880514498047 0.63313661999516301915
906 402 0.45156180251420702243 0.45134601952699998639 0.63311518577988301626
906 402 0.45154794946358300933 0.45133369773530002123 0.63310935808945301151
916 412 0.45156750664125000494 0.45133433689234198072 0.63311492536781099894
904 400 0.45155745264315200194 0.45134588244319201467 0.6331240647575170355
904 400 0.4515713839820009734 0.45134392195501699119 0.63311168659556804617
905 401 0.45158198432256002608 0.45136391586885998839 0.6331153982409799541
910 406 0.45158951639276900814 0.45137875381886499726 0.6331301606408650251
915 411 0.45159066586463597615 0.45136105410045102015 0.63314770088721195052
915 411 0.45158393862707402189 0.45135295914521400551 0.63314616861822503591
910 406 0.45158446746534697258 0.45134927943535901873 0.63313405408222400705
912 408 0.45159183018265497411 0.45134119559679297673 0.63314819993070903248
907 403 0.45160099924999802523 0.45134690272519800702 0.63314934522458199417
900 396 0.45160664340077899537 0.45137331636044897287 0.63316239563235099386
906 402 0.45162210818684600522 0.45137636465086800053 0.63315695233488800131
908 404 0.45161972643408299088 0.4513911499534840055 0.63316237012240694781
920 416 0.45161822509321797314 0.45139004681515498829 0.63314685224905398186
938 434 0.4516216830658250081 0.45139586728971198282 0.63314449522296001316
919 415 0.45161667178705799941 0.45141487671020097405 0.63314159972767902751
937 433 0.45162043739499602157 0.45139134653960699683 0.63312304153025500408
940 436 0.45160939556246598725 0.45137847299407701795 0.63309574290861203583
926 422 0.45158031531106501699 0.45136174318416200091 0.63307870974300795019
