# step atoms n_gas iacc dacc tacc
504 0 0 0 0
579 75 0.73571428308673503249 0.6150234712909700141 0.79881656647176202402
564 60 0.66994105958754202046 0.59787233915346305047 0.76885406388946697653
576 72 0.658823528550557036 0.5934065925914739914 0.7292634368087169694
578 74 0.63508064452108803355 0.57319587569773600144 0.69627085343657002525
595 91 0.62046736452822903729 0.56677796279901704324 0.68098399036275503171
573 69 0.60614334429614802335 0.56095890372537104973 0.671219511976839045
585 81 0.60307147040574604624 0.55067369622104600513 0.65833333315046305145
602 98 0.58838643340781804358 0.53363914345889995605 0.64613880727122696701
602 98 0.57372530979617597513 0.51940433189557599913 0.63512046871388705416
596 92 0.55981848161723701818 0.51548492236532794664 0.62631784446967597724
602 98 0.55626646572966997883 0.50660792932943898847 0.6159458977369739463
615 111 0.54636332280373600678 0.49596231477255597886 0.60829117013084799126
605 101 0.53570295127397604684 0.48890942683644200706 0.60533091010066197857
605 101 0.52754982399544303462 0.48157596358232002132 0.59943342767713403418
611 107 0.52151274307439998701 0.47513227500657900793 0.59516576402124299339
621 117 0.51381780948981103929 0.47110114587167400968 0.59358752159029604112
612 108 0.50648726561593304663 0.46827440869391800948 0.58877086487816399085
608 104 0.50113327277852803832 0.46646003974618999166 0.58086208790862503548
611 107 0.49656799646148297445 0.4626021369238210168 0.57532671191057704885
622 118 0.49341438693142597449 0.46100278542359701683 0.57286582323210799572
630 126 0.4880061407622329761 0.45950570333469498152 0.5713742994993470381
624 120 0.48365296794819101489 0.45896877261093499412 0.56984660065627201764
605 101 0.47977587104188801348 0.45689058163835000181 0.56657691300559598346
609 105 0.4763104837909419853 0.4531120331198150164 0.56342011140618597498
619 115 0.47322580637528599556 0.44981649905061199535 0.55948296492783200495
624 120 0.47136222902920099642 0.44896392932479400883 0.55738963527390494868
619 115 0.46913764751619502213 0.44601769904925997468 0.55414295213584596755
611 107 0.46674361557253701838 0.44476041512231501152 0.55101168420126700465
617 113 0.46490250689903900305 0.44445975738086301865 0.54881900572996300536
615 111 0.46302034211733500424 0.44334844035679199514 0.54759535651425594871
618 114 0.46267100971170399548 0.44171700289915000193 0.54612712297052701249
632 128 0.46142208768766701521 0.44111402517283399005 0.54355270527715904283
623 119 0.46009045343355398083 0.43942133810254102588 0.54212055189166497016
618 114 0.45856550083478797575 0.43911568599378697497 0.53960977899978801453
624 120 0.45784381473648400052 0.43752128016825297951 0.5389272861975820117
625 121 0.45583631479697700462 0.43669279165065799653 0.53697838525659902231
626 122 0.45304168022058499687 0.43493703579432402284 0.53612311012224000972
616 112 0.45158217796046301595 0.43539767364189502219 0.53509048818733695452
618 114 0.44983484718725902374 0.43376941941600899444 0.53436091762933402016
639 135 0.44915169155213802155 0.4334665334232299938 0.53257776221815500417
616 112 0.44796468852888998713 0.43404130938873297652 0.53147363806380099049
623 119 0.44634659521362402002 0.4328954882512000002 0.53132427034264995136
628 124 0.44531614827259602407 0.43244249926134298301 0.53038879091906898644
619 115 0.44462704277872500125 0.43211559429006601851 0.53037245381616104911
636 132 0.44380017837254198687 0.4314861011732459839 0.53048834527472799039
626 122 0.44136609161514500643 0.43084967316506800339 0.529483229898490948
631 127 0.43978164445242401426 0.42876630570135798592 0.52877224272608902567
628 124 0.43764096563047000243 0.42674787248233397863 0.52797071910626902635
638 134 0.43624928527025702563 0.426069879680381014 0.52738832733422802423
622 118 0.43399247454695399906 0.42502204052055597705 0.52644614890833996146
617 113 0.43314500938220801274 0.42441130294941797896 0.52555259442994395336
611 107 0.4323282177502639767 0.42270735641304402197 0.52428527511050204701
639 135 0.43175972155910402606 0.42094130086719500072 0.52330005648810296037
642 138 0.4309232480214369998 0.42109560566945497539 0.52301889581322302814
633 129 0.42875902820246897251 0.41831016662409498119 0.52199477350021794564
644 140 0.4266218919386520203 0.41757376107006799471 0.52047075604420600659
642 138 0.42522610948431399658 0.41707128277974298003 0.51914043327073100542
640 136 0.42433826054146900342 0.41708126033602299643 0.51809681535665397245
619 115 0.42283741705544597433 0.41606730896891902516 0.51719343459993194489
630 126 0.42233624305841699353 0.4141885584468469883 0.51615269209814496065
629 125 0.4218146085540899759 0.4136530398051849744 0.51521118438793600536
623 119 0.42159829992777397845 0.4139085640428910029 0.51468924726044096296
634 130 0.42112934910823701662 0.41354576612837701255 0.51345854385503997275
631 127 0.41986540376247100115 0.4128004995059130211 0.51297867675382802233
613 109 0.4195726915263029988 0.41272861173359998155 0.51249305939562894707
623 119 0.41857652534204697892 0.41115677502652298037 0.51165051491595103794
621 117 0.41772000951480298125 0.40971809204176801167 0.51059436162953897309
633 129 0.41732329763511000209 0.40820152311609797513 0.50972762644411795385
640 136 0.41584617164277498658 0.40679140676791497588 0.50854204194001595418
633 129 0.41486810549190000774 0.40571883347133702591 0.50740793808547302035
634 130 0.41414823566806502342 0.40539479584985399496 0.50603124380615205347
643 139 0.4134962510184119755 0.40420470260557700426 0.50520601334896397816
635 131 0.41224512166124499535 0.40358254598855397566 0.50377280832751303308
650 146 0.4122100253927319935 0.4027254120218289879 0.50312660727908997682
636 132 0.41134411181840102589 0.4023898034836759785 0.50241791123186796408
630 126 0.41051743233237397712 0.40072221057145102074 0.50080404923151899954
653 149 0.40924933671074997799 0.39878061380599499897 0.49899799597899702208
645 141 0.40817584221404201728 0.39780891717718197542 0.4985219648742120202
648 144 0.40728157799263298156 0.39660113628656001872 0.49710586441997700602
653 149 0.40642514009175201295 0.39581988778256399497 0.49592456046708499606
655 151 0.40572332326369198174 0.39501936367493400981 0.49541716209632802315
640 136 0.4051648243957169937 0.39396576731486498968 0.49464180856100398165
657 153 0.4047734080391929834 0.3932208251473339744 0.49389875557583901022
641 137 0.40376259368744898959 0.3932961421901809973 0.49287674500673200884
653 149 0.4024413233856889982 0.39229438442080299954 0.49149663874297699895
656 152 0.40129464907552298003 0.39135460007437100627 0.49089679929853097251
641 137 0.40022106570256399394 0.3909585409155300062 0.49085464177629900551
655 151 0.39929039299493801485 0.39006194328389598436 0.49037563496912500716
651 147 0.39855137662414297228 0.3895720609761850195 0.48963048029701999875
644 140 0.39794191017471697291 0.38874397628592100018 0.48910600225916101014
643 139 0.39746356068530297456 0.38823118254387201098 0.48863436122271697304
663 159 0.396614005292395988 0.38713303643101198981 0.4880594413106710272
654 150 0.39593383871485499093 0.38649284033398201288 0.48722757549230999441
648 144 0.39493649303576300325 0.38578980755399500113 0.48627726951813099454
653 149 0.39401864426565902377 0.38513428581786002258 0.48580947158761400573
662 158 0.39315205603498398768 0.38446223400454299091 0.48523365265198897811
657 153 0.39257119272007501287 0.38384874085867198845 0.48464495328418899511
654 150 0.39219536137799299036 0.38289585782859797414 0.48368231636504799287
659 155 0.39154553183011897577 0.38191378339961801203 0.48271882401986798694
666 162 0.39049412894680002317 0.38106979517275502145 0.48196465070574401324
652 148 0.38939424030230801455 0.37986387062281701255 0.48097524201553398804
665 161 0.38863976082178297577 0.37862791692786501585 0.47969907088177499155
668 164 0.38743373868149999506 0.37726237794245098822 0.47893293926855501352
659 155 0.38600486316005999665 0.37652007646743701486 0.47777285765623001002
650 146 0.38510101008627600772 0.37525063366340399851 0.47685529552217498228
660 156 0.38428874733150297782 0.3739368278926170075 0.47582884668979297249
679 175 0.38350972001863298244 0.37318867502514702084 0.47514970058991101709
677 173 0.3827936200920999954 0.37258005151370698904 0.47499675522453799204
661 157 0.38191065898636600284 0.37190233234796299389 0.47422282647765401364
682 178 0.38145985400067700111 0.37102307607630602426 0.47327396236549101882
677 173 0.3803860612933639973 0.37064890415518397804 0.47260521185893700213
679 175 0.37944989612565499515 0.37001526933098899397 0.47164547453419097822
686 182 0.37887713817947099582 0.3694289938615279989 0.47073525240232000355
679 175 0.37813500297660401772 0.36865957816389499646 0.46990472171588998362
682 178 0.37769332681201800428 0.368277339956855021 0.46919109189577301589
661 157 0.37667323854668899319 0.36782042493598998689 0.46837279178593399509
664 160 0.37570311426890901085 0.36674368033546000945 0.46743819762262101003
667 163 0.37488103329793098784 0.36615446824483899313 0.46694621756643100996
667 163 0.37418223509900200296 0.36529787161731802625 0.46634801487004801102
669 165 0.37295671066779401137 0.36431128197122097934 0.46517450302162799414
676 172 0.37200516948762302194 0.36349884905085499964 0.46446956780056497527
677 173 0.37135252364710302775 0.36284195766530197291 0.46384998110865799381
679 175 0.37055258698128001882 0.3623479161156369921 0.4633411504061080155
678 174 0.36989400205629902052 0.36171100342195200428 0.46258866106890000891
673 169 0.36914989099983497312 0.36131189299916199875 0.46226702350258397356
654 150 0.36847798420818000942 0.36117780865786702771 0.46167906414168602414
663 159 0.36775882184832497934 0.3607426223739850224 0.46102646603480901266
666 162 0.36714839838691398777 0.36037859209936901062 0.46043840845429800934
666 162 0.36675773002710898574 0.35988510361182701747 0.46020089735510699702
646 142 0.3664364555600159723 0.35967410945634897823 0.4597563041967470121
661 157 0.36598647779343501663 0.35908510248922997921 0.45931076640239498765
652 148 0.36535131685757898934 0.35849227425282198523 0.45857911895581798811
654 150 0.36484530485601501804 0.3578830717515910087 0.45832957109919697514
656 152 0.36441159748767498749 0.35760585155930002532 0.45792940683737998198
661 157 0.36415738677463499462 0.35738324377524399722 0.45775451808783002017
664 160 0.3639471822576059723 0.3572831471768159739 0.45736399887494899597
668 164 0.36396639048031198538 0.35694957664299398203 0.45690335017003702589
658 154 0.36355447068364998842 0.35696334170040799894 0.45669131505789900549
659 155 0.36303858798053201262 0.35669612117406801488 0.45677270763701199874
663 159 0.36307172704897000548 0.3567136551229759811 0.45654567028669501561
648 144 0.3626982773221130163 0.3566178549116130192 0.45623722461310101117
655 151 0.36217650212056101688 0.35608591884441698205 0.45567425864731497809
652 148 0.36190315977340697939 0.3555605093667469907 0.45550485680856200865
653 149 0.36158601101627302343 0.35511355776494202274 0.45538457260581599595
639 135 0.36141078837174500649 0.354927257744855007 0.45509527754135498112
645 141 0.36111797489605101941 0.3547147179795899774 0.45468762860517097923
656 152 0.36084243793802001088 0.35444134606615501637 0.45436205015738301283
652 148 0.36047518535583500388 0.35442731454369702515 0.45428335520981200091
653 149 0.36022040047412401398 0.35421622343032999058 0.45430223177662898415
632 128 0.35998504512204299033 0.35443710014721002688 0.45430872159963797685
641 137 0.3601665694032100129 0.35440835265886899696 0.45453098049018797466
643 139 0.36032356660096098722 0.354586891592324982 0.4545694177128590252
640 136 0.36031413611622198356 0.35456343010837299001 0.4548085485247659876
645 141 0.36009359156739700891 0.35452006618859799314 0.45518650065109100833
636 132 0.35991629852592599281 0.35454615522044702347 0.45552424774512001449
637 133 0.35978849558870101832 0.35442779464543400225 0.45530898442935102688
629 125 0.35997654376727400427 0.35480844805266598119 0.45554463407514300677
615 111 0.35997871746535298199 0.35521342538035499681 0.45570422981221797576
626 122 0.35987517615361702683 0.35495581202325898751 0.45554140769209200412
635 131 0.3598829648804670045 0.35481463049627198769 0.45573901931227300821
638 134 0.35981517363840098689 0.3549695740277299949 0.4558017928230099769
644 140 0.35999506110976697837 0.35494259654460902365 0.45581976542218299864
629 125 0.35976238400609400481 0.35524643065824301758 0.45598466038427698521
645 141 0.36010729089587600882 0.35544701221463798069 0.45643275210527500807
644 140 0.35998934081833400267 0.35547827766052098042 0.45668918261667001968
655 151 0.35993065754075198592 0.35531117939984402376 0.4568758376645830066
647 143 0.35989083334466798192 0.35548022058501499432 0.45704446736990900213
639 135 0.35970777906480499997 0.35545484742667299294 0.45690734930447102213
649 145 0.3596122014575640069 0.3550668269487060047 0.45657100145388301859
664 160 0.35954316867134600288 0.3549657694749380199 0.45668325588536101689
674 170 0.35943742260216698936 0.35471988435514600901 0.45680155677979000783
657 153 0.35898448387162101847 0.35459053621090502739 0.45681516189410897866
671 167 0.35882638102544300862 0.35454566414529198326 0.45666782527567301164
649 145 0.35831763678140499119 0.35417335104839897664 0.45628339782043197959
654 150 0.3581704420817010126 0.3538885598352110029 0.4558011682458389946
660 156 0.35779795685907400671 0.35339009918127201049 0.45534900673802497506
656 152 0.35750254035548101328 0.35296236267889097293 0.45517663181462197919
666 162 0.35744107743305397751 0.35293327361502602191 0.45503998197482797838
642 138 0.35713647531031600391 0.35288748385162099774 0.45489967752984000748
662 158 0.35686535685743397961 0.35257503598731698702 0.45474891436972797454
662 158 0.35675198587032802555 0.35284524176063697398 0.45465417579723799157
661 157 0.35655665758894600215 0.35268590965102497581 0.45411394147141398436
668 164 0.35649744641065700401 0.35261023157676701922 0.45380184835909698204
670 166 0.35634453871923599255 0.35248194651502900987 0.45360970721011700801
658 154 0.35600975545818297485 0.35255663429660100139 0.45326429584525901317
671 167 0.35570671415240001645 0.35234250868827399206 0.45296963036690301996
660 156 0.35551144124924199952 0.35236956195988400342 0.45266744526939500792
648 144 0.35505722961170799179 0.35199184574127301284 0.45213554046226001049
658 154 0.35470374439280899503 0.3512862754963190226 0.45174387787075398482
649 145 0.35422709882805297754 0.35090630315786497384 0.45129989980012302775
648 144 0.35391049769230598088 0.35058395837388800498 0.45081150266530800597
659 155 0.35362403261309799385 0.35010809012326199463 0.45029428952610700554
657 153 0.35324669949192499807 0.34995759468072001885 0.44994861466765700975
650 146 0.35306466882737702617 0.35000205786002397401 0.44981408799370198315
649 145 0.35290744115779598689 0.34976559460458600537 0.44948114660999199943
668 164 0.35290042583685699018 0.34943071877407100301 0.44935803074450697547
653 149 0.35251317388827502208 0.34934462429145801687 0.4490584848223370118
646 142 0.35247125276674501348 0.34915582059980698748 0.44874286407902397311
656 152 0.35230624159155099484 0.34901858571387600616 0.44840854149427500364
649 145 0.35214726375402499725 0.34893880155691098244 0.44805123219402398504
659 155 0.35189561693738402592 0.3487688641709930093 0.44814382721142198562
649 145 0.35176912432591900259 0.34859975509838098118 0.4480034928906880265
659 155 0.35153100355264499388 0.34820884669873197748 0.44790740850024801656
638 134 0.35137885815373198772 0.34845610809495197735 0.44789230617620201524
640 136 0.35133029487843597805 0.34828793773641497644 0.44759334232580699764
643 139 0.35115909442643900018 0.34806683316202802203 0.44741477465819901038
667 163 0.35125441116240302408 0.34791658635570399394 0.44747571592775797766
654 150 0.35101053721903602289 0.34776439910369300046 0.44742295865313902459
681 177 0.35088389140638198693 0.34741864681081402466 0.44745401686338498459
664 160 0.35048158209026597509 0.34738921495341801293 0.4474282330877680236
662 158 0.35052852522832400606 0.34740284287865902391 0.44746371645664101413
658 154 0.35039614580517497444 0.3474456675068690048 0.44735049849176700132
648 144 0.35001123931608701945 0.34724225114060802699 0.44706790558884701436
639 135 0.3497370678337050065 0.34725848563320999007 0.44706521535074000839
649 145 0.34970771085924301502 0.34707476426707500883 0.44700155726510898413
638 134 0.34972112436099200838 0.34737464434195397534 0.44672694192367101707
656 152 0.34970508791596000009 0.34721200529006901458 0.44674263638555300471
638 134 0.34932947912787798428 0.34697313519605099685 0.44660846205096199624
644 140 0.34906416138028800722 0.34676772829336799386 0.44625064106851902723
649 145 0.34898854407720097948 0.34647953724733898673 0.4462314123387740028
666 162 0.34874411726953702395 0.34628509523614198207 0.44610370746535699116
653 149 0.34861594800652301318 0.34620843288456898401 0.44595999312628498146
654 150 0.34871794871171801766 0.34621091584557300846 0.44581360600149599893
638 134 0.34859054669083500144 0.34613810650061099805 0.44561623582773501884
650 146 0.34867407131231198392 0.34610001948048502163 0.44546833184259199134
673 169 0.34880070546121999531 0.34582010581400701721 0.44561278862836900538
667 163 0.34860725701028100199 0.34572627807123601507 0.44567321717058999697
662 158 0.34845252665940801284 0.34570794060982901197 0.44563160627297598859
652 148 0.34842125428258202691 0.34566310988275400495 0.44562436476671202223
635 131 0.34822032281509401885 0.34570339569740599073 0.4457552726377099761
636 132 0.34821937198383901002 0.34564238775512401425 0.44598234455525997966
634 130 0.34821535975755302239 0.34564870293155597336 0.44605493154803399491
634 130 0.34834171885634501731 0.34557290776158300361 0.44585487762456199601
620 116 0.3482083524962389931 0.3456546515327260094 0.44574508255427397474
635 131 0.34818610648609998881 0.34537138984762599803 0.44588186035797500173
641 137 0.34834479611422797252 0.34549841397810798771 0.4459359448730729758
647 143 0.34826716015564801454 0.3453848996951480177 0.44597502498817398475
637 133 0.34814516939197498457 0.34552879545522902083 0.44591756698255097247
641 137 0.3481322054766149976 0.34554668355289197557 0.44601676268164297534
642 138 0.34796045525715801894 0.34533472768047202006 0.44606596861768599283
640 136 0.34797358795988597713 0.34543139653517901388 0.44579707731008100247
653 149 0.34821458009910899456 0.34528572133574897407 0.44583378246908500486
644 140 0.34831091622163701249 0.34548972663946497796 0.44601489357820800485
653 149 0.3483951182745739783 0.34534735603838800921 0.44616080236397398506
641 137 0.34845004804853602076 0.34554854652491501232 0.44622163255246599656
643 139 0.3483543400271160162 0.34558382869263198911 0.44642536740954197327
624 120 0.34853920237301200258 0.34584005159068298418 0.44653766165881497718
625 121 0.34876533272675097619 0.34596547570700997287 0.44665582550223997815
625 121 0.34882863235654398837 0.34593980873851098989 0.44672570364578800817
631 127 0.34898428516115698184 0.34613791344805699968 0.44687851066885797557
640 136 0.34944474495896099553 0.34635524102144699121 0.44714842875509802633
639 135 0.34956747678396699053 0.34673644930196201308 0.44735669144329498481
626 122 0.34968037249862399252 0.34698795180176400521 0.44740388426121802112
624 120 0.34976809998663999091 0.34721546596658797723 0.44751634192971001536
627 123 0.35001566415491802697 0.34725130480439997394 0.44780837644930399088
629 125 0.35008424862159798208 0.34743479952748301809 0.44817080333924802504
637 133 0.35033262869388298588 0.34755766515663000238 0.44855183818304200649
645 141 0.35059205943269700079 0.34784960360463201834 0.44874345305278900975
647 143 0.35062291846011700569 0.34791913654793898969 0.44889508107551501226
648 144 0.3506688988841339949 0.34801883752860102161 0.44889903163781502693
640 136 0.35060187521450897341 0.34826068349409600167 0.44901031545129899136
653 149 0.35061156722135800035 0.34824120602484798237 0.44903159650403601244
657 153 0.35059259146318400013 0.3482232270150180109 0.44911850118181700919
636 132 0.35035756942969797922 0.34816706457813501041 0.44910807177611700158
635 131 0.35039245521264300587 0.3481409001904540168 0.44891181832283899578
634 130 0.35018602975950902101 0.34809471678916498183 0.44883575428762900739
643 139 0.35012703631220898348 0.34795601242606999381 0.44885177452690100397
630 126 0.35018991583599901052 0.34803834017461399153 0.44867105036432097798
637 133 0.35011349979451200642 0.3480472863681149942 0.44850201221904500981
627 123 0.3501818396802259814 0.34818328235075202137 0.44855621802296902212
624 120 0.35012961762284000589 0.34813648138912900443 0.44857662829248201586
622 118 0.35009390221917202624 0.348112308476679011 0.44847720787938200049
636 132 0.35011110460864697247 0.34800841637178198118 0.44831005155445602384
647 143 0.35020316618338498404 0.34796343202684398843 0.4484459503930059987
658 154 0.35029814150695198771 0.34793769578332800485 0.44829748907571898009
647 143 0.35011560693135701516 0.34806422243235901615 0.44829691212801797695
643 139 0.34989278569588699863 0.34810782788508598529 0.44816722073421100259
638 134 0.34981359334169997988 0.34813177982626197782 0.44806881819432997638
651 147 0.34993070537140602561 0.34814878372662699801 0.44803784817267500173
653 149 0.35006051975293600576 0.3482611174408740129 0.44820398953946100074
656 152 0.35012837425209397679 0.34842200948287899154 0.448296537395887984
653 149 0.34996184392258600226 0.34840764330717099995 0.44830284234466399873
650 146 0.34984790445654201374 0.34827736958145999457 0.44827512882169900932
641 137 0.34961757069188698077 0.34808081375255600642 0.44826197825478597547
638 134 0.34958519284895500645 0.34795391227165500814 0.4481040452632930049
652 148 0.34974277468247999545 0.34798018558085602736 0.44796224615415697334
650 146 0.34973816170980098761 0.34808243178869102685 0.44788427268284797256
654 150 0.34975567213901398445 0.34811775793718302552 0.44776587077459700792
638 134 0.34960751582560201101 0.34813832725184901129 0.4475694805839660062
652 148 0.3498790012051770093 0.34818393272020298213 0.44750544549011200823
650 146 0.34974174897796000971 0.34820901869386400307 0.44750406570986300814
657 153 0.34961723728082100271 0.34820415361632700568 0.44733335164829801656
647 143 0.34955192623645897632 0.34827985557124802041 0.44720951885117099511
626 122 0.34947613819176898131 0.3484033887212389935 0.44706444239452097777
637 133 0.34944755112043901502 0.34829088743473002321 0.44698370821356797622
646 142 0.34954292714636397976 0.34819839257311302472 0.44699695731127597753
629 125 0.34951821133814398035 0.34830811405987699425 0.44686368793258102183
641 137 0.34967027380850901341 0.34815905743274699891 0.4470047323784629989
639 135 0.34962806942238000563 0.3480975505583530083 0.44716500033250200508
623 119 0.3495029503967159723 0.34799542722991499977 0.44695976672966297727
643 139 0.34950543556958302283 0.34785834470054100009 0.44691999999702097801
637 133 0.34948124290042698048 0.34791853768889102749 0.44694604254117598074
666 162 0.3496205495081000092 0.34786501467632402473 0.44684147794698197975
652 148 0.34945207633770097866 0.34792251764681597637 0.44677719550373701241
660 156 0.34946053971695401064 0.34803658584002200582 0.44681256947850700456
647 143 0.34930739988088699288 0.34804381846181497995 0.44689458913337698487
645 141 0.349087936890563999 0.34798549084925300967 0.44669782032974897357
664 160 0.34910905940014602677 0.3478091831532240108 0.44670136739707599904
641 137 0.34905307669048601937 0.34786988131838997296 0.44657653445253997493
675 171 0.34914130839232498937 0.34782048805166698724 0.44659986795314599028
666 162 0.34902181705995799499 0.34786069140364000996 0.44655057839541101306
675 171 0.34903047090967198596 0.34778434835588900587 0.44658827159809799667
663 159 0.34894255973902599255 0.34780001785566699857 0.4466406455264370079
647 143 0.34877643446599798649 0.34785373608460601336 0.44675754400920597575
649 145 0.34869427758016202645 0.34773127780788198882 0.44670419234599201275
646 142 0.34874076687991600876 0.3478233398578650104 0.44667398797413399025
644 140 0.34854062746926700589 0.34758078734166697465 0.44659346222938101079
659 155 0.34848560763147901076 0.34737516165454102035 0.44648410640445601594
648 144 0.34836300976015299735 0.34738910583324100756 0.44644631425092501376
645 141 0.34830020041143400222 0.34739259018496598808 0.44649282266378398365
653 149 0.3483047061116419929 0.34732192845602100073 0.44653824765886401815
649 145 0.34841304212895601866 0.34734518760574201179 0.44643980590108001127
656 152 0.34837349248590099293 0.34735579894247597954 0.44646982833300302707
659 155 0.3483371242349749819 0.34725542875025000589 0.44652464354645099442
665 161 0.34828706256850799905 0.34719030707741299624 0.44654891505315802425
654 150 0.34834768798059601025 0.3475852603415610087 0.44673991952574299003
643 139 0.34818666731192998709 0.34758175842814198475 0.44671806856174800515
636 132 0.34817297533184998759 0.34763807342378699738 0.44675621640847201776
638 134 0.34816249923898801022 0.34750774087368702103 0.44659270998143002496
630 126 0.34800879077996499378 0.34734293668626897711 0.44646850087226297443
636 132 0.34797106159223900601 0.34723898247396800532 0.44618590927822099346
653 149 0.34792889464611898021 0.3469107881779069924 0.44613702667661597756
638 134 0.34790726621646800298 0.34698038086598798069 0.44607102209160398587
651 147 0.34791895374507297856 0.34682702883235100311 0.44604087612009402086
643 139 0.34785868129100500079 0.34676169816754398578 0.44601672442732898105
637 133 0.34783227735046801099 0.34680150684682198303 0.44612070251391300335
633 129 0.34784460322306498536 0.34683553301487102249 0.44607942306740300253
638 134 0.34789634469577002118 0.34686813316226600135 0.44607973993198202223
646 142 0.34799887127465600756 0.34698613515747300795 0.44616312840967098374
633 129 0.34799990620488702175 0.347077544593168974 0.44629702806528798176
623 119 0.34798517669482498249 0.34718253781972002736 0.44636399451705299768
618 114 0.3479680104415119879 0.34714892821712101112 0.44625080611803802366
625 121 0.34810097159188202465 0.34723547898559797842 0.44635945885641098441
627 123 0.34819897083644502089 0.34732895316848899636 0.44649414232997297614
627 123 0.34812349786989099654 0.34725999652396000172 0.44650714032207600157
636 132 0.34831641880048902493 0.34748834202470701982 0.44651270609112198029
631 127 0.34830750852450198529 0.34746338039113700003 0.4465243423156030067
631 127 0.34838192335931800203 0.3473847212623609737 0.44643134994700200968
644 140 0.34830023637564599959 0.34728052616131199759 0.44636904898481399862
649 145 0.34828402905481198326 0.34720226282137800489 0.44636676217509202447
626 122 0.34813123913610999338 0.34714784368174200768 0.44633591624696400402
630 126 0.34804571143411100476 0.34703527730451200206 0.44637078395370100026
639 135 0.34792283190245598679 0.34690345568297198398 0.44637937987148601504
624 120 0.34798526545439401048 0.34700482655569697688 0.44645517209876700582
636 132 0.3479696714366979915 0.34685707859724701496 0.44657008105031698042
624 120 0.34797952072743998375 0.34691497830061002183 0.44665727963702200887
621 117 0.34802426517022500008 0.3468993114510089959 0.4467181575596310128
628 124 0.34818066355814297763 0.34698472856596801472 0.44693388299886299686
632 128 0.34828976748449397283 0.34701044676209097384 0.44680815405078799785
631 127 0.34833377647402802291 0.3471075296191730164 0.4467827917911380009
636 132 0.34838809465554099187 0.34714453115979598818 0.44671939920208697528
630 126 0.34831287329085197646 0.3470926771146489731 0.44668571934707601567
626 122 0.34819593576862900575 0.34699240266569597591 0.44656960752661301051
625 121 0.34815732356621797994 0.34693362865440502407 0.44651521409639799431
624 120 0.34820393974126900849 0.34694145301102097267 0.44642611928985698189
633 129 0.34833849373829800511 0.34692075397269200865 0.44654859790825202071
634 130 0.3483649330280439993 0.3470044579716540234 0.44670192191882501787
638 134 0.34856467628952997329 0.34720987225544702737 0.44693741895167798939
616 112 0.34862097671879399563 0.34750024332103202074 0.44705984633365397629
628 124 0.34877954113821002524 0.34753631627953501804 0.44707648451695397585
639 135 0.3488774676320490209 0.34754923577946300606 0.44711795703041701255
638 134 0.34884094953842897935 0.34763156482648299717 0.44706218434612898793
637 133 0.3488588479353499916 0.34754792878779200427 0.44693752485971299793
631 127 0.34885755125179901404 0.34759923175045198684 0.44702306281725001647
637 133 0.34904285090661502089 0.34763870857526901759 0.44694705665121498006
637 133 0.34916995711428300275 0.34769550774870100485 0.44692603393893698405
640 136 0.34922785439472897595 0.34774050163670500169 0.44709173389539602628
637 133 0.34910749157791798325 0.34779165654428001453 0.44707198845741302762
631 127 0.34912613181354901215 0.34786958444419802117 0.44705969470096001972
634 130 0.34900082957556000096 0.34776351450356401962 0.4469582280527329976
651 147 0.34906924638954400786 0.34784340025623700088 0.44701617400768700605
657 153 0.34894718710161798381 0.34784017729836197441 0.44703048495459501988
654 150 0.34882413566581499387 0.34779843392853898587 0.44704607556536002377
664 160 0.34878529899970101003 0.34778493191645498683 0.44701189810931701851
662 158 0.34869946984397098833 0.34779450675658302172 0.44704791956070499825
646 142 0.34870480775825102304 0.34766505968894001466 0.44693259657946998731
651 147 0.34864380229658398225 0.34757664248281799901 0.44696016119694098601
640 136 0.34864809293360099485 0.34763232917522501886 0.44696668336830702728
654 150 0.34860974409091399773 0.34752435606209397534 0.44697121949732299129
646 142 0.3484925959221499836 0.34747749869090599484 0.44696872349491401089
646 142 0.3485406486197270004 0.34747839940817998317 0.44685563125530297635
643 139 0.3485203126236620097 0.34738150041403698109 0.44670928151139499551
652 148 0.34857131252057699244 0.34720247043652002761 0.44665789446613701763
655 151 0.34837526842157601203 0.34699688896193797705 0.44651186449072199913
649 145 0.34830143685358300187 0.34691340555923599887 0.4463899741212319916
646 142 0.34806975102965398428 0.34665940889130797409 0.44624619152952998968
660 156 0.34798475876071499613 0.34645819717111797642 0.44624844757900300474
664 160 0.34787055885572898406 0.34636333543632602527 0.44614423977296402413
649 145 0.34774648591518397822 0.34632008644148598586 0.44603886547539101093
669 165 0.34773149164306899062 0.34611584105694098712 0.44589781226450198037
666 162 0.34764948330100098328 0.34601945226681601886 0.44579541535886102466
669 165 0.3476559396071949859 0.34599302789490199439 0.44563456659450001451
676 172 0.34751337427830897298 0.3458984878178860134 0.44567130342912297802
656 152 0.34726916918354500119 0.34580788011440799501 0.44556075693038899033
660 156 0.34713074343968497448 0.34559599285789099898 0.44552609058895897842
667 163 0.34707849694720599443 0.34547851149091102219 0.44557210591794199628
669 165 0.34700705434154199835 0.34536446580648100246 0.445500056607059991
661 157 0.34679653467430099356 0.34519207242138300051 0.44542642509723900934
644 140 0.34666953116269400015 0.34514060379747302232 0.4452646635229430272
650 146 0.34662588638328301061 0.345086125470111027 0.445212742561486019
654 150 0.34655773695275399193 0.34506707073904002714 0.44518985119817300333
660 156 0.34661678909593701681 0.34510161163378000326 0.44513609593854297497
648 144 0.34649521415115097644 0.34509963163514700835 0.44519474723150298523
636 132 0.34649931018179802589 0.34503938981606802061 0.44523378596584800571
648 144 0.34641032302429297651 0.34487866341873002485 0.44527545748420999105
643 139 0.34625461874037899435 0.34494044476533097798 0.44514391954162901843
629 125 0.34618515432387897413 0.34488899100683700905 0.44510589636932501589
637 133 0.34619719924014502599 0.34485755488797398272 0.44511929129681598871
646 142 0.34627699109654602738 0.34489428399591298691 0.4451118326959639937
634 130 0.34629388445450398626 0.34503179687691898359 0.44519345450863401226
631 127 0.3463377155507529892 0.34498255460838000985 0.44519804666092999135
644 140 0.34643881113590502263 0.34495412843710399065 0.44515145615181600514
627 123 0.34638042369674099108 0.3449359028747490119 0.44503352047736499664
648 144 0.34647152449781498662 0.34487172247308500728 0.44511667698438300844
620 116 0.34641843504739899817 0.34497488616302901532 0.44518787809992899085
631 127 0.34645100796674699328 0.34489799741158000401 0.44515212523545499845
617 113 0.34629094276809802011 0.34484337619295002408 0.44514206611555301452
631 127 0.34643707125534201063 0.34486551997068098929 0.44518469965613899353
628 124 0.34651446448034500802 0.34497447010030601877 0.44518820242881002036
623 119 0.34629565992378402717 0.34485094222009499143 0.44515548677968397318
625 121 0.34633558787782497967 0.34494921907228798252 0.44530054822467901587
628 124 0.34635043580014701625 0.34500341788437399737 0.44523671452554902661
646 142 0.34649329090841102241 0.34498967703560501352 0.4452559136181249988
636 132 0.3464900174777210129 0.34503429380187700115 0.44521205851722900348
628 124 0.34660937585755702273 0.34508437270409897391 0.44515347259772197752
638 134 0.34663124627539398936 0.3450402635400339757 0.44512881799800002591
648 144 0.34670078595917802611 0.34509775273401699369 0.44527190934775101594
629 125 0.34678765217868101622 0.34530761731780901247 0.44535689123328797701
638 134 0.34697368061620897928 0.34546231319905601476 0.44544869424498501065
632 128 0.34702508439805601625 0.34562504534258098321 0.44556543443599799792
617 113 0.34714650534885699296 0.3458131644393049875 0.44569618584748998957
617 113 0.3472537202820170088 0.34588583600799799322 0.44581132246380000828
616 112 0.34737212258606398052 0.34595052188559000106 0.44586843033627099331
608 104 0.34743528606977097661 0.3460107816680499937 0.44590331156115198263
638 134 0.3475759180601279974 0.34603761063620597227 0.44585881144941197363
624 120 0.34755507791198697598 0.34613319972492101462 0.44588170806025201331
617 113 0.34760887633410797459 0.34619058245618200553 0.44595260935240899069
621 117 0.34774233248893898773 0.3462202985256470078 0.44609480873017598457
623 119 0.34776612120740901801 0.34629741547560999315 0.4461648988605759758
621 117 0.34774773174883499838 0.34635543690993597643 0.44622241218673902585
630 126 0.34792006235961397964 0.34642951950848199782 0.44632655418234301603
632 128 0.34799017181337099647 0.34654645638392000961 0.44637205797417500719
628 124 0.34805611646240497414 0.34665398033313399306 0.44635867040959698038
630 126 0.34815890193701898303 0.34675129446830599278 0.44648531280695502588
644 140 0.3482512816880730111 0.34675134428341197745 0.44652930374505600541
638 134 0.34819966191351497953 0.34677087617960600241 0.44650876653141202688
636 132 0.34819243409247402354 0.34675074015225099133 0.44650114648033700782
636 132 0.34821023618996399529 0.34668397574103698711 0.44645888385083698502
638 134 0.34823480258731798198 0.3466400069516940019 0.44639474074590601571
646 142 0.34820296350037199806 0.34656926960581502239 0.44629549780074700971
651 147 0.3482160653746980139 0.34657871043401100586 0.44635088679797502165
647 143 0.34824154062704198997 0.3466153008927400081 0.44646295557250798014
648 144 0.3483314779787169968 0.34667298741297497555 0.44647532009897700211
635 131 0.34832070271832299424 0.34672078982828502536 0.44645123962467297973
650 146 0.34831508944075501022 0.34669424679340898887 0.44640141315160597468
650 146 0.34831113816726300136 0.34662521517649702574 0.44637606396506601669
649 145 0.34821749473422297649 0.34645783667558299745 0.44639632103245102668
635 131 0.34815580245140198556 0.34648079464256698046 0.44636543416840201992
649 145 0.34820956828227500601 0.34643659383001101926 0.44641346966827100129
646 142 0.34822354881755701594 0.34642093109828497877 0.44638762200909398725
640 136 0.34820314820019299118 0.34648751228145202585 0.44639097648234998816
668 164 0.34827484018163301638 0.34644330942745898971 0.44641591586941697933
653 149 0.34816736231687800407 0.34646639382012200947 0.44649171469399001611
651 147 0.34819892744824298969 0.34649196671876397735 0.44655353098083799823
635 131 0.34816410325153801519 0.34662442647731500633 0.4466699838898959829
624 120 0.3481801771516879751 0.34673889345140002094 0.44671584448623502528
631 127 0.34824323984323402037 0.3466793851582979924 0.44667646441130898216
621 117 0.34825916416171198708 0.3467152065700320196 0.44663485106677197622
626 122 0.34816756111316699007 0.34662855332938902198 0.44652875908071898436
627 123 0.34823815511939998357 0.34675172373352797228 0.44659857985411999248
625 121 0.34826697697324998648 0.34668779924863102337 0.44657987101208401759
637 133 0.34828441333033399729 0.34665231253077199991 0.44659581009811399888
634 130 0.34831190974491699208 0.34668209238619401846 0.44668350105340698386
638 134 0.34830300577078598945 0.34661499133877599066 0.44679574448530900987
642 138 0.34822877954837200276 0.34666600826011301217 0.44681729764370198277
637 133 0.34816428894175699416 0.34671146121399798457 0.44696757389242297576
619 115 0.34812152247486199963 0.34673955805892497928 0.4469971785551949961
632 128 0.34819285988953102562 0.3467072382653459961 0.44703835040530998102
640 136 0.3482298316860680254 0.34661660272347899481 0.44701974548980000224
640 136 0.34821239168816597864 0.3465542521965899736 0.44705199571492199029
639 135 0.34817655536002201089 0.34656942851982902587 0.44704020620897200189
641 137 0.34827516151031401304 0.34657320871993002598 0.44701462465372998611
631 127 0.34822521915848397844 0.34665273998941997791 0.44707435465017297815
648 144 0.3482909614780509977 0.34654201378227900143 0.44710856364383799733
647 143 0.34822596534012500991 0.34667935667801197397 0.44727643460349197913
633 129 0.34819715993981198432 0.34674673385162302353 0.44730690502829201227
633 129 0.34813944883003200559 0.34662221864931602733 0.44730692367019397881
641 137 0.34807982531910802715 0.34652108035028500455 0.44735032630675297671
646 142 0.34811592112469402771 0.34656444565096600208 0.44733642815980501073
640 136 0.34813203684470900301 0.34662321896087600059 0.44744049716321498966
# step atoms n_gas iacc dacc tacc
640 136 0.34813203684470900301 0.34662321896087600059 0.44744049716321498966
638 134 0.34809535590588802645 0.34661097338084301267 0.4474849351835449851
632 128 0.34806849860336097624 0.34663208725191801962 0.44737167446152398265
635 131 0.34807213880641901804 0.34667820645900299104 0.4472867229709239778
645 141 0.34803369449412202563 0.34665409093876697888 0.44727256838758300272
635 131 0.34809871030292299787 0.34669650906861099182 0.44721683732959399693
634 130 0.34803390981861498377 0.34672192618632902139 0.4472134961248990237
626 122 0.34801466818857301755 0.34673263894087097414 0.44721308627272898795
636 132 0.3480789968723340122 0.3466416120863700101 0.44724315122297797487
633 129 0.34813045561768302116 0.34665934324338598671 0.44720345448506299002
644 140 0.34815029717292500511 0.34657698360846500574 0.44719085245764700343
638 134 0.34810512968749002249 0.34652745758202502246 0.44721533416990000287
651 147 0.3480784252433359871 0.3464781920136479898 0.44723272333313601745
642 138 0.34802033464571902055 0.34644461572928397786 0.44720979138124500318
651 147 0.34800336144644999914 0.34638516768450000605 0.44717903984373702508
661 157 0.34792467481772099136 0.34631017203932401571 0.44721204183220897299
638 134 0.34776778793715901195 0.34628097254099698965 0.44719212701490301809
660 156 0.34780119456296398894 0.34608015821246201904 0.4471398042599140088
643 139 0.34769950731039500624 0.34602220166245700739 0.44710687594983100634
638 134 0.34772788590982700585 0.34604671918975399292 0.44696826541340201056
644 140 0.34768795242553302005 0.34604396110512497531 0.4469690262914809975
653 149 0.34767955164601999085 0.34604150535225902674 0.44696969696798000138
647 143 0.34770315313323102435 0.34616709139482998436 0.44698340643327699739
657 153 0.34772233609426000944 0.34608892249378597761 0.44708777058632198642
656 152 0.34768901950041797289 0.34611924366921198448 0.44707162907767500348
648 144 0.34762038990753102441 0.34613043147137900757 0.4470721879759880224
643 139 0.34764885275309997947 0.34611003098345799467 0.44699606983572798269
654 150 0.34762642133603799399 0.34599933296687601647 0.44691072038716900261
649 145 0.3476271289142700005 0.34600429677782301718 0.44691754859278098877
661 157 0.34763906318248199989 0.34605190627310800089 0.44694295303114001117
644 140 0.34751216567695897286 0.34612688530013202559 0.44689633814563201053
650 146 0.34745641450203401668 0.34599730670880102235 0.44686609471658800263
650 146 0.34737680647251800714 0.34605072436297101834 0.44687831563571100979
656 152 0.34730723072046698618 0.34596989414715600963 0.4468725120531200079
638 134 0.34712061877796002163 0.34585054168652501483 0.44671671832840398331
651 147 0.34711293443968299632 0.34582580249790301208 0.44656826982267400217
649 145 0.34713924503556198298 0.34581528989732301937 0.44654541380173801146
656 152 0.34703447864923597788 0.34567148191420599135 0.44645480236354001535
671 167 0.34693665319447497541 0.345593477095989976 0.44643707761303397241
654 150 0.34691017484282499206 0.34566464562353999002 0.44636808011007100827
655 151 0.34685855153317701749 0.34544916601689801272 0.44626729545592397352
649 145 0.34682264608033902542 0.34548555984414902609 0.44625955554074797638
654 150 0.34681232434887898641 0.34541032538345900482 0.44624851336512399991
646 142 0.34678054706514899186 0.34541201394458398433 0.44615713585070898572
650 146 0.34671937804237901171 0.34536737225970198795 0.44620854126939102358
641 137 0.34659195094326200604 0.34529585061379397537 0.44625964798683998014
640 136 0.3465646619543429896 0.34527580077429598227 0.44619976970360097912
655 151 0.34670642054086697748 0.34526738455670502592 0.44609657262550700407
647 143 0.34665655268739997696 0.345288669632339007 0.44608880264980599328
654 150 0.34668647066280300351 0.34524744697313697328 0.44603713024602997805
646 142 0.34661560151490100612 0.34521985959516199305 0.44601330415528800399
647 143 0.34659857530179299934 0.34514313039069999256 0.44595365742682102628
647 143 0.34653343470296799067 0.34506823260307201151 0.4459033880209349876
640 136 0.3465672914939780247 0.34504287322555998729 0.44581179989770497452
644 140 0.34656516091538097646 0.34506189741641302149 0.44577829830450299564
645 141 0.34653615108441299109 0.34505081892675998345 0.44587090418864699926
665 161 0.34650198068668802698 0.34490805563086601726 0.44580352833385300526
657 153 0.34641578218155799629 0.34490692623379198833 0.44585101028098900189
646 142 0.34639020197431297232 0.3450025041114330171 0.44587057176538602565
656 152 0.3463988276059160043 0.34496204303209399011 0.4458593705195280088
672 168 0.34638545620346999909 0.34490871111688997663 0.44590181525370298221
669 165 0.34629352702167398581 0.3449196148319709776 0.4459203239301510191
670 166 0.34626156929961299236 0.34484130366589299532 0.44588920492865602441
669 165 0.34623735259230098427 0.34482929768961700923 0.44587886573017598835
669 165 0.3461522114842450204 0.34473434602018199202 0.44585052955935300378
664 160 0.34610788604477099595 0.34473524299178398556 0.44578385871700199061
667 163 0.34606208619544798211 0.34467799957434802627 0.44562847718524600804
664 160 0.3459248455102070241 0.34452071672232498223 0.445556167944046011
666 162 0.34586386845156402714 0.34444834855696099263 0.44551591808360302416
675 171 0.34582037474922400211 0.3443805247625619792 0.44555117791258497251
677 173 0.34574389807817901277 0.34431682890717602019 0.44555708255118298133
673 169 0.34573091397231497934 0.34434641573562801975 0.44554736841948899828
671 167 0.34572737301977601865 0.34435930717564500192 0.44555638065191699448
673 169 0.34568099134145302553 0.34434234999655599641 0.44549234357414402297
657 153 0.34557611092703999223 0.34437505215773001055 0.44550947532141599305
666 162 0.34550417424644397357 0.34424510879136699382 0.44546461872815101835
672 168 0.34531855456190302389 0.34413014396279101303 0.4454200119649999734
676 172 0.34523578900519402701 0.34413386943616097735 0.44544649523224899568
656 152 0.34514295187267202136 0.34414292425218900862 0.44544045922828900963
658 154 0.34509198223553300133 0.34407994096599398004 0.4453376706506140259
659 155 0.3450207868702330205 0.34400600294403199664 0.445293552687317018
660 156 0.34496145336376099477 0.34397228922878597679 0.44524915591361102774
668 164 0.34486944712835199134 0.34387199911941901398 0.44521566683039598411
668 164 0.34488165254842501062 0.34385765455791800216 0.44513226276416401062
656 152 0.34476560203713502162 0.34388889648429399326 0.44511008862522100094
666 162 0.34473441817388400521 0.34379565033145498276 0.44505910440655799265
655 151 0.34457793578559298142 0.34370634850098702451 0.44493955508286198164
660 156 0.34447912628717597405 0.34348834520005000481 0.44482603233407197463
668 164 0.34449000651514999349 0.34342556441797000844 0.44468678964776897633
654 150 0.34434218016954198927 0.34336512325990198313 0.44455142708263600815
652 148 0.34429413476206599531 0.34325308215701599845 0.44447689721189198586
659 155 0.34419839489593700987 0.34319302749582297762 0.44439622730912997639
661 157 0.34407703096110597851 0.34318732248758199166 0.44437412214494298457
664 160 0.34405374114628001214 0.34312457912226901335 0.44429876729953698966
651 147 0.3439310242843440224 0.34302384200991398178 0.44423678324406601359
662 158 0.34398669001050602434 0.34306481164325697275 0.44419036970531200481
655 151 0.34397669044278800232 0.34301351876185398604 0.44411981266093897291
654 150 0.34389606221059099145 0.34297332726702800532 0.44405621397950501006
661 157 0.3438847576175589893 0.34287793414463901831 0.44402927554927201781
663 159 0.34378123375615499135 0.3428291486403289845 0.44399463349366802278
653 149 0.3437435545981479823 0.34281379346831197807 0.44392084829107797406
664 160 0.34369540813726001671 0.34265994406463101685 0.44381389331460402436
671 167 0.34365031468002099624 0.34254733560803402037 0.44372362096594297753
677 173 0.34356648680629198189 0.34249369259373402263 0.44373334396513697264
677 173 0.34342800113453697541 0.34237509999046400466 0.44367000842480497358
662 158 0.34329530232116800548 0.34229560993412100345 0.44356529428567398332
667 163 0.34324660864297601437 0.34214565696931897865 0.44349286758091799321
664 160 0.34318020364443901915 0.34212101479078499411 0.44348899620571802238
664 160 0.34305452491582499874 0.34197687322072900518 0.44334113304405198264
671 167 0.34298468718638197572 0.34190566717793502427 0.44326314646303799361
667 163 0.3428975339000540079 0.34182401256361899522 0.44323665546332402521
668 164 0.34290661961482798992 0.34179473106253099868 0.44316907274501898817
668 164 0.34286142947310899176 0.34176265702843999783 0.44306367372188198983
673 169 0.34274345849553400356 0.34162954858989297291 0.44302303532636200245
672 168 0.34270258320594298995 0.34165913420986199212 0.44298675021068101287
658 154 0.34264104395025202221 0.34160575412317401023 0.44302824151762998373
680 176 0.34264732570880601648 0.34156191858924600524 0.44291071596859699078
685 181 0.34257629487522001099 0.34148898986147402379 0.44288478897425498371
671 167 0.34245486617940801288 0.34144197709367501981 0.44285038216293098889
670 166 0.34234582954097297902 0.34132335387075302124 0.44274905503921302419
681 177 0.3422366209135440096 0.34119109896828198059 0.44263555622900302433
661 157 0.34209866301170999137 0.3411811626344189996 0.44252751222264402609
663 159 0.34203481018533699043 0.34106655536429797415 0.44241335110934298935
666 162 0.34199089801716597847 0.34103338398093901995 0.4424131156803570164
661 157 0.34186765298525101375 0.34096771921969898367 0.44230608720075298423
663 159 0.34181032830032997971 0.34082703355332499839 0.4421671030814869896
667 163 0.34176884114149297389 0.34074858531575502596 0.44204510180886602555
678 174 0.34172079989592601956 0.34069511153928000446 0.44195809557747300911
678 174 0.34159863685853897319 0.34062662985879399447 0.44189362475695898036
669 165 0.34147734846392702179 0.34055536858198398598 0.4418593540975799816
665 161 0.34143342459980302595 0.34047773001952197358 0.44175745203021599128
673 169 0.34138408873543002464 0.34039442538486597289 0.44167336065823897817
685 181 0.34130503442396997738 0.34032293740107899538 0.44160339826459699131
676 172 0.34125452504167902434 0.34032216340145299283 0.44159305199782999951
671 167 0.34120062216017998935 0.34026898484777301501 0.44157760685457697614
666 162 0.34105241978369998934 0.34018569307588597539 0.44146568449471901285
668 164 0.34096930127226499074 0.34009345676782698487 0.44135600266954300164
672 168 0.34100140406967099915 0.34007624971569300198 0.44135942236675201888
662 158 0.34091449599866702203 0.34001289587306898765 0.44134113295326998783
665 161 0.34096703241557502206 0.34003324958225500385 0.44131275825822102732
664 160 0.3408822923859020082 0.33996255850021900313 0.44128114992834399644
654 150 0.34078139210173097329 0.33993594696097001462 0.44120459787219801218
659 155 0.34074907950827998393 0.33991189865645499157 0.44111553486376797739
660 156 0.34070914588127498845 0.33993054908254000113 0.44116327471540900396
659 155 0.34064605714003698411 0.33987905101355297965 0.44121160462504799282
650 146 0.34054692962974497661 0.33989162408831202766 0.44114906253357499821
643 139 0.34051361905963900556 0.33991305369311597406 0.44113205089502499634
637 133 0.34047147519331899534 0.33991306602573501117 0.44113503286739702558
641 137 0.34044886366927001875 0.3397765025651059978 0.44105861983539101923
658 154 0.34046243841018797305 0.339722047833254992 0.44100224415133998379
659 155 0.34033641829149902103 0.33963064253240599077 0.44098973037478300663
662 158 0.34034999509258601069 0.33962484122733699321 0.44100929091607099508
658 154 0.34029516364785900029 0.33962275709343098251 0.44098882592152000015
654 150 0.34024361175924699996 0.33965484543695101394 0.44096945225014699821
653 149 0.34019857324850799607 0.33956283552074600918 0.44089352132563397468
653 149 0.34021146287004400133 0.33955797331044601517 0.44090073501163601355
664 160 0.34026848087809902221 0.33946423135257597359 0.44083404088828098688
659 155 0.34026651110863798122 0.33949795424355999618 0.44077916216757601076
656 152 0.34022000958467402132 0.3394769432484670002 0.44075928942066699978
650 146 0.34021361799371002688 0.33950392784199201479 0.44076081504472902628
652 148 0.34028508851332700536 0.33946153333894402149 0.44073985267158299894
654 150 0.34026976581029200197 0.33944981843682497935 0.44072255561483697495
660 156 0.34027719141442197559 0.3394386930166060079 0.44079070808914000423
639 135 0.340180668471303016 0.33943716268106999268 0.44080995001891398744
638 134 0.34022273804021702093 0.3394781792791010111 0.44085541361553198803
628 124 0.34022618482567501541 0.33943659434228601324 0.4408752439922140054
646 142 0.34030126405974697734 0.33945993919165101671 0.44092674079578197954
637 133 0.34026501248217000395 0.33949711671263899104 0.44094152411937498348
638 134 0.34031181998409598677 0.33956961858604600701 0.44098693462985200098
640 136 0.34022993994615502444 0.33950727856590401377 0.44090419161544597282
638 134 0.34018787401747502264 0.33945189309507201036 0.44080038984940900226
650 146 0.34015961720235299293 0.33935735799886102004 0.44077688451980301387
657 153 0.34012881911644698985 0.33936691930248602533 0.44083200934657001957
658 154 0.3401982947344490138 0.339427540273174011 0.44091465102235799511
646 142 0.34015866526640597955 0.33948026697763200588 0.44097291353894801924
642 138 0.3401777052108320154 0.33954815301277002648 0.441008293644185978
638 134 0.34021690333660098426 0.33957179749118299172 0.44111067323545000152
643 139 0.34028936953102600915 0.33960571890307200693 0.44116324344664797907
637 133 0.34030235749126702682 0.33961108198182299311 0.44117560156821400419
649 145 0.34028378052380997554 0.33960488074446898432 0.44124319619889601496
650 146 0.34038192772299402655 0.33967418443100000358 0.44133943273102799187
653 149 0.3404342650720920127 0.33969801492127899012 0.44133746290169501014
643 139 0.34041631290604901228 0.33970386683179898402 0.4414196386863249999
638 134 0.34038485151268299544 0.33970860895966198401 0.44146627565852897268
645 141 0.34046068957264802313 0.33973063579565399017 0.4414567942432109926
655 151 0.3404846993782950082 0.33971330930438597973 0.44140153276069299393
645 141 0.34048176219051301539 0.33978558492257998624 0.44136050290243700189
643 139 0.34046634925419899664 0.3397412414575389783 0.44136288366323400689
642 138 0.34038687054965099943 0.33963699282149500958 0.44139462851890898243
651 147 0.34038433668391998577 0.33958140074014597776 0.44139354388488499792
642 138 0.34033895557956800326 0.33961881824195799817 0.44136275500005400785
637 133 0.3403722758521279812 0.33957400074946098023 0.44135012535922302224
640 136 0.34042405804769099165 0.33957233139791898058 0.44126551356730697728
640 136 0.34044061700018202199 0.33961165831730399933 0.44132089049579298345
633 129 0.34039601680573100539 0.3395440369170160122 0.441353713301505024
643 139 0.3404915733546750034 0.33959109088206501648 0.44142430634678198054
621 117 0.34047255484816202342 0.3396410456476809947 0.44141530988552601933
637 133 0.34049127231883702382 0.33954394407964100244 0.44145798313164197335
642 138 0.34055109096125801837 0.33960569375277699367 0.44151573582959902087
634 130 0.34057693516572101755 0.33969217057258299652 0.44164190608138598204
635 131 0.34060440030624899999 0.33969195664381202082 0.44168133110021401411
633 129 0.34065858912643698364 0.33973752862043199441 0.44168676351124802615
622 118 0.34074120445530398094 0.3398375740736159778 0.4417809000934739827
621 117 0.34077850334838999391 0.33987403238162899877 0.44180699204934398283
625 121 0.34083170654003702715 0.33991935712351101229 0.4419278932185660147
630 126 0.34087148685210300059 0.34002073055185200179 0.44205029420079000602
637 133 0.34084749310914902454 0.33995260368458302125 0.44214946376768399228
628 124 0.34091718032112700021 0.34011861056006698067 0.44223419114709300315
635 131 0.3410370704714720258 0.3401501350745310126 0.4423235246675260024
626 122 0.34106212142363101503 0.34022517220018699824 0.44238244832799700212
639 135 0.34112073282388299944 0.34021372328267601715 0.44238131105701500312
649 145 0.34116272012934700797 0.34019118869301900876 0.44244691459449297932
626 122 0.34114695863282401556 0.34024654245880497916 0.44242350935597202222
646 142 0.34120376076996500325 0.34026894879028901642 0.44242778366015300673
643 139 0.34120905250599398162 0.34035900275578301333 0.44249239814514101932
641 137 0.34122386041565599957 0.34037668822491601306 0.44248476783964602044
633 129 0.34125792970891599687 0.34045081075464000975 0.44254696608471599806
653 149 0.34138405566786800271 0.34045717340986098032 0.44257280536226700773
649 145 0.34141211817536598616 0.34051630631092699719 0.44266136298214298073
640 136 0.34142153866479901803 0.34051451231108198492 0.44265012312814699946
638 134 0.34136341191228697367 0.34051793469330199349 0.44264023501273397354
660 156 0.3413588317396379912 0.34045688203303398067 0.44270538164804601466
652 148 0.34127598835798200749 0.34040634801035302148 0.44268652989765300276
648 144 0.3412651933682799843 0.34040378932062598238 0.44261909049231201729
664 160 0.34127421988601097658 0.34033516101441702029 0.4426434053183420092
678 174 0.34121671872487902011 0.34027689781698999827 0.44260818635779197727
662 158 0.34113440061428701444 0.34031010310906301131 0.44267333178721601783
658 154 0.34111725888416399854 0.34031036718537199803 0.4426964682666310047
629 125 0.34105289730414700688 0.340335166099604014 0.44272035341146498411
624 120 0.34103127585812098577 0.34035126174567598145 0.4427401233911399947
622 118 0.34111896303326899593 0.34030167579240300224 0.44271041932867000179
630 126 0.34114527811758299514 0.34026301842691397681 0.44273598395697300045
625 121 0.34116953381154302427 0.34027671693068800574 0.44273556180991302522
625 121 0.34122734311764502113 0.34024100585986200018 0.44274794562340802351
636 132 0.34128808094704699005 0.34019496909902802173 0.44273149385781401799
628 124 0.34128762741733997821 0.34015242461423900178 0.44275568220395000729
643 139 0.34131648704838102315 0.34011066507355902644 0.44272834118563597627
648 144 0.34127621258453000319 0.34006164913978298436 0.4427589804606379964
645 141 0.34122840274960097862 0.34009630471059798529 0.44282845823942401653
631 127 0.34128490985324000384 0.34017655512031397258 0.44285199426489502139
640 136 0.34134563446437499179 0.34021775489980798923 0.44289379251994998032
626 122 0.34127741733492300558 0.34025428294181497835 0.44292475652587698365
631 127 0.34133113595542097229 0.34024583770224997581 0.44286489448600702135
631 127 0.34132541654381998164 0.34023249067813199353 0.44279983176301701553
635 131 0.34134537915145002351 0.34020867419284800404 0.44281071708276098509
639 135 0.34137379848769899837 0.34024451659037402429 0.44280129277079399719
646 142 0.34142474557931701273 0.34027595726171899759 0.44279741236820102657
647 143 0.34141136450974801653 0.34029889024657999919 0.44282101412426499998
654 150 0.34143137139531498647 0.34034310717248600353 0.44287367281881001579
642 138 0.34140240845444197459 0.34037235969722900997 0.44285041703775901434
631 127 0.34143158477680701779 0.3403725518346110146 0.44285458581778902598
647 143 0.34146626879462599335 0.34035622814574101325 0.44282493563201402731
660 156 0.34154179569671100358 0.34040396535439598757 0.44287210203795102093
651 147 0.34151698089004300929 0.34041752568943500767 0.44288751526580399931
641 137 0.34148137552333701628 0.34042733368790800697 0.44282548152439799027
650 146 0.34144302846412299957 0.34038257229210200361 0.44281717952819799056
642 138 0.34136213063213499685 0.34035072901200197348 0.44281969524570602426
642 138 0.34133666761450298655 0.34035363333294499366 0.44280851108770302726
650 146 0.34131215949744797555 0.34028114141128601444 0.44285238429982398678
638 134 0.34126153052614799366 0.34027708404353301797 0.44279317573266102626
645 141 0.3412425637450269833 0.34020835083413697442 0.44275815518197497722
652 148 0.34121765233595302558 0.34017137043734002599 0.44273018129993602088
640 136 0.34118226755740599376 0.34014841659113098649 0.44271619482267698942
645 141 0.34117098863178102475 0.34010335484637899128 0.4426923450605870225
655 151 0.34111797735007798327 0.34004231201013401797 0.44264879055513300932
662 158 0.34115613937817201862 0.3400773175689310035 0.44265287894506499811
656 152 0.34112714833795099167 0.34004022048149901147 0.4426575146084760215
666 162 0.3411663629245449969 0.34008731261172897575 0.44264526461151898484
669 165 0.34120124804814799813 0.34012919587602097327 0.44269318172808097556
645 141 0.34112227196532002305 0.34015144830702698231 0.44268334944346299231
642 138 0.34115993443942499441 0.34023947750186500638 0.44269483392030001268
655 151 0.34120389556391800268 0.34021899510579500792 0.44269175296463697533
659 155 0.34120385938414699023 0.34023299946564100615 0.4426908962548919968
645 141 0.34115312670989300647 0.34018547778944702165 0.44265600862481602196
635 131 0.34107118895811899817 0.34014584235647798982 0.44265982615603699513
636 132 0.34108291415673097635 0.34016418771198098092 0.44263702171550500797
641 137 0.34110973268022698468 0.34008588546715001755 0.4425937019085269819
640 136 0.34109977790397999486 0.3400998541208309911 0.44263081350258698388
656 152 0.34110150999213900702 0.34002605956591297476 0.44261421143197898775
657 153 0.34112036918168897603 0.34005686912242200082 0.44263226934735300233
639 135 0.34109309149204902756 0.34009874395466899166 0.44267900447911301409
641 137 0.34108646066494302529 0.34004669721737701416 0.442711366895002012
630 126 0.34110693340242997929 0.3400428593278230216 0.44270515704720697636
633 129 0.3410744349760669869 0.34000693007582299954 0.44271697070091198256
624 120 0.34107480421106300961 0.34002676694770300747 0.44269611226019800476
634 130 0.34110180274462698069 0.33993840461690999488 0.44268341867487598362
633 129 0.34117389889614702092 0.33998751389287301672 0.44272425299872597559
628 124 0.34119630172910198063 0.3399849970078159811 0.44277642972880199013
639 135 0.34125551442451601547 0.33998825601706900157 0.44276043759201000327
663 159 0.34125248106118000191 0.33994994564633301826 0.4427675575716619738
662 158 0.34125482976786097877 0.33993485999777900419 0.44272803139147998142
658 154 0.3411975654704080263 0.33990639688356100168 0.44270401868502201603
646 142 0.34119320761398197472 0.33991609124024801947 0.44271295881516098403
653 149 0.34119478634847399956 0.33989607593428600163 0.44268703786890101215
640 136 0.34116628843553298278 0.33994483714730699964 0.4426985008317529946
629 125 0.34120993436552699007 0.34004345186255902078 0.44273063902508197343
631 127 0.34125052075580697419 0.34004469788667202046 0.44269893179549602014
628 124 0.34128845980159200346 0.34011109998828897849 0.44267587996448798382
633 129 0.34137292208921798942 0.34013775453930100712 0.4427192414117970265
648 144 0.34141414141243398017 0.3401361902652910163 0.44279831055889301572
643 139 0.34149447848913200287 0.34022756963042299905 0.44278596995598301644
646 142 0.34149273684880299129 0.34025650603740398292 0.44278206228110600362
641 137 0.341477026412564999 0.34019598089763097848 0.4427403297238570179
640 136 0.34152616597158702572 0.34028039983138097524 0.4427673866165889871
636 132 0.34152148519849101493 0.34029028656325399638 0.44277953599530800455
636 132 0.34154805462851800524 0.34030985468578200948 0.44280377599746401085
634 130 0.34158108999141401085 0.34027843076922198451 0.44278689828561401676
637 133 0.34159484893342401124 0.34023675950700499326 0.44277716399458100227
641 137 0.34156451884000799124 0.34018007878278899714 0.44285629265086201567
641 137 0.34153353685477000345 0.34022651854532998117 0.4429025379115579808
635 131 0.34156918659268797889 0.34029665524002100652 0.44296651782843798895
630 126 0.34160489689537099078 0.34032976870768300026 0.44297211970187200247
629 125 0.34165156945206098804 0.3402973930198590069 0.44295255648134101989
641 137 0.34169403850902901887 0.34025914132896900588 0.44293631607501499081
640 136 0.34172850905244001041 0.34027008751217502347 0.4429239815006730252
644 140 0.34179779469303400719 0.34035815840438699009 0.44290999373055200961
654 150 0.34184395773259201867 0.34040545759247697877 0.44294924675317998153
639 135 0.34185805289823201214 0.34049783697577001851 0.44298052024373502089
649 145 0.34194323912111601604 0.34053582226217399276 0.443032301044265997
637 133 0.34194329335684997551 0.34057102778991898973 0.44300855905000902091
637 133 0.3419613081871890059 0.34050935833913498207 0.44298558514428798549
631 127 0.34195442880003301678 0.34050191399480900234 0.44301230603187702339
621 117 0.34194527396894097704 0.34057781141871201758 0.44294014710863899298
620 116 0.34196450692837798702 0.34056050128014597744 0.44294387131530998936
632 128 0.34199060686464399783 0.34052531470803498737 0.44293206702009901843
637 133 0.34202289003507102549 0.34055995436671299137 0.44295054256379401414
630 126 0.34202451018188101406 0.34055424129609201955 0.4429731578451500118
627 123 0.3420519539524259911 0.34059113727935702576 0.44304263565784102186
623 119 0.34213258766490300955 0.34062843161644601464 0.44307769731497997912
628 124 0.34219285128386400796 0.34067282112300101282 0.44307052116881301407
629 125 0.34223573455486100414 0.34067322660455501282 0.44312984376740899295
622 118 0.34222493852067498166 0.34073718563860300179 0.44321077231892902493
619 115 0.34221000211337399 0.3407334611680690184 0.4432473685720400014
628 124 0.34228883906330997977 0.34077241299896199322 0.44327284007213202388
624 120 0.3423295113946360213 0.34081268620508498035 0.44328198329215900975
629 125 0.3423902371254389787 0.34084960452246398921 0.44329852389653801037
623 119 0.34243698483836598756 0.3409152708920339947 0.44333184774011902274
645 141 0.34248447204805299027 0.34087270578655498587 0.4433421727798230183
642 138 0.34255061230949401807 0.34091255186954699807 0.44338919035105400779
629 125 0.34259223948735501031 0.3409966966879390271 0.44346445412655999263
630 126 0.34261335771021700358 0.34098083614434399058 0.4434992678646880182
635 131 0.34268580912226498381 0.34103462499304898481 0.44354454502038198616
638 134 0.3427312105766839867 0.341088722087745988 0.44352841245602797615
644 140 0.34273814831869398034 0.34111614618155999823 0.44353343789998700419
651 147 0.34279229763118701513 0.34111632917092099548 0.44351634266077200053
664 160 0.34276466162049101793 0.34107619847498699128 0.44352982178187799756
660 156 0.3427150831107579898 0.34110398212197101664 0.44359406671992301918
654 150 0.34267586284872697533 0.34109498090426998429 0.44357432758336401424
651 147 0.34266716966734600547 0.34106204762169900491 0.44350161700575302381
656 152 0.34267413930983497972 0.34106036478943901891 0.44346018344276100231
646 142 0.34256833351203197502 0.34103257044571599899 0.44343040316678600243
649 145 0.34254530419545997644 0.34097810601924599672 0.44340806414676298131
649 145 0.34252683654773097288 0.34084633600559299804 0.4432757943635720066
662 158 0.34250203939867002179 0.34079784573077798182 0.44325400832679301422
668 164 0.342445739971705021 0.3407236882026369873 0.44322670845232098324
656 152 0.34238983003123202309 0.34069890542278602474 0.4431700224699239854
650 146 0.34233712358172901924 0.34063978835031599735 0.44313814523613298535
665 161 0.34230774614539299927 0.34056015632110997471 0.44305629262053697337
662 158 0.3422871658610440182 0.34051431704597401318 0.44300968810680702026
661 157 0.34219898602720599801 0.34046157987903302722 0.44296319446122700558
665 161 0.34214197364223797315 0.34041980998502102684 0.44295641275809599646
666 162 0.34207568551524297762 0.34035586595125899567 0.44296404538201700207
673 169 0.34203092166445397959 0.34030299525689700069 0.4429747494458010082
673 169 0.34199114142060599297 0.34029683846544001025 0.44290191526304600877
664 160 0.3418829125622739884 0.34028912459340598939 0.44286164819925399883
653 149 0.34179461817754902553 0.34025043567906099184 0.44280353916606601805
671 167 0.34172318118497302386 0.3401497775428550252 0.44269166973087797912
660 156 0.34170794019561501198 0.34012428874207001339 0.44259711570132298508
653 149 0.34171104272842900418 0.34011752112053900143 0.44260974534407698799
641 137 0.34169178034764202678 0.34015684438843002413 0.44258666641971899924
657 153 0.34170350830273399367 0.34011257482678297626 0.44255427923884099739
645 141 0.34166092824522897864 0.34009403943640398316 0.44249236919422302305
649 145 0.34163250708253500854 0.34007262150685002577 0.44250961542778299851
656 152 0.34164048257953000265 0.34004403756742701548 0.44251095761423997477
657 153 0.34164554297637400593 0.34002290699694698306 0.44252679928112897967
648 144 0.34163596976160798269 0.34004539529301802681 0.44252360412730501471
650 146 0.34157853174755198333 0.3400165715154739865 0.44252851219628497326
647 143 0.34159986868227099066 0.34003310475135001267 0.44255254994485199171
652 148 0.3416009327221070091 0.34001017423220897262 0.44255517222395102106
642 138 0.34158136572338998471 0.33999301368528000999 0.44252767464498199423
650 146 0.34157558681023597602 0.33995731046736399339 0.44254163517559502727
646 142 0.34162793231016397311 0.34003105182241599724 0.44252856574283999658
640 136 0.34160198048377898861 0.34001718057536800544 0.44249184587468898266
647 143 0.34160281143985998797 0.33999440018632898219 0.44246878062846600743
661 157 0.34163168180512099026 0.33992187570325399504 0.44248664034673301781
659 155 0.34161892023631501569 0.33994160689029701006 0.4423924952677940059
659 155 0.34156766808540900415 0.33987398739720997565 0.442360395071447976
675 171 0.34152829312344001877 0.33979526234949397612 0.44233974604996201263
674 170 0.34144924664597597896 0.33976423037907399483 0.44234305167852500107
667 163 0.34141788527039601542 0.33975704724327698836 0.44233018372485399805
676 172 0.3413759798731320072 0.33971512677557502702 0.44231756294248997241
669 165 0.34132857059364601904 0.33969332402232599311 0.44229433072926699344
670 166 0.3412678492979440148 0.33965916507810200997 0.44227935560867098763
666 162 0.34123967496993201642 0.3396400821633490108 0.44224862293621802767
662 158 0.34119977818172297912 0.33961077483578799852 0.44220007485283102655
654 150 0.3411915547558490025 0.33962928307116002635 0.44215495782569702587
648 144 0.34117573555838698329 0.3396207100655609934 0.44205520127976699607
650 146 0.34120636618812699714 0.33959110368069100883 0.44200132665291902434
656 152 0.34114781617334699604 0.33956532937650601989 0.44195343960100802461
668 164 0.34117108142092900103 0.33956731771433601441 0.44197567731901798993
664 160 0.34109363894660099659 0.33958342565770199828 0.44193174988215000454
652 148 0.3410159924726169911 0.33955014099445501863 0.44188006252250300321
641 137 0.34097245925032698688 0.33951485244678697439 0.44180664476669201379
656 152 0.34100419336261300618 0.33943382060531102073 0.44176315678446198554
658 154 0.34100510025637997824 0.33942602518986397797 0.44179511952887901005
635 131 0.34098602628427798766 0.33942609369893100846 0.44181707106426998388
645 141 0.34099818127089798203 0.33936753152290100033 0.44182699004684899968
625 121 0.34091921280733000765 0.33935016463343198323 0.44177309131291797595
635 131 0.34091720003197600875 0.33926564091606398188 0.4417238282869129784
641 137 0.34090759083018701281 0.33921068098134499191 0.44170844857697200148
655 151 0.34093146734967400002 0.33919581476513199769 0.44169269818529699467
636 132 0.34089671765362000722 0.33923139877222002747 0.44168464385280997719
638 134 0.34090041884896898905 0.33917026921734999556 0.44161749651721199372
629 125 0.34089395558989099566 0.33919308357200600446 0.44160873839143399699
639 135 0.34090580867498099238 0.3391957497466199789 0.44156803436690900133
631 127 0.34096065821595400447 0.33921904338548497515 0.44155087777588697406
643 139 0.34096973243340999993 0.33916301495494299845 0.44156270231395400305
631 127 0.34092098834220002646 0.33915670506264200545 0.44159067373264399015
651 147 0.34093394742312199686 0.33914225414351700794 0.44160812530047199864
640 136 0.34089069178190201104 0.33916796807071297737 0.44165580324541997559
628 124 0.3409342917135599893 0.33920624672155702539 0.44161810944657498013
641 137 0.34095203346172597847 0.33917688205407597879 0.44164801534641101588
634 130 0.34086106880679600817 0.3391184787387729882 0.44160725886784102379
645 141 0.34084752447635102701 0.33906072503622097791 0.44162713070860498688
639 135 0.34080882511964000203 0.33905442370438798605 0.44162046963691697909
653 149 0.34085208697159302682 0.33905675583509398141 0.44162243056948902176
665 161 0.34083359610743302337 0.33904851300409000192 0.44160302866318701387
661 157 0.34083642905997402206 0.33908663936818700391 0.44166405532348201879
653 149 0.34079868968194299006 0.33906038538231597634 0.44170192556678700146
659 155 0.340828259688689017 0.33908628134216800554 0.44174723786593000918
648 144 0.34079666193340701907 0.33906873043631102771 0.44177256084332999775
653 149 0.34077657805378197553 0.33906704415354599336 0.44176915066559002687
635 131 0.34072471606127402444 0.33905926445527800883 0.44173791194289702133
637 133 0.34070221623723601079 0.33901709401564500412 0.4417273014180009838
650 146 0.34074457969478100239 0.33901279051751598281 0.44176799845494901797
629 125 0.34075370305254498726 0.33910028699582900336 0.44181268571407400492
641 137 0.34075359296261598097 0.33908998351244101777 0.44179018871706499105
648 144 0.34074570540478099634 0.33906852439617002348 0.44180900869991301949
630 126 0.34071398414265702259 0.33909927220642099854 0.44181378274915700244
639 135 0.34074080385679500482 0.33910088976518198978 0.44185381814519697485
632 128 0.34076517150250801302 0.33916389492117898774 0.44185055443239401596
642 138 0.34081663017688301753 0.33918029521433801232 0.44185635650669502494
641 137 0.34082368377328198239 0.33920777576786498297 0.44184904183832102165
656 152 0.34084084083939497622 0.33920052779232001683 0.44187730999523799902
664 160 0.34082926973787902591 0.33922301793379699975 0.44193423811006299351
656 152 0.34081848575758300068 0.33928066420863700614 0.44201425613040801199
654 150 0.34080148799314802233 0.3393468616621149736 0.44205687813790600638
634 130 0.34080620914336801075 0.33945452707000201009 0.44204933843092897305
637 133 0.34083047901724100592 0.33946614259901197741 0.44203818695329999411
635 131 0.34081926736017198465 0.33948772274837402119 0.44206362774740098898
628 124 0.34086365032920001861 0.33953421965272401195 0.44206802181698900966
648 144 0.34091023764930600271 0.33952385946370400305 0.44208998793075299227
649 145 0.34091997278242702762 0.33957219251194598053 0.4420863718026269984
632 128 0.34091128426404099239 0.33962177256808800951 0.44208387099392998376
628 124 0.34090470881009299342 0.33963045369236999349 0.4421483786168969865
624 120 0.34088786709907997752 0.33959607607064201673 0.44219892586899900433
631 127 0.34092744043865802483 0.3395892543378720152 0.44220495996488401458
644 140 0.34092637631597000336 0.33958637367994198852 0.44218954029438400921
645 141 0.34093641463923901602 0.33962051944123600178 0.44218544555211597435
639 135 0.34091022818112398651 0.33963064989830099583 0.44217525131569601626
636 132 0.34084935329872800835 0.33960773880151801096 0.44215561317523599527
642 138 0.34088052931488099784 0.33959968439707799437 0.44213553388255000254
643 139 0.34085882939665401725 0.33957098351742298625 0.44216521606895797802
645 141 0.34089389604153902402 0.33961028735157999803 0.44214289130528200422
626 122 0.3408871245386589921 0.33971309693705198374 0.44219375799685500805
619 115 0.34090598283373102495 0.33974936928599297481 0.44219479853737697628
637 133 0.34093016708753198785 0.33968344467578198698 0.44217251336429802544
635 131 0.34094499913002401792 0.33969927232513097426 0.44218675909901999921
645 141 0.34095960472142600173 0.33972728134743102046 0.44221703235804399323
651 147 0.34098955968992300525 0.33978142931739002686 0.44224454496706600004
645 141 0.34093438527794600601 0.33979012345539200135 0.44226696008595700604
648 144 0.34091648377751698762 0.33981424759446998696 0.44230475758296899924
645 141 0.34091030624487000944 0.33978800211776200024 0.44229113188564900261
643 139 0.34090376768337798952 0.33976715183398797926 0.44229300831189299892
669 165 0.34088455618125901303 0.33968860272732998018 0.44228974172260598907
657 153 0.34087004301279399954 0.33973002075679498146 0.44232941591986102425
673 169 0.34087418129844798687 0.33971996449308600186 0.44227462791818900056
672 168 0.34083981490055298424 0.33972433689112901956 0.44223256195207300001
668 164 0.3407681712083320269 0.33966469500332802101 0.44218932366762497832
651 147 0.34074195063051199162 0.33969643090035001043 0.44216376314369498779
662 158 0.34070550995961501606 0.33966200029196197407 0.4421495709022429943
650 146 0.34067626708254600265 0.33968545984264997273 0.44213128339863499994
652 148 0.34066945129607201226 0.33961619775435197832 0.44209491727172600672
660 156 0.34062291561461599532 0.3395341280626330005 0.4420505215719049974
651 147 0.34055226888432699184 0.33949838299184997847 0.44202911821171797513
651 147 0.34054091353606902315 0.33948673046929001007 0.44197737149922600164
647 143 0.3405316625085039739 0.33943691057892400043 0.44196638887445399702
644 140 0.34047199432658598051 0.33934385781696102535 0.44189985840029499808
646 142 0.34041485378795699468 0.33928535350337102328 0.44183355422793602063
658 154 0.34038071209520898153 0.3391971259598389743 0.4418035425418079809
651 147 0.34035634797715197397 0.33919123814302898356 0.44178469366822098463
661 157 0.34031288964792699714 0.33914837212351300888 0.44172623208402500561
656 152 0.34029250280030198805 0.33914520419895899384 0.44167539562796698238
661 157 0.34028681080900502476 0.33912875650240398295 0.44162377187746798546
667 163 0.34029398039993802305 0.33912533538849298775 0.44163739203211299644
677 173 0.3403072768250730018 0.33911459252821402055 0.44161352829944200415
664 160 0.34028561219396097348 0.33911771190211398297 0.44158478337693901628
669 165 0.34028515852030299937 0.33906992015624498604 0.44154417449999000533
666 162 0.3402350980362809918 0.33904135616406799736 0.44149814507448498224
657 153 0.34019603526737601795 0.33907069867306999233 0.44144906156458901814
673 169 0.34018928504176298988 0.33903637837206102024 0.44140754830224998573
675 171 0.34018460899263802677 0.33906147782801598911 0.44141008638931100716
658 154 0.34016200470715401982 0.33908881884231800719 0.44140667930796800844
660 156 0.34015075116355797391 0.33910585612349597451 0.44139435812685301475
654 150 0.34013101566875697523 0.33910425441235197974 0.44136028971777702123
648 144 0.34012993781468897625 0.33910372804181698747 0.44129037656149000535
642 138 0.34008735984729898671 0.33908066506972200926 0.44125432377801498962
648 144 0.34007322283591501222 0.3390382983434749864 0.4412033686679580069
632 128 0.34003760740588201417 0.33905099946782502052 0.44112670013894800247
642 138 0.33999239115654400489 0.3390008271678009999 0.44107953880224298748
652 148 0.33997402844067697858 0.33895731598687700581 0.44102903603600102089
659 155 0.33992682685517700003 0.33887278099362899697 0.44101928434571802118
653 149 0.33987315511690702197 0.33884519303872301377 0.44100193455649400187
657 153 0.33984422802734998159 0.33882427157536998408 0.44098124497246099507
650 146 0.33980548061771398416 0.33876735960543097326 0.44098207905029401799
652 148 0.3397991308000499755 0.33873683879059002244 0.44092953907539000902
646 142 0.33973776092889901301 0.3387188074895879919 0.44090557145838099595
647 143 0.33970330283899702328 0.33863348085648498076 0.44087725133601002314
653 149 0.33968268935956502652 0.33857180405423698 0.44084966484831000777
649 145 0.33969581002712301299 0.33862958506465401509 0.4408300528792539752
646 142 0.33968168076188098858 0.3386428599383740079 0.44078393509901098168
652 148 0.33967186912239999419 0.3385800899654269891 0.44073548381951099806
652 148 0.33967514676970800291 0.33856055395641099226 0.44068500340691901807
657 153 0.33966174601490001228 0.3384757718524160075 0.4406717980214659991
651 147 0.33959219712553401216 0.33840969982357499424 0.44062655142537598962
660 156 0.33953139819311800585 0.33832433316837601245 0.44059406907157999678
657 153 0.3395283180720179983 0.33828268518098597584 0.44059927431539802622
645 141 0.33947284357361801055 0.33825284692742302317 0.44057533205265997367
649 145 0.33947071414539997658 0.33821667430366497697 0.44056381139219802368
654 150 0.33946227570388398664 0.33816380136363499709 0.44054654460625597423
657 153 0.33942922844325701393 0.3380968438338389781 0.44052153701357998905
644 140 0.33942493897267000946 0.33813364724338301759 0.44053693047154102169
642 138 0.339390532313653015 0.33810177752717301969 0.44053805048744498762
636 132 0.33943344487691601286 0.33818215545728902427 0.44051460030027900228
661 157 0.33944510432696600732 0.33816124797151098091 0.4405031777704290219
656 152 0.33946897455291302759 0.33818469371880000018 0.44045387996890000837
661 157 0.33950431350610699166 0.33820321712794398916 0.4404532807781890158
654 150 0.33949205050814401652 0.33820743820613602404 0.44046357475192998709
654 150 0.33944780853942801979 0.33815927133847401009 0.44042832597581399456
662 158 0.33946271921248799552 0.33812510086790498187 0.44044123879672597566
662 158 0.33941417700741199903 0.33811046656580800995 0.44043180947640397926
654 150 0.33934137052293200654 0.33808148565644502437 0.44036457331761602596
666 162 0.33934975081842000399 0.33803340370537399151 0.4403456297764890004
671 167 0.33934284114055601744 0.33800730379530202763 0.44034175961594201887
665 161 0.33927366936342900905 0.33796239635155100878 0.44029040965545002129
678 174 0.33924448987431399249 0.337972782407018002 0.44023136000528600986
683 179 0.33921338387089200461 0.33791997556376801581 0.44019202840926002773
662 158 0.33911076466772499538 0.33794403076043000311 0.4401947441251040094
670 166 0.33910580186406802383 0.33790185802634398193 0.44011556410936197858
683 179 0.33904666010534501019 0.33784468215426000093 0.44008401229196697502
674 170 0.33900952975968301484 0.33784683515761299022 0.44011640538262397637
664 160 0.33899105273048202314 0.33783393391895200075 0.44004462432856000786
685 181 0.33890923751473300829 0.33772626109813902451 0.43998356730189902564
688 184 0.33887704659402101415 0.33773517603448000024 0.43997925110073698995
674 170 0.33882374377787199959 0.33771048621144600377 0.43991859933057098075
679 175 0.3387664396328339822 0.33769042550645900214 0.43985897810246299411
678 174 0.33867008137591597672 0.33761565095514900481 0.43982045515179701844
683 179 0.33862738269943998271 0.33754867490704498767 0.43974188614589698743
684 180 0.33853885042392101168 0.33750854621629200469 0.43969175491596101946
677 173 0.33846485130433101585 0.33745688386253597235 0.43965396720955901566
679 175 0.33843500184815600296 0.33739627435846597514 0.43958317211149000592
679 175 0.33841553093312898293 0.33733705457061802235 0.43949630696681202258
686 182 0.33837934775928901754 0.33729335927230402747 0.43941737294039501238
685 181 0.33830083565332297324 0.33718163192294398067 0.43936499571750498028
678 174 0.33821588263703500354 0.33715706601634198858 0.4393189873171460258
674 170 0.33813617270557699834 0.33712254839285299424 0.43932153724700501174
681 177 0.33812539177766098852 0.33709280700575500189 0.43932157715588698865
673 169 0.33812097097664800538 0.3371104709734629723 0.43933076357663597422
672 168 0.33806779864096198063 0.33707591833553401939 0.43925326420556898288
672 168 0.33803069943841901335 0.33706125836974498711 0.43920896427232797299
674 170 0.33799772638758301957 0.33700788578005397289 0.43913013402748801717
664 160 0.3379822313203290074 0.33701051280107402475 0.43905905909563297529
676 172 0.33798017348077097344 0.33698979496595099503 0.43902962444518001117
666 162 0.33793846647075997947 0.33702021763543799082 0.43903525779571800358
653 149 0.33788586628391897859 0.33698928892964902237 0.43902593483799301488
655 151 0.33788944723492297939 0.33693732548459798259 0.43901159123011601615
649 145 0.33784703497652202042 0.33689680661655702076 0.43896471847950202516
661 157 0.33782031514017202278 0.33684526946160597838 0.43897813662530399403
667 163 0.33778130811162898617 0.33679874533175302442 0.43894513765608600409
671 167 0.33778296901815901832 0.3368252604115600235 0.43897663708135198357
671 167 0.33782627220563599124 0.33682691240021900292 0.43898052362921902159
652 148 0.33776900924519098757 0.33681723737499402738 0.43897401732097302007
640 136 0.33777491780539997679 0.33682974212629601674 0.4389485381254980001
637 133 0.33776623261326299552 0.33677825456380100499 0.43890679695861400944
650 146 0.33778220819132798169 0.33673593523504202762 0.43888890939274799452
645 141 0.33777976161806100297 0.33671060433507299381 0.43886430678385202064
637 133 0.33776272235899901242 0.33667432002702002425 0.43883373547153597949
640 136 0.33773517508428302358 0.33663559234683398946 0.43880598662809799926
641 137 0.33769917625249601389 0.33660566395868801726 0.43878766707646699174
645 141 0.3376999048016199878 0.33661375428276002486 0.43879119849590697555
656 152 0.33771079381743301928 0.33657907085751798126 0.43877356274509898837
634 130 0.33767143894851597841 0.33661520429157099077 0.43877317170125601509
652 148 0.33770780256112598039 0.33659029279576502258 0.43879958383929701382
646 142 0.33773820555051398129 0.33662754560953300764 0.43885268611105499037
640 136 0.33773993604021301795 0.33666704411260300889 0.43889426232575201592
643 139 0.3377411052442210182 0.33664587659406597364 0.43891688692588998189
648 144 0.33778729124231898773 0.33664521539264302685 0.43893381218999000248
648 144 0.33777427465109999272 0.33666035261424798186 0.43889293066240897545
644 140 0.33778511842135600096 0.33667441885734600282 0.43888066131399700032
661 157 0.33781224275590299166 0.33670322636831001573 0.43889748302830200455
646 142 0.33782180523790900084 0.33672049553927602128 0.43895179165215597594
649 145 0.33789783325514100021 0.33674858181775102484 0.43900081751214597992
633 129 0.33791545120539301372 0.33682523451457202501 0.43898131577243698631
632 128 0.33794182340733802672 0.33685732193651402033 0.43899245848825402261
640 136 0.33792765841596300591 0.3368786880485939994 0.43900035326327402352
646 142 0.33795934040334302262 0.33692255385517400068 0.43903445579457001102
623 119 0.33797489430583599335 0.33695019854697799699 0.43903365288029000402
644 140 0.33800061474917098003 0.33693631246877397967 0.43901227162270400894
621 117 0.33800114888836602089 0.33702685740134197268 0.43900831995935002405
627 123 0.33805969071596297937 0.33703536873088002501 0.43899095888404698895
634 130 0.33805666555945002028 0.33700927445945699779 0.43899872425917202401
640 136 0.33810287361377100446 0.33702748491823197874 0.43900818768958999039
643 139 0.3381336923989740062 0.33703140666825898153 0.43902588175967399708
647 143 0.3381494989592980227 0.3370617066721590116 0.43900712151055998334
653 149 0.3381891617036190123 0.33713041263068699305 0.43905412344217098486
640 136 0.33822330888224100276 0.33718541989892897304 0.4390551904248359838
634 130 0.3382514366876219758 0.33717911532570199462 0.43906001609335498781
633 129 0.33824214577940697746 0.337182844630228018 0.43905046359387200905
642 138 0.33820744077014902595 0.33716528508957099852 0.43905873175959297949
635 131 0.33818258561486097546 0.33719053129210002639 0.43911790677060502652
627 123 0.3382321405583419982 0.33723087682119901043 0.43918477270781802746
624 120 0.33825314972881498354 0.33723690964972202755 0.43919323988616698617
643 139 0.33832816011866900796 0.33727391239185500194 0.43923944123881497603
644 140 0.3383559153456510149 0.33729177268450100113 0.43928016756116300412
649 145 0.33834532912024800622 0.3372919926029819826 0.43927134511378901349
641 137 0.33838703708854600549 0.33734143716156100856 0.43929208322957802313
656 152 0.33839410765074501297 0.3373225864829009768 0.43935203196062100339
647 143 0.33835974983809702366 0.33734871400133598085 0.43938468856303197763
646 142 0.33833047106625901979 0.33732510885735800255 0.43942013565555798627
634 130 0.33831563646557200054 0.33733451327314201151 0.43943589607228600302
623 119 0.33833859363755097727 0.3373744947062770061 0.43943427620554498247
612 108 0.3383155540127760208 0.33736374396997598213 0.43940634577521997528
638 134 0.33835828126151201722 0.33733093735869601471 0.43942306672855702132
648 144 0.33837625469341997553 0.33733116509632798952 0.43944668441303902373
658 154 0.33840674603755499517 0.33734876065561197889 0.43946775223309197944
640 136 0.33840332341080497924 0.33742037487512699379 0.43952672398675601828
634 130 0.33839779005405601353 0.33744748822984299563 0.43955138475546301491
640 136 0.33840104756891098425 0.33746853776052998519 0.43954570882644999896
643 139 0.33839882957727501767 0.3374637360464129987 0.43955953176004597394
637 133 0.33838536468683400038 0.33744604695112700998 0.43951090334943099247
653 149 0.33838894506116501404 0.33741685979735197565 0.43952438517214498237
642 138 0.33839613309549299025 0.33747880554230702543 0.43955075009301297628
617 113 0.33834873703534501521 0.33751264469084801823 0.43950289499140199334
644 140 0.33835805425879800223 0.3374766979447409998 0.43951194502742901848
642 138 0.3383759577359329862 0.33748108701079598815 0.43953313950667100007
645 141 0.33838318518063598139 0.33747979429339397539 0.43952907474289598655
652 148 0.33840517963786398425 0.33752293641871800034 0.43957793035006198501
644 140 0.3383681900323849967 0.33751816778024601451 0.43960912938096502467
651 147 0.33838345104428502186 0.3375121446692729843 0.43965197332926897467
650 146 0.33835764809015100862 0.3375317928918309951 0.43967858286720001848
652 148 0.33835227470321899146 0.33751429673830102285 0.43967066050441000469
644 140 0.33831883574146898175 0.33751176595102799771 0.43965773408628699981
654 150 0.33835252435666401949 0.33752316437392798631 0.43968281803631298343
648 144 0.33835875544332200127 0.33751694536108800548 0.43968822319063000092
646 142 0.33834987984444697684 0.33749935050197399367 0.43967268466443498731
634 130 0.33833781461242101729 0.3375061432703059805 0.43971163270672497525
655 151 0.33837366289217202242 0.33748759427369900976 0.43974468335365302085
653 149 0.33834607269969102505 0.33749222582980598073 0.43975278762133301891
654 150 0.3383161422956920128 0.33746431419272399088 0.43976238677194301463
659 155 0.33829926805573001802 0.33745537331078301335 0.43975804851034200338
660 156 0.33830190176123198231 0.33744946735983599728 0.43975191050217998789
666 162 0.33829287122317497349 0.33742403112670699139 0.43979449966070399691
663 159 0.33825413223023997888 0.33741497534728098762 0.43980624805199802774
649 145 0.33822861468468001789 0.33741620543732198101 0.43980807924394299535
672 168 0.33821820706798200185 0.33738320967182799937 0.4397971071262690157
655 151 0.33816235969604602207 0.3374154376294820068 0.43982138779751100977
655 151 0.33818321574540100016 0.33744388852003698309 0.43985954848915198578
657 153 0.33814454196263699082 0.33744414594582700095 0.4398633733676790003
646 142 0.3381137012846430201 0.33747244018892197381 0.43986813939474300739
648 144 0.33811445253160399282 0.33743684817107699736 0.43983656652755198646
653 149 0.33818576005848199895 0.3374662096340990125 0.43985701488583800467
650 146 0.33820886547242401399 0.33750593280702101406 0.43987285016091898227
642 138 0.3381899615258839864 0.33750456299203601684 0.4398683842244709985
648 144 0.33823800265923698039 0.33753042150284801037 0.4398634453774010189
647 143 0.33827518983429999411 0.33752324258676402735 0.43982069900733700152
648 144 0.33826398749514502429 0.33752998621795099465 0.43987321301432297238
664 160 0.33825165427615500047 0.33750637516460701981 0.43989420959012198731
658 154 0.33821604734610499765 0.3374493425130959956 0.43989504702076998033
647 143 0.33821656267186700484 0.33745575243650099972 0.43985485837240401175
640 136 0.33819082687004498045 0.3374464246950359958 0.43985049785902502473
644 140 0.33819665071817900381 0.33747594394486302161 0.43984086166518898686
657 153 0.33820699747846100225 0.33748518806805899439 0.43984973866783699803
645 141 0.33820393574345797294 0.33753704179689097975 0.43982996639189697596
653 149 0.33820664745634598791 0.33751782973920402275 0.43979075295722097616
666 162 0.33819911875105401755 0.33751258165295100477 0.43980303721272401285
659 155 0.33814105810345301828 0.33747418296569398066 0.43979685870162399386
661 157 0.33816400675910301965 0.33747955828934500522 0.43977935398063400241
648 144 0.33814984090917699078 0.33748589331018702397 0.43980372960848701513
655 151 0.33814669760216997663 0.33748363273944198548 0.43979076102437597573
658 154 0.33813133607102702216 0.33749962160212299001 0.4398286923486169897
639 135 0.33809597450248402017 0.33750029403843201381 0.43978069371840800006
644 140 0.33808735258340100183 0.33751053534558500546 0.43975952172963000963
666 162 0.33812923080940199272 0.3375107791512320099 0.4397541643728949956
664 160 0.33813395925781497553 0.33752049159605601591 0.43977018585566701736
663 159 0.3381255674782370213 0.33749673425799897597 0.43978578739140700149
636 132 0.33805895703642102612 0.33750409937442699126 0.4397319934112430273
640 136 0.33805846090953201033 0.3374748815534899804 0.43968873547458997564
664 160 0.33809811870519201893 0.33744721227235302541 0.43971467670471398037
646 142 0.33806955737619398539 0.3374804300863000206 0.43974135513009099396
642 138 0.33802675919943298011 0.33745259513380898575 0.43968012223874497479
641 137 0.33798417048289397524 0.3374014357213029891 0.43965793105214101555
652 148 0.33799335804799301997 0.33739360922673600207 0.43964901353679397555
644 140 0.33798954266526198831 0.33740006454312498896 0.43964277869777701468
654 150 0.33803360248913200126 0.33737206527010499268 0.43962385551349997259
631 127 0.33803322378256001057 0.33742170323171399859 0.43958782204444502018
641 137 0.33801745921477399648 0.33736315155345197869 0.43953235165170800869
654 150 0.33801022523949697529 0.33732454845882098304 0.4394454486651310221
655 151 0.33802821570049301769 0.33736328907890600348 0.43943920556811100209
652 148 0.33804995511810398412 0.33736419430116798557 0.4394299366055480216
671 167 0.33802714356990598565 0.33728695272413700135 0.43942000694727900711
669 165 0.33798886375848802288 0.33726598258286699661 0.43942251586372299554
662 158 0.33798726720582900063 0.33728586334767302057 0.43938210291715801281
655 151 0.33798795081179200395 0.33728905824602900543 0.43936168457111801633
638 134 0.33793148945182299725 0.33726476511836400718 0.43933233080650702096
638 134 0.33789587130301601547 0.33721638721083002643 0.43929748253519301793
647 143 0.33787023559287798768 0.33716169966190601137 0.43927436745775200189
637 133 0.33783917183717798727 0.33715745654593498593 0.43926898430128902273
641 137 0.3378552992804820243 0.33714657432423800199 0.43924585481383998653
649 145 0.33783974689504997491 0.33709314731116302166 0.43923913864432301279
635 131 0.3378262154077479873 0.33713389773134799787 0.43924312103395801721
653 149 0.33780379809000699032 0.33709839192772800276 0.43926140610789199403
648 144 0.33776822346492402227 0.33709086859869602515 0.43928439218800402477
659 155 0.33778518479602298585 0.33708894684545798182 0.43926402257222302294
655 151 0.33781440573606297262 0.33712075386451900716 0.43928524121483597531
643 139 0.33779211736559799917 0.33716139613642098771 0.43931021185718099886
636 132 0.3377974489201590047 0.33717794695563702012 0.43929447757540501796
635 131 0.33781230111347199108 0.33718225971010001851 0.43933373135814901556
637 133 0.33780531550517600703 0.33717148146106901141 0.43939542116052099363
647 143 0.33786126225819301805 0.33720195645409700713 0.43935870124553000338
641 137 0.33790395827729802214 0.33726143454753998441 0.43938040207394202241
655 151 0.33796082462045001771 0.33728974453892601737 0.43937654481520799221
640 136 0.33792440014319902186 0.33728510226310598474 0.43937005826824598875
626 122 0.33793636514100400259 0.33728930168449200444 0.43940286876191997356
638 134 0.3379247015599690096 0.33726883903012999655 0.43942481149267498264
647 143 0.33798579297579800507 0.33731000897396801186 0.43945971004648898273
658 154 0.3380888979583530074 0.33737471186858197791 0.4394926638380630135
648 144 0.33809892183440698465 0.33743186633562199939 0.4395223283491889732
638 134 0.33808934005446500404 0.33748464671168998397 0.43955420223507002397
625 121 0.33809643833382402311 0.33749822381144800598 0.43955914336333401504
638 134 0.33811407261405401758 0.3374656758498760234 0.43953068591986799163
648 144 0.33813049439361797521 0.33743189657842798113 0.43955730153921701575
648 144 0.33812945002485700341 0.33746408277281797483 0.43956035098339102385
650 146 0.33813744371835502411 0.33745095704066202513 0.43960180733009601717
651 147 0.3381162311740950055 0.33744665386572497701 0.43959188731924597748
635 131 0.33813310524125400613 0.33749156463788199112 0.43961223692201900626
634 130 0.33811749963745002523 0.3374894438207829972 0.43958408319550901222
631 127 0.33808501006412200462 0.33745732693236002442 0.43954570777585399988
637 133 0.3380293888380849765 0.33744256954867601905 0.43957006497082001806
644 140 0.33804888836076901759 0.33746391877973397344 0.43959348550839999481
643 139 0.33806443348383402592 0.33746150842065297804 0.4396220612677840256
639 135 0.33809289138243298067 0.33746865724996999436 0.43965117135040698848
634 130 0.33807099781820798556 0.33746109253955497431 0.43966763467889302675
647 143 0.33811416484974399221 0.33743949321066801783 0.43967971928229299117
643 139 0.33808221102018998216 0.33749090630515998779 0.43969702823845002726
642 138 0.33808683892301999441 0.33750243099839200012 0.43971634599974501745
642 138 0.33807758865095299816 0.3375216237472959957 0.43970599018621897569
634 130 0.33806001280012598631 0.33753103711613402504 0.43968163204124799393
656 152 0.33809660175532002535 0.3374937577718910009 0.43968844347397700867
649 145 0.33812999961739598209 0.33753376767729997843 0.43971623310670998608
647 143 0.33820132982924999698 0.33759903465907398212 0.43974333712516000539
645 141 0.33817592016448699832 0.33760728507182702351 0.43976576058667898872
653 149 0.33820502329486701321 0.33757505436777601737 0.43978225239549401104
650 146 0.33819376879600998587 0.33756846049694599898 0.43981603320337497864
652 148 0.3382144768541380242 0.33755657540643302372 0.43983069238949001889
658 154 0.3382264525876739758 0.33756183030242298271 0.43981544500476499326
660 156 0.3381921432716399889 0.33753559385135001314 0.43984602708373499169
655 151 0.33815774923672398122 0.33751859208462697826 0.43981839960234997422
648 144 0.33810966947520898485 0.33749526694327397491 0.43978620264887702263
644 140 0.33811018405962500744 0.33748865012000101027 0.43976421621228201086
650 146 0.33810852126664397987 0.33745581925638501453 0.43976168591850101075
635 131 0.3380741673873299824 0.33746073512549801254 0.43977339502515200298
658 154 0.33811783661879601937 0.33741021221888300996 0.43978270519681600392
638 134 0.33811006289201900321 0.33743401206530498904 0.4397712973442179929
645 141 0.33812490770221798053 0.33744650521576097235 0.43978096453492698803
646 142 0.33815910931830600594 0.33743992269843597898 0.43979074858665800907
643 139 0.33810832517525601926 0.33740548470721398733 0.43977497410720900461
632 128 0.33809943289474497785 0.33741257098362997802 0.43976028299332697857
625 121 0.33810948390527700846 0.33741862794085697441 0.43977877180681701486
638 134 0.3381916075806040145 0.3374214711656899901 0.43978783827296097364
647 143 0.33825557936116701363 0.33747156463159799777 0.43986040349016297668
637 133 0.33827040880004299872 0.33753192658497099821 0.4398912741054810116
649 145 0.33833518104917498226 0.33757769013697902505 0.43989748251089799691
643 139 0.33832922989443897643 0.33760366652011697397 0.43991466876336798864
652 148 0.33835442169553398006 0.33760977995614199765 0.43993712800276901786
644 140 0.33834420146388499706 0.33760404410057498481 0.43994683478357599071
649 145 0.33837666865804200134 0.33759524772077997845 0.43994899214261001807
632 128 0.33838123028383998436 0.3376343284035430159 0.43997137345130399311
629 125 0.33836063535377097766 0.33761422880122199386 0.43995000303084902393
640 136 0.33834514074056398769 0.33759979644987597736 0.43992351020365200176
649 145 0.33834633133473901445 0.33756216128967597712 0.43992220085212702108
653 149 0.33836827089947202341 0.33755974858249099269 0.43993646745983100432
654 150 0.33838088067047100704 0.33756256403326401205 0.43994420334711697995
658 154 0.33836974930309099419 0.3375334415825019807 0.43993439616840201989
662 158 0.33834793476273200552 0.33754693946829000817 0.43995487388296600217
656 152 0.33832311268162801321 0.33757678516725897477 0.43992459937551697813
654 150 0.33829965315957899463 0.33759864695012298252 0.43990049597435199047
645 141 0.33827831818975201417 0.3376202019443950153 0.4398754403888709974
648 144 0.33826345735636498269 0.33759033545360300765 0.43982105669041299256
650 146 0.33826076237916202771 0.33758614955273802405 0.43979628955916200139
656 152 0.33825046261553598503 0.33757042589292002299 0.43977635044523499808
662 158 0.33824900389108697452 0.33753958736790101725 0.43973497702912700547
647 143 0.3381815834122269826 0.33754893104382899249 0.43970658341851898143
661 157 0.33818306934117497997 0.33750376105955198769 0.43967681759303500755
661 157 0.33814605758590898787 0.33751188832539502638 0.43966114239230297267
650 146 0.33813849919230798413 0.33751574920115900991 0.43963145660495200895
659 155 0.33811441496007099694 0.33747905440696002177 0.43961807402661201571
657 153 0.33806172635240600011 0.33743610150192099306 0.43958380567726601518
647 143 0.33801317045601497746 0.33742483284189200843 0.4395609778492209907
652 148 0.33797403327990999111 0.33736364831017900956 0.43952314161140099147
658 154 0.33795910136561602144 0.33734222251980600094 0.43948772972311000995
660 156 0.33792080205294899864 0.33730965241436300373 0.43948004661246897751
662 158 0.33790136827390498953 0.33726089303090700522 0.43948046319346401045
669 165 0.33787240009529900808 0.33722343936054799407 0.43944121163256999463
673 169 0.33782495469187301396 0.33717874943190401238 0.43940497560284297318
655 151 0.33775977306657700705 0.33713498236982797351 0.43937587460171501075
659 155 0.33772490055004800169 0.33710382480335798761 0.4393697792242600153
665 161 0.33772039115719298952 0.33708977801435802135 0.43936422213843800977
663 159 0.33770804422383998711 0.33708806468841501225 0.43937092089044699206
663 159 0.33770489813403098411 0.3370730967536029743 0.43937420492809198258
667 163 0.33764898864991399474 0.3370178304595760066 0.4393509613919420187
669 165 0.33763058389989097918 0.33698568737443301835 0.43932361848281098471
673 169 0.33764051577095499646 0.3369513578929210218 0.4393266527717269998
671 167 0.33758863531758198651 0.33693463233991599592 0.43928423321229398413
673 169 0.33757659484962898588 0.33690174039057002586 0.43924529785594201847
662 158 0.33754550260452398369 0.33687992512201697659 0.43921784923584800131
668 164 0.33752018715466802767 0.33682482984886602528 0.43916146850155601822
661 157 0.33748408776813199061 0.33677581939808698408 0.43910664089486900474
663 159 0.33745569192828300809 0.336744006721937994 0.43907966256238101233
658 154 0.33742233359032697271 0.33674756273281797325 0.43905389809707001669
646 142 0.33741230855249298992 0.33674982330991498625 0.43902339880275098594
648 144 0.3373822613037050222 0.33672236581013198498 0.43898553428020598011
657 153 0.33734599434960799158 0.33667781828564402602 0.43894479235811900697
657 153 0.33730276689235000331 0.33665030188714101245 0.43894946666620798803
654 150 0.33728385875220201484 0.33662977411583300258 0.43890906907562199368
648 144 0.33722683759608901299 0.33659732189038699124 0.43886547374354800688
648 144 0.33719394006471797853 0.3365437583818239875 0.43882581292978900533
656 152 0.33716735473378800503 0.33647155259483002565 0.43878976856549500862
658 154 0.3371564984822900124 0.33645223005997698662 0.43876701955331098848
656 152 0.33713981651056001976 0.33642796760689702706 0.4387312885997839973
641 137 0.33712020504569900625 0.33641649206277202122 0.43867089260111902238
665 161 0.33711333128263099024 0.33634059051495301951 0.43861124010858898448
667 163 0.33709842426817199224 0.33635642926868597469 0.43857123033541001167
671 167 0.33708755919585497995 0.33635827545437801955 0.43857117084545799157
655 151 0.33707614182860401453 0.33635892887865598277 0.43852341174179298999
672 168 0.3371150005793420168 0.33637874989119098679 0.43851432824646302544
663 159 0.33704460363949201307 0.33634672419944100508 0.43848301694744101775
664 160 0.33703074207576799726 0.33635742709408900097 0.43847347625537197446
680 176 0.33703078005535197503 0.33634545303367502367 0.43843533827708597306
668 164 0.33699628265922698667 0.3363570585539010227 0.43838511879693098372
666 162 0.33693525435688098657 0.33631840501060500381 0.43831195316617999058
662 158 0.33687534622656600813 0.33625189874442601434 0.43823865067890199754
665 161 0.33683512566983397907 0.33622220118019602308 0.43823764197391001929
670 166 0.336810844865706005 0.33620845148619199483 0.43823753133564702367
654 150 0.3367381923498939944 0.3361716460233989956 0.43819395559802498674
669 165 0.33677230705515298625 0.3361171875681979726 0.43816601668939297864
665 161 0.33680028805926198743 0.33615247557365302011 0.43815325093335999451
650 146 0.33680112086030000729 0.33613054025196598129 0.43811346479540097532
645 141 0.33674864998603798449 0.33607250256882198469 0.43803162667191902768
653 149 0.3367214399099420219 0.33603713110867700076 0.43799413593370101205
667 163 0.33672664559358900238 0.33602046968417298434 0.43795264716167398023
662 158 0.33671137722338700948 0.3360372195810270024 0.43793235350305598219
655 151 0.33669822909404500955 0.33601846603742002717 0.4379135701730539898
650 146 0.33663793736227798359 0.33598227517398798758 0.43786249449032199621
669 165 0.33661855706302601376 0.33594418964630001767 0.43782233190230601672
668 164 0.33654440929686701978 0.33595135174639600972 0.437786064688118981
657 153 0.33651584174270499084 0.33592688469189002642 0.43774618238578300033
673 169 0.33650648681462097533 0.33588985778563901219 0.43774500325142001733
679 175 0.33650712860646497804 0.33585277494222098849 0.43770228550536000034
680 176 0.33648413637793100905 0.3358715502495769889 0.43767681348033599109
669 165 0.33643991810434098477 0.33584913372670599507 0.43766545291827502195
675 171 0.33646889200757501559 0.33583356672636899276 0.43765218674116601605
673 169 0.33645974597799099826 0.33582093903130399992 0.43759351083968500706
667 163 0.33640790704489298424 0.33576457360472400371 0.43754685991119901534
677 173 0.33637851501428001066 0.33572218664395497845 0.43748214483462799507
675 171 0.33632868994760201087 0.33569920122772300974 0.43746895841492799972
686 182 0.33634193362565500962 0.33570143335842200782 0.43741340164109399069
697 193 0.33635124808498101379 0.3356900107464029781 0.4374202800318839901
681 177 0.33631625557022598594 0.33567562076324397591 0.43742987530093702109
664 160 0.3362522196292599963 0.33567111018198797501 0.43739834092324197945
679 175 0.3362277410853120041 0.33563668826930798117 0.43737719097048899375
664 160 0.33617450305989898807 0.33562246925354799476 0.43731356486392902738
670 166 0.33618213822396597612 0.33562284182612001082 0.43728110151609600464
679 175 0.33618592163674898554 0.33558448469746698928 0.43728641760724401566
678 174 0.33612400770036399145 0.33551914779149299983 0.43724703972199902013
671 167 0.33609316003912598214 0.33547891525287698578 0.43724098040570097412
678 174 0.33608152189504897356 0.33541462288552298388 0.43719021401361701784
676 172 0.33603819304120502443 0.3353765955167349877 0.43715244133948100158
687 183 0.33601109150975999595 0.33536761061646297444 0.43713565054712000268
682 178 0.33598407824833098623 0.33538060191327401238 0.43708381998754597397
671 167 0.33595933487323498268 0.33534159078061598347 0.43705872520873301212
672 168 0.33592451354161700916 0.33535456343633501808 0.43703723969444902009
654 150 0.33591123066480499393 0.33534136546088399999 0.4370046334929100218
659 155 0.33588720098688801263 0.33533809116336599221 0.43698449309143500008
669 165 0.33589963585763799037 0.3353405244123719986 0.43698854337089398925
660 156 0.33585476984388001886 0.33532956447854700421 0.43697240079026000714
658 154 0.33583857925812299339 0.33534351123072897449 0.43696032094430098391
658 154 0.33581279758485299558 0.33534403288786301944 0.43697530802179301856
660 156 0.33576617275448000788 0.33529970475724002466 0.43695455007796302205
664 160 0.33577585590640901536 0.33529637104747500587 0.43694759795878901354
644 140 0.33577806031246498764 0.33530238456960198556 0.4369154298609739806
657 153 0.33576861146226399946 0.33527532847786400971 0.43692567253531700011
663 159 0.33575353330080298653 0.33527027296775302467 0.43691109761697799474
655 151 0.3357244069111079976 0.33524037570634601657 0.43689877592214498847
650 146 0.335674217322344981 0.33522102516383800452 0.43689037830187299472
662 158 0.33565641209499702535 0.33518560692229798503 0.43687612443662399153
658 154 0.33566998577429402184 0.33520420790223498519 0.43688129566543798532
646 142 0.33564391623804601394 0.33516775585408598026 0.4368364712005560202
650 146 0.33561673026177402113 0.33514382623718097509 0.43679882563232902415
640 136 0.33562841778202401333 0.33517851414590799086 0.43679791451320898465
655 151 0.33564387899190301079 0.33515552970784801001 0.43677109535725699985
648 144 0.33560546559240700404 0.33509834657470699559 0.43675997604041699729
649 145 0.3355679976416010013 0.33506125628401700611 0.43669465045729100039
640 136 0.33552868157256499071 0.33504303987993799829 0.43663259405339799324
659 155 0.33554312488764098665 0.33501072056840197622 0.43659274807422598919
676 172 0.33554246163146900228 0.33496523262950100852 0.43655666519407798631
691 187 0.33550878798828198679 0.33491611984640601296 0.43651649001259301697
683 179 0.33546396234790198942 0.3349103740286950015 0.43648019718658198629
670 166 0.33541636102960198373 0.33490456927730199999 0.436446578630836024
671 167 0.33536317196021697695 0.33488103292643500719 0.43639601903485297774
681 177 0.33532507338636602379 0.33483869695330098493 0.4363450720010320083
671 167 0.33527300367288698224 0.33480380840751000626 0.43631574571052600398
679 175 0.33520401704619001704 0.33473056418962598979 0.43625800999868097341
680 176 0.33516064917409499335 0.33464705270431899242 0.436183597586621008
687 183 0.33513879485349301612 0.33459648807306302531 0.43615130172527000196
676 172 0.33508611855771397448 0.33457693635634300211 0.43613244854361699065
669 165 0.33503987701570397961 0.33459484025805802387 0.43611154411610497661
672 168 0.33501621679107901342 0.3345856019010149951 0.43607990625618497926
672 168 0.33498988699109999434 0.33453987179968097676 0.43605435498964201235
663 159 0.33490669040606402262 0.33445125962578098333 0.43598942254137001973
664 160 0.33484585687815499044 0.33438515808049101841 0.43595409948038998937
672 168 0.33481777188754402452 0.33432288434459200843 0.4359324946708689752
684 180 0.33478039813743498687 0.33427755708549300451 0.43592077956161401353
697 193 0.33476072568012399389 0.33424249107266401637 0.43588414173933298645
673 169 0.33467512469360699567 0.33421860179564200077 0.43588142959227699214
667 163 0.334631402303812997 0.33419845838525197301 0.43587650216882400933
683 179 0.33461750597423101095 0.33415890545202397988 0.43582853022861600678
686 182 0.33456364349860501228 0.33411656620962398856 0.43580759979090399892
681 177 0.33454056895753697676 0.33410304918669597729 0.43580280783883801332
668 164 0.33448878782815899546 0.33410906381193899994 0.43577754398794898982
680 176 0.33448423368276697376 0.33408629935168798752 0.43574307241672599611
673 169 0.3344482905060209843 0.33407376350382500529 0.43575283909244100222
668 164 0.33443361422764600333 0.33407693502826202314 0.43574584975455998848
674 170 0.33444113366964300926 0.33405418593468499955 0.43571288795441798225
677 173 0.33438955887718502247 0.33401955025453600179 0.43567852437357201811
673 169 0.33433342282381101063 0.33399046421774497562 0.43563496056253098176
691 187 0.33432716933656098091 0.33396699428782600227 0.43563706467394597288
681 177 0.33425184554530501524 0.33392415703835898189 0.43562233838573100053
685 181 0.33424293562077800335 0.33388595996680398015 0.43555376063693801436
682 178 0.33422209709513900355 0.33385427164724001958 0.43552047456030201777
693 189 0.33419937060511101246 0.33382356593076500939 0.43549866301237100119
708 204 0.33418685864922298423 0.33376165002941099447 0.43548171161698301379
698 194 0.3341541139553800277 0.33376318842164998113 0.4354305686197649794
702 198 0.33412697320341300244 0.33370781566565999032 0.43537869713954802098
717 213 0.33411728461190498551 0.33364702256544498393 0.43534378271109702707
705 201 0.33405994700118202267 0.33361931002531497459 0.43527457311658801498
703 199 0.33398982033040297557 0.33358523126886902022 0.43523644601246497254
711 207 0.33391795530432200056 0.33353747119779397767 0.43519502315311797691
701 197 0.33387273724538202302 0.33353641969626601771 0.43518130608451199848
689 185 0.3338641683605860222 0.33353078619054898901 0.43516324832958397373
690 186 0.33385101248638299198 0.33352517196872100147 0.43510800129978099982
688 184 0.33383422426136699634 0.333524129298500005 0.43507458390046599428
680 176 0.33378009485841197979 0.33350211155145498276 0.43504489510717297973
670 166 0.33372602829499198318 0.33348285227346202708 0.43499626985642697585
691 187 0.33371846243261299447 0.33341441549689698753 0.4349464093946899812
685 181 0.33366085050660398981 0.33341982710259499001 0.43495349231374397236
685 181 0.33361425672488698169 0.33338792533906197457 0.43492741783388100263
682 178 0.33360589384767197485 0.33338970798746997426 0.43488452097784502381
674 170 0.33359481610316099598 0.33338603324910398573 0.43486274327845197973
667 163 0.33358103932990501583 0.33338054987201598545 0.43485166169919697854
652 148 0.33354825194900300511 0.33333968483741499567 0.43482478080512698693
657 153 0.33352455472964798178 0.33328890242882902584 0.43479308499934699039
669 165 0.33350087074081402605 0.33326174540342101693 0.43475309389297300822
659 155 0.33348266649199198586 0.33324277921366501909 0.43473012213233097611
667 163 0.3334708019384879929 0.33321931381880298684 0.434697373765327022
674 170 0.3334390785515249922 0.33317236215169698799 0.43466066063560898636
659 155 0.33340649633146302033 0.33314356200687700316 0.4346299532212429817
660 156 0.33338117339857598065 0.33309313344277802216 0.43458513483957000867
656 152 0.33335227549389401247 0.3330707467736149785 0.43455068206517299956
660 156 0.33336037643914401274 0.33305919717693899251 0.4345021622742820111
652 148 0.33330991187134800802 0.3330134408883830277 0.43445869240712797765
680 176 0.33330272801322902154 0.33298750702369700472 0.43443046327111500826
655 151 0.33330274808369897421 0.33304084646509501955 0.43443945388448201861
679 175 0.3333144559946780161 0.3330131534560999973 0.43441044614827400983
657 153 0.3332911126313560235 0.33302148516923901767 0.43438363244465499902
659 155 0.33328754615661598804 0.33297500309744698654 0.43438819447288901099
671 167 0.33329834618348497255 0.33297614848748502414 0.43438785356512499281
657 153 0.33324816369693599505 0.33295665813676800227 0.43435328341265599938
654 150 0.33323925717375502131 0.33292377016695401393 0.43429248203220099933
658 154 0.33320709105470497358 0.33289180257306000277 0.43425643232715899211
652 148 0.33320717644695702075 0.33290463583893298294 0.43424480041662000263
677 173 0.33318402128546098506 0.3328458731342360255 0.43421280619526098077
681 177 0.33311801441922000988 0.33279345278548100318 0.43419759781307298852
667 163 0.33310656260122201155 0.33280725822785200974 0.43419036861491600021
660 156 0.33307725869783899597 0.33279508993395701122 0.43416928740085597438
654 150 0.33304265483890599375 0.33279007469048199619 0.43413115496310900054
644 140 0.33301609112960600667 0.33275479367707100353 0.43412363640199802539
638 134 0.33298335043084498208 0.33273024645408200151 0.43412529598208199344
639 135 0.33299336528232098553 0.33271376457366502732 0.43408765496244799964
638 134 0.332992702676574992 0.3327026385095689931 0.43405354275105501038
666 162 0.33301160617307401512 0.33266482292830801271 0.43404479170224802287
655 151 0.33297716147819400589 0.33264393977667700009 0.43402303389917301635
663 159 0.3329703044108470178 0.33262131784921800115 0.43397964789087700721
654 150 0.33294838601435100545 0.3326191680187030042 0.43398257870770901024
657 153 0.33295660937714799399 0.33261254647789900707 0.4339636711300750016
642 138 0.33293382620554301532 0.33261747820451698088 0.43397213169452897308
647 143 0.33294738127902501201 0.33261797445336799273 0.43398351732325501917
659 155 0.33294853218176201359 0.3326051584501479863 0.43400080537818397364
661 157 0.33296118422883502763 0.3326312829740429855 0.43403681665989202187
640 136 0.33291285163356398868 0.33265381862435999816 0.43404585725130701013
666 162 0.33297583013478398994 0.332670161782953 0.43403519290248099294
662 158 0.33299635052827897264 0.33268562321714401087 0.43403331937015299236
651 147 0.3329604269636879943 0.33266315173969601693 0.43405459396245499315
648 144 0.33295979236672701429 0.33265833225298102604 0.4340612787403830275
647 143 0.33297939497583700641 0.3326570400536469907 0.43408447760070301147
658 154 0.33295677695809400287 0.33265303428249698436 0.43407022725502597549
640 136 0.33292096509905300117 0.33265611972345199288 0.43406990493874997306
644 140 0.33289486864424000512 0.33261613021367697485 0.4340654480153229855
646 142 0.33290043175917100049 0.33264466076639598313 0.43405808287657599021
656 152 0.3329182637622339902 0.3326424624840469968 0.43408620439535100521
645 141 0.33292992859648601334 0.3326841336465299892 0.43413835221638097384
636 132 0.33290653345515197614 0.33270381524696501785 0.43415825614026398727
639 135 0.33287880340310799232 0.33266832786521999266 0.43416247882996600316
639 135 0.33288525407844099524 0.33267580551448000525 0.43414484031947297993
635 131 0.3329187853209780168 0.33270951010978699891 0.43415238711010900596
642 138 0.3329496470776929784 0.3327361247361539931 0.43421539964796901367
630 126 0.33298396669051200103 0.33279856976873400942 0.43423767522387501927
634 130 0.33301387044907299062 0.33280592237017198043 0.43423009824568897796
650 146 0.3330367679951929949 0.3328062537460619863 0.43425074849065098403
649 145 0.33306921268424199978 0.33282406402055997319 0.43427147633014101524
636 132 0.33305195704525397682 0.33281658070011799211 0.43426502932494498443
655 151 0.33307476938097901886 0.33278990902781202532 0.43425201279971697987
630 126 0.33306100928598997291 0.33282074043044002076 0.43421654738469900314
638 134 0.33306032166599802702 0.33282278622949401647 0.43421442878121602194
643 139 0.33305962640220598825 0.33279965789057497361 0.43420719334977497805
640 136 0.33307628781022502462 0.33279567650865399253 0.43421404590574397275
635 131 0.33306431247293599718 0.33279170898020299374 0.43420385180569298633
650 146 0.33310959349506802374 0.33281027994979500706 0.4342334523147610148
631 127 0.33309068030290100992 0.33285309338586599459 0.43424025797219700795
620 116 0.33311161056387800228 0.33289237726347498114 0.43422201687943301485
632 128 0.33314377414845597336 0.33290648685347601354 0.43423869361708700154
635 131 0.33317417727476400513 0.33295174311363900932 0.43425690534435201773
643 139 0.33319934857388400218 0.33296063298441397338 0.4342656080128510232
629 125 0.33323226040446501939 0.33301187328165898771 0.43430166147399501542
622 118 0.3332487250472470075 0.33303194383187900707 0.43432950628869998466
622 118 0.33326258134235497987 0.33304938389791000075 0.43436363754148399341
626 122 0.33329711747561702184 0.33308060943462397541 0.43440638467869402417
637 133 0.33334022745342400951 0.33309627683285697453 0.43446816222387502071
621 117 0.33336950623896499657 0.33313864689393302143 0.43453687665123197359
625 121 0.33337808946320202086 0.33313963398485202383 0.43453287447682598099
618 114 0.33337634020066997387 0.33313632985007102238 0.43454010565930900611
625 121 0.33338146823397302176 0.33313817481131102749 0.43454980231892498255
639 135 0.33340634082905601376 0.33316750910443798661 0.43458747714315498767
621 117 0.33341917341069199354 0.33319424052666402059 0.43459612535100899944
644 140 0.33344999562430599482 0.33319432431233497738 0.43458212513636901297
639 135 0.33345248810509597881 0.3332218546274809956 0.43458314658203001102
645 141 0.33347639815797597285 0.33324506103557999248 0.43460012278710702383
652 148 0.33346432424016697604 0.33322198782479700574 0.43463570170790699621
646 142 0.33344541956529299975 0.33321435449615899316 0.43462931590676201488
666 162 0.33345559662262602707 0.33323324171014701012 0.43463354605281701026
653 149 0.33343757048738498217 0.33327434082196200071 0.43464949215845899433
662 158 0.33344945236131401378 0.33330513536222000637 0.43467646443740698414
633 129 0.3334468202742290055 0.33333931032277497319 0.43466710771041000561
647 143 0.33349791122429700563 0.33336405317519401947 0.43469096984597199729
647 143 0.33354041713239201972 0.33339387907990897242 0.43470321973400299909
646 142 0.33353431867162297575 0.33341003515414902036 0.43467951424823098039
637 133 0.33351632217867299701 0.33340146813377902202 0.43469220204196701296
630 126 0.33352642014414302096 0.33340993468372998043 0.4346918718995370079
634 130 0.33355520362252100153 0.33341498764893401363 0.43469270724851699628
637 133 0.33354401506629199892 0.33339708428555997477 0.43467539363189200419
635 131 0.33353709632555800235 0.333371558170984017 0.43469409621716798009
650 146 0.33358108847573697542 0.33338002342909001108 0.43473439059498797388
653 149 0.33358092398712502202 0.33340035837100301386 0.43479025210456800909
648 144 0.33360619480190401021 0.33342235855714702497 0.43480829188312197786
650 146 0.33361363110864900028 0.33344772450453802337 0.43482310072414298574
653 149 0.33361345391127800175 0.3334586676278449846 0.43486016671103799869
638 134 0.33364627313978401091 0.33351867790836497996 0.43488215779072997291
652 148 0.33368242215150201169 0.33350586742700000231 0.4348945734361440163
651 147 0.33369486165122097532 0.33351842977280399261 0.43490653434633097518
650 146 0.33370561152306399411 0.3335411265933980185 0.4348931086561440007
641 137 0.33374418834116598154 0.33360093195144302491 0.4349236203431919856
623 119 0.33375069243584998269 0.33363534899174801529 0.43495910245735497357
614 110 0.3338043728298680235 0.33368741590454498169 0.43501473989006200771
633 129 0.33384786008156497328 0.33371165395964297318 0.43503900404595402529
626 122 0.33383997778086199615 0.33370298610307602694 0.43506775060844099512
613 109 0.33387082122008798768 0.33372545653659202447 0.43510557392899401608
614 110 0.33391754761052000466 0.33376977219320902446 0.4351266182358100032
620 116 0.33395161290238400964 0.33379050231357598744 0.43516420290751001154
623 119 0.33395877145399499586 0.33379861875654498471 0.43518616591963799056
623 119 0.33397515762365398428 0.33380082385678699897 0.43519222117572597952
624 120 0.33399827935698800374 0.33379465487612597352 0.43521751997577601268
624 120 0.33404650086903997508 0.33382789690528802407 0.43524497632048397833
624 120 0.33407201937585001561 0.33383677828652702502 0.43526175649667098178
631 127 0.33408576177646598371 0.33384232098284699619 0.43527310390890999736
625 121 0.33414555191046801941 0.33389721181249998327 0.43529982212609502623
620 116 0.3341985414338520255 0.33395704421156902075 0.43530769066547697621
641 137 0.33424474891711697389 0.33396166350328998496 0.43535253925063899239
636 132 0.33425503617850399474 0.33398716387765597924 0.43539676986929298774
644 140 0.33426859425444199747 0.33398171513174401692 0.43539570833466700872
634 130 0.33424965919097998635 0.33399800348680602768 0.4354078430286659751
630 126 0.33427826482496397764 0.33402257236926402584 0.43544347839092101271
640 136 0.33433012560998098817 0.33404210662998501391 0.43548669533425499178
628 124 0.33430204252749601279 0.33406585173910502418 0.43552802297882398097
636 132 0.33429558751896998325 0.3340654294234389754 0.43553200446150497349
625 121 0.33428085556186998284 0.33407744033758202118 0.4355389213328459963
633 129 0.33429931226867798388 0.33410524793830498336 0.43555625423363597548
631 127 0.33432451480587499493 0.33410308723545201204 0.43559982644029698884
630 126 0.33434298684795399348 0.33412252661265801068 0.43561161119197699954
641 137 0.33436229090147501219 0.33411127172940202623 0.43561486218873901599
644 140 0.3343948490377139926 0.33412239782692099155 0.43563374445085700781
638 134 0.33441497132665198855 0.33413931666115598285 0.4356604822427139756
629 125 0.33444987957109101329 0.33418098738369400591 0.43565915559423401549
638 134 0.33448230508963600061 0.33419041000611998671 0.43566787685122199125
639 135 0.33447741391413299272 0.33419980851476999151 0.43567457258457897851
626 122 0.33447174258319500861 0.3342315052593030078 0.43568485834847497928
645 141 0.33449825138369798649 0.3342235258552179733 0.43566527893780998548
650 146 0.33448098333143300165 0.33422880940389998461 0.43566132741203700274
659 155 0.33452476655659002525 0.33425380871350102163 0.4356712473960229759
641 137 0.33453891013467101923 0.33428286709659199571 0.43567608237723898235
641 137 0.33455384584893699262 0.33428473993156199162 0.43568789049499201393
636 132 0.33454976420252702241 0.33431712262542201408 0.43572370543258198694
647 143 0.33455228281519500122 0.33429016405903300146 0.43571820310824999067
660 156 0.3345547982355310257 0.33427149908279901735 0.43573866617234702225
650 146 0.33453264003466198773 0.3342840591134479955 0.43574711154648898548
651 147 0.33456400303356897963 0.3342768666801320121 0.43577041107524300267
635 131 0.33455259737620002269 0.33430584689845899149 0.43577342960590997878
637 133 0.33457154876067501936 0.33431098031993100594 0.43578796748554499141
640 136 0.33459457200164599566 0.33431445594332998006 0.43579339880327400136
646 142 0.33464049396830197747 0.33434827484435697409 0.43580607828590400832
637 133 0.33465531806133702597 0.33437222930292198608 0.43580856442934001738
632 128 0.33465374722581897604 0.33437160200109899977 0.43582024288062898298
646 142 0.33466441331423102401 0.3343308697446359945 0.43582195816503499497
630 126 0.33466859192241799059 0.33432199962169001362 0.43582879827998899369
638 134 0.33466943687563799337 0.3342911666205279908 0.43581381377646200015
647 143 0.3346613058034080268 0.33426204302994200201 0.43580393944241602178
661 157 0.33466942694716200757 0.33425252144554501443 0.43581231662882602418
653 149 0.33466773614446099216 0.33428537892637100182 0.43579877963658897322
652 148 0.33465391543141798092 0.33426850964746601669 0.43577958649482900766
646 142 0.33464582315502000576 0.3342663149659669819 0.43579373227677298264
647 143 0.33463365572784398161 0.33424703676862799195 0.43578731356903799288
661 157 0.33465482286672598722 0.33423999219297401142 0.435769227482106003
654 150 0.33461656613646700853 0.33424596750518298371 0.43577293300909397678
645 141 0.33459385835093502504 0.33423238384746301044 0.43574027380103802498
656 152 0.33459879752410298659 0.33422295816409097746 0.43571666177186202384
644 140 0.33460213928389997973 0.33423050060392300864 0.43570200391572799781
637 133 0.33459497063936199934 0.33419910261473501079 0.43570212450004702776
630 126 0.3345699421395090245 0.33417182521373200998 0.43567617400431302155
638 134 0.33455867167734998358 0.3341356838714569788 0.43562584933082298955
638 134 0.33454904826922199357 0.33411820108230599891 0.43563261954340398718
650 146 0.3345668796447029969 0.33410394808579302328 0.43565007939885197485
648 144 0.33459929426234802374 0.3341382345018120148 0.43566790262410298729
641 137 0.33458964620371001164 0.33415068509665502017 0.43566282123671901116
632 128 0.33459691991605899908 0.3341945951173619922 0.43565997813794599125
638 134 0.33465100628819399731 0.33422792480510798985 0.43565620329520399201
626 122 0.33463736348731398795 0.33421767983512401523 0.43564219816984300904
636 132 0.3346550932074410234 0.33421633980844300815 0.43562259275693898664
640 136 0.33465423089852902594 0.33424243229386602083 0.4356189787670159963
629 125 0.33465665961455798305 0.33427489153892997464 0.43560291656797500703
639 135 0.33467431516934098568 0.33428882341931698274 0.43560337124726999924
651 147 0.33470714631871600897 0.33433087043672798933 0.43564299083638902133
639 135 0.33471674921288802063 0.33439299322909998846 0.43570212211647801892
633 129 0.33472312546587001947 0.33441724234198000332 0.43572353211962899788
638 134 0.33472226234068297446 0.33440775315384901889 0.43573963385054398367
650 146 0.33474622140565202244 0.33441913839603698566 0.43575404870432299376
631 127 0.33474224796336199406 0.33444011934935802266 0.43576431917825997342
629 125 0.33475743085677800437 0.33445225096994002367 0.43578339068839200277
637 133 0.33476940071722999237 0.33445803964809600606 0.4357915354845879885
644 140 0.33476533906055300216 0.33443977227918197936 0.43578888964895901026
649 145 0.33477491220920202464 0.33442229737752898755 0.43577304467377497854
645 141 0.33474363983648097731 0.3344232820713790022 0.43575534252569797511
648 144 0.33475162012832898606 0.33440342685391399868 0.43575054004690100262
652 148 0.33477235451080500361 0.33440517548841197648 0.43572015612854997357
648 144 0.3347531850936270037 0.33438218593564200676 0.43571053126208797446
640 136 0.33476267574733198362 0.33441263403495602446 0.43570379819186400017
636 132 0.3347626662069499992 0.33441518867461300646 0.43567852897439701687
647 143 0.33478576615751498569 0.33440820918437397236 0.43566392865584602223
638 134 0.33477774037360097381 0.33440912063856298442 0.43566185911739901959
646 142 0.33476090722041901282 0.33441093667907001441 0.43567170486044998201
647 143 0.33478065971297898962 0.33445723605692700975 0.43569576037188201267
636 132 0.33477347034016402549 0.33447166483882001531 0.43571936133023198012
641 137 0.33477894315601397501 0.33446143073791301248 0.43573073792855099295
636 132 0.33477895548562497385 0.33445361349778701676 0.43575453588405599348
641 137 0.33478285692456399847 0.33445854326864099537 0.43573701661088798387
641 137 0.33476213230931800569 0.33445472052415697872 0.43575729967108700613
655 151 0.33478190622291997824 0.33444458437309898535 0.43577101056791400779
635 131 0.33476442749425999734 0.33446526781648799886 0.43581315063819697775
628 124 0.33475877453111202442 0.33447482895285102211 0.43581170531143298419
629 125 0.33474054696258898067 0.33444725626235499716 0.43579556916161099611
637 133 0.33474367361565099399 0.33443714103454297293 0.43582099110169197909
631 127 0.33475629256657402077 0.33444988771205602651 0.43582820835202701337
643 139 0.33479720451819000582 0.3344736723723050198 0.43583802704235802272
632 128 0.33479876014401499518 0.33448244042821900779 0.43583281146549102125
635 131 0.33481203327468600506 0.33450068101771002205 0.4358419800991050197
629 125 0.33482380244430298699 0.33451652849514901256 0.4358409826426560274
641 137 0.33481343618394499018 0.33450961218149100063 0.43585425832191698747
654 150 0.33481407348231700949 0.33450107410038798506 0.4358743303629549759
647 143 0.33480768550220002533 0.33452480381946597676 0.43588054846337798143
642 138 0.33480835694706700956 0.33454059292401000514 0.43588427850961597443
640 136 0.33481774698915001132 0.33454696274432299541 0.43589042290895901877
650 146 0.33481842200615302696 0.33453685581439202013 0.43589903705057497785
663 159 0.33481513556176001334 0.33452676873167602745 0.43592234495846798881
669 165 0.33481657784367901964 0.33453709628770200712 0.43594704324750099822
665 161 0.33480791289716099746 0.33454270988051698632 0.43597050383351798608
646 142 0.33477729749968299089 0.33455846066275701789 0.43596274503760501506
642 138 0.33475451710976600328 0.33456091316829600357 0.43593987506027798151
653 149 0.33474900394588502639 0.33453361532839598347 0.43593208320613002771
664 160 0.33476072773584897302 0.3345141629161609842 0.43590613003393502423
668 164 0.33476535675117097268 0.33451975652454302157 0.43590994314233300067
680 176 0.33478089777024799822 0.33451908926367202035 0.43592736340744697721
657 153 0.33475111893402798025 0.33455664511155097651 0.43594530495073802179
674 170 0.33476966119894802087 0.33455824698393998862 0.43593435407543701388
665 161 0.33476645695758200372 0.33456917765203297854 0.43594597282211200451
651 147 0.3347594357580159774 0.33458091181466698139 0.4359759840512170137
664 160 0.33475857656186802647 0.33455916711758998394 0.43599088997928597822
650 146 0.33474684061207599095 0.33457476492500098919 0.43600437257466201357
645 141 0.33475928344762401201 0.33458023746328202641 0.43598847741185797755
647 143 0.33472118612379997415 0.33452819627703100913 0.43596458483956301855
664 160 0.33472732186379400288 0.33450262683066001035 0.43594460805179702234
662 158 0.33472652338851399678 0.33451284966097399876 0.43591437539709998461
654 150 0.33472102315091400992 0.33453077454890001174 0.43588644784995300707
647 143 0.33471401128341499165 0.33454404999770898099 0.43586171580813898307
655 151 0.33471786086931298865 0.33455273586407502373 0.43584673700222698045
663 159 0.33470929435654300788 0.33455055135017197632 0.43583553121720097767
671 167 0.33470766444885202695 0.33455996803237897375 0.43584390781072501753
655 151 0.33467987999337600602 0.33454686451481302489 0.43585790215455300078
643 139 0.33468533025287999783 0.33454452642736398627 0.43583358667677402076
659 155 0.33468689593714601171 0.33450208589789998115 0.4358095688703390036
665 161 0.33469226082991498927 0.33449908570635900062 0.43582103045129999552
671 167 0.33466753401208299001 0.3344667603975309822 0.43581967839709001566
677 173 0.33467526427864302541 0.33444523406551901479 0.43581803068736801876
652 148 0.33464291082231800711 0.33446309384646599749 0.43581511049353699461
656 152 0.33462213111456401426 0.33444011801515299842 0.43580404087307200722
671 167 0.33461440746394799373 0.3344279798102789969 0.43580741415244400594
666 162 0.33458290821549002692 0.33439189610456399038 0.43580512561034201457
647 143 0.334529884558181001 0.33437355017776498878 0.43577143424372699609
654 150 0.33451538823278698098 0.33432678821802297442 0.43571207723176197391
661 157 0.33449397862369201206 0.33428933717502201661 0.43568631701237398035
665 161 0.3344787955135010149 0.33423345790611802553 0.43566729545276000612
656 152 0.33442902193602097594 0.33420453315510001424 0.43566013246477802712
659 155 0.33440377630118800489 0.33421789734530898963 0.4356606813991300009
669 165 0.3343992974285029951 0.33421435817378497557 0.43567447558631799964
658 154 0.33441704653992698759 0.3342367691472429847 0.4356824050712310159
667 163 0.33441255014262999401 0.33422783018574397929 0.43567960746636197333
660 156 0.33439280690042200161 0.33423423216476499942 0.43565606058119998867
648 144 0.33437765907351402195 0.33423980392620100677 0.43564265521271999804
664 160 0.33435940690884202731 0.33423476116673200842 0.43563403515242499209
664 160 0.33435426822486902232 0.334226621672900015 0.43562555029666100159
644 140 0.33432317089846802505 0.3342214870572379759 0.43561671146749497696
675 171 0.33431724522897798835 0.33416682695313598694 0.43559426649500698758
663 159 0.33426559673547501239 0.33415569108870701864 0.43560001739562298484
652 148 0.33424984400957602482 0.33415444716547798576 0.43558323610775301349
658 154 0.33424396572717501863 0.33413337904946799339 0.435575843627392989
658 154 0.33423125828887301214 0.33412225372243098409 0.43554792830128602477
659 155 0.33420946357480701971 0.33411500373253100182 0.43554497932027397278
664 160 0.33420972221512601497 0.33410543130914199805 0.43553725044400698474
659 155 0.33416134913324002653 0.33406772354921698831 0.43554253764745198829
649 145 0.33413655898963401381 0.33407718591147600451 0.43552888068073897232
651 147 0.33412701483865497876 0.33406691544592698184 0.43549851610023798676
664 160 0.3341265652292920163 0.33404906927686200957 0.43547735157469802392
664 160 0.3341184976676209728 0.33407221128495601103 0.43545083366284398352
655 151 0.33408696877146598636 0.33407786666105399043 0.43544472523498600758
664 160 0.33405849265189402342 0.33407599218768202487 0.43541765176540897508
667 163 0.33404598655869299773 0.33405968175411099308 0.43539189268965799995
671 167 0.33404938730807398617 0.33405171924282400786 0.43536867392683897826
661 157 0.3340232829654969926 0.33404676414037898224 0.43534688662636100709
661 157 0.33399495625735797777 0.33400172390252197419 0.43531590460836899759
656 152 0.33396741284161801655 0.33399153929436498078 0.43528459725876800235
661 157 0.33396325910695201511 0.33398436172330497884 0.43526250685273198959
662 158 0.33395689930050398431 0.33396588737141197356 0.43522358186027598759
660 156 0.33394075182658700118 0.33394970916340199762 0.43521322922899102759
671 167 0.33394567553018700279 0.33394485866224399295 0.43519646122118699205
668 164 0.3339174657078149977 0.3339286844691720102 0.43518537353798097955
649 145 0.3338779894958079919 0.33393057667421899293 0.43517018743498397937
645 141 0.33386114494443597245 0.33391366789432497253 0.43514199401178199622
643 139 0.33382551848436897712 0.33389152689183898559 0.43512271184555700865
648 144 0.33379971656441398409 0.33384685133691199832 0.43510913248756799554
655 151 0.33378067096065699992 0.33382702690442001003 0.43509719417146597298
651 147 0.33376091168631599748 0.333827512087100986 0.43508300827950002754
657 153 0.33373291021589801542 0.33382350954079498262 0.43510280815661800391
660 156 0.33371766604334301975 0.33383223761873198621 0.43512015536098902491
657 153 0.33370622458761001194 0.33380418866228200869 0.4351098511210749753
647 143 0.33368582230888399476 0.33379343212643497463 0.43508952935785799587
668 164 0.33367962609282197928 0.33377447731104298301 0.43507826821416900609
656 152 0.33363681620972202024 0.33376299656344199374 0.43508547795307001005
649 145 0.33362393936195100519 0.33378746288145499932 0.43508271950493399016
661 157 0.33363496272860998504 0.33379993853298900452 0.43509990883179200383
648 144 0.33361538857512001988 0.33381462390878102742 0.43511167198602701545
661 157 0.33360030246484001504 0.33379270164513502595 0.43510667135585101573
667 163 0.33359344430830201178 0.33377228638476502676 0.43509456606141400092
668 164 0.33358287001373498892 0.33375263274444799677 0.43508252520016199583
670 166 0.33356113444881402286 0.33374793908800098885 0.43506368607580298002
656 152 0.33352900868411600177 0.33375217432057502354 0.43504788686379297635
669 165 0.33353261487800300866 0.33373481322172199315 0.43504667050884598956
655 151 0.33350203670227202002 0.33372788729677599351 0.43504763776050597857
654 150 0.33348634381380798386 0.33371203835485702127 0.43505937775765401998
648 144 0.33348180779461200629 0.33369991478579802413 0.43504482532071897527
650 146 0.33345650185012398747 0.33366329790598797667 0.43502916793863399825
637 133 0.33344012173803999621 0.33366757133678798253 0.43500113062773299033
636 132 0.33344970514126198724 0.33363395863321598789 0.43494636105706502294
645 141 0.33345779022272598047 0.33361375583582897342 0.43491153558945899738
648 144 0.33345846373846699251 0.33360099472091597761 0.4348954105174039908
643 139 0.33345099188304000437 0.33361196206425297595 0.434884330937295005
655 151 0.33348199229561897861 0.33361403352774898767 0.43490673032335297465
656 152 0.33349447712829899393 0.33362868804694201241 0.4349070941909199961
661 157 0.33350989796115798613 0.33364776593710798736 0.43492641878056498284
659 155 0.33350537043649397528 0.33363945102819198008 0.43493357286974598797
648 144 0.33350896729370899108 0.33365035448655100403 0.4349161909000540116
642 138 0.33351772236690602202 0.33365237832458499723 0.43494366961656000248
642 138 0.33353530975295397898 0.3336640021249889787 0.43496510155046197443
646 142 0.33355582618077700419 0.33368891406897199792 0.43498563695304798271
656 152 0.33357631019678102291 0.33371232397875200126 0.43501798266714697405
653 149 0.33358058377521898619 0.33374160157514798364 0.43504760136173697971
648 144 0.33358927854267100832 0.33376200956272000786 0.43504355837525499062
643 139 0.33360898491781498798 0.33379048073281897269 0.43502690121965298387
645 141 0.33362058515547199367 0.33381600178278197921 0.43503141558791902366
645 141 0.3336417162825460192 0.33385104815115401733 0.43506167665613298956
662 158 0.33366501413239002538 0.33385664956995297903 0.43505946672791301344
641 137 0.33366630728875501521 0.33389087960012298062 0.43505821075683298593
645 141 0.33367272663225699958 0.33389720377455300859 0.43503856816597502588
643 139 0.33366596476964099915 0.33384841941140702692 0.43500350481768301769
649 145 0.33366870378514501549 0.33385254755906901281 0.4349798570023890032
631 127 0.33364363891773501924 0.33387353195271102235 0.4349809401114629881
642 138 0.33363834250481899657 0.33384832448325002519 0.43495317780083397885
649 145 0.33364621255245002773 0.33385464601550801644 0.43498664300826600515
649 145 0.33367673490786498025 0.33388290772345802226 0.43500322624491899459
656 152 0.33367579633527999494 0.33389139149498797687 0.4350231860273640061
646 142 0.33365809016636199802 0.33390059101452002066 0.43500542064489200467
662 158 0.33366446906251301385 0.33389738744964897466 0.43502825477676099197
648 144 0.33363439543304002077 0.3339058464240919899 0.43502802588034900078
660 156 0.33363933021580699512 0.33388875264864098513 0.43501789843534000024
664 160 0.33360784116627201223 0.33386803456737601525 0.43502818679143601122
645 141 0.33358731628008797543 0.3338772046465259824 0.43503238050213299815
648 144 0.33358136165293000852 0.33386890513748002096 0.43503404482156499133
649 145 0.33358050754971801943 0.33382487230836799252 0.43499887522366098569
643 139 0.3335789239635419956 0.33381730689381999833 0.43495942058042902367
643 139 0.33358822363174300829 0.33383668330121801793 0.4349362288861159942
644 140 0.33358518008784798781 0.33382694832454301581 0.43493268673006801883
630 126 0.33360537288933500566 0.33383318693652802578 0.43490678397305998493
653 149 0.33363859027774700472 0.33381187137347601013 0.43490434428386998134
655 151 0.33363913641716097525 0.33384357777816398016 0.4349247675102370092
649 145 0.33363028566017099985 0.33384548422125398526 0.43490643108770699055
659 155 0.33365183948086302168 0.33384956040871699434 0.43492021383536200174
652 148 0.33364008490579599719 0.33386958620047302304 0.43494234338346898783
662 158 0.3336435238503239753 0.33387148292370799618 0.43494929265983300892
636 132 0.33364841573460701785 0.33393925178771100004 0.43497520316640198024
629 125 0.33364393226848398921 0.33391067672821300727 0.43495028721089301627
635 131 0.33364232156939999108 0.33389155829292899158 0.43496264202326700987
632 128 0.33366525455760198682 0.3339093219082340247 0.43496635807873701429
624 120 0.33367229266975101387 0.33392417186828399212 0.43499474715920399825
619 115 0.33368941402309099109 0.33393610478188900936 0.43501746045101097327
636 132 0.3337130012852509986 0.3339184640851640129 0.43502720948552398017
641 137 0.33374878227307397394 0.33393686104945902171 0.43506728736442801253
642 138 0.33379173961875202581 0.33398122904086102736 0.43505735573477899436
640 136 0.33379799963243800276 0.33396069855713100827 0.43505475786918501591
652 148 0.33379918691224502725 0.3339373258744919859 0.43507484035988702731
652 148 0.33379822937050701581 0.33392908793352199526 0.43507308330921701245
650 146 0.33377428083831600647 0.33391223304920397696 0.4350793950336340199
649 145 0.33377836541081401522 0.33391120972312798854 0.4350760416313950163
634 130 0.33374371513117800925 0.3338951052560860111 0.43507427960796901667
634 130 0.33372988043280199522 0.33387542164346700746 0.43505328883578997523
658 154 0.333738284197382995 0.33379472463908399504 0.43503452817189497415
668 164 0.33371944339905701415 0.33376149749807199063 0.43502419614965598393
666 162 0.33370348255215298572 0.33375481967409298401 0.43500490648609002609
657 153 0.33366464374041499008 0.3337402716305969963 0.4349808252135710096
665 161 0.33364586842129700939 0.33370066291102501443 0.43495523391160301196
670 166 0.33362282106798801795 0.33368688191548800948 0.43494347599762300804
665 161 0.33359622296112201312 0.33369099172879101989 0.43493812185106200952
661 157 0.3335753681385090208 0.33368364385787602222 0.43493641142575301117
657 153 0.33355383153009998676 0.33366630368539501594 0.43490991763116498836
669 165 0.33354016402315600498 0.33362041631245398232 0.43490547348874297739
675 171 0.33348729594536602461 0.33356958404101400006 0.43489066031873402363
679 175 0.3334971874084550203 0.33357231212985000157 0.4348732079778159787
656 152 0.33345295617887599215 0.33355292144805498422 0.43488111020780600979
652 148 0.33342584665631902485 0.33353498473648501843 0.43485271881081299927
652 148 0.33340303902522999691 0.33348857977210100145 0.43483215670312097556
657 153 0.33340442503096001658 0.33347853474619998382 0.4348152821227480036
668 164 0.33339657109167497584 0.33344786742429899373 0.43482491310155402253
658 154 0.33339937916843298549 0.33346273623067801406 0.43483054651807101498
657 153 0.33340360425898601937 0.33347759717484498632 0.43485150920567799959
654 150 0.33340924133779697991 0.33348106606138799846 0.43486004194594402028
657 153 0.33339785298382101919 0.33348240811066098832 0.43487569413642301885
634 130 0.33337655959945500239 0.33350290001525401129 0.4348700017659040129
629 125 0.33337228771208898825 0.33350777543699100525 0.43484271940431901138
644 140 0.33339138116970601367 0.33347791144094701687 0.43480691759007300545
653 149 0.33339771576711701995 0.33349484336643497873 0.43481660430550700402
664 160 0.33342808715300797928 0.33349829445702300346 0.43481580190761698335
670 166 0.33342662324374700011 0.33348830198862300378 0.43479442081947800025
662 158 0.33338489738330101542 0.3334804454093959758 0.43477029568292402395
650 146 0.33334321719721798916 0.33344855300281500687 0.43474043424701602767
658 154 0.33332698267470001197 0.3334195282305950081 0.43471507476572601725
643 139 0.33330512311573401441 0.33343855129622901323 0.43471294748990801926
642 138 0.33329667843077598333 0.33342508622937200302 0.4347126174006180066
653 149 0.33326428725353002269 0.33335096837472599773 0.4346744352832789815
654 150 0.3332417884206960168 0.3333072483194550184 0.43463472861384899737
653 149 0.33323549967940102601 0.33328048837128998461 0.4346054473881230118
653 149 0.33323484408730402739 0.33326502371400101854 0.43458028811580101669
641 137 0.33322012947357398938 0.33327772827214702245 0.43455593544479897972
640 136 0.33317943009349498817 0.33324187941942301494 0.43453545870657200867
643 139 0.33319496303967999218 0.33323490080039702699 0.43452068372778002159
648 144 0.33321328607192002291 0.33324830129101101761 0.43453906599058800264
639 135 0.33320211769341201435 0.33324413165254901381 0.43453745885405198335
653 149 0.33321341184964498039 0.33324277308057898006 0.43455452184312698405
650 146 0.33322118296141500782 0.33326035978694501516 0.43455634002837301155
653 149 0.33322124518651502489 0.33325619215656598904 0.43457378281834502243
652 148 0.33323251290641497935 0.33330109010090702704 0.43458060826944100441
656 152 0.33324166192494597549 0.33331301586163897266 0.43459364625747498589
638 134 0.33323121664963600841 0.33330742666943902197 0.43457520478180400314
643 139 0.33324664811253401631 0.33330114249414599659 0.43456125971116799089
634 130 0.3332355129797129889 0.33330675468326298461 0.43456315649204102503
630 126 0.33322648296714402205 0.33329418574342700721 0.43456805913554702459
627 123 0.33324468586268302106 0.33329630436899898571 0.43456010327413302496
634 130 0.33325519726844698987 0.33328305775965100244 0.43458954035847702224
652 148 0.33326639388773199313 0.33325586507891702404 0.43459351163570397736
631 127 0.33323646004011497901 0.33326009211582702241 0.43457527889065600268
662 158 0.33325741128020597293 0.33323294054585800295 0.43457556437830302531
652 148 0.33327694270851798697 0.3332615634811310068 0.43459557532437298466
634 130 0.33327001594693600461 0.33329781588521301128 0.43459585038615700103
635 131 0.33324918634662997752 0.33328043233963000613 0.43456240251030497923
632 128 0.33325340094848499017 0.33328741763802699483 0.43455471157402997262
635 131 0.33323607808415500742 0.33328604924707100343 0.43454308603185198834
630 126 0.333242376838310983 0.33329649915385600734 0.43453283157289801508
652 148 0.33329030458041097873 0.33327845758799601317 0.43452948389719997513
631 127 0.33326951490992601235 0.33329167681974697368 0.43454438107608900355
650 146 0.33327578963062498563 0.33328059390082398483 0.43456310356230498648
642 138 0.33328760175207400307 0.33334789945973497538 0.43459456085832698369
630 126 0.33330840220488100467 0.33339433971612597585 0.43460414825551302309
643 139 0.33332779614210100716 0.33340816822815200204 0.43461052071500599903
635 131 0.33333748399332302492 0.33343098085831501809 0.43463097174314502258
625 121 0.33334093902584899238 0.3334475412075850187 0.43464887831397397422
616 112 0.33335268384646699058 0.33345024312324800242 0.43465201381544998904
627 123 0.33338444705930297962 0.33345156165019101957 0.43464157345505799457
640 136 0.33342722110086098208 0.33347153868091300444 0.4346617881792380067
636 132 0.33341889648307798666 0.3334611089117590077 0.43468568095766801918
646 142 0.33343057598616798742 0.33344999616807402543 0.43468419962680199253
652 148 0.3334346605119020146 0.33346857411298197471 0.43471426398210699649
646 142 0.33342840490500402773 0.33348436604467401878 0.43468915976641397947
655 151 0.33343661628455401047 0.33349118544107198003 0.43469262434852401489
647 143 0.33343793872257498911 0.3335124622013970197 0.43469478217427998112
654 150 0.33344682501783201589 0.33351512597334798116 0.43471184480211999546
644 140 0.33344401866044598437 0.33352260057248100944 0.43470806694298097517
640 136 0.33342747180415299724 0.33350874477566200271 0.43470294762077998918
650 146 0.33341025408504099126 0.33346877739321700851 0.43467443162498597964
654 150 0.33339236512881997854 0.33345358965039700871 0.43466167032999197817
655 151 0.33339027808868698655 0.33343223368436097909 0.43465779162141099379
640 136 0.33337585068933001109 0.333433556294414013 0.43465007103544101019
653 149 0.33338405262126197259 0.33341223301821498737 0.43462535011799102724
658 154 0.33336210528410598064 0.33337721995977498413 0.43462914243707800876
663 159 0.33336688247598100787 0.33337308424520500916 0.43460459091845698998
661 157 0.33333607057078901148 0.33334840327086201484 0.43458810547069198771
650 146 0.33331828562800597249 0.33333538724370598283 0.43456820550692998317
660 156 0.33332649700192701347 0.3333087002121870035 0.43457495945596197329
656 152 0.33330805104221100654 0.33328887949590702 0.43456458803908698529
648 144 0.33329440449047598172 0.33327660028147798599 0.43455734127875400574
637 133 0.33328623152721797984 0.3332581884054109933 0.43452523699673600843
643 139 0.33327465617505497297 0.33323296319215300887 0.43451116405659701014
653 149 0.33328969117651102705 0.33323642914836898443 0.43451200496310199428
644 140 0.33329380300743999266 0.33326103326280698269 0.43447330181490900758
651 147 0.33330404092149801265 0.33325152621338699488 0.43444277844668699462
650 146 0.33327409840283600539 0.33323044468270102136 0.43442490559358298841
648 144 0.33325507089487999002 0.33321074375031500825 0.43441119705868297407
643 139 0.33321362107738300429 0.33317949670850899313 0.43437812423684701857
642 138 0.33317832777488898266 0.33314419491258501216 0.43434372301574197817
654 150 0.33318588310050500922 0.33314224511585999178 0.43432483494198098617
675 171 0.33320226149781900782 0.33313146389935699432 0.43432178547386801615
663 159 0.3331887484440160252 0.33314582581706797537 0.43432332068290102622
648 144 0.33315490280217402441 0.33314931645470802213 0.43432350562504301594
644 140 0.33315227563017602019 0.33313923303166398382 0.43428156072150397859
641 137 0.33315438861843899021 0.33311085109562399431 0.43428438863085000454
658 154 0.33318361042166300123 0.33311095969749099366 0.43427691024703801714
654 150 0.33317623924819700365 0.33309888644436297378 0.43425819383806901763
655 151 0.33316075220937702017 0.33308274954014499558 0.43425338364306398375
658 154 0.33311754988994402016 0.33303008457729699199 0.43423942679364502251
657 153 0.33308655447288398888 0.33300722379909597493 0.43422639104232402252
650 146 0.33307181433299898332 0.33300941723436600084 0.43421498434732902494
655 151 0.33305438652234398145 0.33298592171816099317 0.43421716992451198092
643 139 0.333039667204718004 0.3329921708264850233 0.43421416635631199243
650 146 0.33302700295467202452 0.33298490410025599617 0.43416830744504997242
646 142 0.33300490218821499067 0.33296955830625302175 0.43415911143101298952
640 136 0.33298282367814102667 0.33295355891731298614 0.43415603508504302388
641 137 0.33298636936840497746 0.33294095755802100012 0.4341651766567080073
633 129 0.33299595550585897596 0.33293309076140498171 0.43415485198671199818
647 143 0.3329981585571880065 0.33293125952079899443 0.43415349736570102435
643 139 0.33300437733405802154 0.33294290370524498579 0.43414600651064100267
637 133 0.33301059196750598668 0.33294983893168000888 0.4341418021539760197
651 147 0.33302823318723501211 0.33296278960850200779 0.43413832062257001754
663 159 0.33302167942432697734 0.3329481820246599777 0.43415600102394802384
659 155 0.33301042633726202213 0.33296045470969298785 0.43417253753499701618
657 153 0.3330146218128849922 0.33298279543830699989 0.43420008299480500336
652 148 0.33302082851264497299 0.33300713803833198456 0.43417939688229600925
649 145 0.33303236392965601675 0.33298719697908901738 0.4341882302743459987
653 149 0.33305194609357502422 0.33299944082995802663 0.43421646808411301643
643 139 0.33304270262384699786 0.33299425237607999106 0.43419289531916799296
643 139 0.33305021274136398235 0.33300915274264197841 0.43420970668509201174
648 144 0.33304835071259097923 0.3330093070517229914 0.4342161550955550009
645 141 0.33301239812747701619 0.33300878293534197372 0.43420064797634300158
644 140 0.33300519277355700165 0.33299021614309598505 0.43419223199248602185
651 147 0.33301137217507498223 0.33298103399454698215 0.43418231987651800807
642 138 0.33297482424976898585 0.33298787626021697506 0.43419377985112600493
648 144 0.33299970774331699719 0.33301209550514199176 0.43421544243475901359
635 131 0.33297588847653897259 0.33304562367510098797 0.4342277309994549972
651 147 0.33297473910203501113 0.33301974411052798208 0.43424192965681801537
634 130 0.33295759559760701451 0.3330345728552099871 0.434260377992140012
642 138 0.33296311241199000319 0.33302805494944298648 0.43427124445627302007
631 127 0.33295930102479598389 0.3330428647655639951 0.43426880799628098107
633 129 0.33295415766058000795 0.33302636283845898912 0.43425191896269699221
627 123 0.33295035664637501194 0.3330391567641650119 0.4342419030750350184
633 129 0.33294391591707200861 0.33304395029729999544 0.43421926910255698173
631 127 0.33294144606336001369 0.33303013982739299026 0.43422032757416900717
639 135 0.33295225727745797473 0.33302297761983101765 0.43420462496144401898
628 124 0.33293918347211598485 0.33303177339098899434 0.43419922734954502497
624 120 0.33294600327042001009 0.333039889738901973 0.43421783676636699356
633 129 0.33295349234882298806 0.33303340008772397418 0.4342213163693999789
637 133 0.33295500398471700176 0.33303884289067597901 0.43420885106407497434
630 126 0.33295254745684799147 0.33304628846948097776 0.43422049451653399466
631 127 0.33296398451846098698 0.33305901435933998878 0.43425478487993302013
637 133 0.33295557615181298194 0.33306509618719198906 0.43427755315228200317
630 126 0.33296038405774197599 0.33306193129623001825 0.43426230354391098798
642 138 0.33298304540260398321 0.33306801851447598306 0.43428926356980601664
634 130 0.33297199602793298157 0.333075427527807999 0.43431882126199000682
656 152 0.33301707591894602611 0.33307952219988201659 0.43433102867153899895
639 135 0.33301723182119402633 0.33311003912207098887 0.43435197092658800466
649 145 0.33304972060782900289 0.33314514147999402249 0.43435906881634001042
646 142 0.3330300884809149764 0.33314720872422798337 0.4343871248708979782
620 116 0.33303352395872298786 0.33317897203223900693 0.43440590018902097702
624 120 0.33305605993781500773 0.33317773461385802314 0.4344299011077399908
646 142 0.33306542388212001526 0.3331685801099369959 0.43443437111726801447
632 128 0.33305107160697100532 0.33317590426138798954 0.43443837483781500008
632 128 0.33305318315639897975 0.33317466650273297457 0.43441871119111702404
649 145 0.33309145117398297753 0.33318067051811300905 0.43443076749951897719
639 135 0.33311719282689500332 0.33322941536210198832 0.43445774528366998268
632 128 0.33312583720681399058 0.33325444720480201788 0.43447007788579899978
620 116 0.33310558700401998733 0.33323543499320301686 0.43448042759290100845
647 143 0.33313784607083801736 0.3332341652934189824 0.43449698220799698456
644 140 0.33313794297158599855 0.33324799722657699741 0.43451497312473197354
659 155 0.33314197299001202524 0.33323360247476901952 0.43454222902625400105
654 150 0.33313420282555800123 0.33322971651553701111 0.43457364889939698038
657 153 0.33313561236148897526 0.33323042253012502556 0.43461046224697602591
654 150 0.3331566528064069943 0.33326192109340702086 0.43462173678484899986
641 137 0.33313385276699197801 0.33327570727731997691 0.43463803895415897838
651 147 0.33312676984316902384 0.3332646088589120148 0.43465667047468697914
642 138 0.33313274856601499119 0.33328492251587099604 0.43467703721247602511
631 127 0.33313349437936701225 0.33329017830806201284 0.43469742566875002598
646 142 0.33314925782255699893 0.333283662857072005 0.4347327092100899959
640 136 0.33316043515470200598 0.33330393713066902572 0.43476007805355398883
641 137 0.33317486309867400118 0.33330003486480197505 0.43474923359619199736
634 130 0.33318992995331597751 0.33330592588176999325 0.43473554822175197732
661 157 0.33322062321463602474 0.33330202469012598643 0.43473582687212597442
656 152 0.33319854348763200402 0.33330921096316101782 0.43476305472137100061
660 156 0.33320186887722197389 0.33330922341229701766 0.43477266619390197988
648 144 0.33320128329157200353 0.33333072815345499151 0.43477959340315197601
654 150 0.33321630583122102687 0.33335025896146902591 0.43481707698033000842
636 132 0.33319752106812200454 0.33338083293414100261 0.43482813402615000387
640 136 0.33320472724727800973 0.33335804632059401476 0.43481030066653297839
644 140 0.33321907202876799303 0.33335543365645298186 0.43482194387641098787
631 127 0.33322172148236101075 0.33337491326620799503 0.4348163746150440212
642 138 0.33327301665064701375 0.33340346242866097937 0.43480467163422997778
632 128 0.3332886031335769994 0.3334261426245169746 0.43479704207868802301
653 149 0.33333268538396099157 0.33343712779888201592 0.43479449655505897354
641 137 0.33332815207949600955 0.33342929223115397308 0.4347913617283979959
645 141 0.33333462804475799679 0.33342341378943801677 0.43479144187451101988
654 150 0.33333139223340302326 0.33339940188463801363 0.43478742454128999073
661 157 0.33333850717709201383 0.33339030652809198418 0.43480540921077498462
662 158 0.33334302956899597437 0.33339545610670101583 0.43480320356539398086
669 165 0.33334948586427298745 0.33337925467653900524 0.43479112961787097502
668 164 0.33334237408906297606 0.33337599900640702 0.43479909463078797449
663 159 0.33332429700536098105 0.33336628596618400611 0.43480692544308102709
651 147 0.33333075276411200383 0.33339339409092499933 0.4348036280700400269
647 143 0.33333139886846702149 0.33339981874591700928 0.43480361823874297267
642 138 0.33331206471781699152 0.33338494620261499568 0.43479918965363301142
649 145 0.33331143080152997316 0.33339008332511099741 0.43477070512859100626
653 149 0.33332174342981302217 0.33339779203109998207 0.43477495718792502633
642 138 0.333296006115871013 0.33338874027736997707 0.43477945710394300116
646 142 0.33329152007840301408 0.33337068319269197447 0.43475383864833699876
644 140 0.3332851091403489785 0.33335392992588397387 0.43474915105929501369
654 150 0.33328449253057101931 0.3333494164709350227 0.43476099895052200406
634 130 0.33327680796018599452 0.33337770113015702256 0.43475761215008201788
642 138 0.33329224487373299013 0.33339246290679702689 0.43477476956261801311
626 122 0.33328905726563901046 0.3334239109480710006 0.43477313904587799875
627 123 0.33330318831591998485 0.33343285709543402096 0.43475949067097702239
630 126 0.33329935531454701891 0.3334109882317530249 0.43475849745400402258
632 128 0.33328911803881500209 0.33338914098488298121 0.43475503668249199096
627 123 0.33331347734624100498 0.33340193534548800969 0.4347418770597130111
634 130 0.33333845488964597426 0.33342625560353300607 0.434751008722136012
629 125 0.33332309535080401064 0.33340891229637698023 0.43475774933965000146
647 143 0.3333589158628960103 0.33341335766008900476 0.43476356595061999011
623 119 0.33336337989207498467 0.33345875559296900281 0.43477267490934401462
628 124 0.33336847775390099358 0.33343822432281300383 0.43476237493565400571
628 124 0.33339081549885202227 0.33344392324356997293 0.43474386972421802389
630 126 0.33338249094989097498 0.33342598201146000925 0.43472400894909002389
631 127 0.33337481214818798225 0.33338889399727700269 0.43471595574519100724
638 134 0.33337542860577901171 0.33340163659663302198 0.43471765331146500211
647 143 0.33339899480509399554 0.33340351575595400524 0.43474098948140998955
640 136 0.33338112031743299957 0.33340730735760898407 0.43475365477660399272
638 134 0.33338937650631900178 0.33341746978672698321 0.43474389700369797662
654 150 0.33341289967702397723 0.33342953692242799368 0.43475010801654601078
652 148 0.33340013321742001384 0.3334428647293620207 0.43475332145323697386
634 130 0.33338420333694501752 0.33347145707756897792 0.43477289244665101586
638 134 0.33341977507287201554 0.33348029644495602586 0.4347698261103640216
662 158 0.33344831726353502122 0.33349486038657100151 0.43475921287972801865
651 147 0.3334495317767819933 0.333527205325058973 0.43477568458001597529
654 150 0.33345138000302099179 0.33353474320178100321 0.43477523211628199551
636 132 0.33342277791987401381 0.333525748370028019 0.43477689238431599383
640 136 0.33340181045848599206 0.33350661715636797933 0.43477407970613601851
641 137 0.33341825627780202757 0.33351541578496202156 0.43478674699900599077
633 129 0.33341884922155201609 0.33351912690905999304 0.43479030243254102039
648 144 0.33343653368320097519 0.33352474648785301881 0.434780996250072993
653 149 0.33345420097250999536 0.33354936805030199753 0.43479488224970902488
657 153 0.33346741982734401377 0.33358853892518497419 0.43484539294888202576
645 141 0.33346925383374798058 0.3336188070862050048 0.43488355089259900232
653 149 0.3334963612540760014 0.33361802922055300291 0.43488688834958599827
639 135 0.33349944198797298878 0.33364318438287399182 0.43490643184937699539
651 147 0.33350883007370202282 0.33362786217503798136 0.43490814818004597253
631 127 0.33348855257988901934 0.33365046394502800853 0.43491266431379699275
631 127 0.33349289448277902315 0.33365094278799201089 0.43492726643983598001
627 123 0.33349534392832197449 0.33365268463301700486 0.43492501472393502171
640 136 0.33350597601967801875 0.33364875273641997344 0.43495000813911899318
630 126 0.33350085017885200411 0.33367824289010200589 0.43495585393016400477
630 126 0.33353224886536297911 0.33368184026723402003 0.4349938867498649997
621 117 0.33356425028062297589 0.33371568518081001775 0.43502037244051100506
635 131 0.33360753320050900994 0.33373754315915699076 0.43503299340090900715
638 134 0.33362815336361900664 0.33374553267104500875 0.43504391655153101803
637 133 0.33362109913908999381 0.33375478616238202223 0.43505105406621902286
644 140 0.33364356390812599518 0.33377911659401399147 0.43506918011126299861
631 127 0.33365848330656100451 0.33380843033167501011 0.43507441928401402453
629 125 0.33366961857285698523 0.33383585599647602749 0.43509583440497601181
646 142 0.33370395663832702615 0.33383813839883802466 0.43511984664110497922
640 136 0.33371319180721698006 0.33385673484002598155 0.43515284130562897902
652 148 0.33373618524860199086 0.33388160680448697448 0.43517426677103199228
644 140 0.3337309787707429809 0.33390518864578699887 0.43518136162510601128
635 131 0.33372389745375902192 0.33392435099241302154 0.43520129072737401277
645 141 0.33375187216297502735 0.33393473309064197752 0.43520076082891001601
656 152 0.33375978749763901554 0.33394134874160702475 0.43522523715684202639
647 143 0.33376646753680899726 0.33395231291138699481 0.43520915310625701844
641 137 0.33375813367654599828 0.33395889673074202753 0.43522250678708301885
633 129 0.33377478977681701577 0.33398547408006101778 0.43521333527155497967
631 127 0.33378705270821101836 0.33401016560766999541 0.43523711028913897314
627 123 0.33381055310645002532 0.33402982613228399122 0.4352505883153739985
639 135 0.33382216776810197389 0.33403138615245397958 0.43524157189131601475
629 125 0.33381323750145597273 0.33402481857811000543 0.43522384146843101638
652 148 0.33384166568488699012 0.33403202110972701755 0.43522256597955499835
652 148 0.33384890990984200654 0.33403294143993200738 0.43522447085897597585
645 141 0.33384617682582101716 0.33403820912873199989 0.43523333501583300054
645 141 0.33384841342206600379 0.33405471269976400039 0.43525080017715100933
653 149 0.33385065071874098219 0.33407498323285700348 0.4352788322145589861
644 140 0.33387093165416098506 0.33410014769828000336 0.43532300453225297732
647 143 0.33389491575269597545 0.33410225113689001608 0.43534405932006997597
643 139 0.33390149080733499964 0.33410685405205897691 0.43536610390781099733
646 142 0.3339117676624169806 0.33412640403284998847 0.43537049018890899843
634 130 0.33391586266390099746 0.33413035942522001376 0.43536822879254200025
641 137 0.33393108605530802402 0.33413495122238801027 0.4353604694481790216
639 135 0.33391840810018602603 0.33411966225652101059 0.43536340800754902425
639 135 0.3339137868546159793 0.33412985988142501759 0.43535719005116801927
636 132 0.33391414188261098195 0.33413694063660898115 0.43535448993256797845
646 142 0.33393119736135101761 0.33413532156939201867 0.4353589578142190164
631 127 0.33395073642888500887 0.33415659426368499174 0.4353784105266940152
639 135 0.33395354876946198308 0.33413142287105301875 0.43538791217631200858
643 139 0.33392359482164402085 0.33410446694244100296 0.43536473275173298569
648 144 0.33389241843473399518 0.33407256193683898537 0.43536801976243399981
656 152 0.33388350755455198371 0.33405181208688899952 0.43535525091581800394
647 143 0.33389686766201698287 0.3340477444132550211 0.43535876667887202229
637 133 0.3338873598655269781 0.33403502269927898283 0.43534807513515400013
648 144 0.33387848435619998932 0.3339908503262880024 0.43532916437753699235
651 147 0.33388316049467098301 0.33399796352803101662 0.43533683803106498766
639 135 0.33388353982958901556 0.33399824950578299587 0.43533517433319102174
644 140 0.3338802024148450065 0.33399301965495198363 0.43533017105140098257
630 126 0.33386148999210701893 0.3339933261227109873 0.43530708343964197304
639 135 0.3338686306534620063 0.33396403521028600325 0.4352852782078859839
651 147 0.3338745507274439861 0.3339409722216050147 0.43527543664492002184
654 150 0.33386939418300098925 0.33392839341101598905 0.43527090521439498749
659 155 0.33385437211692797765 0.33392628131137297443 0.43526531305303600705
658 154 0.33383262768792798525 0.3339167933180600123 0.43526870135173001408
654 150 0.33381273501977098972 0.33393006611319697718 0.43525508868039597399
643 139 0.33380883137857497722 0.33392545201197398885 0.43523841824948400481
649 145 0.33380001839695699895 0.33390490749461898545 0.4352177097291720087
639 135 0.3337875561336010044 0.33390034572967097759 0.43521734486376301154
653 149 0.33379528878894099142 0.33390315801808900797 0.43521455249597801318
658 154 0.3337871105226080104 0.33389309270363098925 0.43520295420173898959
663 159 0.33377159478138301862 0.33388427624792399451 0.43517932741604198332
666 162 0.33375914954163499182 0.3338772929914949894 0.43517315161824898784
655 151 0.33372103689237797575 0.33385499036526300465 0.43517677224668399605
653 149 0.33369397784725701728 0.33381741671990899922 0.43516301073965002466
647 143 0.33368404459226397307 0.33380678950774500535 0.43515864427461198316
645 141 0.33364356366653097341 0.33379619523784098689 0.43516389757852197429
664 160 0.33365134940077401104 0.33377458916392899191 0.43515547555056699469
655 151 0.33362374439860498221 0.33377317169212500358 0.43515036301751197634
666 162 0.33361140839469499708 0.3337479346254960122 0.43514808805260102309
651 147 0.3335722631708549768 0.33374896777947998805 0.43513247689444400912
662 158 0.33357275885767800894 0.33373718887200998218 0.43514939260727397707
650 146 0.33357204056256900548 0.33375956739925199956 0.43515447514459798528
647 143 0.33357862292051598807 0.33377582739013800239 0.43515100855236399369
648 144 0.33356999970736100902 0.33374393014188702411 0.43516057995775397904
627 123 0.33356745544473698217 0.33378331969308300264 0.43516847598114200002
635 131 0.33356977961200900973 0.33377215966400797242 0.43516520249218398897
629 125 0.33357150538651597627 0.33376038894850601491 0.43518443290732300444
633 129 0.33357686974870798258 0.33375046745107300739 0.43519185954166600405
624 120 0.33357555757044798916 0.33373871820524397824 0.43520035167296999834
634 130 0.33360092035311700309 0.33376526807230699756 0.43521138573024598095
640 136 0.33362323059507698053 0.33379422914658901655 0.43522478037664097394
648 144 0.33363643141951099258 0.33381164220735798365 0.43523478869069198716
627 123 0.33362356670701998063 0.33383750962333502699 0.43525417927107301619
631 127 0.33362949557876298012 0.33384336321283597515 0.43527345687117202644
622 118 0.33362330263472500524 0.33385524925516302241 0.43526790180683799791
645 141 0.33363587022558899298 0.33384047973444097579 0.43525890800221500587
640 136 0.33364722532122498277 0.33385780991599800505 0.43525873153581901009
656 152 0.33366219201175600917 0.33385637438055298931 0.43525993394887901866
660 156 0.33365901761716298957 0.33386038895555097961 0.4352463317599060133
633 129 0.33364981292009698866 0.33389219731467001395 0.43524501872504101074
636 132 0.33365872387684397671 0.33389920270396000745 0.43524094336451302212
637 133 0.33367970195342200324 0.33390255442436400646 0.43525804395542999625
632 128 0.3336723116809400258 0.33391319159362498059 0.43525147258682800322
636 132 0.33367334942923698726 0.33393045387138098334 0.43527528756988498326
660 156 0.33368403165624699325 0.33391571358418398185 0.43529077300100799119
639 135 0.33368448822878099547 0.33393353179030899058 0.43529506521721400558
645 141 0.3336746820393979851 0.3339187749492479873 0.43528411378080900107
643 139 0.33367632086242599021 0.33392813881867999815 0.4352684909058370244
646 142 0.33368999588544900892 0.33394172785187797858 0.4352627711559229895
657 153 0.33370847513813700624 0.33394327043033300573 0.43526262631698398042
649 145 0.3336974803543880097 0.33395925265172998753 0.43525487458727701862
649 145 0.33369191515065199649 0.3339523585214609902 0.43526403529396900938
658 154 0.33367192748261798041 0.33394007179778500971 0.43524687554373098219
668 164 0.33365435503379997639 0.3339458508096159739 0.43523725359312898098
675 171 0.33364760749735800083 0.33394680298731399537 0.43524382263668898174
661 157 0.33364147794248100176 0.33395733487021400654 0.43524925132667802163
650 146 0.3336239580200119903 0.333951628878003004 0.43522595158443500019
649 145 0.33361724608167397932 0.33394656595670801913 0.43523333318292201088
644 140 0.33361352990140402675 0.33395470019588502364 0.43522803747023297571
650 146 0.33360802013591900339 0.33393163207804399395 0.43520257989980498659
652 148 0.33360610432712900497 0.33392177236337899915 0.43518097371424002695
660 156 0.33357130428951597967 0.33387839593407198091 0.43518856278229101076
640 136 0.33356462306884998581 0.33389849077757499662 0.43518479435173601511
651 147 0.33357706617286797535 0.33389345785272300793 0.43518137008003199284
657 153 0.33358412826309502552 0.33387165656353501308 0.43517163471291797627
660 156 0.33358042994751202492 0.33388159959761798401 0.43516003153326998643
648 144 0.33358151655399898017 0.33389868492943497458 0.43513717517002598045
653 149 0.33357961833517302264 0.33387870815995301932 0.43512326601818901439
651 147 0.33357294851790197932 0.33387666784229802497 0.43510594372140198871
656 152 0.33357462795883802142 0.33385969717905900067 0.43508459052987602522
647 143 0.3335369993205180017 0.33385052596104097811 0.43505173274685998708
648 144 0.3335315557597299807 0.33382702799332097943 0.43502392275982099124
657 153 0.33354158782686998963 0.33381608566469800348 0.43501043813299600238
665 161 0.33352542784085698058 0.33380932891711800892 0.43501107702222902018
656 152 0.33351702146951700545 0.33382222897049002031 0.43499073695229201197
656 152 0.33351574796773997278 0.33381425479730997274 0.43496751255127602542
655 151 0.33351566508863500493 0.33381462913094800404 0.43495567441518601104
649 145 0.33349837040671498345 0.33379001543026398657 0.43493034894625998144
669 165 0.33351135131611597817 0.33376424919834701832 0.43491927328979901324
661 157 0.33348339397977999621 0.33373195082509599096 0.43490635074954597794
663 159 0.33346850572200098517 0.33371158207077200597 0.43488929041048401958
668 164 0.33344592372356601784 0.33369064131976000631 0.43488095810562898968
661 157 0.33341329452490897634 0.33366911622003297966 0.43485324331695801581
674 170 0.33339253460106899052 0.3336458440808560133 0.43483874412130402165
670 166 0.33337771410557098806 0.33365223545586897291 0.4348363983712900116
672 168 0.33339011592461897937 0.33365979729550299115 0.43483815218483201637
671 167 0.33335816434880899406 0.33363596468570400067 0.43482993705019701292
656 152 0.33332801449501497926 0.33360740891959100862 0.43482416139772500641
654 150 0.33331147587409198918 0.33357533113405202219 0.43478974974481399141
671 167 0.33329790531803998865 0.3335432897623469839 0.43476775410702400704
661 157 0.33328906619294901281 0.33352131359126802046 0.43476695069318299636
669 165 0.33326489614893400892 0.33348400808975697807 0.43472420727062699441
668 164 0.33325136138248401263 0.33346917729881897507 0.43470315749881899281
665 161 0.33322074541395801939 0.33344373148041500654 0.43468070047344198326
669 165 0.33320606706519900753 0.33342893054980199397 0.4346579161966320215
672 168 0.33318845726362100734 0.33341001307625600658 0.43464604143063700903
677 173 0.33319146155539802745 0.33340408483754002678 0.43462060399713098313
672 168 0.33318445419259601348 0.33337222787902098808 0.43459311193660798978
675 171 0.33318099042827797884 0.33335571679442899118 0.4345793979501230142
693 189 0.33318106136442798837 0.33334275408595698265 0.43456435428345202565
684 180 0.33317465858424499814 0.33334686995076800997 0.43455839044429400708
688 184 0.33316239406552899949 0.33333568652585199299 0.43453630859821101851
679 175 0.33313252905878598664 0.33333803775949299997 0.43450607486368097998
677 173 0.33312615984813598313 0.3333303943777790046 0.43450067595952002186
663 159 0.3331033645252000075 0.33330513313957499388 0.43448412645904399554
674 170 0.33307649953060397552 0.33327284643080301585 0.43445150023355399993
674 170 0.33305433444639898077 0.33325056572481798201 0.4344173429796819863
679 175 0.33303571114653701679 0.33323475722935397281 0.43441345050874802247
663 159 0.3329924909249249998 0.33319902594830397291 0.43437597340508099508
684 180 0.33298736786958499367 0.33314984268402897394 0.43435217629885397583
658 154 0.33293895019128200152 0.33314757746752099443 0.43432408458256299699
651 147 0.33290110437656800224 0.33311895976044098022 0.43428478030447298375
659 155 0.33289251907749500825 0.33309329267805798391 0.4342548715625150213
666 162 0.33288920990383602527 0.33307643015715598933 0.43424616521894199295
661 157 0.33286779458993798197 0.33306601339933900041 0.43420996049917998105
671 167 0.33285342216886099065 0.33305910522056697554 0.43418194768974599507
667 163 0.33284254165835097661 0.33304403779368701999 0.43416051200220101558
666 162 0.33281709907789597258 0.33302780591531500054 0.4341482055395349815
654 150 0.33279981527972501976 0.33301101488212098145 0.43410932849937300393
659 155 0.33279129948186297883 0.33297556807578398974 0.43407370952252000151
658 154 0.33277348228458897283 0.33295298431002001704 0.43403602356015297259
673 169 0.33277897829746699854 0.33295196909841801025 0.43401745162180899174
663 159 0.33275010957214601337 0.3329346510825049732 0.43399680087277697771
678 174 0.33273293399738101961 0.33291500325050699116 0.43398733491113600236
670 166 0.33271517170936598662 0.33291285645839702179 0.43395439996676599126
673 169 0.33268697915972900159 0.33290138247502099045 0.43394842134553601731
660 156 0.33266110758575201389 0.33288645198847699458 0.43393500229134701618
670 166 0.33264398375469700353 0.33285407687820300904 0.43391897682084501486
672 168 0.33261236033266999845 0.33282172743672699955 0.43390107273225497764
669 165 0.33261033424433700256 0.33281555903004900188 0.43391238538951398818
671 167 0.33257820139345800614 0.33279893212640099254 0.4339022934156919753
675 171 0.33257911862910399803 0.33280495813294397323 0.43391362827750201703
656 152 0.33255858020201700675 0.33281447509944900309 0.43392559374758099544
645 141 0.33253458399234597787 0.33280542159495601906 0.4338904333260509838
642 138 0.33252105525459502156 0.33279117705838301422 0.43386654463032997553
654 150 0.33253065596681097293 0.33277691997327002449 0.43386593083354801914
660 156 0.33251944481986400737 0.3327522620063950165 0.4338635928993599955
657 153 0.33251111041667502644 0.33275596679592400751 0.43387765528517002744
661 157 0.33251205903407599074 0.33276661809876700859 0.4338925553725059836
659 155 0.33248873044343002503 0.33275527757901801618 0.4339050674774480032
652 148 0.33248445160450301739 0.33274397702667202203 0.43390559988161198079
663 159 0.33248483526092598161 0.33273151399996098165 0.43387942310123300826
659 155 0.33247940178575702275 0.33272425623480700319 0.43386671822172401258
663 159 0.33247114554422102506 0.33271470803254199478 0.43386193407344297857
666 162 0.33245828836997398659 0.33271669091607297686 0.43386658627988200498
658 154 0.33245749292931897623 0.33271005384384599868 0.43384638563046601378
641 137 0.33243884443265797612 0.33270572273513698836 0.43383433527915099548
654 150 0.33244960137010298729 0.33269849506948201423 0.43382823665349901088
673 169 0.33244540353848500702 0.3326745547186830132 0.43384552324533298684
662 158 0.33244690030245899193 0.33267772671516399052 0.43385439851292501023
668 164 0.33243633929777000047 0.33265381572115898523 0.43381969235623202286
671 167 0.33241491560902197699 0.33263914072021200097 0.43380800344025699511
662 158 0.33240836811949597829 0.33263253103495599161 0.43380706488392900555
658 154 0.33241449173932902106 0.33264317720218899987 0.43378833111836800907
649 145 0.33239997864592601973 0.33265955171618999398 0.43379011580083798316
643 139 0.33240609566901002658 0.33266043184013699419 0.43377948737363297704
656 152 0.33240249416662798199 0.33264978709487802444 0.43376846299436000454
660 156 0.33238345176699901629 0.33264891661714501847 0.43375903653855302222
662 158 0.33237814468730197959 0.33265550342157901298 0.43375750114040301231
668 164 0.33237742099490602543 0.33264948203370098279 0.43376549611188297551
653 149 0.33236636317830497989 0.3326457868129850115 0.43375728510253197534
672 168 0.33235992439285100275 0.33260597056445001529 0.43373535415687097805
680 176 0.3323511796992240086 0.33257935662124599174 0.43372243036483898448
654 150 0.33231730327153802262 0.33258256710452899219 0.43371307799333802535
665 161 0.33229604406965002061 0.33255482875990599601 0.43370438564211899468
658 154 0.33227138198144701153 0.33255515349540198944 0.43369327005002600295
638 134 0.33226209850050097971 0.33256693410511001252 0.43368930822537599123
644 140 0.3322653780419049796 0.33253642264792898642 0.43366128242323198627
644 140 0.33225671729614897343 0.33252990981142499516 0.43364039693899397721
649 145 0.33223837850820597817 0.33252963322771700305 0.43363640258757102375
655 151 0.33223367485966598389 0.33248491429825999255 0.43361811550343898336
658 154 0.33221362353419398028 0.33246585146142298983 0.43359153259361099542
666 162 0.33220897945178001764 0.33244569337687301935 0.43357718831855301955
661 157 0.33219064601915698765 0.33242555287878300385 0.43356413638729601745
652 148 0.33217233931700701488 0.33241341574917299129 0.4335548030711319778
656 152 0.33214836103426698122 0.3323818964922189978 0.43353980568712102706
653 149 0.33212723563032298113 0.33235611682805699107 0.43351764581210300298
666 162 0.33211015431779000728 0.33232635621659101233 0.43349140754329701375
679 175 0.33210389964492098569 0.3323238961764879984 0.43348598988417702538
683 179 0.33209931018446997575 0.33230897860230601548 0.43347318320979499884
677 173 0.33206972656991701198 0.33227986273556897601 0.43344682535042600158
681 177 0.33205318080395601621 0.33222637237814400812 0.43340588365142701521
684 180 0.33204181853394898472 0.33221546845468402642 0.43336642564631600028
687 183 0.33200946382377999333 0.3321897682145700248 0.43333781932870801823
706 202 0.33199534850453099599 0.33217373832260199684 0.43332811137713800331
691 187 0.33195739987606098786 0.33215553115927998196 0.4332885679850880245
684 180 0.33193701268862702003 0.33214015937662499933 0.43329261383416600717
688 184 0.33190818852605902256 0.33210383559024897471 0.433256038006142985
692 188 0.33189407902943401929 0.33208959663777698479 0.43321986358094100034
688 184 0.33187314330447698074 0.3320578585270779759 0.43318918643339798802
692 188 0.33187091609897201305 0.33204819440755301008 0.43316278220513398933
699 195 0.33185741698761900276 0.33203511637207999696 0.43315131261152101105
688 184 0.33181902136191199215 0.33199835730011501012 0.4331393992253099734
700 196 0.33179934247799902636 0.33197116893326800158 0.43310903758599100799
700 196 0.33178195879461497286 0.33196719226584597839 0.43308760073276098002
685 181 0.33175610499004598575 0.33196551817595498779 0.43306911798813901848
683 179 0.33173588473954801481 0.33194575747354099216 0.43304441513721897428
671 167 0.33170613757667000154 0.33193001232788899024 0.43300256542648501989
669 165 0.33168305953606702641 0.3318680686259600221 0.43297711810076700001
674 170 0.33165216127706298455 0.33180838428659797934 0.43294140139529402322
682 178 0.33162528563579501961 0.33177348815600299359 0.43291197468598302533
667 163 0.33160569277204998695 0.33175505263884702556 0.43289397835138498927
691 187 0.33159352202889402772 0.33171457875996002151 0.43288576995115501944
680 176 0.33156106727245598931 0.33170397194785000705 0.43288208021177698726
671 167 0.33154890869029202127 0.33171869090656602719 0.43285551363822000193
672 168 0.33151481443972802277 0.33168335212219501873 0.43283594683407000669
675 171 0.33150771241950399704 0.33167558521601597787 0.43282024897908899508
682 178 0.33148885651924098195 0.33165321560649202448 0.43279171700461199768
683 179 0.33147166254215398862 0.33162138746779501464 0.43277084309452301669
670 166 0.33145619371890400195 0.33162717741213798561 0.43275610953878002052
669 165 0.33143847020580302631 0.33161327699307002748 0.43275057656761001246
660 156 0.33141970493643602147 0.33161290756948297309 0.43274037227313000287
651 147 0.33140361431554998806 0.33158620039755298814 0.4327221177585400258
659 155 0.33139714577454498778 0.33156117235036697277 0.43271583862125601039
661 157 0.3313974475852949908 0.33156584293937202412 0.43270454526313001375
654 150 0.33139378763513399617 0.33156495553513198882 0.4326939882625310263
653 149 0.33139405163869101179 0.33157685207370901637 0.43269017557733602253
676 172 0.33142678920810297871 0.33159932699452998595 0.43268840856486501245
676 172 0.33144604121146797882 0.33161741874246697392 0.43269247714978098518
664 160 0.33144009838064497631 0.33162874974778300263 0.43269093648304701727
658 154 0.33142912649270700465 0.33162218864350301306 0.43269238831639400544
657 153 0.33141873737056098959 0.33160671269815200635 0.43268645682955697573
676 172 0.33141735524688298309 0.33158952171358502259 0.43267312714176098254
670 166 0.33138587729131702142 0.33158963226444698735 0.43266087160383198684
662 158 0.3313643598517809763 0.33156363222307400074 0.43264591348451797437
660 156 0.33136231147660999419 0.3315432130784239928 0.43262085555868001752
665 161 0.33136205387217498863 0.33154061305959398043 0.43258537858272799737
670 166 0.33137904835004899917 0.33153200753023598368 0.43258028187348002147
666 162 0.33138038437986100382 0.33152667124544099586 0.43257324090172100117
674 170 0.33134561447653598787 0.33150002923652499565 0.43255773545655201717
677 173 0.331336383240410981 0.33147851877526901543 0.43253060035016799301
683 179 0.3313350526543660246 0.33146987388625398507 0.43251152254476499248
678 174 0.33131315487720397472 0.3314656330347159896 0.43250287632715100905
673 169 0.33129786759090301684 0.33145086370608900506 0.43247609206696802087
664 160 0.33127264372047798835 0.33144275670690998004 0.43247400120840101545
657 153 0.33125629311509202646 0.33143797994825302533 0.43246580855756200368
663 159 0.33125164278268098839 0.3314331881288150039 0.43244645717329199819
666 162 0.33124528151229198913 0.33141788609166900059 0.43243864302770002039
659 155 0.33122619916269102625 0.33139436183649501055 0.43242487468328000277
673 169 0.33123759044897599368 0.33139343362193701692 0.43242271956226602247
663 159 0.33121412627495999681 0.33139146197413699158 0.43240604767388701735
665 161 0.33119290271223000843 0.33137176673925899939 0.43237170935296898033
658 154 0.33118049032991098146 0.3313659415227159788 0.43235646499473001647
670 166 0.331179742198834004 0.33135398828283402217 0.43234170486974898839
654 150 0.33115470576866901098 0.33136860980535698395 0.43231571554483599895
655 151 0.33114616618658698766 0.33133521859718501057 0.4322940524317109845
657 153 0.33113436356834302643 0.33131505826677498661 0.43228162205214998304
655 151 0.33111809594412600077 0.33129487455795997297 0.4322599955886650136
655 151 0.33111794579722297893 0.33129025521294602763 0.4322525141846679797
668 164 0.331108908564177018 0.33126947808210399637 0.43224674960985998151
671 167 0.3311108648434850088 0.33125433699228201689 0.43222590261640297937
658 154 0.33109684416884599401 0.33124586147475298947 0.43220238671666899588
667 163 0.33110986973181100179 0.33122860315025898226 0.43220046583365501203
648 144 0.3310958716265329782 0.33122734128924602448 0.43218173863167297366
651 147 0.33107744341228800833 0.33118855175939099222 0.43216779169851698983
664 160 0.33105860640731599176 0.33116293981400002355 0.43215436740729501475
663 159 0.33103865910007601592 0.3311352794254039944 0.43215661978775998797
673 169 0.33103246939549002548 0.33111745163643202527 0.43214805322164900891
689 185 0.33102403331668500686 0.33108584312188599208 0.43213057710143998325
679 175 0.33100736355611198869 0.33106760397415901931 0.43210309422905601728
672 168 0.33096985911354698251 0.33104103381004701401 0.43206284646420001216
683 179 0.33095216923007197973 0.33100734557101102462 0.4320333687790620103
681 177 0.33092028377144999673 0.33098142475513198102 0.43201270283841902708
680 176 0.33088623631268598846 0.33095877324406497433 0.43198319708384397275
662 158 0.33084938770219801674 0.33093405553077298586 0.43196161234060498346
679 175 0.33082568324642497304 0.33087523780003902374 0.43193512175334597414
657 153 0.3307970168969109892 0.33085495743664000701 0.43192843586693802083
662 158 0.33077285742157902515 0.3308127394394340115 0.43191134713537499001
651 147 0.33075697865298697709 0.33081436436793398848 0.43190004520946001509
659 155 0.33075152971399801594 0.33079737346568299783 0.43189827653463802593
662 158 0.33074329589865597567 0.33078527325221601663 0.4319007823244440103
671 167 0.33073993774484300445 0.33076549321845499785 0.43188587604353201321
659 155 0.33069999999945798308 0.33073488802456801894 0.43184796800707697662
667 163 0.33068631338782900064 0.3307037153053110079 0.43180455328081202016
660 156 0.33065847665793501875 0.33068732325041100273 0.43176810643452800953
675 171 0.33067001110027299804 0.33069269936213302463 0.43175601851398998088
677 173 0.33064118866724800938 0.33068548175663997624 0.43174077512129399592
677 173 0.33062754894160201191 0.33068318221140402535 0.43173144644781402679
674 170 0.33062150255539402011 0.33065603823561900976 0.43171254037893802558
667 163 0.33060947601518497763 0.33064407933217898616 0.43169779885680997777
668 164 0.33058997686311197839 0.33063048181899401534 0.43166713427851099993
671 167 0.33057967321872699928 0.33062767908761298008 0.43167364653018297505
676 172 0.33056777256392200215 0.33061081750592302697 0.43165524072894601026
680 176 0.33056459430031898128 0.330601623997121008 0.43162776865896701484
671 167 0.33055269643971302296 0.33060547378817001229 0.43161440745408802266
676 172 0.33054286874272498231 0.33058098085758097495 0.4316153115871719792
666 162 0.33052000867089098568 0.33056900647330400567 0.43159674370029799118
677 173 0.33050112907954598551 0.33053861747129997806 0.43157143497960398504
682 178 0.33047246646299099915 0.33051361388102301619 0.43155063515568298227
662 158 0.33045450253424402121 0.33050074141613799972 0.43152064779404397665
673 169 0.33043718825974099929 0.33046332266391298393 0.43150207320117700549
666 162 0.3304220375703060264 0.33044609465638802304 0.43148726742962600911
661 157 0.33038959180533500337 0.33042228627267600238 0.4314893104404660118
651 147 0.33036316558495998352 0.33041477952989101174 0.4314696403738140229
656 152 0.33035145638585700079 0.33040457802940698118 0.43145188509415799416
660 156 0.33032508270334898226 0.33036682320033600169 0.43144169983575297866
661 157 0.33031225395844099335 0.33034053262700302511 0.43143212858289597955
664 160 0.33028755579950397347 0.33032541399440901175 0.43143825206357300228
674 170 0.3302910325380800094 0.33032604972111301311 0.43144661646285498158
660 156 0.33028949437738802652 0.33033703124236402093 0.43144368932240201309
653 149 0.33029446991633798492 0.33033298512154402049 0.4314321437000199766
667 163 0.3303005707485350273 0.330320124397700976 0.43143051324688497239
669 165 0.33030724560648300203 0.33032890908713202771 0.43143829519495602298
661 157 0.33030423205430597955 0.33035383017588598742 0.43144397316654398145
650 146 0.33028769842821598113 0.33036310044321798296 0.43145264832524399257
633 129 0.33027858288854999858 0.3303643554285339845 0.43146880948818000512
640 136 0.33027875950189600207 0.33035370420061299646 0.43146256576250002768
647 143 0.33027450283176701396 0.33031565156154901741 0.43146197410968301078
657 153 0.3302725764470390013 0.33030608268754801937 0.43146718771194597641
639 135 0.33026893301973897499 0.33032297269288801722 0.43146971752272700318
662 158 0.3302750220328670161 0.33030682934341498713 0.4314688366151129828
650 146 0.33025358694125600545 0.33030047576082999239 0.43146957191770901607
658 154 0.33025109515369199809 0.33029997772149599644 0.43146178999601797477
650 146 0.33024705290528999502 0.33031628207143698406 0.43146563273757199131
658 154 0.330251574049517993 0.33031959595971499555 0.43148521049913202141
644 140 0.330244253683087019 0.33033587931445501651 0.43148809130155202363
641 137 0.33022945012425697353 0.33032372859995301484 0.43148121874189299119
649 145 0.3302317870663259991 0.33031473736389699303 0.43146151980361502343
642 138 0.33021748713654802687 0.33029996086783597331 0.43144510719155898526
650 146 0.33021771783792197574 0.33029525486645699983 0.43144948307479197291
651 147 0.33020724155837799518 0.33029428754812401037 0.43146362409288102624
639 135 0.33020256524746199878 0.33030090522429500499 0.43147958338058800543
636 132 0.33019683180096098818 0.33029888901340898055 0.43147953948116801737
634 130 0.33020282724948402109 0.33029904165830098473 0.43148821165527900812
626 122 0.33021788852721800644 0.33031791243498798138 0.43149662356494999926
629 125 0.33022123744666398437 0.33030792083129700831 0.43151690591511698836
639 135 0.3302455672161189737 0.33032307566309399016 0.43154181951866699141
640 136 0.33026818449193401372 0.33034195713930097904 0.43156093571516002116
640 136 0.33026363018650500836 0.33035220224590400306 0.43157580585733001932
647 143 0.33027456809370397961 0.33036618995650202102 0.43159651438591001282
642 138 0.33027803483147499808 0.33040040131432202308 0.43162828579479001201
639 135 0.33028146924717999289 0.33040382939404699947 0.43163941047090498282
633 129 0.33027200056257299821 0.33040496935733898454 0.43163700793926501609
634 130 0.33027748861001399172 0.3304109246960920121 0.4316133516099949774
642 138 0.3302973291363209829 0.33041053104811202168 0.43161899944419901409
