# step atoms n_gas iacc dacc tacc
642 138 0.3302973291363209829 0.33041053104811202168 0.43161899944419901409
635 131 0.33029843520002999391 0.33041063814080401384 0.43161030027638602746
643 139 0.33030658776311500047 0.33040384984279197456 0.43161859672799302023
628 124 0.33029872431413098699 0.33040935205182597745 0.431606211403215978
639 135 0.33030423451364399057 0.33039988881718601599 0.43159886592071100564
651 147 0.3303218889934759761 0.33040205418369100743 0.43159668832612602118
648 144 0.33032094890854002411 0.33040692505202801099 0.43160527065867898555
634 130 0.33032093301992898615 0.33042078271819702584 0.43162959670066902707
671 167 0.33035576284124201774 0.33043927665013000938 0.43166185614348301369
667 163 0.33035068662407102158 0.33046213898080001314 0.43167567386490401926
666 162 0.33036353967933501652 0.33046918208266901074 0.43167446135318099376
655 151 0.33034024735081601865 0.33044913513831197793 0.43168551143799399616
668 164 0.33034791046860501051 0.33044079262676001596 0.43170154517896597302
659 155 0.33034063062967600199 0.33044884652312600526 0.43170065026491399873
658 154 0.33031913709904398013 0.33043518387337300624 0.43169675084471698101
661 157 0.3302950092463179943 0.33042670492632097989 0.43169562373962999668
670 166 0.33030256347491299129 0.33041727881499000086 0.43170552283817897887
679 175 0.33029379874566799913 0.33042093367337399545 0.43169890216432399432
671 167 0.33028872473903597706 0.33044268541033600117 0.43170810589995001205
657 153 0.33025497206580600729 0.33043001786725401114 0.4316888716255239955
654 150 0.33023922519336001979 0.33040478431930198067 0.43168753295060102726
654 150 0.33021459241020600928 0.33039630798086300212 0.43167559150324402717
671 167 0.33021958870634299243 0.33037321873544700512 0.43166706203122001684
674 170 0.33022670224591199606 0.33038390181194898787 0.4316759521776220021
659 155 0.33021309739168197561 0.33039137829589998452 0.43169415368384800313
645 141 0.33017900546838602205 0.33038040068143398331 0.43168058703232198292
678 174 0.33018729150896097835 0.33036668868235302687 0.43167826340402898344
666 162 0.33017321116531300751 0.33036995050597001145 0.43168344897613097899
667 163 0.33018448948059098136 0.33037383103563500164 0.43168531713143898365
652 148 0.3301663083088909878 0.33038398015501801996 0.43168344406142600267
667 163 0.33015243367985297462 0.33036612287962702217 0.43167073320196597264
671 167 0.33013632029851197602 0.33035193466795897965 0.43165760536544600656
660 156 0.33011237586060099281 0.33035516759636102124 0.4316662004128070107
672 168 0.33009649020378400985 0.33034576119063202571 0.43165579016601801632
665 161 0.33008632757764100329 0.33036269757254699275 0.43164750679471497463
668 164 0.33007516427360100719 0.33036438652762600832 0.43164286977244697985
662 158 0.3300764575603359896 0.33038180994809002167 0.4316486249553739829
678 174 0.33007255276083097284 0.33036556399131500328 0.43165078929359401716
674 170 0.33006435650524801328 0.33035417274244599506 0.4316554420032899797
658 154 0.33004840858874101572 0.33037943164000599383 0.43164273537785097234
659 155 0.33004452006810902631 0.330385274619498015 0.43164670745921202011
648 144 0.33003893852000598663 0.33037970896223600725 0.43165148090655297564
652 148 0.33004189202302597339 0.33039755062795800322 0.43163743164181500589
646 142 0.33005203891007300898 0.3304003851849450224 0.43164626387747800917
647 143 0.3300695260042170176 0.33041255760497900695 0.43165482338878302659
662 158 0.3300943597594079848 0.33041579276657900843 0.43167068451153600694
647 143 0.3300877958161589909 0.33041916280538202733 0.43168020649248900478
657 153 0.33009684375560899294 0.33040979769270001354 0.43169128005013202021
653 149 0.33012728558230097775 0.33042933436711502404 0.43168488675240201946
654 150 0.3301239408451139834 0.330443996200750989 0.43167469764092497586
644 140 0.33012514744601401118 0.33045922001900102094 0.43166749716484897892
638 134 0.33013062418327798753 0.3304765728907910205 0.43167830489242298153
650 146 0.3301193956957290121 0.33047331432874099688 0.43165683674667698622
639 135 0.3301113508383309858 0.3305041043408200041 0.43166131866478801848
645 141 0.33011576369266099062 0.33049534269703600975 0.43168130346759997495
636 132 0.33013261960805001527 0.33051427461652099771 0.43168760377147402663
642 138 0.33014014602138702648 0.33050812963531600586 0.43168363184816999079
632 128 0.33014809260422700588 0.33052436215176500545 0.43170485101340699829
626 122 0.33014667876315401118 0.33054356651039201731 0.43171122827294600155
628 124 0.33016041996042899687 0.33054887936361398992 0.43171450331744598561
633 129 0.33019550936926700402 0.33058690938937701498 0.43173158017707802259
630 126 0.33021532798276398424 0.33060873070759400072 0.43175791498457599671
621 117 0.33023264516298800331 0.3306343032967359874 0.43178536199784001148
628 124 0.33024165582112302575 0.33064256739614400482 0.43181049914754299213
631 127 0.33027548664269901213 0.33066234230357999246 0.43181475883013797912
646 142 0.33028713104069201689 0.33065973121432201687 0.43182745405140199324
631 127 0.3302903827916630064 0.33068675384575801912 0.43185468904457502415
629 125 0.33029413183516098673 0.33067801128278501155 0.43186859955162198998
640 136 0.33029532320611898477 0.33067067260441501686 0.43189855940799898315
643 139 0.33030999458826498794 0.33068106410568398612 0.43188781907957901618
654 150 0.33031537062603100185 0.33069285654171098887 0.43191160716476501014
649 145 0.33033102087376697842 0.33071308603336002641 0.43193675717036000838
649 145 0.33034613222118802689 0.33071470136963798669 0.43195559497103602764
650 146 0.33036390734594400787 0.33074160539840902207 0.43197994925067700889
660 156 0.33039620231701699593 0.33076956563598097771 0.43200589546247397665
652 148 0.33038291799438401775 0.33077676240157499743 0.43202411988419298083
648 144 0.33039484314303602108 0.33079221164535299593 0.43203058491599399815
655 151 0.33039452290004400759 0.33079523730344101429 0.43205711534844398747
660 156 0.33042564795367601604 0.3308107973847420058 0.43205129498697797397
640 136 0.33042208234674397271 0.33084735768048401106 0.43205870920707700744
652 148 0.33042319113374701844 0.33084046909851899665 0.43205594908835198709
640 136 0.33041349275818099329 0.33084817039648201087 0.43208119371850101098
640 136 0.33041472586954101498 0.33085896569417999613 0.4320878780243470052
634 130 0.33043384132382197516 0.33087033384463299113 0.43208543390861098299
628 124 0.33043186574980498715 0.3308703045766629991 0.43209870807243000446
635 131 0.33044953559937800813 0.3308759669875939724 0.43209776200704702598
644 140 0.33045785715448300346 0.33088096468723598997 0.43211468957164600457
652 148 0.33048726448471898998 0.33091273629003398193 0.43215156938569398992
649 145 0.33050793832027297592 0.3309409925348280046 0.43216743207896002321
650 146 0.33052651716128400583 0.33095533642550600817 0.43216893253222399274
650 146 0.33052555606738898142 0.33095062603960501146 0.43215543881301599072
645 141 0.33053180698398498816 0.33096648831612002217 0.43216103298316299597
651 147 0.33054370739233301935 0.33097101919136101555 0.43215185065638600515
652 148 0.33055086162094399205 0.33096116716080697939 0.43214835255536998559
656 152 0.33054583360869999042 0.33095642890371701483 0.43215329562260201834
649 145 0.33052691849443199823 0.33095219368607697863 0.43215081862514098665
642 138 0.33050851369202000063 0.33093978778685800846 0.43212821750015600886
651 147 0.33051882338053301114 0.33092945384115102225 0.43213722418710998063
656 152 0.33051324309813701063 0.33091906129848397411 0.43213748495175602349
659 155 0.33051175656934000946 0.33091432618820698641 0.43214126233741001482
649 145 0.33047141072916702553 0.33089677167072900632 0.43214584489324098238
652 148 0.33044956397909397428 0.33088536233304899348 0.43213680421371497564
652 148 0.33044658179300401279 0.33087559021158302608 0.43214404365634501159
644 140 0.33045019333405400985 0.33088015988879898588 0.43213563647791597422
659 155 0.33043799695639902714 0.33085235052962702618 0.43211544328198497888
646 142 0.33044214218967399299 0.33086259683828000977 0.43211203254447400068
657 153 0.33045342799113097687 0.33085482449219599799 0.43210350520180301759
649 145 0.33045246178874898568 0.33086293917498998951 0.43210070798274602399
653 149 0.33045253497952298272 0.33085418006059402751 0.43209025936875800067
656 152 0.33044289001414500762 0.33082961635867802475 0.43207380609224499413
659 155 0.33043435677408600215 0.33081884821198498381 0.43205400473773397652
660 156 0.33044313634254901535 0.33083458117624098271 0.43204630156837098287
669 165 0.33043716273094797531 0.33083289667568999137 0.43204297401347502294
660 156 0.33043669664138297648 0.33083542768351698049 0.4320363963281799724
650 146 0.3304123813724290093 0.33083280005583198813 0.43203946295683398615
643 139 0.33040580170530398085 0.33082360430704599308 0.43202261334377700663
656 152 0.33040590574874501018 0.33081074631198897906 0.43200257620146997883
670 166 0.33042788134960698887 0.33080715404138100189 0.43198686692482801686
653 149 0.33042338657336201013 0.33082242453465998677 0.43198951338882501938
657 153 0.33042506206905097876 0.33082288586810498776 0.43199403431610300386
666 162 0.33043169383028497821 0.3308237256442330132 0.43201246405667498296
656 152 0.33041918613106102676 0.33084498870040501828 0.43201390076433399123
641 137 0.33041055490594101185 0.33084242241036698751 0.43200787566789999872
653 149 0.33041325258775000595 0.33084330033073700017 0.43200469916892397793
656 152 0.33040926325865499491 0.33083406287983901928 0.43201632477485002459
660 156 0.33040675840946898134 0.33082126723342297758 0.43201822085898700099
660 156 0.33041339510835998627 0.33082524567727400466 0.43201119761751000103
647 143 0.33039986498291701311 0.33083284075000901625 0.43201114480212698954
648 144 0.33038224789067499598 0.33083012500254199706 0.43199160059232000197
626 122 0.33037618888399800099 0.33084429423893102484 0.43198471771889701554
641 137 0.33038944391574698312 0.33081947056660698792 0.43198282433713497408
648 144 0.3304106752170279937 0.33081032405610599767 0.43198039145568800645
626 122 0.33040118257293099591 0.33083411006364799034 0.43199128495885197321
640 136 0.33041197388172599547 0.33083603886183698961 0.43199510608514801735
634 130 0.33040805308825499376 0.33084206719835002053 0.43199307206688497551
616 112 0.33040504383288499257 0.33085216736201500387 0.43199566259318600281
624 120 0.33043142246619899849 0.33086627801006401883 0.43201660834483401885
622 118 0.33045527804993501952 0.33089454953776797907 0.43201479326500302758
623 119 0.3304776267650110233 0.33092127120175202082 0.43202306465245499112
632 128 0.33050798715224699587 0.33092632804773097766 0.43202562838804098311
637 133 0.3305246944862659797 0.33093382323912501342 0.43204165703403402121
637 133 0.33053835159549799227 0.33094434309284198603 0.43205366092752500728
636 132 0.33055206153721800044 0.33096895561402500663 0.43207486579141102245
639 135 0.33056867024088398832 0.33097689489093801152 0.43209857849725302748
640 136 0.3305908728331279911 0.33099847134093501877 0.4321347647939670078
661 157 0.33062067070017697734 0.33101591979833100421 0.43216560919097102289
641 137 0.33061561522979199257 0.33104096022503598507 0.43218774647780100473
637 133 0.33063429429334201259 0.33107105978066997398 0.43219721422998802485
663 159 0.33065998959171200022 0.33107485181026502508 0.43221566578299702721
632 128 0.3306614072541120275 0.3311044570470489945 0.43224890285414002689
639 135 0.33067946472394998958 0.33110981569470498975 0.43224791264251199996
628 124 0.33068653523029301056 0.33113583527017398378 0.43226317755848098212
642 138 0.33071017939310898281 0.33114921332393998377 0.43229370617730300541
638 134 0.33072312466168302114 0.33115507847098102356 0.43230356505789502286
624 120 0.33073468503128800045 0.33119409376816100199 0.43231844678899999934
620 116 0.33074167628207901126 0.33120945179990102236 0.43234166983790600636
646 142 0.33076477709303397923 0.33119822320213598843 0.43234548946040501916
637 133 0.33077067626736400552 0.33120856014433902592 0.43237961549522302418
632 128 0.33077320718488700813 0.33122941946080497466 0.43239843448260401049
641 137 0.33078569658137402243 0.33123120501571101659 0.43240279965261502193
645 141 0.33081519054197799923 0.33125058299908299864 0.43242234838052101553
651 147 0.33083467422318801887 0.33126091291723802623 0.43243200564240402706
660 156 0.33084206103842600522 0.33125861646403398364 0.43245246315142998883
637 133 0.33083493951457398907 0.33128291292902301013 0.43245426259985997319
642 138 0.3308279131689280117 0.33126768942280498953 0.43245350362069201466
636 132 0.33083479843053797964 0.33126652781127702285 0.43245593091268097474
644 140 0.33084622956517500958 0.33127028398277402754 0.43246164226534700159
618 114 0.33086666037592998846 0.33132164936028601909 0.43248460639840202724
620 116 0.33086959450811698202 0.33132688249088199095 0.43250970104110297854
619 115 0.33089096908833198762 0.33135161313973199304 0.4325247063794769864
628 124 0.33090191033205501592 0.33134790975915401345 0.43254612413351301026
628 124 0.33090681791963100222 0.33135613281703701904 0.43257181599191502075
644 140 0.33092422906122498372 0.33137077520746699433 0.43259414802445500525
647 143 0.33093211284939699768 0.33138046371745200069 0.43263133388347002617
630 126 0.33093101794890900091 0.33140761804934298906 0.43264187638450501971
625 121 0.33095136423174598139 0.33143678711156698835 0.4326545176001629911
615 111 0.33097462686517797881 0.33146942041181798322 0.43265673896186601644
628 124 0.33098990815235801444 0.33146016184271698268 0.43268649319727797709
643 139 0.3310186842288709852 0.33147927030963897366 0.43271487461552199383
633 129 0.33104588512716698334 0.33152376883336598379 0.43276975751966401118
621 117 0.33106410374820599563 0.33156125540720499112 0.43278851559720299402
621 117 0.33108781505858198013 0.33159373385869900241 0.43281603700677701019
648 144 0.33112545306666402167 0.33160678977753199614 0.43282940684465198711
641 137 0.33114253814613897609 0.3316168836588250235 0.43284902235375399826
648 144 0.3311607045859860099 0.33161903512149498718 0.43287343005509099081
644 140 0.33116744019943600286 0.33163158075126797364 0.43288498326572999453
633 129 0.33116720894079298976 0.33163917571807000062 0.43290941407631999827
632 128 0.33116594494665302362 0.3316352901042339818 0.43291584136265698346
632 128 0.33117765064220100468 0.33164733752078001672 0.43291954454170800126
623 119 0.33118733195631100408 0.33165298875057397376 0.43292552257387101333
629 125 0.33120350434281498053 0.33165219098917897433 0.43293230823212297542
639 135 0.33121330143093802301 0.33166766309390599554 0.4329405308778470074
637 133 0.33123928929065399318 0.33169207348751100772 0.43294897838556600789
636 132 0.33126871615469299925 0.33171006446463102701 0.43295778687365699122
626 122 0.33126905148745200425 0.33172458459176401568 0.43297051662353702728
637 133 0.3312723505720839845 0.33172417991780700497 0.43299757499585500575
628 124 0.33126418526875500703 0.33172082832932497931 0.43299950790839497605
640 136 0.33128566329798597723 0.33172339295256897396 0.43300641107887799519
639 135 0.33129333878072397823 0.33173830688833100266 0.4330345190228550023
651 147 0.33131087716341500737 0.33173496787651401974 0.43305864777568997548
635 131 0.33129925249329300607 0.33173852919287200036 0.43307483428756199384
631 127 0.33130695042879199086 0.33174904661250298465 0.43306598349935898629
642 138 0.33133089335184301438 0.33175362469035502011 0.43307150760338902762
628 124 0.33132716163350800498 0.33176014969868899973 0.43308949655978201676
630 126 0.33133185918435698047 0.33176369609564099195 0.43309387763527701365
642 138 0.33132336222248798263 0.33175540538892200892 0.43312510449632801723
631 127 0.33132013537379001455 0.33175994605480302324 0.43313270074504500728
631 127 0.33132525676330598641 0.33174776095747499083 0.43311697912322399961
639 135 0.33134214764814201581 0.33173997588489401167 0.43312735914555500205
635 131 0.33135375814535500405 0.33177352671341397983 0.43313341700288499059
642 138 0.33136629256489297246 0.3317741209122990198 0.43314897136327001892
639 135 0.33137680422726500939 0.33178354985973501634 0.43316948800949500731
641 137 0.33140109424771302393 0.33180184486769598307 0.43318922420853800404
639 135 0.33141607055792299263 0.33182992066474897852 0.43320965981144099466
651 147 0.33143545014218500633 0.33184029062680997502 0.43320965570298397562
650 146 0.33144598021687399214 0.33186536553970402696 0.43324687500659098127
633 129 0.33144123490255200659 0.33187524585840000313 0.43325700172966702395
639 135 0.3314487403946300148 0.33185618495086000035 0.43324328146235102643
646 142 0.33144702792966601601 0.33184644737258101044 0.43324333736528497507
642 138 0.3314471728152980079 0.33184892598713799927 0.43323392780359398779
646 142 0.33143805342173698891 0.33183376241216400171 0.43322690287330400949
649 145 0.33142113120310001673 0.33182396411583997553 0.43322993470999598964
647 143 0.33141546561436102669 0.33181230154014501599 0.43323992078034800901
638 134 0.33141373544117802563 0.33182023244590097555 0.43324203624563001336
651 147 0.33143993266991300661 0.3318428138495920221 0.43325068779422098997
637 133 0.33142941733379699398 0.33185609397895499129 0.43326244270090902289
656 152 0.33146576101081598464 0.33186689624651999342 0.43326278729493500341
636 132 0.33146106910876599327 0.33188701393935199357 0.4332815254127139748
635 131 0.33147151490967902143 0.33190657939851597735 0.43329284162281300752
647 143 0.33150488456283100369 0.33193442430592401404 0.43330559150554998071
642 138 0.33150120183291398313 0.33194665540858298014 0.43333394416701198626
633 129 0.33151451423441902211 0.33196767552390699096 0.43333958592197802107
628 124 0.33153319630021899078 0.33199501389293900599 0.43335035058685100751
637 133 0.33154258055416202522 0.33198962125134801049 0.43336920947977097818
629 125 0.33155444267302297545 0.33200673302059102721 0.4333732711403109894
651 147 0.33155902531297698488 0.33198964653916701595 0.43338701169063897911
645 141 0.33154653201376999005 0.33198526239067499555 0.43339496403056498863
665 161 0.3315525813116890208 0.33196821980569901633 0.4334039353363389746
661 157 0.33155758868220802649 0.33197650965464298167 0.43341372682260598248
643 139 0.33156550117045602288 0.33199264251426702232 0.43341640164410000224
631 127 0.33156615055357702149 0.33200678220513402117 0.43340434591103099704
657 153 0.33157604846910498919 0.33199844660599298063 0.43340594935438897517
652 148 0.33156410585020301696 0.3320139642948209957 0.43340957123809498164
639 135 0.33155893868243702105 0.33203582068599102328 0.43342581116253398044
638 134 0.33156057013646300646 0.33204260991518802504 0.43342801407417702597
647 143 0.33157187939618099071 0.3320401626445240173 0.43342508773253901611
633 129 0.33157299187217997849 0.33206199765310701055 0.43342255166336401961
636 132 0.33158816054572198828 0.33206829737280602055 0.43343400437617901622
630 126 0.33159897333591298318 0.33208479206788099614 0.43343226935811002276
617 113 0.33161257889366302365 0.33209157833853497621 0.43345671328868801142
616 112 0.33162047069300998325 0.3321055978620640059 0.43347248184695197359
612 108 0.33163318640298899975 0.33212833060765301063 0.43350567054369598674
619 115 0.33165848107978401771 0.332149593325200998 0.43353209731720698805
626 122 0.33167602198803097791 0.33216164118260599336 0.43355571917281399141
628 124 0.33170463576879199996 0.33218965076216599996 0.43357571107611497796
633 129 0.33171201994819798919 0.33219732296639298275 0.43358709988522098344
641 137 0.33171891779040801884 0.33220208040124998838 0.43360438523219702045
640 136 0.33173739267190599511 0.33223343732214000168 0.43362431723503802594
634 130 0.33174332173358800357 0.33226235722084301871 0.43364883178962498889
648 144 0.33177335373369998273 0.33227821475048202604 0.43365551212907499368
644 140 0.33177873025104398508 0.33229211531078900466 0.43365713154721102773
627 123 0.33179706169919798153 0.33230269242206100788 0.4336487773340990115
641 137 0.33180918997661501546 0.33229726361622802244 0.43365407184781801231
646 142 0.33181121051358697382 0.33229426795091798752 0.4336675021487420012
636 132 0.33181560052029901442 0.33230768339658700583 0.4336687564246070048
640 136 0.33182864134210099394 0.33231286756622202549 0.43368430955347597733
630 126 0.33181474250812698079 0.33231804369797102172 0.43367848885796800307
638 134 0.3318181555725269738 0.33230491068151801759 0.43367546905633802545
651 147 0.33183171916977599603 0.33230624638471301102 0.43367852950159802017
657 153 0.33184236831163399506 0.33231143256852302414 0.433675972728239989
643 139 0.33183618560354499749 0.33232865430275898566 0.43368145950022302104
653 149 0.33183862965749799656 0.33231312757771802602 0.43367442357498897643
658 154 0.33183004916123698402 0.33229521759233299205 0.43367839331609597808
659 155 0.33182244383807402155 0.33229269503621000625 0.43367995249138402425
661 157 0.33183544003027698466 0.3322997945422049848 0.43368092897952698062
640 136 0.33184118558048097958 0.33231364777676497546 0.43368055830918500471
650 146 0.33185374044391802162 0.33233031755710301658 0.43367949292681701179
640 136 0.3318628557944359736 0.33234460711777302766 0.43368044272807798611
651 147 0.33187584562756300421 0.33234064379254601995 0.43367902180622297514
643 139 0.33187445920997699078 0.33235252180853497306 0.43369560130572398782
628 124 0.33187489313106000033 0.33234426491437102369 0.43369141060727700587
645 141 0.33188550679626499518 0.332344602276337997 0.43369708637808601637
634 130 0.33188075765533897599 0.33234737697677002588 0.43369046223433199705
646 142 0.33188796454134000813 0.3323371765421869739 0.43368755090902899596
657 153 0.33190713343817201952 0.33234327512740102772 0.43369307512001098459
663 159 0.33191340441535899242 0.33236226605949897861 0.43370182415858699043
665 161 0.33191058629842701277 0.33237072699718200885 0.43369747561182697693
663 159 0.33190151251254901288 0.33236673761689999873 0.43369592449228699937
667 163 0.33189679256886500669 0.33235131968803499625 0.4336953237853530263
666 162 0.33187154394415002701 0.33233062420031000972 0.43367527744070399898
654 150 0.33183719108910297857 0.33230182128539798025 0.43365731996050699282
651 147 0.33182818721203299894 0.33230360605282799336 0.43364582721002498111
658 154 0.33182635617167000053 0.33228917873489699497 0.43365042511765800048
656 152 0.33182500103638501443 0.33228670761404799361 0.43365103243221897467
664 160 0.33182748721889498977 0.33228470085275602086 0.43365758364739098729
670 166 0.33182139070093602529 0.33227981789935800983 0.43366112097759801358
678 174 0.33181150683631699394 0.33227397793630097933 0.43367591557589901807
669 165 0.33179396447409198467 0.33227339076628897852 0.43366956785451499234
674 170 0.33180020184756398027 0.33226519416004601792 0.43367528628338597452
661 157 0.33178126212879899271 0.33227033520144699796 0.43369031892778997506
648 144 0.33177137493658498402 0.33228262936119701276 0.43367995163700401307
670 166 0.33176578621613900255 0.33224729633900901282 0.43368954925320801763
665 161 0.33176682887566300018 0.33225293585705600874 0.43368725930729601359
660 156 0.33175788992177202008 0.33225473872354699401 0.4336976485709950202
652 148 0.33173797355074102766 0.33222375114859997725 0.43367703724815598321
667 163 0.33174040827438400214 0.33220414925159602593 0.43366024051149998364
648 144 0.33173291806946397786 0.33221646911102697963 0.43365036038086501868
667 163 0.33173444965817000529 0.3321921568231300248 0.43365326699401302024
676 172 0.33172936052501300619 0.33218873475484200775 0.43363536217065001832
669 165 0.33173603991574901473 0.33219200040989399492 0.43363705520812201311
670 166 0.331720047246779004 0.33218668318935101746 0.43364458830719398996
673 169 0.33170927856683701807 0.33218043335512098535 0.43363994650194498393
663 159 0.33169377873493699482 0.33218605299932402186 0.43363175031418899064
678 174 0.33170384715817502475 0.33218454428079202678 0.43365158305675199912
660 156 0.33168597884602202264 0.33219537590953801542 0.43366997956485797694
652 148 0.33167758439377598156 0.33219201455987301674 0.43366671334098100266
669 165 0.33167061426478000596 0.33217437285312900741 0.4336583237765719856
667 163 0.33164568806824201719 0.33215866041769298578 0.43365039319938297746
653 149 0.33162129335502898986 0.33216380914454401996 0.43366924189432698444
645 141 0.33162092127344000581 0.33216518091642399657 0.43368038230480798756
646 142 0.33163758832154999201 0.33217414015024299134 0.4336890860401940162
640 136 0.3316443115497210159 0.33218496325688900983 0.43369669063247900942
641 137 0.33164164994278000353 0.3321910376116010144 0.43370890241199899773
645 141 0.33165213479156901988 0.33219332984479199578 0.43371474418461797296
634 130 0.33164895309569297766 0.33220554238098698452 0.43370794796080397449
643 139 0.33166507616678098103 0.33220499406972597845 0.43372207167807602657
645 141 0.33165720487867600408 0.33219689833935200918 0.43373444500425301085
643 139 0.33166950877805401188 0.33220483456189298099 0.4337408745560279999
653 149 0.33168183987999100282 0.33220520834171002322 0.43373975572177297932
654 150 0.33168149089322102041 0.33220607587008899042 0.4337305600540080075
662 158 0.3316910075247809786 0.33220599343068901721 0.43372961615491101295
655 151 0.33167931984586002114 0.33219508332508701498 0.43373006085511800478
657 153 0.3316798867170480114 0.33218654326140900634 0.43373338212635698108
658 154 0.33168331488705998789 0.33219870542158297377 0.43373418248916800755
645 141 0.33167874488003301625 0.33220713881100899512 0.43374969731040097232
639 135 0.33167221078598102535 0.33218403949909397488 0.43374420774321598149
651 147 0.33166482398212498994 0.33216279844358498341 0.43372767247691901282
651 147 0.33166916573344901176 0.33216322453343999355 0.43371822656177000388
656 152 0.33168187927918002522 0.33214439846618598606 0.4337278644627770019
668 164 0.33168715942092402704 0.33214150263673902774 0.43372107445557400718
644 140 0.33168112814998701454 0.33214713550795299524 0.43370992637419297777
647 143 0.33168447693991598424 0.33213067085133302081 0.43370638865423100095
653 149 0.33167666244487598037 0.33211702989074098902 0.433702369235533014
638 134 0.33166225948994998429 0.33211935213619997453 0.43369809007624199326
650 146 0.33168486489628601355 0.33213943931500200524 0.43370998673170302329
637 133 0.33167422275654101504 0.33214690179535899528 0.43372439090911801829
628 124 0.33168323779855901634 0.33216888937595101527 0.43373777722443501714
628 124 0.33169082952475698045 0.33217399128056901425 0.43373948658525302013
634 130 0.33172038486306498761 0.33220387575826298976 0.43374249808008902285
635 131 0.33175086332432002223 0.33223330678050200238 0.43376466325055501594
642 138 0.33176777615148800304 0.33224305102980100646 0.43378089223455101875
641 137 0.33177301665536701458 0.33224673388374798 0.43380151613158002277
642 138 0.33177403858227599853 0.3322489832459040171 0.43379658210767602089
642 138 0.33177691782079599125 0.33226055811388099936 0.43380700286583701031
661 157 0.33177237865933500993 0.33224968128521797928 0.43381057569798098239
642 138 0.33176170362748197418 0.33226220268717499007 0.43383289721324802546
625 121 0.33174406261186101252 0.3322649183337599843 0.43382914915005099665
653 149 0.33174976442152398493 0.33224331734690099038 0.43383308111317997469
632 128 0.33173215338856898438 0.33225537183322700896 0.43382915034369701202
640 136 0.33173923916535402734 0.33226457731819897257 0.43381452994951502644
646 142 0.3317356371437389928 0.33226214153401700813 0.43381811822285099023
643 139 0.33173618586059300251 0.3322606641962639884 0.43381690145739398856
645 141 0.33174554437435399556 0.33226893365568499483 0.43382990815281202712
643 139 0.33175077081862802686 0.33228328180903599076 0.43385834089752800535
643 139 0.33174338182639201422 0.3322738454652630069 0.43385488667203997437
632 128 0.3317523056648870039 0.33229332878721601352 0.43386825674897100402
631 127 0.3317570223187640277 0.33230019708226399278 0.43387462575682100852
639 135 0.33177939240213200067 0.33230893820770601721 0.43388413604424497239
633 129 0.33179199768196299125 0.33233532934085302513 0.43390593326597198809
632 128 0.33181482136321899246 0.33235986850504201096 0.4339261221040029981
652 148 0.33183160613783102555 0.33236435865593499939 0.43395337327489602597
647 143 0.33184655687847597338 0.33240233201143398745 0.4339802239608980261
628 124 0.33185861631535101823 0.33241385270236400995 0.43399779040593700064
633 129 0.3318656170660149729 0.33242853081948897653 0.43401736659928402684
618 114 0.33187771711892000148 0.33245394346414697262 0.43402530757345397783
614 110 0.33189720448048298795 0.33247560486519700529 0.43405343530011897268
610 106 0.33192733434211801891 0.33250098475976397339 0.43407874975361798731
620 116 0.33197733021915598606 0.33252818931598099317 0.4341176912364840268
628 124 0.33199217231952998786 0.33253913280488700543 0.43414819974415702619
619 115 0.33200420105646299973 0.33256813444836502702 0.43415268382889898868
638 134 0.33202227868278899603 0.3325734936405129738 0.43416056386136697709
634 130 0.33203337829754597799 0.33260014422890399333 0.43416694097077801473
634 130 0.33204308943381399821 0.33262029708562701469 0.43416301921865302349
624 120 0.33204399453000998932 0.33263812421239402628 0.43416658801815199986
619 115 0.33205965204772497357 0.33265040406602097711 0.43419029912839601781
619 115 0.33207759285441801334 0.33265896555266599721 0.43418430253735001978
631 127 0.33209417424486897819 0.33266104422081099745 0.43418966591699698077
635 131 0.3321010235729989768 0.33265387905945098534 0.43419762437161202318
651 147 0.3321226639516520196 0.33265964982273199535 0.43420267848515597953
642 138 0.3321101475561190064 0.33265940449402997547 0.43421325062482402091
637 133 0.33210231631102299366 0.33266702960087901619 0.4342143700683560037
641 137 0.33210180170176301084 0.33264788966387998093 0.43420502671102301218
640 136 0.33211004359046097933 0.332654586730065982 0.4341913936628920001
639 135 0.33211134584271301273 0.3326465179284660012 0.43418935337575498279
633 129 0.33210026501720901759 0.3326513504087300066 0.43419317198309798078
651 147 0.33213197136002897691 0.33265804230087597793 0.43419145034044498432
663 159 0.33214164535650997356 0.33267393251670901444 0.4341942561239999776
664 160 0.33212002387967798356 0.3326699916663110046 0.43419938650700401483
660 156 0.33210759822489099857 0.33266654049131899606 0.43421930075229597801
651 147 0.3321010941342579792 0.33266584266048099261 0.43421161590898599281
653 149 0.3321015116554770219 0.33266147123947098496 0.43421655330332498135
670 166 0.33211111493534500871 0.33265019686704999646 0.43421330284372899877
667 163 0.33211704953638199189 0.33266835532405597542 0.43422048566321097551
656 152 0.33211378534074997848 0.33267318812851198739 0.43421873223343498971
657 153 0.33209953976841000145 0.33265779365939501799 0.43422143965228399143
651 147 0.33208944449822297429 0.33266766172811002011 0.43421378831588197666
651 147 0.33208623402996101381 0.332683023609091022 0.43421171290526500153
660 156 0.33209218737502799179 0.3326786673456649801 0.43419828395381898645
672 168 0.33209307308424801386 0.33267061726173502434 0.43420405428337699449
664 160 0.33207751303600202553 0.33267405771024499694 0.43421683333269101013
653 149 0.33207423898407001372 0.33267748766115901038 0.43421623401547299048
645 141 0.33206508018351199585 0.33267360504556997558 0.43422039173667797973
634 130 0.3320463373415389885 0.33267932518412701715 0.4342244652037889896
631 127 0.332046332045877024 0.33268825037236698927 0.43422125250897097848
641 137 0.33206187954905802551 0.33269443207815702079 0.43421803310059498004
633 129 0.33207739502822197775 0.33272120934045401608 0.43422201297370199846
636 132 0.33210383149798500257 0.33274155236048802431 0.43421717033087997573
624 120 0.33210193664240600375 0.3327454180347719781 0.43421477661668600456
630 126 0.33211968074503800397 0.33274106312228501903 0.43421964652110101035
636 132 0.33213287339982600077 0.33274675415474602724 0.43422204220018001397
661 157 0.33214745391506800276 0.33274602504218597776 0.43424311497584999753
638 134 0.33214692015662800051 0.3327681586907150213 0.43423651595481799204
630 126 0.33214044056792402237 0.33275420065257599322 0.4342264712604980148
624 120 0.33214448229591397865 0.33276353042167799989 0.43423898313871100996
640 136 0.33217813464280299129 0.33278561921773702759 0.43425907491491799739
635 131 0.33218809102719198956 0.33280268944694002542 0.43426534877710798455
650 146 0.33221124247628197601 0.33280515588714998376 0.43426676985989998148
648 144 0.33221389962714498179 0.33281171774715001543 0.43426237093537700673
644 140 0.33223382661033801222 0.33284105795403101657 0.43428055691032202423
648 144 0.33223876200664897995 0.33285078635973297523 0.43430210996255602662
635 131 0.3322477523834859725 0.33287372468804499182 0.43430195205283800286
642 138 0.33225676331222098181 0.33287252062683297948 0.43431653321000002199
640 136 0.33226891031010097333 0.33287268675258802064 0.43430159410253299512
639 135 0.3322660994116379829 0.33287420653834798312 0.43432165674357697815
646 142 0.33226008906293902356 0.33285570803129299611 0.43431980500081202035
644 140 0.33224776092139102213 0.33285540641704497444 0.43432180285469701442
639 135 0.33224814195509599912 0.33286557076534001309 0.43432980734806098111
658 154 0.33226668044702600824 0.33287526499071901087 0.43432711490452097225
659 155 0.33227249245448198245 0.33288450478447700887 0.43434005738542602604
661 157 0.33225204118196699499 0.33288418333449198983 0.43432938122301800732
647 143 0.33224517631223099423 0.33290294637959699786 0.43434104254667099676
649 145 0.33226043898988699699 0.33290309053161798447 0.43434146938662698822
643 139 0.33227575289771299483 0.33292411549697098483 0.43434184777331702465
640 136 0.3322969185769780176 0.33294104361717502538 0.43436081905182899465
642 138 0.3322850712185129729 0.33293482400259399867 0.43435709301055597242
646 142 0.33228182430893699051 0.3329317853336190014 0.43435428214295002114
637 133 0.33227994398146998289 0.33294778046547301997 0.43435704968119598357
655 151 0.33228433963497699954 0.33291304519094000458 0.43436873577420698211
658 154 0.3322838016705810249 0.33291996837916598695 0.43439900275407400398
659 155 0.33227197068047897854 0.33290562778981702685 0.43441555930732100865
646 142 0.33225745308774201625 0.33291572387780499209 0.43440972653086801225
666 162 0.33227454079847601465 0.33292444803832399458 0.43441153242533098178
670 166 0.33226587655879502581 0.33291237455971200987 0.43440942117838299286
656 152 0.332244178135931989 0.33292742295228899829 0.43440106438873898886
663 159 0.33224727516523100412 0.33292395116106898723 0.43439939050169501522
659 155 0.33224809407344202405 0.33292906023398199933 0.4344038166132400125
661 157 0.33224799268228299987 0.33292197069300899503 0.43439723991535500458
659 155 0.33224792653943602261 0.33292527526947002237 0.43438801066735399647
666 162 0.3322302913943390168 0.33289428263899800697 0.43435506145623997698
685 181 0.33222569838992699331 0.33286915617148199464 0.43433143583404298926
666 162 0.3321945901599470119 0.33286209998669802346 0.43432071514808401336
674 170 0.33218646442885801928 0.33285819385645598611 0.43429998331197200434
672 168 0.33217022699404602504 0.33284843634194899442 0.43428481891487302757
679 175 0.3321535624941610032 0.33283507251541999405 0.43426182922460798697
659 155 0.33212878677594898091 0.33281679789413898263 0.43423972613805200682
659 155 0.33211210350955600035 0.33278816714723302717 0.43420693973246998754
672 168 0.33210307756895202091 0.33276224267122900269 0.43419409057279001463
660 156 0.33208375621490898721 0.33276063584222598246 0.43416283246911002713
648 144 0.33205633332750400522 0.33273340771646497949 0.43414783415724700344
649 145 0.33203523823699598871 0.33271157866298101125 0.43413785505912499962
657 153 0.33201509275599899729 0.33268886965340199735 0.43411422374569097471
660 156 0.33201327052908402582 0.33266933344789401117 0.43410938316398700598
684 180 0.33201732932664501652 0.3326462092301880058 0.43411299377193801607
682 178 0.33202230890699802046 0.33267023223757902217 0.43409980532555697552
679 175 0.33201651616323901717 0.33268390545326498309 0.4340919028364400023
638 134 0.3319829143808449845 0.33268683333849402572 0.43408552785950799136
658 154 0.33197805250125500542 0.33266060402973901544 0.4340535896512500158
668 164 0.33197850518143701137 0.33264827408064101544 0.4340443405035960267
670 166 0.33195797491055001327 0.33263370761695698619 0.43403801349495602091
668 164 0.33194146932537499373 0.33262050629940298485 0.43402470900138201415
683 179 0.33194772198213201575 0.33260193352861300298 0.4340151618903529962
672 168 0.33192407698353199041 0.33259456562428901805 0.43401717019294100419
663 159 0.33190978764617901087 0.33258853939328897331 0.43401285969963099287
677 173 0.33191026217665398068 0.33257445997345802535 0.43399393719874901354
676 172 0.33190001860186701954 0.33256799172259199349 0.43399482428000202283
668 164 0.33190225498480602218 0.33257495472488801669 0.43397638890256101663
661 157 0.3318884579372319843 0.33256894882334098185 0.43396364201546400174
664 160 0.3318902527882269804 0.33255714814233999777 0.43395215480174298417
668 164 0.33187782264110099462 0.33254177141863000555 0.43394203956170901426
658 154 0.33185827701620201902 0.33253712547932201549 0.43394447088149201708
667 163 0.33185743193111799654 0.33251776440325198081 0.43395734072326702657
660 156 0.33185391698133398508 0.33251626877675599658 0.43396208746968600867
666 162 0.33186594925867901607 0.3325062997737939785 0.43395770982578302233
647 143 0.33184553594020499423 0.3325092574751000174 0.43393473282566802363
665 161 0.33186381353016597417 0.33250417920383501524 0.43392232381707401823
664 160 0.33186341052272899654 0.33250667786060800202 0.43393005049801397499
662 158 0.33185194861585798343 0.33250473437344901795 0.43393409235055002693
657 153 0.3318484247216200167 0.33250234133953698867 0.43391978147679599598
654 150 0.33184136067861902397 0.33249505513760502229 0.43392418983808200839
643 139 0.33183737663307000254 0.33249400543605100999 0.43393626069380497601
639 135 0.33184273797339597367 0.33250007006841098001 0.43392863215945098876
644 140 0.33184678875718198743 0.33249235851365899208 0.43394690633583199446
636 132 0.33184460852746400228 0.33249398160761800547 0.43393655056566399209
649 145 0.33184641963639499584 0.33247293477636902237 0.43393799210799099964
653 149 0.33184247018783602501 0.33246609923210801441 0.43393614081092102275
654 150 0.33184032918703698645 0.33246063183544100061 0.4339370157893699953
648 144 0.33184480905347102375 0.3324715801246250213 0.43393399788864500666
649 145 0.33185240673770899367 0.33248694466517797474 0.43393373114399802493
650 146 0.3318466982223690076 0.33248189416109802385 0.43394113202699602372
635 131 0.33184541585988397427 0.33249062598918399658 0.43393778938465299433
637 133 0.33185956373368097339 0.33247984549387399333 0.43393683203033900364
640 136 0.33185527300079598056 0.33248546028426201326 0.43394910053485902246
636 132 0.33186720803199898366 0.33249017720855600366 0.43394866644585800008
627 123 0.33186941086908500198 0.33248913751135100725 0.43393884906388302536
619 115 0.33187252104705100564 0.33250621995415602372 0.43394367898613001033
626 122 0.33188623904699499079 0.33250384754768397277 0.43396256461983401254
628 124 0.33187922129475300181 0.33250410190740997685 0.43396157581067401621
639 135 0.33189471426598399217 0.33249997014180099342 0.43396506667751899577
641 137 0.33189209076740300297 0.3325006666193520144 0.43397814793697098157
649 145 0.33190667398695200552 0.33250712159988998762 0.43396741525279902696
657 153 0.33190582123342898813 0.33249898910844999378 0.43396587620307697231
634 130 0.33188601437667397676 0.33250677898219499484 0.43396390090566600017
644 140 0.33188957853065897963 0.33249733700014799664 0.43395294647202198313
639 135 0.33186760335928899845 0.33248040516692700663 0.43395338649054399083
633 129 0.33186584138362701379 0.33247099196575097269 0.43395421329963401735
637 133 0.33187688740427501166 0.33247921053597601082 0.43396383634668400653
635 131 0.33189228433722900435 0.33248127184686598889 0.43397420132772601686
622 118 0.33190858189461802663 0.33250097872161399337 0.43399957306699998849
637 133 0.3319209505349440259 0.33250696463494699984 0.43401126569220399576
623 119 0.33194470819047300347 0.33254073887030499712 0.43402951835010900039
620 116 0.3319596272796240255 0.33254805170394802216 0.43404415740612400931
617 113 0.3319688389184929922 0.33255271795437502114 0.4340456116865700209
642 138 0.33199262235645599084 0.33255957356021598192 0.43406841738176898948
627 123 0.33199744499788397256 0.33257217075164702269 0.43407392163507602101
634 130 0.33200183793717602532 0.33257109529998801767 0.43408960983014299728
635 131 0.332010108454865005 0.33255553210529698038 0.43409486395246599244
629 125 0.33202371005791697645 0.33257820700087498134 0.43411199034244302153
654 150 0.33204741881004201653 0.33258941812428899354 0.43411882654215599997
658 154 0.33203780352431599976 0.3325900916923870132 0.43413595961509598986
640 136 0.33204783930492398625 0.33261887384981797533 0.43417147152831497836
641 137 0.332064027666747974 0.33263490876099299776 0.43418709603518601536
633 129 0.3320687847850479768 0.33264303139491502304 0.43419096461124101483
623 119 0.33206344953973998546 0.33263492322490101349 0.43417996543650200225
628 124 0.33205470028876599153 0.33263206921551502493 0.43416384377233302461
637 133 0.33206868721290300206 0.33262312007163602479 0.43416400509940800134
628 124 0.33204987261554197442 0.33262465617938502538 0.43417340815624999584
649 145 0.33205907655463900996 0.3326226853551320084 0.43418014311805497307
647 143 0.33205992784283400177 0.3326312276289770109 0.43420572331920898046
634 130 0.33206514046623197833 0.33263980013590499496 0.4342268219860859757
644 140 0.33208695640737900812 0.33265271285212899555 0.43424940016150898048
652 148 0.33210308905650298694 0.33265513466356599892 0.43426465456825702471
638 134 0.33211479567410601144 0.33266368715626598584 0.43427297922994101409
637 133 0.33212479450433501915 0.33268225750551899678 0.43429942634785001498
635 131 0.33214218888777097272 0.33270998868231799195 0.4343203625219599906
619 115 0.33214301130500900605 0.33272811411463099063 0.43432729063856101437
630 126 0.33215867440895602281 0.33273966085924899794 0.43432521909463001064
632 128 0.33218605964385400364 0.33274599452355801965 0.43432277170142097322
624 120 0.33218295125882302266 0.33274271383721598649 0.4343294013249849872
625 121 0.33218939626467902659 0.33273331849616699651 0.43432386198206002215
632 128 0.3321997863494670078 0.33274048597735000898 0.43433063924902598485
631 127 0.33221191316326398324 0.33276769780627701856 0.43435631751814302026
640 136 0.33223750752004599374 0.3327857488518610185 0.43436464384436501707
632 128 0.33224486281444798319 0.33281686991746700643 0.43436769924657897546
624 120 0.33224389079621202692 0.33282139225274198768 0.43437925528239001993
638 134 0.3322533835885900233 0.33281981123772802489 0.43439321114090301279
638 134 0.3322685121824500154 0.33283217710321300054 0.43440749471963002737
655 151 0.33228280185691000392 0.33285103893482598236 0.43442937413684201697
633 129 0.33227968862085599522 0.33288687154258700396 0.43443828000331702333
634 130 0.33229088276684398684 0.33290180121116197398 0.43444704096534397797
629 125 0.33230116831145101175 0.3329123733527989959 0.43446920564953001032
626 122 0.33232232939427902574 0.33294033257211197441 0.43447902433465501737
622 118 0.33234256933461997496 0.3329448177492519978 0.43448099316612898146
630 126 0.33235765295729702284 0.33296405246177901427 0.43448522406915202065
630 126 0.33237528468430899142 0.33297720008868597619 0.43448778661951598101
626 122 0.33238080015342902351 0.33298600347460100002 0.4344961414342489725
631 127 0.33239363429641799463 0.33298827855382601149 0.43450602892398199062
630 126 0.33239479422443601875 0.33299315698791198681 0.4345094877027699809
619 115 0.33239379567544502514 0.33300497867169498445 0.43452481172186302461
641 137 0.33240663227186800777 0.33298600406084799541 0.4345386865883760219
624 120 0.33242118975657297675 0.33301689396073297367 0.4345458856696419736
614 110 0.33242407851975297461 0.33303302951904201201 0.43455460320607097735
624 120 0.33244210124993001099 0.33304655100891500386 0.43456579970705300209
640 136 0.33247175791156602376 0.33305659926264902237 0.43457552407631699909
635 131 0.3324893060354869867 0.33308049780846998855 0.43458574812362599227
636 132 0.33250900649357201244 0.33310178362480502567 0.43459819285988099402
637 133 0.3325118687171780274 0.33310964378802898622 0.43462706230371500604
635 131 0.33251861278248301401 0.33311750409664697692 0.43464153956608697627
639 135 0.33254735599683099556 0.33314783899047900606 0.434668544800208001
628 124 0.33255491413195398254 0.33315481670664898184 0.43468083342373098343
632 128 0.33256722622190298955 0.33315962634806600695 0.43467259081577602764
631 127 0.33257522471692801957 0.33317263830096999211 0.4346769057097290001
633 129 0.33257719992770501394 0.33316923842213297391 0.43467972377635899495
615 111 0.33259078263680502685 0.33319217435292397544 0.43467998178393402187
620 116 0.33260350344139599787 0.33318532001256601083 0.43467124161084802481
632 128 0.33262010402688402255 0.33319054434913697449 0.43465646466485902133
631 127 0.33264400399613197612 0.33320870613640202196 0.43468108949267497687
631 127 0.33265111237246097753 0.33321348988810201019 0.43468322814406701315
633 129 0.33265650739714097694 0.33323076445660898548 0.43469334110046597974
629 125 0.3326528664715979744 0.33324415113367000796 0.43470176356054301969
643 139 0.33267673141114101343 0.33326312878786901184 0.43474273248280898008
650 146 0.33269414407231501229 0.33328467907522502101 0.43476678665672502389
625 121 0.3327115156929519868 0.33332085114691900607 0.43480092160163502646
620 116 0.33271600247748100987 0.33333505449367101248 0.43483068836262400714
631 127 0.33273980345234499545 0.33334322680175099141 0.43485979157735199507
644 140 0.33276573946755200195 0.33335612409137999057 0.43487010493132499667
641 137 0.33278907678349201049 0.33337460070550001268 0.43488954251622097269
621 117 0.33280125743084199019 0.33341283336792598702 0.4349191588941729858
633 129 0.3328138661724879821 0.33341796361456299547 0.43492798817500000208
629 125 0.33281960381513897573 0.333433827687826978 0.43494291013482799801
632 128 0.33282619897185400371 0.33344624792911198297 0.4349638085578980129
626 122 0.33284475936940199903 0.33344792334528999822 0.4349697915310590246
626 122 0.33286802372650997617 0.33346461861582399333 0.43499597845633497517
629 125 0.33289556116956697807 0.33348430378987298228 0.43501673027528497961
634 130 0.33290982149574999127 0.33348725336308798761 0.43502484352694198444
618 114 0.33292064282170902301 0.33350391458208200612 0.43502594054938897861
628 124 0.33295070655518799185 0.33353685812522398946 0.43502728359630099542
613 109 0.33297304920848702636 0.33357362867772799575 0.43504930830969401612
616 112 0.33298726467288397579 0.3335911125266129984 0.43508127754463299386
631 127 0.33301087682075902752 0.33361629445036600217 0.43510109611913599936
635 131 0.33305709118253901124 0.33365086130489401972 0.43512745695293897352
620 116 0.33305803008317602654 0.33367044159428199679 0.4351627414385739745
615 111 0.33307006786830101186 0.33369599802886601436 0.43519229413508597748
611 107 0.33308337161629297807 0.33370442669879901709 0.43520372305399401824
621 117 0.33313163849932198035 0.33374234544684400205 0.43521141464192797388
612 108 0.3331517339539259992 0.33375801239900498851 0.43523499515294200579
634 130 0.33318204598410899875 0.33375830945736301159 0.43526191957411697331
649 145 0.33319999079766099426 0.33377312762873101448 0.43529342511198199084
658 154 0.33320472150172597559 0.3337849518817079808 0.43531995896064501483
653 149 0.33320859589882101393 0.33380102465322097904 0.43533902856968897943
648 144 0.33321374308908902062 0.33381153729948198627 0.43534282722645900598
652 148 0.33320187160613901067 0.33381396027172599572 0.43535559185189698361
649 145 0.33319000549876998107 0.33380613145365101158 0.43535910472771399693
643 139 0.33319642595160198217 0.33382005462146502328 0.43536190754108300416
653 149 0.33319604665324398241 0.33381479062317098716 0.43536669292607699244
651 147 0.33319948756147899083 0.33381975422498200157 0.43537801353959099115
635 131 0.33319867928549301572 0.33382938282033697286 0.43538717421775302574
647 143 0.33320636602975001184 0.33382923459194302485 0.43538475765868100975
648 144 0.3332165961994639769 0.33384652897151001483 0.43539379750334500363
653 149 0.33322894308652301065 0.33386423472945897517 0.43540017833975802608
653 149 0.33324297288380499982 0.33386576170810799979 0.43540003109385400082
674 170 0.33325318127300102011 0.33384687392748402246 0.43539918274761302275
658 154 0.3332307387063240256 0.33385777378809100568 0.43541033337848000784
654 150 0.33322865120210698464 0.333856330775275989 0.43540121916413199177
662 158 0.33322656701768199605 0.33385022336232400564 0.43539795076123499751
669 165 0.33323337657691298741 0.33384751581036697932 0.43540607457820201809
681 177 0.33321816800715697848 0.33383548456065298415 0.43540921804202398215
659 155 0.33320846576660401173 0.3338370118408999776 0.43541318990782601484
678 174 0.33322119876465799981 0.33383092554654497652 0.43540526936581297468
662 158 0.33321108228933499218 0.33383414837652697349 0.43540273146802699333
680 176 0.33321619547179698317 0.33381236407990000359 0.4354073975271059993
670 166 0.33320270539298901813 0.33380966426255098689 0.43540899835076501967
668 164 0.3331985201822469933 0.33380909289597299194 0.43539781216926098928
670 166 0.33319307708643902677 0.33382377605275698196 0.43540741812394800903
644 140 0.33316989240730299215 0.33383209003997998954 0.43541146372828098965
649 145 0.33316994271153299589 0.33381965289692300258 0.43539833334679700627
645 141 0.33317631923456497711 0.33381017902615101045 0.43539113224767400645
642 138 0.33317088052334298265 0.33379267289905001359 0.43539769281294399272
656 152 0.33316882176774897939 0.33377265698590097287 0.43537738628208100256
655 151 0.33317646046698401463 0.33377378636548399315 0.43539170180007602529
659 155 0.33316766070203102101 0.33377746394196100566 0.43540488402146099167
641 137 0.33317740467238099455 0.33380054823782601137 0.43540466351484802265
651 147 0.33317534586574198974 0.33379027598956301226 0.43538539216192201353
648 144 0.33317960704992999332 0.3337960400574829789 0.4353909220341680153
649 145 0.33317965714590097592 0.33379124183477298926 0.43537559066890602066
638 134 0.33317885879048597664 0.33379151652265098837 0.43539122536067798031
647 143 0.33318690473894302384 0.33380446184386197706 0.43539289632099797966
632 128 0.33320083085322399485 0.33383298294571400744 0.43539261962009301321
627 123 0.33319666650645102246 0.33383155919361501285 0.43539044857226499863
633 129 0.3331967099401300092 0.33382508169427699274 0.43540101678559300913
639 135 0.33321734657557500192 0.33383966607271498006 0.43540938911108201248
650 146 0.33323502722281100885 0.33383992470569801014 0.43542408651103897688
640 136 0.33323379887698301172 0.33385534408464900835 0.43543562105182598287
642 138 0.33323005266012800663 0.33386192816707599418 0.43543672486274598299
630 126 0.3332388999896330195 0.33388025868685700104 0.4354442316041379768
634 130 0.33324564362525199712 0.33387797227724602678 0.43543559438848700172
640 136 0.33326370730855198188 0.33388536076190600266 0.43542224823163100389
649 145 0.33325827742884500671 0.33387048574423500158 0.43540919641828901288
652 148 0.33323692552958300572 0.33385182617422398677 0.4353914086882400003
656 152 0.33324365775735598216 0.33383821327901397336 0.43538634269604398197
642 138 0.33323614354219899258 0.33383931079529099994 0.43537848946440699249
662 158 0.33325543879709101924 0.3338332722572510125 0.43538339135357001508
650 146 0.33325127761959699724 0.33384696147369202768 0.43539288399941400431
663 159 0.3332579989423889999 0.33384345864922398972 0.43537579157407502173
643 139 0.33324714187407000754 0.33383657103850200576 0.43536325826833499608
656 152 0.33326055395106302104 0.33383515574060501629 0.43535458290931799974
670 166 0.33326517632760899179 0.33383333857186198168 0.43535745144701398779
665 161 0.33325391192207298729 0.33383360546586998696 0.43535557774961902711
645 141 0.33324307213958698215 0.33385104484696898064 0.43536229883154697884
633 129 0.33322513657188401748 0.33385005194361899727 0.43535095500536702406
660 156 0.33322893123952901373 0.33383483196823499073 0.43535123961731797548
649 145 0.33322520730723198534 0.33384345756218297696 0.43535248346222399363
638 134 0.33322774349892197998 0.33385166052915299373 0.43534576231641697319
630 126 0.33322902807063198294 0.33385943935791601023 0.43533757891517399496
640 136 0.33324073935002401781 0.33386932505138300353 0.43533562663138497539
639 135 0.33325577904491499037 0.33388754932417802346 0.43534871139464198508
635 131 0.33325663665867599761 0.33389113471801701305 0.43535114657652301817
639 135 0.33327082848879102661 0.33389847499425601152 0.43535360993995397827
627 123 0.33327376250945600633 0.33390330092618597524 0.43535949343780599996
633 129 0.33326462129631700959 0.33390606097754299553 0.43537247348381802325
648 144 0.3332642277383199847 0.33390214160655101727 0.43537514058640597314
647 143 0.3332634178432650196 0.33390404529608902484 0.43538968932449700899
640 136 0.33326926365173098477 0.3339122013956219992 0.43542131096710900984
649 145 0.33328134397035702463 0.33391578870962101977 0.43542329636808302373
646 142 0.33328884259593100081 0.33391435695148402596 0.43541477662580801988
648 144 0.3333004953133080206 0.33392793301774098547 0.43540814403014799217
646 142 0.33329385747261397466 0.3339164793305979817 0.43541322816832100928
651 147 0.33329179310432199834 0.33391422100423101549 0.43542623946834702053
659 155 0.33329928243929002329 0.33392986487457398947 0.43543846739062602724
659 155 0.33331506760560797309 0.33393424285358702663 0.43543485132118098235
647 143 0.33331548871390098698 0.33395860244200198386 0.43543874628754797307
659 155 0.33332171713861602491 0.33394676035631098987 0.43543989592600002014
666 162 0.33331259689061198959 0.33393992838062297457 0.43545358229928399219
652 148 0.3332989220131700181 0.33395138313019101517 0.43547822686670900616
657 153 0.33329934734426397425 0.33395161451124100171 0.43548147147570498428
651 147 0.33328817115512399116 0.33394976036565199307 0.43548112093303498193
646 142 0.33328321412375899735 0.33394832569222898666 0.43548308836126697896
655 151 0.33327991791375100039 0.33394191264063999292 0.43546932698822299335
648 144 0.33326296364784901982 0.33394006775297802037 0.43545441094344000676
664 160 0.33326753985739798747 0.33394279370119100969 0.43545766765292598377
675 171 0.33327211174718102127 0.33394385597264797383 0.4354722364258020173
662 158 0.33326758050647897758 0.33395611968402799663 0.43547943308108100213
644 140 0.3332630508386359991 0.33395217778907898554 0.4354810768787700237
648 144 0.33326761914994001978 0.33394990825920300992 0.43546842305499899872
650 146 0.33325359148166999734 0.33392858474275699532 0.4354525642741329805
664 160 0.33325402991432401256 0.33392220222014301623 0.43544763157214699811
657 153 0.33324621014072697278 0.33392864683295597761 0.4354526038485739825
653 149 0.33324829847688497431 0.33392058998766599442 0.43544395455036999376
659 155 0.33324461006080702274 0.33390717002073500019 0.43543364132755402185
660 156 0.33324133697482200001 0.33390700127141598186 0.43542543331373401161
651 147 0.33322321943308297332 0.33389896524051299043 0.43541244469081802348
661 157 0.33321582960681600527 0.33387440787637501227 0.4353867729140170062
674 170 0.33321380302930997397 0.33384199630547800597 0.43537681922788801225
667 163 0.3332014789117400122 0.33384515289483701617 0.4353506152455510203
656 152 0.33319410237388802365 0.33384499500685899109 0.43533572226947997441
645 141 0.33319085221784600082 0.33384812396546398316 0.43532262931860499222
651 147 0.33319542455690098759 0.3338463157499629852 0.43531152188628902122
669 165 0.33319094404059701464 0.33383089564888701606 0.4353024427171580113
669 165 0.33318111242994802312 0.33381630557129698955 0.43530085556237102518
679 175 0.33318897122834501001 0.33380543539932600039 0.43529634110838599792
675 171 0.33317668071565198495 0.33379333029100499708 0.43528786333287500243
679 175 0.33316357986592398666 0.33379196443651598658 0.43527369758832401558
679 175 0.33315582247887398637 0.33378689010784801106 0.43524461595582697448
672 168 0.33313862352447798365 0.33377315552615099969 0.43522371597845699309
675 171 0.33312267396911399153 0.33375942969739297306 0.43522117530515802564
688 184 0.33309976146072300951 0.33374201920411999955 0.43521756285190699165
687 183 0.33308096010122900665 0.33373696527983498505 0.43520976329456001475
681 177 0.33306626495603497418 0.33373109059075700689 0.43519087275718298935
674 170 0.33305444787405197316 0.33372686315976901605 0.43518192887634099542
669 165 0.33304550620632400459 0.33371646611761901502 0.43515912601803202753
664 160 0.33303658052186702054 0.33371552422370998059 0.43514440122092601371
668 164 0.33303175541662199954 0.33370348915989800354 0.43513292159189898012
664 160 0.33300768289225102237 0.33367831344112297565 0.43512038302067901352
668 164 0.33300696311033700647 0.33366588455504797572 0.43510541537931501921
688 184 0.33299766423388499348 0.3336559393989019795 0.43509716765928602156
682 178 0.33300062612754199876 0.3336656929755990042 0.43509944397879501965
657 153 0.33298558223924701327 0.33367297464216599812 0.43508646679570900373
653 149 0.3329754653915120155 0.33367287436202702766 0.43508487672303297611
650 146 0.33296739555706600378 0.33366703152054000281 0.43508205961660201266
664 160 0.33296015675827700386 0.33365135882086299768 0.43506000452976700821
658 154 0.33294025783587100076 0.33365331668231701379 0.43506397476205599384
664 160 0.33295139824963498887 0.33364010340854699521 0.43505156662902000342
665 161 0.33294253557872599547 0.33363837591195399934 0.43505105704711399817
666 162 0.33293488857386199786 0.33361289744213101782 0.4350495883523409768
659 155 0.3329190980031819791 0.33360912925376301486 0.43505174605365998231
672 168 0.33291229255439197532 0.33359800697028402228 0.43503762245422100685
651 147 0.33288997763195099511 0.33358401493743400357 0.43504465475152498399
671 167 0.33288482403512498209 0.33356963441156900485 0.43505213598620900983
685 181 0.33289311175473201843 0.33356997822335598958 0.43504715173613900392
668 164 0.33288345778219602389 0.33357644460147900523 0.43502839033300699789
666 162 0.33287503483027902629 0.33356247978078701344 0.43501190444120402256
668 164 0.33286050969614300321 0.33353872387507799147 0.43500417690481202326
671 167 0.33284804723193600617 0.33353703116291000264 0.43499666803179398711
665 161 0.33282988366486998544 0.33353329921629698562 0.4349911806658959823
664 160 0.33282433989491400084 0.33352426061533202439 0.43500434723873299125
662 158 0.33281636468091402303 0.33352053120107200135 0.43499543722586098138
657 153 0.33280676672611397837 0.33352414641683197916 0.43499300835917198427
658 154 0.3328016273126980229 0.33350411402076801659 0.43498078666302297801
656 152 0.33279772753554298648 0.33350406203889998435 0.43496820312382900031
647 143 0.33279748251639501566 0.33350604279406398378 0.43496822778358601447
639 135 0.33278992129013701406 0.33350558410072500548 0.43496620694423498987
652 148 0.3327977938530309876 0.33349535549983799765 0.43496506225117598232
647 143 0.33279754315810200493 0.33349489848824598326 0.4349532398126940147
651 147 0.33280946612981499033 0.33350217500581802454 0.43495119839460399946
645 141 0.33281530665353997733 0.33351513798200099759 0.43493666136508701836
639 135 0.3328247878217550082 0.33351629519269698765 0.43493778182356301887
650 146 0.33283710974041602615 0.33352355867679600587 0.43494286879581001148
658 154 0.33284619350029098772 0.33354138425339002749 0.43497139727334799275
646 142 0.33285727482189397808 0.33356569638801397693 0.43496599475430697268
625 121 0.33285335335842197724 0.33357374596547401113 0.43495284745855800068
633 129 0.33284297171249199732 0.33355499855024400846 0.43492406094553898166
648 144 0.33285000746807297256 0.33354153425777799402 0.4349262133807059727
648 144 0.33284934716457398318 0.33354634221113699244 0.43494014484792697939
636 132 0.33284463172571598921 0.33355033322625299297 0.43494397822884600657
648 144 0.3328472165767439872 0.33354661891624098891 0.43495623426392898692
654 150 0.33284534129282000725 0.33354858873893900029 0.43495963585431601794
637 133 0.3328446672337460055 0.33355257159142198686 0.4349690276681900114
647 143 0.33285936291547202348 0.33355331361977702542 0.43498358565072497983
645 141 0.33286636677355202485 0.33354716508864501456 0.43497727657292301062
642 138 0.33288105039441601152 0.33356167045568602125 0.43498478669206397385
641 137 0.33288401052658800339 0.33356929502861498715 0.43497462922761698234
644 140 0.33287971097273799659 0.33356760752598701991 0.43497198883769000455
649 145 0.33287944477891001638 0.33355823113790999956 0.43497535632736900046
644 140 0.33288039039365802108 0.33356098992973298722 0.4349774589813820147
659 155 0.33289463975273497764 0.33355768752635100993 0.43497845268585499934
644 140 0.33289274627587100985 0.33356327552408798764 0.43497749705220201122
653 149 0.33290093897638201037 0.33355067572030999701 0.43497867736725098764
651 147 0.33289663399035701596 0.3335380857702709978 0.43498222229185701249
646 142 0.33289637107841502095 0.33354448010617898657 0.43498868574401700071
653 149 0.3328856320495339749 0.33352988968184099638 0.43498772805835200783
659 155 0.33289139401627099168 0.33352054915524897982 0.43499602040475499054
647 143 0.33289957013946902542 0.33354550470931698669 0.43499787036703102538
622 118 0.33289326490108400725 0.33355995107919600429 0.43499576008071799693
623 119 0.33289058107875602044 0.33355907934286899152 0.43499600895031498293
627 123 0.33289954687567302472 0.33354973958670802725 0.43500919588630598822
643 139 0.33292138299525297906 0.33355894346733699907 0.43503119067620499294
640 136 0.3329407921773819834 0.33357941426254400508 0.43504218439495001558
645 141 0.33295375672352700569 0.33358820395890997901 0.43504776400736699937
637 133 0.3329659143608619809 0.33361631111253298165 0.43507635398611399502
644 140 0.33299252140571899972 0.3336315128683979836 0.43507988452727097695
638 134 0.33299743925875402439 0.33365033695674900516 0.43510470306741699797
634 130 0.3330015501931329891 0.33365345520445299776 0.43512890859073299898
642 138 0.33302009611249000498 0.33365737753320301451 0.43512631646739302616
641 137 0.33303662610157602764 0.33366812843069498795 0.43514136604660502705
652 148 0.33303752764119798346 0.33367768096894601104 0.43514774775290698816
634 130 0.33303079845126198899 0.33368681725845100727 0.43517284734123101719
655 151 0.33303410699524699234 0.3336923469850879842 0.43518771326926797283
647 143 0.33302418114676302086 0.33368661801735799433 0.4352001096603980157
640 136 0.33303308280389198881 0.33370497282496497382 0.43520406200689298881
632 128 0.33304397731216700551 0.33372532498756202202 0.43522023461864500771
649 145 0.33305606867481502009 0.33371838792043601041 0.43522684270250899807
645 141 0.33305415432719498448 0.33372629451598601058 0.43522433374200497624
648 144 0.33305264471017897998 0.33372617401198501064 0.43522457266393399511
642 138 0.33303714043101101394 0.33371603474808597678 0.43521429197262700983
646 142 0.33304122135534397486 0.333708305390302995 0.43521682186557297811
657 153 0.33303771845999097234 0.33369457346791298047 0.43520728283394100044
650 146 0.33302702501904002386 0.3336948675351489868 0.43519714396358100128
637 133 0.33301433458178097968 0.33369235923202800187 0.43517032740743299968
656 152 0.33300844042984900639 0.3336606410826439828 0.43514777737669502189
665 161 0.33299895616826197253 0.333640947852337999 0.43513234714426901606
662 158 0.33298867906424800545 0.33362525673223297762 0.43513104343654801509
648 144 0.33296644398038299784 0.33360637354979799651 0.43509788226562501334
645 141 0.33294741550632200866 0.33358670722207500736 0.43509388498203299678
651 147 0.33293996252774499256 0.3335774437203700149 0.43508323076924698691
655 151 0.33292733216553299647 0.33356738964464499597 0.43506090339410802281
657 153 0.3329330226440430085 0.3335713173368949902 0.43505106555978700911
646 142 0.33292398848379201048 0.33357962921452299909 0.43505249421470598703
645 141 0.33292411607240601779 0.33358713922410399011 0.43505433727029702018
661 157 0.33293777189834500296 0.33357987900073199361 0.43505332390955897548
664 160 0.33294187430067501143 0.33357501187415300459 0.43505597603253698402
669 165 0.33294318231943798025 0.33357255032786697901 0.43506157742799700383
663 159 0.33293654438132197493 0.33357845862783197521 0.43505983420217397839
665 161 0.33292354581034999672 0.33356005465179100478 0.43506857358678102665
662 158 0.33290777554826900264 0.33355919726246502366 0.43507839223413097285
656 152 0.33290154977288699545 0.33356271414809701703 0.43509189180137097797
646 142 0.33288817515286700521 0.33356623311436700563 0.43509259965824498284
654 150 0.33289267458383597909 0.33356576892360001452 0.43509154627352097933
652 148 0.33288486404197098478 0.33356411297021298923 0.43508328934187501247
644 140 0.33287586444915301387 0.33355648475609200876 0.43506957639439597374
657 153 0.33289067538615602082 0.33355681719179397504 0.43506327629023100467
652 148 0.33289119777457198968 0.33355436242211300435 0.43505760229418899421
653 149 0.33287508324572701035 0.3335387953641880121 0.43504963222140802248
652 148 0.33286808563212899603 0.33352800466217902287 0.43505488294587002507
653 149 0.33286030430702101546 0.3335227841400679738 0.43505560425966199878
657 153 0.33285531144848601315 0.33352868654703199391 0.43505177687162899236
646 142 0.33285703256266102601 0.33353775657558099033 0.4350455973662569753
644 140 0.33285875606886999867 0.33354087029772999662 0.43503050802310200273
651 147 0.33286007837157599587 0.33353525808442802125 0.43502875201951202166
646 142 0.33284675864075602414 0.33352925429033197791 0.4350305837636230244
657 153 0.3328512548668580151 0.33352682012349799123 0.43502294571960797853
656 152 0.33285218851665099304 0.33353033088414202334 0.43502635742807299613
654 150 0.33286300697387299907 0.33354651881540198222 0.43503761111540201201
647 143 0.33286394158640997265 0.33355635706733699486 0.4350461773897260076
651 147 0.33285855635369798744 0.33355867281736500951 0.43503328387867501448
653 149 0.33286423350707500246 0.33356533471702698446 0.43502831557149901354
658 154 0.33286595027541698855 0.33355576400145597882 0.43501729316331300135
645 141 0.33285464653696000825 0.33355806986101099731 0.4350188996715160239
665 161 0.33285755371122000001 0.33355009896814802328 0.4350030413784850003
658 154 0.33285925911863301074 0.3335460772469989732 0.43499043750603400005
665 161 0.33284994783655502681 0.3335499763388670158 0.43496615672355898319
665 161 0.33283984485818202126 0.3335439856199179931 0.43496332344693600103
653 149 0.33283169384268102009 0.3335198132983919761 0.43495231323100197462
664 160 0.33283618425833799703 0.33351936441316298865 0.43493128203525399655
669 165 0.3328276616579969871 0.33349047999183500934 0.43492558438975797985
675 171 0.332809720768443007 0.33349083416189001516 0.4349155199131169991
688 184 0.33281971537260601757 0.33348131468965497293 0.43491596971314999687
678 174 0.33279784893398900447 0.33349311177350099422 0.43491770198784401869
670 166 0.33278188870140401612 0.3334883302684960027 0.43491337590349798958
677 173 0.33277537331968198853 0.33347685021411199724 0.43491593066615802377
673 169 0.3327708280262869911 0.33347641159674901168 0.43491743280600098087
657 153 0.33276195012186199351 0.33348188532534800421 0.43491941926619098746
652 148 0.33274680048847699032 0.33347829786389998619 0.43492317411305597696
668 164 0.33276307355840600843 0.33347904473142997439 0.43492848980009102267
672 168 0.3327675683566599929 0.33348648342160097657 0.43494338981946101264
668 164 0.33275911198572299954 0.33348919312996799791 0.43494739273874499785
687 183 0.33275184217302000711 0.33347459127624001773 0.43494411745618999365
666 162 0.33274299001594198621 0.33348241363726799369 0.43495265032127899962
655 151 0.33273767438866602708 0.33348866070799398909 0.43495306158113600237
659 155 0.33273002253262001782 0.33348783067994902662 0.43494423354132499826
634 130 0.33272157159630699752 0.33350311141883398625 0.43493587008627998536
647 143 0.33272175926431002413 0.33349874292598902237 0.43493582446286899179
651 147 0.33271684505229098816 0.333486124481579993 0.43493521693332598543
651 147 0.33272134182329698993 0.33349786075051202072 0.43494504008417600449
636 132 0.3327176006384370277 0.33350723313211200205 0.43496942323808301945
631 127 0.33271815823109801569 0.33350757540934100609 0.43496216103115997731
633 129 0.33272265287999902572 0.33352047361753500709 0.43495768996899197845
624 120 0.33273847655615201857 0.33354748146461599134 0.43497443938394098062
620 116 0.3327710945120340158 0.33357015317185600978 0.43498510540090101761
630 126 0.33278728316746697402 0.33357792641472000517 0.43500211583730197251
633 129 0.33279838695457697462 0.33358294578707398115 0.43501654341954698602
625 121 0.33279190339538400334 0.33358208604375799711 0.43502022534101797424
627 123 0.33278463616652498303 0.33356673837174899422 0.43500893686466501897
638 134 0.33278792208817997711 0.33356393337068301896 0.43500968455978900051
650 146 0.33280213012058901256 0.33356151676580697574 0.43500653456849297518
655 151 0.33280579480741401266 0.33355910318073300758 0.43500302902803100746
642 138 0.33281257131182601094 0.33357194323079297771 0.43501910883959699072
637 133 0.33280920224401500107 0.33356561564745901283 0.43501824818561302122
637 133 0.33282221684165902431 0.33357023484876002772 0.43501563511559498965
641 137 0.33282859404540199311 0.33356625729069500075 0.4350182110986849926
652 148 0.33283613843176401703 0.33355681256070401908 0.43501368933376499681
653 149 0.33282888778482200287 0.33355792305634202055 0.4350081029691579837
658 154 0.33283292287954502342 0.33355082819818898665 0.43501253525515098941
663 159 0.33282880660704300402 0.33355466865243799113 0.4350104392916980256
645 141 0.33283244364076397526 0.33356630830627898021 0.43501845029205798987
638 134 0.3328298662579020073 0.33356935951039201615 0.43502435086246799001
640 136 0.33281797146528901976 0.33356695149322501681 0.43501471098351901512
640 136 0.33281033827048500662 0.33355635693250501594 0.43500885371121100764
637 133 0.33281241982169301741 0.33355083369251997683 0.43502566009122700663
649 145 0.33281802326084902743 0.33354921144052601667 0.43502117755218200346
637 133 0.3328069110117070073 0.33354953464090297821 0.43501253847703402755
643 139 0.3327981301285620197 0.33353233598306697427 0.43499974341364799901
652 148 0.33279790893242500172 0.33353422801507498496 0.43500487663799697335
656 152 0.33280505286065298343 0.33353767256409100339 0.43500483733699601974
660 156 0.33281063921144998785 0.33353449775197802074 0.4350105750124190207
671 167 0.33280536456573200921 0.3335219932755369987 0.43501235721320802297
661 157 0.33280279787607497388 0.33353010625698997771 0.43500102193674500262
648 144 0.33278279145628897329 0.33352071609722899748 0.43498023071130098582
639 135 0.33276628698165500175 0.33351288706031700926 0.43495919818679901203
649 145 0.33276878189366998484 0.33350700697336599365 0.43495138174944497633
655 151 0.33276275805129001961 0.33350618296696998843 0.43494478279228898643
650 146 0.3327629270782270221 0.33351312184263398608 0.4349404637994809808
658 154 0.33276309600504899722 0.33350375172757301678 0.43493516186836900239
658 154 0.33277099788766301147 0.33350719386730198757 0.43491894687573701139
651 147 0.33276455662075499209 0.33349201213213902628 0.4349070831520179814
651 147 0.33275118595566599566 0.33347839037837401222 0.43488851305805298342
659 155 0.33275715056313198703 0.33347718714954999175 0.43487972149427600588
650 146 0.33275034213967097374 0.33346822866114800288 0.43486621617360798897
646 142 0.3327462604535890156 0.33346470011714501869 0.43486783238588999634
646 142 0.3327529969232900231 0.33347434875243997521 0.43486984991760602171
642 138 0.33276243273145500456 0.33348011427961699038 0.43487055649575800942
652 148 0.33277380042129101057 0.33347309882116898949 0.43485152601936499783
659 155 0.33276469484573500957 0.33346106238015699175 0.43485153036832502327
643 139 0.33275598774105502597 0.33346682685850997929 0.43484284499097497489
634 130 0.3327488162077539835 0.33346175805671701697 0.43483199763633201274
651 147 0.33275132311826399745 0.3334574668635009731 0.43481765761545898563
651 147 0.33275265354430699771 0.33346439067575300852 0.43482635684560599909
645 141 0.33274126496755401794 0.33346705934149600825 0.43483266050241797807
658 154 0.33274336283147398774 0.33345736239979600901 0.43482263331695797381
647 143 0.33274622046049900925 0.3334615732249779918 0.43482553912177801525
663 159 0.33273484365285199704 0.33344957019354798389 0.43480282286299798411
652 148 0.33272193012408302071 0.33344799111421502547 0.43480058018477701909
659 155 0.33271787552702697388 0.33344101222753702585 0.43479306177693299862
654 150 0.3327122762661159916 0.33344059597865399747 0.43477685618054701111
658 154 0.33271168249606697387 0.33343092113979500013 0.43476879659377498655
659 155 0.33270224963417599495 0.33342356693385799549 0.43477244092007899523
647 143 0.33268859023827501709 0.33341814253921797651 0.43475848899300800765
636 132 0.33269107257508201414 0.33341387534601302223 0.43472331712404299608
635 131 0.33269432500624501747 0.33341308119102497365 0.43470685398724001614
673 169 0.33271104934327999647 0.33341229133383898375 0.43469624348944502223
659 155 0.33270545025514802751 0.33340148477700798368 0.4347082515270360159
648 144 0.3327083148568970028 0.33340608227289197929 0.43470448769175601411
643 139 0.33270428013285802127 0.33340682986706698943 0.43470172799781298112
651 147 0.332702541239952021 0.33339642238853600675 0.43469368590285401011
639 135 0.33269198016983697608 0.33339755777854201968 0.43468574838189699694
651 147 0.33269293599516297499 0.33339100405848098863 0.43468372374463698504
650 146 0.33269504133333699381 0.33339982841923099244 0.43468623004015799483
638 134 0.33268332840809000661 0.3333894336895710242 0.43468410664217099759
650 146 0.33268351668775997254 0.33337597263670698533 0.43467660606774799481
672 168 0.33269866075237697345 0.33338786721039198602 0.43469446557978802526
656 152 0.33269615383251699425 0.33340128955532100097 0.43469839147075800545
632 128 0.33269709800856900328 0.33340971005209701916 0.43471105922604197369
630 126 0.33269269627795300392 0.33341314167015800862 0.43470226014258100955
632 128 0.33271466989848602624 0.3334169530061270037 0.43470095987171397667
628 124 0.33272096580380700059 0.33343341995965097846 0.43470922406124101744
628 124 0.33272382088555302326 0.33343454034153502397 0.43471086716859097532
632 128 0.3327442478146310223 0.33344984271195499126 0.43472042142382499863
633 129 0.3327589349894199966 0.33346283688605998785 0.4347318156934010247
650 146 0.33277857819888800872 0.33345705342371401159 0.43473666880986300276
652 148 0.33278371258654498854 0.33347310376480299166 0.43474660540563997424
643 139 0.33279913673180200329 0.33349067167354801144 0.43474671544999099471
657 153 0.33280616025183701323 0.3334833560851250267 0.43473787976889499696
673 169 0.33281967149264601868 0.33347910375257400206 0.43474875379566002565
665 161 0.33281484991412102481 0.33347523606111700856 0.43474801653535100066
658 154 0.33279669918471299628 0.33346678168423299349 0.4347586821400190038
652 148 0.33278464433361398811 0.33346254059669300229 0.43474995291394702424
643 139 0.33278326323046397706 0.33346020943690701799 0.43474020845565297666
656 152 0.33278532026143098355 0.33343954118171098555 0.43472733493431597873
663 159 0.33278891442679697787 0.33344027462485598123 0.43472603225493799961
664 160 0.33278602735806300794 0.33343260570464899883 0.43472753940568198416
670 166 0.33278161959356800104 0.33342837969954597366 0.43472029762941599706
661 157 0.33278177269040198905 0.33343102226468102067 0.43473186945548897286
659 155 0.33278154389884601061 0.33342412607182198014 0.4347249035435910014
651 147 0.33277639112826101764 0.33343210735286799018 0.43472010089434598434
654 150 0.33277198170777200215 0.33342750573860702179 0.43471761205186698618
648 144 0.33276756311550897971 0.33341223069092001952 0.43470271411951100227
650 146 0.33276164063602398091 0.33340230108385998653 0.43469859330773502615
643 139 0.33275876024417899712 0.33339770876743901606 0.43467358759229202114
645 141 0.33276004732136099662 0.33338893204732700237 0.43464485462097102175
653 149 0.33276323735476998067 0.33338092208692998719 0.43462102287961501546
669 165 0.33276454205239597295 0.33336187810885897775 0.434621711932389021
657 153 0.3327631817189359853 0.33337404587085400776 0.43462141200447101941
641 137 0.33274551680760700023 0.33337897917598602326 0.43459792536390801088
648 144 0.33274833434589101699 0.33336869857029399755 0.43458505216118997749
663 159 0.33274889464819601415 0.33336222588156499969 0.4345816901839030244
662 158 0.33274793870152402642 0.33337323956470998887 0.43459085307344197391
661 157 0.33274431276726801343 0.33337170865116499963 0.43458390666427998417
660 156 0.33273311780101400004 0.33336448065599300072 0.43458571846284699269
658 154 0.33273744921404402319 0.33336409173255998617 0.43456962712101898649
668 164 0.33273912994042897928 0.33334889780707899209 0.43456135622646202554
670 166 0.33273854010216402655 0.33335306849467399859 0.43454357878317900754
658 154 0.33273605537614597827 0.33336254830391898185 0.43454372190340900817
663 159 0.33272942952620498946 0.33335760891543497753 0.43454316873495102413
657 153 0.33272580152738001624 0.33335001797352897812 0.43455057312415701354
650 146 0.3327187925802059798 0.33335001307805700588 0.43454932880908597737
635 131 0.33271630563703302741 0.33335607194915001239 0.43454423987356399772
657 153 0.33272063826082398652 0.33333825867798400067 0.43453360124040402157
645 141 0.33272042152575098672 0.33333446959329499082 0.43453056287954899828
654 150 0.3327164509274400106 0.33332651769925397689 0.43452900480160799868
642 138 0.33271963019155198493 0.33333144065391301369 0.4345309032685030215
642 138 0.33271753165809697661 0.33332425108296398486 0.43453412994696799521
640 136 0.33271091533907498627 0.3333265234777330055 0.43452577587691698646
650 146 0.33272317274412299692 0.33333068580714397822 0.43453577295619200127
644 140 0.33272940026126501811 0.33335828895165597885 0.43454320264696499887
649 145 0.33273486085194298179 0.33336773251160900511 0.43456441479492502467
646 142 0.33272899597774502345 0.33337036881635001562 0.43457065574497499849
637 133 0.33272348990215400155 0.33336053524253000946 0.43455915678380502287
642 138 0.33272931774083902567 0.33336808207312501606 0.43455371218734600847
637 133 0.33273475605584001968 0.33337298067550802383 0.43455645715366297832
635 131 0.33274624019339898995 0.33339373074794598217 0.43456101510145000999
637 133 0.33277050111606498728 0.33340654239955902494 0.43457232934013101389
639 135 0.33276727777294801136 0.33341180518419699652 0.43458027624643802422
634 130 0.33277609527717300075 0.3334321508419100244 0.43458873331542602347
627 123 0.3327803901518189833 0.33343551377305602479 0.43459082345794497471
644 140 0.33279182869463197481 0.33342756886977997777 0.43459107353335102442
653 149 0.33280702664502898047 0.33344224042578501921 0.43460106605114301459
649 145 0.33281733397034701794 0.33346556765217000295 0.43461860736720497878
649 145 0.33282424851717401504 0.33348398855133298824 0.43464273868352798491
644 140 0.33281802120103798348 0.33349788028098698023 0.43465822417870697558
654 150 0.3328279340844489953 0.33350687190105599012 0.43467250134294499464
628 124 0.33282242961147001648 0.33351246387245597758 0.43466866110056801009
649 145 0.33283496559986802676 0.33350827591228798807 0.43467405770439399015
638 134 0.33282797245576900558 0.33350784926750298709 0.43467707637990099512
646 142 0.33284536507002498995 0.33351118250106998042 0.4346764938091730035
655 151 0.33283951950414697452 0.33351602437196198325 0.43469248273593402709
632 128 0.33283403168053998789 0.33352799523754700362 0.43469762206251000292
634 130 0.33282967789623502108 0.3335234323309549942 0.43469052680358599705
636 132 0.33282120503339401862 0.3335158681328789787 0.43469177560112098879
646 142 0.33284231271795899909 0.33351769350740501086 0.43469241315372297851
655 151 0.33285704336223298494 0.33351200939588299121 0.43469177910816297894
639 135 0.33284782030065901415 0.33352246693220399809 0.43468396063084502323
652 148 0.33285881724207400101 0.33352579101759100011 0.43466903702214199079
643 139 0.33284884373433398785 0.33352536376978197952 0.43466870379915800715
646 142 0.33284336716680701374 0.33351668685767699163 0.43467081164560500417
643 139 0.33286219556891200044 0.3335308769696729847 0.43466742566862698327
638 134 0.33287391331615301393 0.33353756149291102773 0.43465815976017402322
657 153 0.33288788488558301859 0.33353900099424699244 0.43465770411201998247
638 134 0.33288465590401300487 0.33355241870210100563 0.43464966309203700856
637 133 0.33287918342614297718 0.33354861173473199232 0.43464279905985697683
634 130 0.33288416194775399815 0.3335481726675709746 0.43463681638317497313
624 120 0.33286897628270301075 0.33353688584819801699 0.43462828010373799614
649 145 0.33287918598248300572 0.33352785449480398805 0.43461550961103601054
644 140 0.33287483421806202122 0.33352929693159899527 0.43462546976952198818
645 141 0.33286640209679002611 0.33353672214956497921 0.43464408977939600343
637 133 0.33287547426406999262 0.3335411450346270068 0.43463794494394097923
649 145 0.33288155456589202386 0.33352501953256197265 0.43462881309044898437
653 149 0.3328962122504209864 0.33353243621199502034 0.43462447717742497266
642 138 0.33288962504936298048 0.33352864204021798189 0.43462194237819001819
628 124 0.33288304746288699398 0.3335338106706209893 0.43462047799258102243
635 131 0.33288355057282198457 0.33352703478863199305 0.434618528412068994
643 139 0.332887775179247003 0.33352884813387800866 0.43461947341862200433
647 143 0.33290464468483799143 0.33353923694768800035 0.43462785178753599036
645 141 0.33290327188923501955 0.33354328559212897964 0.43462223835967100927
641 137 0.33290823015339099378 0.33355664914401800258 0.43461274053432402686
650 146 0.33291839001957301836 0.3335610610243119889 0.43461990041005299501
648 144 0.33291553109169802482 0.33355391411620100017 0.4346145087504190152
631 127 0.33290004392313499171 0.33355981221585401242 0.4346120559533809824
646 142 0.33289273367162197648 0.33353666166128898007 0.43460516759113398955
663 159 0.33288915579118799615 0.33353288731491897989 0.434599033756912001
646 142 0.33288185734806902127 0.33354362324645198123 0.43460274362088002764
648 144 0.33288309906638602342 0.3335376070061030207 0.43460313071992201506
649 145 0.33288990166912202362 0.3335397807413210125 0.43460041870240401218
632 128 0.33287778102958598403 0.3335393478409939827 0.43460625710250500031
641 137 0.33289126734200502611 0.33354784024588302049 0.43461928312034397992
652 148 0.33288731094063700455 0.33353477486641497363 0.4346343383590560161
653 149 0.33288335972350802106 0.3335317466948750087 0.43464299490505298174
666 162 0.33289533655679698354 0.33352835047775497568 0.43464918064872798409
648 144 0.33288916104746202329 0.33354129298878798515 0.43465553026835701544
644 140 0.33288557645050698142 0.3335449516225740263 0.43465295601202702525
642 138 0.33288755500919398056 0.33355788770388500319 0.43462930335170402163
640 136 0.3328884146046610093 0.33355856808546002767 0.434630676117613024
640 136 0.33289889117297899457 0.33356072990925300648 0.43463427075558802581
659 155 0.33291123506434400214 0.33356845798982498463 0.43463479344823902073
665 161 0.33291912648176097411 0.33358100216858499465 0.43464922535378802682
653 149 0.33292182987012397533 0.3335927909331429797 0.43464996146809298239
650 146 0.33291344729358401944 0.33359420334928902019 0.43465414900170901147
641 137 0.33291319554107101641 0.3336030201961380226 0.43464202438678201101
635 131 0.3329188512859109772 0.33361072009046699449 0.4346389275056640189
642 138 0.33292561053128799653 0.33360916394408901553 0.43463450750482701679
636 132 0.33292128832701700647 0.33360130938093801589 0.43463269180418701021
637 133 0.33292029185274801817 0.33359827624257598622 0.4346462541291959969
631 127 0.33293109823429900551 0.33359967594944600622 0.43466349406692800228
635 131 0.3329437532714950021 0.33360810788284900319 0.43466687496305800309
634 130 0.33294201088068198224 0.33360137622426300208 0.43466158626050999114
642 138 0.33295465104408700219 0.33360167212732400044 0.4346621502281740046
627 123 0.33296028098325097799 0.33361452594435997421 0.4346670445322000087
646 142 0.33296443788921098461 0.33359893434483300911 0.43466700458489998526
652 148 0.33295680747297001778 0.33359184663772001311 0.43466287535104597417
648 144 0.33295912594546300811 0.33359841746948698527 0.43466189706621199962
652 148 0.33295371322554501159 0.33359613067782500906 0.43465654468475201089
653 149 0.33294498953643597572 0.33359273814099299482 0.43465268545851099002
637 133 0.33293993998598697681 0.33359487481938299158 0.4346589197876229993
645 141 0.33294704289111598516 0.33360144448070899736 0.43466519933769398598
624 120 0.3329537668111750004 0.33362607024985502235 0.43466114950224299385
629 125 0.33295681055756698452 0.33361972212509999336 0.43466324773842002216
642 138 0.3329683102626260216 0.33361337570779797668 0.43466459996564599244
651 147 0.33297209099742197669 0.33361477432558200862 0.43467223817052297319
644 140 0.33298798747460001124 0.33362647172190401657 0.43468373286230199692
638 134 0.33297816896017701227 0.33362786505697700212 0.43468702135110998119
638 134 0.3329929454891090157 0.33363514601255700454 0.43469383366402397639
631 127 0.33300771785731098085 0.33365493518986599764 0.43470569882242299231
624 120 0.33302028157005997278 0.33366477257014698354 0.43472127006216598755
632 128 0.33303027768079501714 0.33367056598782501853 0.43474857017218798694
623 119 0.33303842793377702591 0.3336851788121369955 0.43476651615487499347
627 123 0.33305243888583901946 0.33369574805891200064 0.4347886895074419833
628 124 0.33306204866810301679 0.33370888085332300887 0.43481487108494798477
634 130 0.33306175942473298379 0.33369885175748198458 0.43482582136347197599
638 134 0.33307869441644699648 0.3337182142696070164 0.43484092815953401256
622 118 0.33310037295601102603 0.3337489426191159736 0.43486884443369400177
644 140 0.33311655641033499631 0.33376021741319900071 0.43487797783170800692
634 130 0.33313674582846497518 0.33378321699070401252 0.4349152126813289887
622 118 0.33314814916438401093 0.33381537719895798544 0.43492287163274601092
617 113 0.3331580761366290111 0.33381559650049297261 0.4349185104354689746
608 104 0.33317677475390500286 0.33383452857546097592 0.43491417262563197843
619 115 0.33318230437965701274 0.3338325608498590169 0.43492287501280302298
631 127 0.33319111692126701652 0.33382216495942002021 0.43491682001214598818
634 130 0.33321198936814899749 0.33384034764146697238 0.4349307663175610017
635 131 0.33321932974624002277 0.3338471714362409859 0.4349403381094110177
635 131 0.33321790131402601043 0.33384775922634701839 0.43494711714069700381
638 134 0.33322158312754501797 0.33383406136517101981 0.43494430722907401199
649 145 0.33322855102460302579 0.33382733288507399072 0.43494416862542401025
651 147 0.33322383333187299836 0.33382245128172999271 0.43493675853344099247
661 157 0.33322057944514898997 0.33381134882622798266 0.43494572075244397613
661 157 0.33321842061738399243 0.3338112245565880154 0.43496315496254400745
650 146 0.33322611279564101627 0.33383045732446298137 0.43497560900789100646
634 130 0.3332144740033500252 0.3338284868579670106 0.43496558320202100001
637 133 0.33322288853568399203 0.33382944771253997285 0.43495675094607400002
649 145 0.33323348743818398399 0.33382492155004400702 0.43495430268272500252
658 154 0.33324153035527398492 0.33382734386601697896 0.43495922729031699649
672 168 0.33323354438295699209 0.33381773183195301291 0.43496165046528900699
662 158 0.33323466445262400759 0.33383256313961501283 0.43497553132081900884
648 144 0.33323359766887900024 0.3338338754653359941 0.43497433823224301852
645 141 0.33323289555526497407 0.33382607173300898884 0.4349860934278830249
649 145 0.3332376519120819891 0.33382484365887798994 0.43497729676318497294
668 164 0.33324131519703198423 0.33380903638927800214 0.43497819317340097323
679 175 0.33323516258130897461 0.33380818479155999201 0.4349837679175679872
655 151 0.33322283047225398356 0.33382226443558099538 0.43498708283934400809
645 141 0.33321850044933798429 0.3338305081778880079 0.43499236584546202566
654 150 0.33322652402137797889 0.33382745881098102592 0.43498367479402699765
640 136 0.33321311282458598857 0.33381894428724501189 0.43497747820196802637
647 143 0.33323311481302397841 0.33382317458582699832 0.43498832919019997378
636 132 0.33322515442684097486 0.33382559199251898852 0.43500021530754701127
635 131 0.33322010314798100605 0.33382291321087198543 0.43499510921813699937
662 158 0.33323501112347098108 0.33381587387437500203 0.43499642618968897834
659 155 0.33324846059311502566 0.3338306309132240135 0.43500264975159097514
652 148 0.33324340612324498956 0.3338297696037810236 0.43501563270789700422
639 135 0.33322385628164502558 0.33383436682809397578 0.43500468144382498092
642 138 0.33322932170976299338 0.33383459302035800587 0.43500152105260397883
644 140 0.33322246497284502276 0.33382720138014299049 0.43499852562397900435
639 135 0.33322249208046500479 0.33382343651602697232 0.43500212934772597428
634 130 0.33321383098420698232 0.33381349482401800888 0.43500020390661897629
646 142 0.33322146739832098072 0.33381663651428100659 0.43500978757592900781
638 134 0.33320376374288201982 0.33380816145716002419 0.43501154573735101305
637 133 0.33319366726513199861 0.33379787832366297762 0.43501327845172599318
638 134 0.33319840648828097374 0.33379085322710999595 0.43500466849834301675
636 132 0.33319012421185301154 0.33377622415603297457 0.43499193073659697673
630 126 0.33318474121616298289 0.33377537288898900814 0.43498413439460398289
644 140 0.33318622789451701749 0.33376620130606499126 0.43498919969149402176
634 130 0.33319674396938098182 0.3337776676896849759 0.43498897750388898498
638 134 0.33320797903548698971 0.33378515315678297659 0.43500594772810097233
632 128 0.33318959539540199399 0.33377706934406597972 0.43500197390945000153
630 126 0.3331943249931940132 0.33377513780572598545 0.43500931381348401095
640 136 0.33320555095286302771 0.33377321162848599956 0.43502640524439201153
635 131 0.33318537940943299125 0.33377455277671602696 0.43501818648752599294
636 132 0.33318722232107300663 0.33377624524195098621 0.4350154594833500199
657 153 0.33319339732844899249 0.33377142900482498211 0.43502446394556698595
646 142 0.33319559705395801474 0.33377708588960802727 0.43504384188744499307
647 143 0.33320644656823600327 0.33378527913849198594 0.43505353390890399989
640 136 0.3332154896348000217 0.33379815631017900612 0.43505703652456800823
643 139 0.33321732589120400814 0.33380597499909697712 0.43506571487898099138
650 146 0.33322527907677002013 0.33379754114213100458 0.43506902269294200902
639 135 0.33322494817461001393 0.3337973994252220189 0.43507409830369497827
627 123 0.33322101370587497993 0.33378860718632802351 0.435077307258619983
627 123 0.33321420666461498694 0.33378198976204898063 0.43507257748112998508
641 137 0.333226111472955 0.33378440357012501005 0.43507225958107398345
620 116 0.33322253973425397522 0.33378679706776898106 0.43508002190493100247
638 134 0.3332427070079679865 0.33378920693093599992 0.43507042884662600057
634 130 0.33324704461090998153 0.33378763527695998192 0.43506737102647202731
622 118 0.33324778564445101114 0.33379146704318601868 0.43506293075327201469
627 123 0.33326685388680199473 0.33379709493646497753 0.43506046507589701822
642 138 0.33328734968159900998 0.33380957471932098946 0.43505670844516802775
636 132 0.33329562204199797426 0.33383213652920001868 0.43508014055238902751
636 132 0.33330281356334501286 0.33384387885031902021 0.43507530266581401213
631 127 0.33332256452633002297 0.3338595540895940017 0.43508448216188799762
638 134 0.33332579704304698964 0.33385042579183799027 0.4350853337195549897
642 138 0.33332687540797001358 0.33384812996134299867 0.43508796875262700787
635 131 0.33333189864310597272 0.33386452293171997585 0.43510633657979702615
634 130 0.33332257609900400874 0.33386295114940300888 0.43511584341736198045
623 119 0.33333189940685598041 0.33387249376570998782 0.43512312678176501279
632 128 0.33334874359721400339 0.33388923183624902302 0.43512923578668100122
628 124 0.33335268074477497624 0.33389123141425697261 0.43513999348068599371
637 133 0.33336771930693598343 0.33389286675603302434 0.43515189515355401362
629 125 0.33336627781400501869 0.33390312899592500262 0.43515882833270397301
632 128 0.33339383505333597402 0.33391838856168498673 0.43517284375245302019
627 123 0.33340634703807697781 0.33391893142119200011 0.43518199119438200073
634 130 0.33341741851305201072 0.33392953364050298459 0.43520402572348798609
651 147 0.33343384774498902035 0.33393474439098097539 0.43521694953824202612
633 129 0.33344741093864799231 0.33395822001851699357 0.43522761926418601641
632 128 0.33344416034559398732 0.33396557931068998615 0.43523193694688200317
639 135 0.33343412054543697387 0.33395538022177301274 0.43524757129403202072
647 143 0.33344909863811400541 0.33397097426916499963 0.4352632612352970165
659 155 0.33346835247676198666 0.33399515712462701789 0.43527712554427300251
652 148 0.33346867370329402736 0.33400464622919601165 0.43530095552733300002
644 140 0.33347078139724301016 0.33400983085737301348 0.43529911222058698117
623 119 0.33347217478139601354 0.33402036415100999633 0.43529999983899897442
636 132 0.33348676886150802057 0.33402161822356601917 0.43531695285074301083
639 135 0.33350385054950798525 0.33403429831260700311 0.43532573066566798703
631 127 0.33350772568795800099 0.33403980467478799898 0.43534503761915599451
627 123 0.33350910613611101097 0.33404103907314397492 0.43537030404913701354
627 123 0.33351975618849000194 0.33404835733735299685 0.43538458739061802749
622 118 0.33353503130202799554 0.33406387176765200975 0.43540461731872598383
631 127 0.3335627638536490247 0.33408688351456300447 0.43542021921853002464
639 135 0.33357480876926198787 0.33409632053134902252 0.43543049102161202057
627 123 0.33356513750652000416 0.33408576186832000809 0.43542110718869497799
640 136 0.33356542837518499134 0.33408379327503601175 0.43541909843787501844
645 141 0.33356892119230202587 0.33409251861911598569 0.43542078755583002447
653 149 0.3335631622029699983 0.33409233592727499706 0.43543731223989501355
638 134 0.33355990584222700024 0.33409248133369001676 0.43543557655775899651
645 141 0.33355664389787897939 0.33408872745273199278 0.43543980904329299131
639 135 0.33356368763068500183 0.33411346539971698011 0.43544774028238197872
631 127 0.33356753777177400311 0.33411323536446102533 0.4354518376696799864
641 137 0.33356391942313001753 0.33410270158231297755 0.43544700180553902458
651 147 0.3335723784595829855 0.33410569791468597289 0.43546062827905601678
633 129 0.33358083505696800586 0.33413109987133199352 0.43548294218490801732
636 132 0.33358538712764801426 0.33413017981303200221 0.43549748936555299217
636 132 0.33359313360619402555 0.33413139153361198774 0.43551543210840198972
639 135 0.3335962556452889971 0.33413509229614402063 0.43552844190048700668
652 148 0.33360185760587002246 0.33414130082374898789 0.435538403197123003
648 144 0.33359256394644698496 0.33414394138852299143 0.43552282674651698891
638 134 0.33358221257868297949 0.33414407721713701438 0.43552427614437300152
648 144 0.33358994288984200605 0.33414849339205199286 0.4355320332184169918
641 137 0.33357711564387898528 0.33415753510723100739 0.43553892776250702212
638 134 0.33358024009078501848 0.33415943868821301743 0.43553944512976300318
653 149 0.33357592499101301753 0.33414503777744097857 0.43553782597968199175
640 136 0.33356807511701702662 0.33414588711144099786 0.43553052312036399929
641 137 0.33356943593389498659 0.33413858313601102479 0.43553483853526797631
633 129 0.33356335774741702194 0.3341358762200820065 0.4355372761457769748
640 136 0.33357249524736398705 0.33413139387921897416 0.4355439877827840256
634 130 0.33356854763797100238 0.33411343392732201218 0.43554261013613798648
647 143 0.33357873609761501399 0.33411038118892100179 0.43554761328332497472
648 144 0.3335822035188970025 0.33412365338248800617 0.43555049803517298379
637 133 0.33356870678158201393 0.33412521926457200427 0.43554750199620800855
648 144 0.33357535569301899336 0.33412430506689200227 0.43554967553473999953
656 152 0.33356928127325702338 0.33412198217009297929 0.43553755474379102219
634 130 0.3335706347916420067 0.33414194474370600974 0.43552307952486501996
625 121 0.33355927895069398259 0.33412047139098000059 0.43551639255606700019
626 122 0.33355675774087900631 0.33410080552714299662 0.43551632354235098044
647 143 0.3335595222716710162 0.33407867688048897836 0.43551721215051997227
631 127 0.33356969816880699398 0.33408977154116797914 0.4355323319474190269
641 137 0.33358938953837602437 0.33408389307244601429 0.43555196206265300862
641 137 0.33359849029744098603 0.33409358999732502449 0.43556770474068701171
630 126 0.33360475961818397694 0.33411492465007497366 0.43558955258217302298
637 133 0.33360750366817298884 0.3341164880907859791 0.4356042709504380217
624 120 0.33360673498149401306 0.33411662794282498412 0.43560671175634502195
635 131 0.33361546638565997558 0.33410722471504800124 0.43561154293783499458
642 138 0.33362736501797601862 0.33410382845017899678 0.43562742163385398397
632 128 0.33363608520669801871 0.33412478229827702325 0.43562727401474199418
642 138 0.3336363607564349909 0.33411718410302598814 0.4356209954989829769
648 144 0.33362995334269301972 0.33409370194783999386 0.43562348063911399132
659 155 0.33363092788256898391 0.33408857349441800633 0.43562358005982598774
639 135 0.33362734195770299417 0.3340883579637650147 0.43561715580555598892
642 138 0.33363183670248297563 0.3340683910052459904 0.43560552877055497278
646 142 0.33362191414457198491 0.33406575297281299042 0.43559077954244102004
665 161 0.33361480698989398608 0.33404585408990000728 0.43558538216893699646
652 148 0.33360314072633701077 0.33405518753039897817 0.43557250048366402684
662 158 0.33358726425744800181 0.33403424768842499004 0.43556089379383999827
659 155 0.33357842156123301836 0.33402808851180898486 0.43555921493030097524
654 150 0.33357098701364801263 0.33401699013726499077 0.43555447816818898543
659 155 0.33356986738616500876 0.33401716289101301971 0.4355322220346690143
667 163 0.33355191072744799774 0.33399096954030099704 0.43552176874057602074
666 162 0.33352975715666699497 0.3339686609202540124 0.43550568116572302424
677 173 0.33352444211104698146 0.33395021199020902269 0.43549399224211898796
672 168 0.33351107072545899124 0.33393951015539302674 0.43548744474438400021
690 186 0.3335022584087540265 0.33392144821586899894 0.4354844735168529879
669 165 0.33347944042001698151 0.33390969391427099966 0.43547311265696397875
685 181 0.33346853852261998385 0.3339032424809009747 0.43546703367474698387
659 155 0.33345134528335601543 0.33389675492283399372 0.43545120538029197244
656 152 0.33344746460495200413 0.33388712883128002229 0.43544204925260998618
645 141 0.33342818532013202004 0.33387786959706400314 0.43543426294379100616
640 136 0.33342816052704299379 0.33387842064159700683 0.43542694612768900742
649 145 0.33342883589686000967 0.3338586385724729988 0.43543721930087797567
645 141 0.33342881214875197404 0.33385183417887498436 0.43545583812189397888
647 143 0.33342948670845701242 0.33385100020349400829 0.43546202641927900245
655 151 0.33343610232820697359 0.33385226597048400787 0.43545858696946998512
645 141 0.33341685546477600743 0.3338388235377099944 0.43545423542042799303
661 157 0.3334070508920169984 0.33381804971790202119 0.43543927727845699316
651 147 0.33340144351639899867 0.33381546574375697833 0.43544410137201400302
668 164 0.33340736170191198617 0.33380659757603298177 0.4354351740930009762
661 157 0.3334014082069670093 0.33380577504885200479 0.43541836459241400892
642 138 0.33338917566216802468 0.33380704611899797429 0.435418128352917988
655 151 0.33337555255682799205 0.33378805449908299785 0.4354052523582410128
663 159 0.3333839145460060216 0.33376905176174198608 0.4354082120554250146
661 157 0.33338111115842400389 0.33376683804215101503 0.4354100554515140109
665 161 0.3333765667309239733 0.33376289469844400148 0.4354025963011339817
652 148 0.33337028198760099151 0.33375648873156699148 0.435401933870558977
644 140 0.33337131793284302539 0.33376300804374697817 0.43540156715747002636
649 145 0.33336817197433399329 0.33376359890420098653 0.43540374814829202466
645 141 0.3333660730328659727 0.33376383203817400203 0.4354090903146780045
646 142 0.33337372428958900183 0.33377313262267899185 0.43541261642329798232
635 131 0.33338972678382600145 0.33379427931827398979 0.43541595568579699593
639 135 0.33339597662952602519 0.33379729944498298666 0.43542562284845998111
635 131 0.33339700313512898866 0.33380693550089002297 0.43542970686337101327
634 130 0.33340255219293302158 0.3338061070374290229 0.43543079039227899907
648 144 0.33341122714007997985 0.33380703488568097548 0.43543061916165198832
636 132 0.3334160749593940154 0.33382642070765000675 0.43543125684360800554
636 132 0.3334240459273349888 0.33384196173868002644 0.43544731143497900083
631 127 0.33342124163316200214 0.33384042566485799819 0.435451367532778022
635 131 0.33342920861175401326 0.33383854673867602303 0.43546056162225399433
623 119 0.33343751953456501891 0.33385267200232299212 0.43546047520455299917
639 135 0.33344894893921800394 0.33384975394348798128 0.43547047775703001671
642 138 0.33345724984449698347 0.33385030976831597815 0.43547279268890298765
661 157 0.33346381236802402626 0.33383906161821197411 0.43547960221377102208
650 146 0.33346100046591597987 0.33385317523988800037 0.43550087452357699735
640 136 0.33346235243405597526 0.33387841286978198196 0.43551035222161799121
636 132 0.3334654396379940211 0.33388278197412502024 0.43552589589352702637
639 135 0.33347268629844900589 0.33388472451933798313 0.43552336634867100384
636 132 0.33347299605617397589 0.33388944083043897715 0.43553064056466900267
636 132 0.33346949636274897388 0.33388026898371597762 0.43551834541426498459
637 133 0.33347050284020501865 0.33387179705989000755 0.43552934091667699912
643 139 0.33348258902842498053 0.33387547411268997388 0.43553038538721200457
633 129 0.33349224451098602451 0.33388849993671498861 0.43553880738571598696
637 133 0.33350604956748197694 0.33389112200769199834 0.43554554850501198127
654 150 0.33352088229641602135 0.33389653046272599335 0.43554735898778601522
643 139 0.33350837556279000484 0.33390123146197198123 0.43555871103895699159
642 138 0.33351247712250797761 0.33390661679931799011 0.43557251995576201642
652 148 0.33351865605037200879 0.33389538030598397977 0.4355736691368989888
648 144 0.33351342214684498444 0.33389141850537001899 0.43557369689807101665
647 143 0.33351717903253602637 0.33389023239165799284 0.43557326321272099579
636 132 0.33351782179209399359 0.33389803765214398634 0.43557795951288602598
634 130 0.33351950328854201855 0.33389061504356098986 0.43557728309402299338
653 149 0.33352704806680599781 0.33389117258259798371 0.43557502624632299382
651 147 0.3335256182543629988 0.33388895227589299175 0.43556231207822199147
642 138 0.33351590779161499611 0.33387946919707300886 0.43556670447627598985
651 147 0.333520002401163973 0.33386930234838002596 0.43555023925901098503
645 141 0.3335199589351229843 0.33386985942843500075 0.43554423997072999608
663 159 0.33350404217819001884 0.33385004351936198308 0.4355475565945510219
643 139 0.33349572657494702677 0.33385750912870398865 0.43554743913438198621
641 137 0.33347948469202398636 0.33384114766695299759 0.43553526979520901241
632 128 0.33347152508869598586 0.33383031417437597499 0.4355348637003140233
638 134 0.33346631993648301329 0.33382743243712298398 0.43553223931092099885
653 149 0.33346628407129602634 0.33381799441346099444 0.43553274399226299396
645 141 0.33346831969833301557 0.33381337835790098056 0.43552476834178899257
651 147 0.33346208942179200729 0.33380395466692497353 0.43551577970306498688
667 163 0.33346412098787298062 0.33379971024619298214 0.4355048876762169785
660 156 0.33346202243491501749 0.33380441277690098278 0.4355118222082229873
647 143 0.33345889297640002313 0.33381773080764398642 0.43551753697407902255
635 131 0.33346298804906798763 0.33382275750014100968 0.43552121758097900317
650 146 0.33346914272948702251 0.33382126284525198701 0.43552564481042499445
638 134 0.33347907686562000551 0.33383593135165101629 0.43552698252467997309
633 129 0.33347663422258899679 0.33383752240423497648 0.43552849399578602574
645 141 0.33348071742004298246 0.33383980808976398968 0.43552310055172099856
634 130 0.33348136729768301789 0.33385344267978700472 0.43552610886944398416
624 120 0.33347583336732700143 0.333858116619156986 0.43552749528187301165
633 129 0.33348060358110398482 0.33385730287674397765 0.43551987813264397831
636 132 0.33349154999440600022 0.33385268654404198774 0.43551445108124997585
639 135 0.33349219501867399806 0.33384223026710002635 0.43551541567469198579
653 149 0.33350038538565501822 0.33383728767410797422 0.43550844756278200842
643 139 0.33350513979044399404 0.33386223324864000572 0.43551251848199001859
646 142 0.33350783670975098216 0.33386209269185801451 0.43552520445025699747
658 154 0.33351738575605599513 0.33386710933998098305 0.43552425616763201788
639 135 0.33350568716203798925 0.33387933022516602666 0.43552518335700501906
641 137 0.33352208904233698883 0.3338860481198079877 0.43553283723998398314
645 141 0.33353025849218298493 0.33389173520603698808 0.43554313320785797981
654 150 0.33353876874307097911 0.33389571751271102107 0.43554147566089801424
642 138 0.33355138574498599535 0.33390893495495899135 0.43554436171808602607
649 145 0.33356125356091098633 0.33391084044215402216 0.43556425079251998023
635 131 0.33355469519771302478 0.33391376928356197862 0.43556512520420398449
639 135 0.33356387678273502484 0.33391533472582002329 0.43557654980022897373
648 144 0.33357441535011900235 0.33392855491604001017 0.43559620744350702193
651 147 0.33357674564541500706 0.33392771485265498876 0.43561657615688498257
653 149 0.33358795532016399799 0.33395290565693397378 0.43564190818630998958
625 121 0.33359608920818201172 0.33399038851433299202 0.43566020313920400531
629 125 0.33359704371067799844 0.33399467505267099732 0.43566695727963700158
634 130 0.33361781212890501136 0.33400922093999602103 0.43567889049800101464
630 126 0.3336173996051070012 0.33401041474279702381 0.43569220833118799119
614 110 0.3336272265995590125 0.3340273176851820125 0.43570619998143100826
619 115 0.33364148523037800986 0.33403328818453598137 0.43571674484635797286
610 106 0.33365710466513898158 0.33404402313261100099 0.43572535270760498483
627 123 0.33367202640748599984 0.33404965910442502297 0.43575275961227100119
630 126 0.33370535714251597925 0.33407713168372599188 0.43577201310722601946
627 123 0.33372776223777900206 0.33410220613882701812 0.43578873777163201764
650 146 0.33374912836376402492 0.33411226916055797309 0.43580102005290799472
628 124 0.33375073727130899481 0.33412571662537499106 0.43580054743597801403
630 126 0.33376289976726397635 0.33412310633551400851 0.43580560697935200043
648 144 0.33378492422025601849 0.33412836057571998483 0.43581488542668500585
648 144 0.3338038670925980167 0.33415338976514902258 0.43583427682015302151
647 143 0.3338108867888560094 0.33417672584357099863 0.43585690881399702379
642 138 0.33382301296885297237 0.33419115391659598435 0.43586401878399400056
641 137 0.33382187688464298736 0.334185485741864019 0.43587192465412799569
637 133 0.33381563789165502598 0.33416923671155401854 0.43586732237144698576
644 140 0.33380361288919602192 0.33414653831070501022 0.43585981645696297848
648 144 0.33379839838090702431 0.33412861502476298714 0.43586045410167900682
660 156 0.33380030669307997337 0.33413046230723497665 0.43585486369468001699
636 132 0.33380120607160801427 0.33414554474614499568 0.43585225782931097394
637 133 0.33381570191218301602 0.33414872848327897836 0.43584732649997798282
637 133 0.33381150860528702173 0.33414001587484498668 0.43584479018202498812
625 121 0.33380969163320600712 0.33414626434197597371 0.43583456984048402072
649 145 0.33382790375089299584 0.33413619644755099269 0.4358426087955760142
655 151 0.33383760847311100273 0.33415436060258402184 0.43585414451537202174
651 147 0.33383781737168899406 0.33416537647284999535 0.43587290964085700917
641 137 0.33383633540401902451 0.33416855261796502008 0.4358707745732570138
632 128 0.33381959046535797375 0.33415678188800201909 0.43587785598884698501
649 145 0.33383133809336301701 0.33414740710002599489 0.43587958368301099599
647 143 0.33382917998182598529 0.33415400781337700753 0.43588103662479399381
635 131 0.33381957242776899575 0.33415788418182201802 0.43587740207291897354
629 125 0.33382012788739900966 0.33416038069926501386 0.43587062652540897734
641 137 0.3338294865369749731 0.33415507645941600057 0.43587062018157801679
636 132 0.33382631077453600588 0.33416437545167299028 0.43587206078244500329
639 135 0.33382957009141100979 0.33416246339048299996 0.43586725917773300187
639 135 0.33382876832593300076 0.33416565337767301092 0.43587645059876400921
642 138 0.33383168805193702555 0.33417121691969098318 0.43586973635404202554
650 146 0.33383628321693098462 0.33418525221676698145 0.43587884400930798634
648 144 0.33382532552604199383 0.33418300480916002249 0.43588234995485297674
646 142 0.33381268406628700207 0.33418347913757001644 0.43589370114883102536
654 150 0.33382338180047799181 0.33418631832350498279 0.4358788711496849877
660 156 0.33383980700582399637 0.33419725939472999521 0.43587457048312000518
655 151 0.33383900106774500038 0.33420482663812600688 0.43586604621703900486
651 147 0.33385002238952099507 0.33421576525991597562 0.43588256408882297688
627 123 0.33383704772018502061 0.33423311564045399269 0.4358874413670429937
624 120 0.33384637193915001063 0.3342338724395140237 0.43587788038961500225
635 131 0.33385770975022899254 0.3342458336751820136 0.43587966516329901268
645 141 0.33387645555033701461 0.33425978578033899158 0.43588777340307099939
642 138 0.33388069698278799446 0.33427036032268198085 0.43590722583386898314
640 136 0.3338947236388469797 0.33427753429786299932 0.43591394746611999977
633 129 0.33390773562089698379 0.33429045431308701541 0.43591640896622901868
617 113 0.33392578034134101639 0.33432360979023501013 0.43592984593752398537
632 128 0.33393403105873298298 0.33432774176795398979 0.43593688187284501678
639 135 0.33394599051374901366 0.33435079892606001106 0.43594828362255599874
636 132 0.33396771905972100214 0.33437819986124600602 0.43596030220299897273
639 135 0.33397428776261700589 0.3343941538199809993 0.43597451708973800066
629 125 0.33397781437095097612 0.33441005170843801642 0.43599032107408397518
622 118 0.33399146049689198978 0.33441379212693900236 0.43600370650293401864
625 121 0.33400979268219599394 0.33443645016027800931 0.43602890887560097344
625 121 0.33402408413270701093 0.33445133412256899952 0.43605181987652197328
634 130 0.33404476147118999929 0.33446048340459200165 0.43605948236887598357
637 133 0.33404054500978702658 0.33445819007452698424 0.43606593783731800729
622 118 0.3340558261819979724 0.3344844856970989877 0.43607676439815101777
644 140 0.33407981358788801929 0.33449395042189600247 0.43607454862523697958
622 118 0.33407795222717201478 0.33450642390689200312 0.43608968707548800836
630 126 0.33407776095478697309 0.33449636259034498664 0.43609195437051700983
608 104 0.33408732013050701504 0.33451487042061800459 0.43610500017117798111
625 121 0.33412068654750198826 0.33452833670623299822 0.43611686498614699037
624 120 0.33413222716198698325 0.33454552053610298046 0.43613957369256201035
615 111 0.33414175649858102179 0.33456808042655300506 0.43615724439452302486
618 114 0.33415966847293199216 0.33457682490415902032 0.43616916269720601429
633 129 0.33418056877057200627 0.3345865797853220247 0.43617294442934401166
629 125 0.33419509109761602605 0.33460841574501698492 0.43618131884704197665
624 120 0.33421197608127900525 0.33462184044697201868 0.43620017663510401995
622 118 0.33422884222024501488 0.33463862274149597242 0.43621710359142501501
626 122 0.33423999871351900426 0.33464768604447797662 0.43622433710398800244
628 124 0.33425281444562998656 0.3346685018942540113 0.43624225534253202596
613 109 0.33426766279343300692 0.33468725512942798517 0.43625246841810300102
608 104 0.33428382954891799894 0.33471140037858998495 0.43626815088730297454
630 126 0.33430498674984499008 0.33472314524422397408 0.43627009342532202529
619 115 0.33431780754248302534 0.33473853499149702762 0.43628274928720101045
608 104 0.3343389570671900235 0.33476629033926197376 0.436293616629961023
613 109 0.33435708353527399117 0.33478502855134401051 0.4363112716052650053
620 116 0.33438555712508799544 0.33481615549611598581 0.43633851925787897619
626 122 0.33441536633868101935 0.33484425066466499965 0.43637460404106898082
617 113 0.33443112242051997729 0.3348736631703870259 0.43639602032961399836
616 112 0.33446324060578702664 0.33491075918143697887 0.43641561088924202272
613 109 0.33448933900283500664 0.33494215274050997966 0.43644168302684299698
611 107 0.3345247585432750137 0.33497582408729897896 0.43646847312944597741
599 95 0.33454917552649399148 0.33499742764014300844 0.43648795901140102771
608 104 0.33456788022592798271 0.33501508462697998647 0.43651565185560498028
610 106 0.33459058949235298552 0.33503437159783799881 0.4365485234263690173
597 93 0.33460763077689997802 0.33505596809234000633 0.43658460236229201801
607 103 0.33463431613848698687 0.33507525041694302681 0.43661011992813797411
609 105 0.33466498401985700362 0.33510687313414200261 0.43664472709338497669
592 88 0.33468499001220197719 0.33514416380154699038 0.43668238974016299059
590 86 0.33471265608552702719 0.33517712404656602176 0.4367123789374799947
596 92 0.33476025172885498504 0.33522839875612797655 0.43674980841893401573
596 92 0.33478620507735701306 0.33525495030646901284 0.43678281629573600942
602 98 0.33481981896469198423 0.33527747542944297265 0.43680571630532100125
604 100 0.3348464136896809884 0.33530569032961399234 0.43683035669636499643
611 107 0.33486663013074502437 0.33532954489742600179 0.43686962066283202555
598 94 0.33489120823594398235 0.3353579965028219978 0.43689921829976502421
608 104 0.33491007012969897794 0.33538084520297001268 0.43692221631170602425
609 105 0.33494557318933698697 0.33541830491776597478 0.43696096368386400099
606 102 0.33495846101804199746 0.33543744262281199875 0.43699373486736498018
610 106 0.33498862464898399027 0.33546387778364600285 0.43701154645636497431
606 102 0.33501811027198802329 0.33549293412135799963 0.43704294336467697235
629 125 0.33504924014789999598 0.33550539321637001811 0.43705861665568201957
610 106 0.33506142116927400965 0.33553108216227400806 0.43707692407415799085
612 108 0.3350852241600240089 0.33555113923158397249 0.43710510570381100326
625 121 0.33510071063469698549 0.3355626041071089749 0.43713003777923398196
618 114 0.33511388070365599745 0.33558801796135501183 0.43714639254971299209
629 125 0.33513930424970300725 0.33560607948762499753 0.43716781091481599075
610 106 0.33516473676112701341 0.33564569790518100634 0.43718296108842402692
609 105 0.33517919294753500958 0.33566071916089001981 0.43719502083758698951
601 97 0.33519733080037700246 0.33568039338127497739 0.43720496294497002143
629 125 0.33522699592633697918 0.33569145667450300818 0.43722594022700400629
639 135 0.33524174166081699422 0.33570851750436797589 0.43724762434089997631
651 147 0.33524952947993902352 0.33571160494973600885 0.43727523499409898244
639 135 0.33526596156831500739 0.33573956558400902539 0.4372886902598639991
634 130 0.33527574305332602522 0.33576090341793302096 0.43730484210337100537
637 133 0.33528783854198002112 0.33576857994648501293 0.43733024206515297427
620 116 0.33529435123564399479 0.33577854643716698035 0.43733966538062502005
626 122 0.33530281676128498303 0.33577226557184597366 0.43733268676954201171
617 113 0.33530300143648300581 0.33578061537877601506 0.43733763427592597939
628 124 0.33532502266782299172 0.33578529044329402664 0.43733571964519302178
616 112 0.33532554038500400617 0.3357892812573660124 0.43733448780189998484
632 128 0.33533656110439402642 0.33579397368220398334 0.43733064903186097405
615 111 0.33534531468359601858 0.33582284451693300564 0.43734098854425901282
622 118 0.33536428855255301373 0.33583978063423397531 0.43735122901308998156
626 122 0.33537298837502099724 0.33585039745957601109 0.43736942974629100522
643 139 0.33539294791631402148 0.33585407045594001252 0.43738334625883001916
628 124 0.33539539862656397862 0.33587728705308200761 0.43740605603896698383
628 124 0.33540975913493498162 0.33588955990354102399 0.43742844483279397227
633 129 0.33542706355787399453 0.33590415062351497433 0.43744695104436098765
638 134 0.33543380016571300306 0.33590715601317300276 0.43745012223282098152
631 127 0.33545009452678997697 0.3359273027834929759 0.43745703684458897564
638 134 0.33546540436950700315 0.33594024804794897499 0.43748508437395100534
638 134 0.33546484148625899113 0.3359551997650859767 0.43748982158737298453
622 118 0.33546760776372197554 0.33597569188560599818 0.43749897931943898532
630 126 0.33548260846327898621 0.33597303660896499222 0.43751014236896201837
632 128 0.33549098519121400841 0.33598332199853297997 0.4375298627424569764
639 135 0.33549930654579401823 0.33599490909273599382 0.43754843003825100167
645 141 0.33550798706235501756 0.33600818484740901937 0.4375667708301819725
622 118 0.33551930049017797408 0.33603948936810501547 0.43757707197877199201
634 130 0.33552465982584300797 0.33604415645006202595 0.43759434682451697762
640 136 0.33552967878784700773 0.3360434488564950084 0.43760121012460001522
637 133 0.33553636983355800139 0.33605431955706099867 0.43761964404578301835
631 127 0.33554536774710297387 0.33606349200041502057 0.43761520211113297263
633 129 0.33554384504756401553 0.33605355611463699761 0.43761125596922501035
631 127 0.33553900860909802173 0.33605321095990897673 0.43760512164477499697
646 142 0.33554864100056902565 0.33605588488817400572 0.43761557969920300559
632 128 0.33555600006667501978 0.33607098748030600488 0.43763349417561497878
634 130 0.3355597325165249889 0.33607262849912900027 0.43763685105454802615
628 124 0.33556446783666399325 0.33607687305512201625 0.43764338021564397341
640 136 0.33557569700487299702 0.33608244981760498904 0.43765015433157300473
628 124 0.3355787413702049915 0.33609720735926001955 0.43764937902654998947
641 137 0.33559260316271299907 0.33610676153743201944 0.43765562322677598051
650 146 0.3356110606039410249 0.33610962695965201918 0.4376573110024670199
643 139 0.33561973300930697528 0.33611119050002802311 0.43766490472806302003
644 140 0.33562734363211998989 0.33611936004443998538 0.43766280376681299114
635 131 0.33563172508147198769 0.33612389173033702106 0.43766091795875800008
645 141 0.33564195465423202203 0.33613012568791100776 0.4376615548133980238
643 139 0.33564499074255799149 0.33613799486030598862 0.4376769186415609969
659 155 0.33564865074599198325 0.33613471847325898656 0.43767334000563801188
648 144 0.33565009670063999936 0.33612935159830997778 0.43767929091007401476
654 150 0.33565572442366298223 0.33613723163708697506 0.43768419303580702318
646 142 0.33565682487974901616 0.33614080159857900876 0.43768568234014998408
628 124 0.33564617370317600953 0.33613846976791600385 0.4376855729340319856
645 141 0.33565579199896400375 0.33612368105653500638 0.43768739856386501552
645 141 0.3356526175336160267 0.33611576323660602439 0.43768637072578098213
640 136 0.33564581639315799189 0.33611935957392502505 0.43768420773529498335
643 139 0.33564818673597301979 0.33612329262317497403 0.43769097219644198526
639 135 0.33565551912878299756 0.33612257745766699335 0.43768460589824298435
655 151 0.33565521310491297502 0.33611732430483398648 0.4376832441722769973
663 159 0.33565265958195700247 0.33611372341875500602 0.4376751981468969821
673 169 0.33565570397970201366 0.33610421117785599376 0.43766969895622698239
666 162 0.33565156242927701724 0.33610451539439900603 0.43766980981279501872
656 152 0.33563403643622902184 0.33609270223894799345 0.43766155854904498224
669 165 0.33563245620098902666 0.33608681964942199727 0.43765551697520799213
668 164 0.33562013849981398028 0.33607930033695199157 0.43764243541763198087
668 164 0.33561663940103497739 0.33606942229412301026 0.43763422901769299944
669 165 0.33561480356889900056 0.33606386283490702338 0.43763676577353999297
660 156 0.3355995653994719996 0.3360576315453590035 0.43763095028273601983
662 158 0.3355856604552480138 0.33603998663944700809 0.4376099037567630079
663 159 0.33557144728294902025 0.33601281608087602004 0.43758993888171299202
654 150 0.33555853943575797427 0.33600168383097500646 0.43757545576729700576
646 142 0.33554988661544898898 0.3359938379382380047 0.43756091811556802051
650 146 0.33554641712868699122 0.33598995669132897257 0.43754455410668502413
646 142 0.33553249624488501457 0.33598276710417102064 0.43755105113377501524
653 149 0.33553844877125499346 0.33598768474800699835 0.4375448077279009973
651 147 0.33553729010890398499 0.33598640480101399364 0.43754021590146502385
648 144 0.33552765756018598786 0.33597531112774897677 0.43753028432071400244
652 148 0.33552584724109502101 0.33596455907959899001 0.43751968601967200501
652 148 0.33552243988621499593 0.33594923227957801393 0.43751339533940397653
657 153 0.33551340171570898097 0.3359446964091780119 0.4375018913822090183
648 144 0.33550350776589499269 0.33593265526317700465 0.43749911554755399612
661 157 0.33550104438024297426 0.33590755454159398896 0.43749045626937699272
662 158 0.33549169784812998829 0.33590497673482400121 0.43747674067520597729
661 157 0.33548010622450302742 0.33590144689339301864 0.43747485677176900509
654 150 0.33547633703140100625 0.33589784364519198467 0.4374641373885059803
650 146 0.33546442846469098908 0.33589232905966798226 0.43746371934064998133
662 158 0.33546425713568900351 0.33587773605331899818 0.43745989113268801685
660 156 0.33545171072729201844 0.33587192400573201434 0.43746145354576798647
669 165 0.33545409169466200439 0.33587263219932100844 0.43746840325750202538
659 155 0.33544678735824901006 0.33586579789165699195 0.43746195908846102762
665 161 0.33544886070746499085 0.33587043351160700277 0.43745783091453399605
652 148 0.33542984480791498969 0.33586982564301598453 0.43746447204464000702
638 134 0.33542193596517799747 0.33586660915237698255 0.43745100949013998592
639 135 0.33541722343396301875 0.33586244291704697718 0.43744734297239701304
636 132 0.33541058211512597698 0.33584847266809197963 0.43743759857155101178
639 135 0.33540099368110398714 0.33584727580520701284 0.43742293704640400342
636 132 0.33540182065696799718 0.33584438728824100862 0.4374235031403509999
637 133 0.33540360609961600291 0.33584281398948501174 0.43741170741974200187
648 144 0.33541349376647300318 0.3358353929948140193 0.4374031059534729815
642 138 0.33541526962433398928 0.3358402933305180138 0.43740640844970501977
653 149 0.33541733368228199286 0.33584690382766102523 0.43740622004483098451
639 135 0.33542206025394999402 0.33585862266276100829 0.43739878051127401015
648 144 0.33541246040995298383 0.33585352514346800135 0.43739428522595197313
652 148 0.33539901770083202504 0.33583541246397097257 0.43739158071953398998
643 139 0.33538401591920097289 0.33582152590772001988 0.43739097109682001374
656 152 0.33538801745399199339 0.33581671570303101015 0.43738299444948097738
654 150 0.33539078303835800909 0.33581383432433398184 0.43738275069692000852
643 139 0.33538383157405499135 0.33580766749262802584 0.43738550444436097298
642 138 0.33536816234959299088 0.3357960960503300063 0.43738492682548602009
638 134 0.33536288429203497952 0.33578222215293801467 0.43738852907537800752
657 153 0.33537108267177301313 0.3357787438336329866 0.43738937345755601882
658 154 0.33536958263469102137 0.33579113678627497963 0.43739503042280497569
648 144 0.33536363565972998613 0.33579119453184602673 0.43739206091193100212
648 144 0.33535023715352002549 0.33577311307789498018 0.43737883463402299489
656 152 0.33534718079051101247 0.33576090178049400325 0.43737723101381698054
670 166 0.3353498794515930026 0.33576099492453498341 0.43738016340573898644
657 153 0.33534009427137101422 0.33575653722872200735 0.43738249135003898216
660 156 0.33533189874632901573 0.33574207785638898738 0.4373766569255460035
658 154 0.33533241300928001705 0.33574833414263199893 0.43737137138567799832
643 139 0.33532066629868800822 0.33574383363355497778 0.4373584115898950242
650 146 0.33532698801360799612 0.33573128730247997487 0.43734017446210798896
655 151 0.33533555566464301467 0.33572130971560298907 0.43734655367134100956
644 140 0.33533186692667998896 0.33571582546359901578 0.43734061174158400664
643 139 0.33533559323309902744 0.33571037865825997804 0.43733319555170202531
639 135 0.33533351791595999991 0.33570915808429102611 0.4373294648113669747
638 134 0.33533658946816302659 0.33570889715914098428 0.43731795311102600321
642 138 0.33533578513113498909 0.33570089703431399419 0.43731781520571999522
639 135 0.3353398013323520277 0.33570545868781398458 0.43731559721876800406
645 141 0.33534188800251402141 0.33570102081756597601 0.43731087881464697498
644 140 0.33534143511794700654 0.33569788772660602572 0.43730179509672401084
630 126 0.33534096503085597529 0.3357004761938279791 0.43730190140881697314
634 130 0.33534822930870800128 0.33569280507368198796 0.43730285374974298129
629 125 0.33535412865205799227 0.33570765301022797988 0.4373107590067449868
628 124 0.33536100516528299931 0.33572415335535599201 0.43732829777834897333
640 136 0.33536494407985600885 0.33573584803788997233 0.43734513453318102361
627 123 0.33537441932931300048 0.33575324949354701243 0.43736094105299999635
607 103 0.33539382046218102484 0.33578765242724600837 0.43737670922273397256
621 117 0.33541222078040899834 0.33579734907189001669 0.43739481583094197426
632 128 0.33543479243211699048 0.33581088563074001918 0.43739138300328600506
627 123 0.33544584263712001748 0.33582118288501699999 0.43740388579169897643
603 99 0.33545367616287902202 0.33583781650867000623 0.43741027953089900437
620 116 0.33546855393617597274 0.33583820757453197725 0.43741486950041402748
626 122 0.33547062117717402208 0.33583700482873601878 0.43743069311430798907
630 126 0.33547392065485698298 0.33584282889490901791 0.43743827829398101992
622 118 0.33547888453068297476 0.33585056599242202324 0.43745850216704601499
627 123 0.33550012094559000797 0.33586661347579199743 0.43747211117371698208
627 123 0.33551815868133599841 0.33588362151781797627 0.43749843932158199999
622 118 0.33553170626839901036 0.33590061395638298736 0.43751092214577297357
643 139 0.33555829025824202017 0.3359159996269739934 0.43752153941391802583
631 127 0.33556098964294600595 0.33592627591949997257 0.4375299916693040081
620 116 0.33558220626002699394 0.33594929125237998901 0.43753631135608700431
644 140 0.33560466061373200874 0.33595058576188802091 0.43756220325280098526
625 121 0.33562009423633198946 0.33598290302984101796 0.43758298763622099914
625 121 0.3356396345298169881 0.33600076751460800084 0.43759144873959499034
631 127 0.33565438933367597318 0.33601582252951800456 0.43759762765086501757
616 112 0.33566315039497202077 0.33603278078536602536 0.43759565596129501586
627 123 0.33567726333614600343 0.33603692220342901154 0.4376104244512610264
640 136 0.33568559289638399967 0.33604591645978598713 0.43763048379142199806
639 135 0.3357025639550310081 0.33607054591211499295 0.43763694589562701642
645 141 0.33571179851348098566 0.33608811204054600541 0.43763565843208401818
632 128 0.33573935747933097984 0.33611553046416198232 0.43765300364531600774
622 118 0.33574804625277798742 0.33612889325097700111 0.43765724331219502119
637 133 0.3357698006784229916 0.33612689951458601945 0.43766740161105599505
642 138 0.33577207410808901367 0.33612655545431002757 0.43766715258068400463
623 119 0.33576414966305301313 0.33613124542460398603 0.43767132883496301377
633 129 0.33577758693292097947 0.33614051535658701075 0.43767759009031198536
641 137 0.33577950809698298151 0.33613951726717800073 0.43767345719556099981
636 132 0.33577763710268299091 0.33613655096150601986 0.43766738578325797837
629 125 0.33578309009148099573 0.33614893769535098 0.43768325994156798142
629 125 0.33578629724889902386 0.33615205822953997394 0.43768411359907599678
642 138 0.33579140397177398292 0.33615172495472300795 0.43768210054841999446
650 146 0.33578856400451001507 0.33615624101390001455 0.437679757765685018
625 121 0.33578291365244999911 0.33616634783681098586 0.43768129637085700923
628 124 0.33578366875246901113 0.33615292438250599094 0.43767704639006099754
630 126 0.33579072691347799928 0.33615414721657199681 0.43768529220515201006
627 123 0.33578918377486599578 0.33615505672204498699 0.43767639588198797851
642 138 0.33580121529896000965 0.33616873079753400999 0.43768577261839697323
653 149 0.33580125558250900619 0.33616428215716598338 0.43768408859589197357
643 139 0.33580226222164000216 0.3361757036937749743 0.43767656780754798929
647 143 0.33580105868432197358 0.33617252143899800654 0.43768492128585700929
665 161 0.3358042176354740227 0.33616804255368198939 0.4376857723172389858
653 149 0.33581096769495699661 0.33617430469552600503 0.43768510312416797348
645 141 0.33581289415994802772 0.33618889181050598536 0.43769654546550401664
638 134 0.33581482675643797853 0.33619868468148100815 0.43769209642059198062
627 123 0.33581680800410801391 0.33620241398916200781 0.43768297882849899194
639 135 0.33581457429573602358 0.3362008144468339732 0.43767984379261198891
646 142 0.33582481085775800489 0.33619791914525398724 0.43767212880803002539
639 135 0.33583412126334699632 0.3361946317343980084 0.43766204121984497721
653 149 0.33583831558754301261 0.33618095376699702603 0.43764791682691500663
656 152 0.33582473027248099795 0.33616633105044502194 0.4376403362173260092
649 145 0.33580542575192001697 0.33616092146373699467 0.43763516534880197995
652 148 0.33579950613220099775 0.33614790827388402183 0.43762536260712497915
658 154 0.33579698287530801437 0.33614566055279898604 0.43763284425253701215
658 154 0.33580083371811697557 0.33615326864746097879 0.43763536393259599988
667 163 0.33580625452968099198 0.33614910443815398944 0.43762509542362598713
658 154 0.3357876705829179742 0.33613321656303402074 0.43761717485529100236
654 150 0.33577537282476999092 0.33613163675077500914 0.43761121534686997503
655 151 0.33577514246488199268 0.33611729276448798487 0.43760546709121300735
664 160 0.3357711001414739882 0.336101432203722017 0.43759512612713602486
644 140 0.33575252769296598521 0.33609439942273200419 0.43758505740020098296
653 149 0.33573834849699002447 0.33607954787991900503 0.43757451865962099236
648 144 0.3357251778252379748 0.33606592362183801415 0.43757153846242502482
659 155 0.33573188492223299262 0.33605639438869000513 0.43757620098416799559
651 147 0.33572941931567601426 0.33605920184414600493 0.43756721187816299823
661 157 0.33572569066153801209 0.33604909603550797703 0.43757074803684598008
654 150 0.33570519522883401908 0.33604690168012901763 0.43757727226000397991
663 159 0.33569235863081098303 0.33602448754511998752 0.43757811138947499963
645 141 0.33568515590092901091 0.33603392248071300985 0.43757966154619098997
645 141 0.33568300182646698682 0.33602849759789599204 0.43757887489539498693
646 142 0.33568909270146102264 0.3360256202717319951 0.43757876749895102675
653 149 0.33569449274892299018 0.33602940758894500606 0.43757526110201799829
644 140 0.33568639827017499044 0.33602560815068899247 0.43758006026989698656
650 146 0.33570193751916699298 0.33602747112378500427 0.43757540230299102335
656 152 0.33570894954979202396 0.33602969688340100785 0.43758616566378299995
649 145 0.33570557175415099982 0.33603317725518300207 0.43760017237187498473
662 158 0.33571252582985999791 0.33603825203735199212 0.43759952873374802218
647 143 0.33571231723444899808 0.33604865462555799649 0.43760337096779400312
666 162 0.33571650312812401085 0.33602878508102801414 0.43759588003271299161
679 175 0.33572786317659397692 0.33603319947331300455 0.43760119789969198489
658 154 0.33571782911197201038 0.3360492549235690185 0.43761126265990302198
670 166 0.33571978140066299767 0.33604170482905099115 0.43761341835226297281
664 160 0.33571040061957502232 0.33603979930395000419 0.43760655214914001565
681 177 0.33571324232725702208 0.33604173882810001173 0.43759909901816501643
659 155 0.33570322856580897541 0.33605428953949201265 0.43759760320457402605
644 140 0.33569486754841698639 0.33605048025642397791 0.43759475125183000532
657 153 0.33570245334321302533 0.3360501667916280244 0.4375966142591160013
653 149 0.33570311536391200802 0.3360611683767860125 0.43759615026678799765
645 141 0.33569787351372798456 0.33606496333337199101 0.43759580263153402546
649 145 0.33570326843977099651 0.33606682525349201862 0.43759592756132797975
640 136 0.33570243750491801649 0.33605951107792098043 0.43758416374878400523
647 143 0.3356952914160220014 0.33604377654637401784 0.43757125789523898529
664 160 0.33569880237518501254 0.33603816143233800062 0.43757930008827100599
659 155 0.335695743618309006 0.33604890284933697231 0.43757825097032998496
660 156 0.3356951174230899948 0.33605514924926999099 0.43758920028542297453
669 165 0.33569230335489702588 0.33605894704315497634 0.43759176643968400455
665 161 0.33569140955618798072 0.33606868199822897969 0.43759321428214997818
667 163 0.33568493375819097313 0.33606528845896099789 0.43759260303830199712
664 160 0.33567811260731000855 0.33606719274617802284 0.43758761691830100338
659 155 0.33567820136417098054 0.33606620578601398286 0.43759364582652099385
666 162 0.33567508665394402145 0.33606840949398297802 0.43759039517615100356
670 166 0.33567264961083098651 0.33606432572621497412 0.43758641158946698368
671 167 0.33565273679883300684 0.33604461588305101216 0.43758022790102801824
669 165 0.33564813512108099269 0.33604147897037600634 0.43757131960315098773
652 148 0.33563007354350699041 0.33603641934055600293 0.43756206437592198855
663 159 0.33563266450201800772 0.33603395496428301037 0.4375526949058480275
648 144 0.33562464910876199653 0.3360361324528010063 0.43755209601265898645
652 148 0.33562944166210401109 0.33603613919528202425 0.43755615748649101526
662 158 0.33563326288303801936 0.33603206194657897488 0.43754972715390400007
650 146 0.33561928667734197695 0.33603521451779300167 0.4375451158620159986
658 154 0.33560686929945898749 0.33602462683595801796 0.43753379952048598867
652 148 0.33559195098287697423 0.33602024750461501057 0.43751382126599197564
659 155 0.33560083486954200849 0.33601241257726399692 0.43749666262257502769
670 166 0.33559588473869300662 0.33600995037900999174 0.43747989253520197517
669 165 0.33557787835270497245 0.33599495475743101913 0.43746787059636998984
678 174 0.33556327654787199144 0.33597965883167901779 0.43746152942373001116
672 168 0.33555836476521200273 0.33598466151043698824 0.43746738791131600799
661 157 0.33553697376446200984 0.33597154773756898738 0.43746798037372397472
659 155 0.33552772995806001699 0.33595965402187899507 0.43745863233026299755
664 160 0.33552374020428799017 0.33595432529158697488 0.4374466282122739802
653 149 0.33549859370137602443 0.33594749346584501515 0.43743898424884797294
673 169 0.335491239653363027 0.33593419629560800077 0.43741998090038497482
680 176 0.33547541399886698921 0.33592298756148897265 0.43741065157094899396
668 164 0.33547366957022900502 0.33593235681337901832 0.43739677250379899176
665 161 0.3354563864233460202 0.33591742861919599017 0.43737510568409299072
660 156 0.33545122823878298357 0.33591776914086801664 0.43736022023829401739
658 154 0.33543892901884997393 0.33590909303261301533 0.4373440294773779935
660 156 0.3354294037992849864 0.33589411571229599307 0.43733604070371201455
659 155 0.33542210731499599863 0.33588104969743498573 0.43731709172379001904
659 155 0.33541572870290697894 0.33586765499577397875 0.43730902687845402133
654 150 0.33540933557956398303 0.33586612519223701945 0.43730740920049299136
661 157 0.33541229150602197562 0.33586401874928401012 0.43730072381799001136
662 158 0.33540217615033601772 0.33585409916805797348 0.43729476725543198201
661 157 0.33539363878719602452 0.33583791786710198712 0.43728738503972097718
659 155 0.33538040988673201159 0.33582548241054299698 0.43728553845875400841
677 173 0.33538454951091400957 0.33582056150030398234 0.43726779439247598358
680 176 0.33537161303859802652 0.33582316362554098799 0.43726461741823502427
677 173 0.33535621550129801616 0.33582450564117599656 0.43725678487514502146
672 168 0.33534118802585499708 0.33581400376635500704 0.43724951019445201794
671 167 0.33532458595615000085 0.33580162948508102128 0.43724459277961902348
658 154 0.33530770768320000697 0.33579015118107402582 0.43723397621134801883
665 161 0.3352973325671270155 0.33577937908897598218 0.43722630522030597744
659 155 0.33527517713989102299 0.33576515255165501062 0.43721177310051101417
669 165 0.33526603888543898835 0.33575469643261401931 0.43719498300208897712
672 168 0.33525258839332000571 0.33573769027223199224 0.43717936200166601646
680 176 0.33524474238663198866 0.33572352989854398198 0.43715736248228398431
669 165 0.33521703932263202663 0.33571681718830498342 0.43714213616197700185
683 179 0.33520979037174697401 0.33569922652745098901 0.4371217478326149819
670 166 0.33520132141798697489 0.3356961620456049844 0.43711257265440001119
664 160 0.33518050000571897318 0.33567546414221999251 0.43710816539184998986
665 161 0.3351673680331320182 0.33567279722653098339 0.43710550055531699476
662 158 0.3351521277480499772 0.33564835246483498699 0.43710210854887898702
656 152 0.33514064286166700413 0.3356229913240669771 0.43709384978982801506
665 161 0.33513001952069199074 0.33560917443770799107 0.43708985665376998142
657 153 0.33510672802624502653 0.33560125230691201237 0.4370828211608239755
650 146 0.33508998679699297796 0.33558370818922100831 0.43706677833545598544
651 147 0.33508277748465797874 0.33558135714778297709 0.43705862171264198146
656 152 0.33507555222967699837 0.33557589354441802465 0.43705446227206001808
669 165 0.3350665029781120241 0.33555091549441001808 0.437044424372795004
666 162 0.33505963852156500637 0.33554640116004197381 0.43704496827672600912
657 153 0.33506296641760002775 0.33554646321046099899 0.43706056110122998293
645 141 0.33506721810463002686 0.33555023293635899417 0.43705901203857200343
649 145 0.33507358450393098792 0.33555030015667097754 0.43705517291171497307
649 145 0.33506825954317098759 0.33553895114225901208 0.43704384672442797566
664 160 0.33506663054572499716 0.33552549311985802039 0.43703218294397599974
672 168 0.33507395082239299633 0.33552469518770700052 0.43702327337380297845
674 170 0.33507109223707398638 0.3355183242967890167 0.43702110082089701271
668 164 0.33506238635156698757 0.33551226086378099778 0.43702077911006798061
673 169 0.33505922215807099063 0.33549908338862399759 0.4370108028506590192
672 168 0.33504805214684502124 0.33548871776953698154 0.43699543164105597581
674 170 0.33504797677582898174 0.33547955646129801188 0.43700031240563702584
665 161 0.33503097104107498749 0.33546454100709699464 0.43699141539663999279
668 164 0.33503702247528199809 0.33546462338908800138 0.4369874834163410271
642 138 0.33503295437843000348 0.33547146198983202048 0.43697968767154199421
632 128 0.33502550246137702272 0.33546973006707198062 0.4369692181745900017
648 144 0.33502453331334802744 0.33544799628956101234 0.436953854420064014
646 142 0.33501921629924402701 0.33543636235981200144 0.43694652895059199471
649 145 0.33500809879671800129 0.33541555284051199903 0.43693097192236401982
660 156 0.33499940091582902646 0.33540216132950101402 0.43691680182728298565
643 139 0.33498212832742102485 0.33539395841185898339 0.43691638460634901753
659 155 0.33497407154545799646 0.33537598133811197254 0.43690557264886697997
654 150 0.33496727059683401029 0.33536874500648999886 0.43689983658340497685
647 143 0.33495490717126502611 0.33537107270898597333 0.43690046593921300078
652 148 0.33495822239867201198 0.33537030684591401242 0.4368945593274550232
665 161 0.33496213923636497523 0.33536616846041500395 0.43688833794658099574
653 149 0.33495535603336801245 0.33536664048960201923 0.43689412943670902223
657 153 0.33495651629883499423 0.33535722315773297542 0.43688453599398302529
662 158 0.33496290014419100034 0.33535490515962801394 0.4368851100654420061
631 127 0.33494658164820301227 0.33536887518321201185 0.43689411093295599242
642 138 0.33495294246326901 0.33536192888742599738 0.4368876868341109998
654 150 0.33494643224769898859 0.33534889501587100691 0.43687992135472497601
668 164 0.33494389972677202083 0.33533800537861901958 0.43687600836659901127
662 158 0.33493954872819398094 0.33532982069310302009 0.43686482022512801437
665 161 0.33493548087816998882 0.33532967735553798061 0.43686059543962102447
655 151 0.33493172257784298296 0.3353380982905059815 0.43685056697826701866
655 151 0.33492247101238897811 0.33532935232953497984 0.43683623804794902146
651 147 0.3349129207679170106 0.33532891742902898313 0.43682525244152398125
659 155 0.3349122699152610183 0.33531743113838502479 0.43681878036202598237
645 141 0.33490243640606398579 0.33531265248031899562 0.43680972016841501659
640 136 0.33490700594613898033 0.33530941638914701919 0.43680850516816399631
643 139 0.33491060448886300627 0.33531170897090001315 0.43680994998458400058
642 138 0.33491638550651398054 0.33530416960853398622 0.43681286030431998313
632 128 0.33491786178457000345 0.3353082765847720248 0.43682032554619998344
641 137 0.33492970292099399909 0.33531332113860101707 0.43682314277765799115
640 136 0.3349418541260669735 0.33532416553391797276 0.43683656380615099035
638 134 0.33494363929115900103 0.33532524337721797414 0.43684640515364597801
634 130 0.33493961339354100248 0.33532079590186897322 0.43684721233549600461
644 140 0.33494780732122597655 0.33532251631004500458 0.43685410167184901553
648 144 0.33496056562844600535 0.33533584648244502135 0.43686651187744501845
636 132 0.33496690753847802036 0.33535833668613601599 0.4368662336476599739
632 128 0.33497900668516500389 0.3353746371283909955 0.4368749533481199876
638 134 0.33499352388448500051 0.33539771202069801337 0.43688665203729998288
628 124 0.33499866480806600455 0.33540425578655197469 0.43691057059401300355
635 131 0.33501323470891902767 0.33541019935318999723 0.43692200681365001014
642 138 0.33502806731737999613 0.33542745657379602342 0.43694184173905797897
623 119 0.33502619255610899263 0.33542784285015397883 0.43693856669163899653
641 137 0.3350346522663680271 0.33542435930841901781 0.43697017088955197872
629 125 0.33505348172437299237 0.33544521519206799143 0.43699621223357698607
639 135 0.3350661781088600244 0.33544838713777602734 0.43700206874276698032
635 131 0.33505935934607500304 0.33545493785131297315 0.4370121199434640058
641 137 0.33507018930725801509 0.33546878828519799409 0.43703198771166501535
646 142 0.33508100910677302009 0.33548630065582102366 0.43703754456384402705
647 143 0.33510037463678199465 0.33550101027239798146 0.43705323035015597455
628 124 0.33509843521635002128 0.33551847764087100456 0.43706471545942698897
630 126 0.33509681196715102036 0.3355149278609240171 0.43707845063356198789
630 126 0.3351198220924029858 0.33553205945388098197 0.43708735905669199306
624 120 0.33512244213320702135 0.3355415966690379892 0.43708708078413699427
620 116 0.33513632237595797347 0.33555384965023199451 0.43710014610826597448
626 122 0.33515687998547999404 0.33556427775501201927 0.437103743046063975
627 123 0.33516861916270201949 0.33557748103133899775 0.43710263976664598395
641 137 0.33518366558834200575 0.33559009106360798702 0.4371168636515799788
632 128 0.33517355543445098709 0.33558533088647302112 0.43711054549246197709
644 140 0.33517977549539001991 0.33558969683124201255 0.43713085051929301272
645 141 0.33518419754494099827 0.33559678941076698244 0.43714420161065098425
659 155 0.33519101687898700259 0.33560788616936798601 0.43716198891565599682
643 139 0.33519546465922600564 0.33562254832697602236 0.43717151499098799716
642 138 0.33520383802065900625 0.33562869287457497425 0.43718205915711200182
632 128 0.33521133932470398298 0.33563238908991099851 0.43718258835396001105
649 145 0.3352187810223100084 0.33562976621335699479 0.43718385582463498151
648 144 0.33522500570288799038 0.33564200953117701021 0.43720164092354402152
647 143 0.33523698407172697333 0.33565482046822098239 0.43720921136510598748
637 133 0.33523713660931497849 0.33566916537878699334 0.43722169552851397611
634 130 0.33524005013502500283 0.33567044297704001776 0.43722744173319100236
636 132 0.33524658937336099251 0.33567294119328600077 0.43723662251418998759
642 138 0.33525340392626301611 0.33568153670132200306 0.43723975041465601432
633 129 0.33523937111614399154 0.33566610938198199188 0.43723938233565301514
634 130 0.33524439544254802659 0.335666172528604978 0.43724753174937297517
641 137 0.33524214926837597739 0.33565868649774399657 0.43724469501421397988
643 139 0.33525171112011897812 0.33566849063892700844 0.43724904042344497901
653 149 0.33525820238117698402 0.33567190696055498877 0.43725709565469900175
658 154 0.33526348522483201409 0.33567530262135697461 0.43725337694329097227
641 137 0.33527002321278198682 0.3356904927697920149 0.43725558868288899594
639 135 0.33526839722850099168 0.33568479945945101095 0.43724251977840999928
649 145 0.33527124408585201598 0.33568608945766598151 0.43723472563809301361
664 160 0.33527285901876202612 0.33568678257872702764 0.43723959962586800287
652 148 0.33526456482967098571 0.33568378316571001463 0.43722226150504300834
654 150 0.33526990714555399142 0.3356741458404159939 0.43721295079874800127
660 156 0.33526495536148598342 0.33566122273546600274 0.43720469167854597581
657 153 0.33526902388316798254 0.3356737040941660255 0.43719459497634799439
660 156 0.33526493211779700987 0.33567895573403999654 0.43718617314165697518
644 140 0.33525730262550301752 0.3356744728808920275 0.43718061498474597437
645 141 0.33526560436946301058 0.3356814826218210146 0.43717358536664902013
644 140 0.33526605252397001511 0.33568365077379702655 0.43718024664744098429
642 138 0.33526319309956698067 0.33568158854409801961 0.43716795901154498205
651 147 0.33526936681101598969 0.33568408503952001931 0.43716823126164000568
652 148 0.33525265785608299174 0.33567333493184497994 0.43716494467695099502
647 143 0.33524472290240797667 0.33566556946281500551 0.43715428458762101149
660 156 0.33524907501615597294 0.33566535411316200666 0.4371545300521850197
656 152 0.33523811759492000428 0.33566336801976698334 0.43715596827793101742
653 149 0.3352307654808749926 0.33565346020762198975 0.43715765269748702027
658 154 0.3352191864266089727 0.33564452383418802439 0.43714880835933200842
656 152 0.33522899010456802538 0.33564574231732302589 0.43714814900103698969
652 148 0.33522946637626099831 0.33565641204934598685 0.43714405562431601915
642 138 0.33522911238367997244 0.33564894067708900272 0.43713909102379999716
652 148 0.33523708878671598654 0.33565204511432600309 0.43713071028169497856
670 166 0.33524050254043702424 0.33565486397208799119 0.43712486767978697699
651 147 0.33523527132102098891 0.33565941158916401399 0.43712906572813797768
629 125 0.33521412050042798114 0.33565404804336501643 0.43712150836016400168
638 134 0.33521190708236497935 0.33563634493350802401 0.43711646275207699519
635 131 0.33520457744767900854 0.33562676924101397802 0.43710758596853999114
651 147 0.3352116683682119791 0.33561722905727198185 0.43710990037227898108
643 139 0.33520766151871400629 0.33561822321378198541 0.43711700328525499026
640 136 0.33520333450009498488 0.33562587953779798866 0.43711363056823099305
651 147 0.33520557461160299662 0.33562839008303302357 0.43712384976040902229
639 135 0.33520723580014200049 0.33564137314521602651 0.43713389460467999559
636 132 0.33520828817552100753 0.33564684059382199344 0.43713566137851400661
648 144 0.33521085220263602267 0.33564333605915802616 0.4371350122654619752
646 142 0.33521253126222799734 0.3356440021212629965 0.43713934059188902514
634 130 0.33521452607933999168 0.33565187642609201069 0.43715325784077102567
644 140 0.33521736786268202524 0.33565588858185302357 0.43715339173972600495
648 144 0.33521516485460900459 0.33564968548335100129 0.43716153925697698313
666 162 0.3352210211474910273 0.33564106924167197432 0.43717780057763799828
648 144 0.33520801211881001702 0.33564866036622897916 0.43718447496569701194
637 133 0.33520911291277200039 0.33565473262360201456 0.43719628847816899286
634 130 0.33521227390974200899 0.33565898512241998386 0.43720570580265599725
631 127 0.33522108805354100536 0.33567130665802302758 0.43722067468848901939
611 107 0.33522337817973002494 0.33568846163839699548 0.43722354634027499332
623 119 0.33524148150244198474 0.33570023090923001297 0.43725276610093199992
625 121 0.33526257263762199168 0.33571945722463197859 0.43727032848225899642
626 122 0.33527287984972398149 0.33574113889801698862 0.43728965238964900841
619 115 0.33528857608161899417 0.33576183558105798799 0.43731247046958199309
619 115 0.33530308977506800838 0.33577416186819397659 0.43733693409156898513
619 115 0.33531963083685600857 0.33579694458325398676 0.43735723560114697639
611 107 0.33533647494221602292 0.33582329273996397445 0.43738047119608097768
627 123 0.33535567551273298692 0.33584492315832698006 0.4373980379347359726
639 135 0.3353766844886140186 0.33586864684188799668 0.43742621438661999367
618 114 0.33539739441348798143 0.33590720780471700069 0.43744390248254599873
623 119 0.33542408115495997434 0.33592723914855099343 0.43746387933865099606
633 129 0.33543703565825899737 0.33593806720828600643 0.43748328762465099606
622 118 0.33545238484951001023 0.33596198962965001522 0.43750349843541602723
622 118 0.33547575887353597857 0.33598499135844200891 0.4375145502406669884
618 114 0.33550573350887602508 0.33600345386913499368 0.43753989220022398987
616 112 0.33552549833211098296 0.33602944468792400601 0.43756223013079997841
605 101 0.3355411150560799749 0.33605513072207698899 0.43757656017196100429
613 109 0.33555697722596500299 0.33607035760610798336 0.43759443494670602348
621 117 0.33557340146111902524 0.3360876463999559749 0.43761015070139197558
644 140 0.33558982364515899111 0.33609241599695099945 0.43761783937833198532
633 129 0.33560274543773599421 0.33610427296572897848 0.43763569337535301873
616 112 0.33561744110864100143 0.33612747960702199501 0.43765867828593402189
638 134 0.33563680630270198435 0.33614060750825597301 0.43767609692784298359
633 129 0.33563865335493597852 0.33615402287928797254 0.43769241764996402733
630 126 0.33564558962951701604 0.33615963621188799104 0.43769234651225602528
630 126 0.33565102610496000413 0.33615896193636501943 0.43769783029071701597
640 136 0.33566571374020598428 0.33616494012769798649 0.43770562202400498109
627 123 0.33567618696084700058 0.33618272804133397802 0.4377217560353620085
606 102 0.33567749347749897826 0.33619698187308100223 0.43774415337017502647
617 113 0.33568526738145298971 0.3361966301059169937 0.4377491748260149973
610 106 0.33568828410476297952 0.33620548082110901511 0.43776933142899299156
633 129 0.33570464083879997252 0.33620781964947898945 0.43778226065347197737
618 114 0.33571183686160799287 0.33622440058350400172 0.43779749552051500094
633 129 0.33572435872295197656 0.33622974858062898429 0.43779996220367600746
628 124 0.33573037748297401839 0.33623833044527701164 0.43780980797901497548
623 119 0.33573016429534402461 0.33623317354167497895 0.43780536865191299611
629 125 0.33573141273419698782 0.33623375975098002133 0.43781348253831797734
629 125 0.33573178390253699543 0.33622653211777098203 0.43780275468334600708
627 123 0.33572649481407401684 0.3362267966836359756 0.43780482972701201261
652 148 0.33573097564155202077 0.33621938249207100613 0.43781608284700601619
647 143 0.33572273675553498951 0.33621906506536597403 0.43781284043071500012
653 149 0.33572131928417697777 0.33621249206428099887 0.43781096298122401667
664 160 0.33572165401839798582 0.33620322078964998136 0.43780975689152101804
648 144 0.33572143033507800824 0.33621114684739600298 0.43781352507113802108
654 150 0.3357241692907820263 0.33620545453868500019 0.43780784180146498086
633 129 0.33570651618917202175 0.33619947338427297323 0.43779529659104499117
656 152 0.33570832519544802075 0.33619745830742697734 0.43778761702980001358
669 165 0.33570393327854097798 0.33618885953502197772 0.4377774164049950123
656 152 0.33569987905475201506 0.33618907835296402142 0.43777335736800498944
653 149 0.33570109277080600885 0.33619284458532400217 0.43776891510168697286
650 146 0.33569375953423902237 0.33618894867060100662 0.43776505404851900893
658 154 0.33569470787825200775 0.33618387504256602716 0.437764163092506986
647 143 0.33568710681757801817 0.33618532719738397629 0.4377685413054029917
647 143 0.33567533742910599104 0.33617491346470701474 0.43775375727140797277
651 147 0.33567804908277298903 0.33617217344800898182 0.43775004369783998559
652 148 0.33567105772548899711 0.33616358034797599874 0.43774671475718501812
640 136 0.33567113677803400718 0.33616823408488699654 0.43774328038385701412
637 133 0.33567503663955200466 0.33617707622626502584 0.43774283875044200931
650 146 0.33568989376412899928 0.33618092101440200103 0.43775347473676901044
641 137 0.33568375368532799019 0.3361865150800030233 0.43774934714953200876
645 141 0.3356882672780679977 0.33618261403816501742 0.43774369834439602611
660 156 0.33569094678175498414 0.33618678353461201036 0.43773733164465999934
664 160 0.33567773408963702542 0.33617495327205498823 0.43773287785866299426
656 152 0.33566395841281498891 0.33617021653614698184 0.43772294617218299173
666 162 0.33566252404904700635 0.33616665042536397756 0.43771805651810802296
665 161 0.33565966233872002178 0.33615890262428399504 0.43770924119745902026
649 145 0.3356382546228030006 0.33613871730908401192 0.43769611686377701831
677 173 0.33563472695145502023 0.33612544495376200926 0.43768565224161198879
678 174 0.33562507232507798882 0.33611983151760799204 0.4376850308032609882
672 168 0.33561603911363502295 0.33611538801846202462 0.43767028737813501449
657 153 0.33561525902755601214 0.33611914682773197383 0.43766629960455599724
669 165 0.33561999966425098973 0.33613099755318398554 0.43766526784254600191
666 162 0.33561685546440300776 0.33613098343664699064 0.43766208229751402126
657 153 0.3356049068101890076 0.33612329465904999815 0.43765105655078501146
661 157 0.33560295750997498621 0.33611413115506899585 0.43765140898393301017
659 155 0.33559334292345099904 0.33611209303939998394 0.43765203656674001031
653 149 0.33559461032403697933 0.33611647122824200862 0.43765440383105297384
644 140 0.33559149293296397509 0.33611376601229198124 0.43765384555949898848
647 143 0.33559481290538700771 0.33611076521972099718 0.43764647633788000824
652 148 0.3355934354224420213 0.33610396673797499068 0.43764410032407402573
667 163 0.33559588441224297295 0.33609247554788301837 0.43764131128027400353
652 148 0.33558445676606701857 0.33610511470414800028 0.43763552150707302202
645 141 0.33557955399046002221 0.33610329748644202086 0.43763301243524399542
632 128 0.33557319978628302737 0.33610917527471501076 0.43762397360852600681
647 143 0.33558059555500202586 0.33611568024736299121 0.43761898801991699903
658 154 0.33558567874390599073 0.33610977129187602497 0.43762259675100401157
675 171 0.33558719268224301846 0.33610654639290998835 0.4376204503094149878
681 177 0.33558194030503901706 0.33610860398509301294 0.43762320510294300258
667 163 0.33556705246660101238 0.33611567393006497317 0.43762711312129398689
661 157 0.33555250756107501964 0.33610301049281898766 0.43762529659561399953
660 156 0.33554439379232697815 0.33609563774321099539 0.43762339894932600348
654 150 0.33554483542897101112 0.33609503932055001529 0.43762229768033700239
662 158 0.33554462309488397587 0.33609564671473202147 0.43762895169565702025
647 143 0.33554327258386701383 0.33610560451796600567 0.43763541026156299596
636 132 0.33553402969812801127 0.33609969461453997885 0.43763320905232899749
633 129 0.33552656998014102063 0.33607700463212397679 0.43764092883209398943
645 141 0.3355269453452299766 0.33608000204057297822 0.43764932989426802434
639 135 0.33553000573129998507 0.33608025103925298627 0.43765196080781598731
640 136 0.3355283537607109956 0.33608232374806201737 0.43766477680837101438
623 119 0.33552029549403100672 0.336084647525850988 0.43765268823513797658
637 133 0.33552128361279698332 0.33607261950143002549 0.43765770449857399615
631 127 0.33552369067436099703 0.33608460308225202029 0.43766439432402998166
650 146 0.33553366427403502614 0.33609341340903797768 0.43767387920593997519
642 138 0.33553697275662197619 0.33611101107498797536 0.43767814597824500344
649 145 0.33553968006336398755 0.33611187219394300651 0.43767204728017800042
650 146 0.33553771142418498119 0.33610947954691700046 0.43767146302520798518
647 143 0.33554106896304797258 0.33610887277255802053 0.43766254270495702494
653 149 0.33553416900251697985 0.336093915369159002 0.43765398455783399712
647 143 0.33553198419673901931 0.33608626415296599665 0.43765049770253300343
644 140 0.33554147465408401541 0.33608060776838699635 0.43764728775751898793
645 141 0.33554394766617601231 0.33607325797853399019 0.43764413283227598939
625 121 0.33554085816915302232 0.33608522928004197494 0.43764103395309600364
635 131 0.3355494255042760221 0.33607373578856097884 0.43763465396949202679
644 140 0.33556061326996799998 0.33607812309633999792 0.43763686784606198321
640 136 0.33556771713283900516 0.33608362860207502409 0.43764359664034802044
636 132 0.33556603955016900409 0.33609063259884902619 0.43764832557855698481
644 140 0.33556871571833202239 0.33609324737692597429 0.43765841396964499932
627 123 0.33556999471247000999 0.33610606668190001756 0.43766157798534499612
621 117 0.3355736246757650143 0.33610778699940002667 0.43765995576005300993
621 117 0.33558396041615901062 0.33610303500227001194 0.43766027603318502504
634 130 0.33559742736936398755 0.33610768157849402193 0.43765119647685701842
643 139 0.33560825678431099872 0.33612465411009501137 0.43765575188609801005
640 136 0.3356144173586430024 0.33613450523047500029 0.43767199947886598066
625 121 0.33562560277870900904 0.33615020107754300938 0.43768323897007899159
626 122 0.33564372246330398397 0.33616472176246398051 0.4376982429897450233
624 120 0.3356455571188470266 0.33616437709578400606 0.43772252095477498512
622 118 0.33565488157458001073 0.33618591628529498339 0.43774081370999101681
624 120 0.33565989017715497367 0.33619259382192101526 0.43775276601967400003
628 124 0.33567420015994997584 0.33620361344302901463 0.43776866931172297992
629 125 0.33568008618774297647 0.33620764186447299471 0.43777987427402298426
625 121 0.33568654243808099258 0.33621778025322102135 0.43778442170675602174
622 118 0.33569506788941100295 0.33621503852040002247 0.43779218524667301571
621 117 0.33570298644207502425 0.336218745608972025 0.43779362121584797229
616 112 0.33571903837884498056 0.33623526783971102727 0.43780279381226500091
615 111 0.33574231028406598121 0.33625611371947400352 0.43780428320893399752
612 108 0.33574493385407000456 0.33626592898251900232 0.43781190144646997542
628 124 0.33575484243770598036 0.33626501443867901076 0.43781567306969398912
628 124 0.33576477835912199588 0.33627134423776500194 0.43781680115540899667
633 129 0.33577377648689599177 0.33628320897867097772 0.43781839467005101429
632 128 0.33578400249067602568 0.33629275535550900988 0.4378258060131889895
635 131 0.33579037709520198618 0.33630461050307902671 0.43782666273106901622
623 119 0.33579244046213402308 0.33631525772089099213 0.43783540754636501857
636 132 0.33578577295276101911 0.33630064759579897382 0.4378406157582550029
635 131 0.33580408690998597709 0.33631536655386601309 0.43785661115459600934
639 135 0.33581046389264901375 0.33632371693017598657 0.43787211313264101653
642 138 0.33581023273560400844 0.33632076662051402227 0.43788474952449901734
649 145 0.3358235849373190085 0.33632677137580402338 0.43788629762941599921
647 143 0.33583431366987198663 0.33634529069940499735 0.43789580295085001049
658 154 0.33583401904693099826 0.33634320738968298548 0.43790226480771798911
649 145 0.33582995547357602506 0.33635707578310397592 0.43790655144422302447
638 134 0.33582447595312597821 0.33636366007111101473 0.43792386833759400222
644 140 0.33583464456254402686 0.33637290424714000325 0.43794127955362399662
628 124 0.33583640182502100258 0.33639078628009699834 0.43795160555648199319
617 113 0.33584748936967601107 0.3363955657134770072 0.43794797839656701699
619 115 0.33584839582385001 0.33639140543614498569 0.43795371430486901287
640 136 0.33586633779179997372 0.33638752320570397547 0.43794770633743101973
635 131 0.33587732021799299176 0.33640859046296700541 0.43795509287519901465
633 129 0.33588917062458800711 0.33641916106307701018 0.43798134894797802197
615 111 0.33588956523818902511 0.33642369279414302552 0.43798467933034901378
641 137 0.33589974289690899267 0.33640655744502501179 0.4379746506166359854
616 112 0.33589487408999602058 0.33641187725809301723 0.43797290033963998113
632 128 0.33590068520393800977 0.33640371567686899734 0.43797246957368002329
635 131 0.33589872515027102695 0.33639700782347897734 0.43797471754679601075
653 149 0.33590101213179701656 0.33639466072113000106 0.43796605969963497973
652 148 0.33589732942995598197 0.33638707496818498477 0.4379602157888580205
658 154 0.33589299412825901481 0.3363890790303040168 0.43795486437775699162
643 139 0.3358846544602699935 0.33638807291497702101 0.43794884537147099612
634 130 0.33588242260851197685 0.33638508346309697883 0.43793649206748602731
643 139 0.33588537754696401461 0.33637665623525897507 0.43792524990883802127
642 138 0.33587788238416599329 0.33637630722320099874 0.43792510495798997461
632 128 0.33586550382042801299 0.33636982868943998692 0.43791980125459700757
645 141 0.33586208445303000758 0.33635504605227201091 0.43791219625235999757
642 138 0.33586125722013898676 0.33635699837843602289 0.43790354063044800714
628 124 0.33586219638936698484 0.33636384080681397402 0.43791039228210199008
636 132 0.33585903707300102106 0.33636062537102201508 0.43790398342001601861
646 142 0.33586482523615301954 0.33635970638301898594 0.43791185979045799126
649 145 0.33586252952952799777 0.33635731833154097759 0.43791174615771100154
638 134 0.33586550231722300808 0.33635226821939900876 0.43791138699313697513
653 149 0.33587272071769602722 0.33634817830526697602 0.43791809684155297289
646 142 0.33586844987079900182 0.33634548820289500437 0.43791997658666298454
650 146 0.33586446382419998802 0.33633561534373401791 0.43791308881118101715
666 162 0.33586474324303500216 0.33632807002215098224 0.43791081766990097579
661 157 0.3358596347301360252 0.33632049696060700716 0.43791124008399900935
656 152 0.33585852711646702051 0.33632099287507000174 0.43790373848121499911
662 158 0.33586515917053100244 0.33632206898367500436 0.43790389450548800054
640 136 0.33586089538533797638 0.33633290888922001693 0.43790410400224599741
650 146 0.33586550639557899434 0.33632850908183697936 0.43790620082416298331
644 140 0.33586613973246198794 0.33633364319451397595 0.43791682772028500681
633 129 0.33586558388327197866 0.3363436269566519865 0.43792487076413599834
641 137 0.33587675257991300715 0.33635360639882699862 0.43793463629981699281
630 126 0.33587736352189700995 0.33636417692789799538 0.43793798557086099921
644 140 0.3358868373701440202 0.33636497574168899849 0.43794187382684501841
640 136 0.33589521783441700364 0.33636744998932999184 0.43794166958995800476
643 139 0.33589322558430501076 0.33635929123488200743 0.43794373016281101796
654 150 0.33590356267967197423 0.33635341401394097671 0.43795194875249099375
653 149 0.33590706715482898659 0.33635219541055799697 0.43795881056065499859
653 149 0.33591144271567902058 0.33635446663527901467 0.43796802989179400845
648 144 0.3359160385994159892 0.33637022287895002037 0.43797415994876498502
653 149 0.33591374874156598729 0.33636410560788698731 0.43797164275457900473
658 154 0.33591437734216400557 0.33635571564806499012 0.43797169892395099167
658 154 0.33591009684939299174 0.33635133182877402502 0.4379599431071650173
647 143 0.33589643677382302611 0.33633834493354697326 0.43795183931986397807
635 131 0.335884164026305998 0.33633742818508299832 0.43794003649127200006
643 139 0.33588560996380001367 0.3363394176890309728 0.43793881138831697308
656 152 0.3358861647057960198 0.33633852432577698854 0.43793614198664898574
636 132 0.33589047674145500189 0.33635530403934199573 0.43794946504144399713
636 132 0.33589851747417198702 0.33636239497663900089 0.43795599137403601331
646 142 0.33590077657557798618 0.33636578297706398732 0.43795702177210099615
641 137 0.33590593961802001077 0.33637370372885100345 0.43796354682742499875
636 132 0.33590652874767401581 0.33637155571547400212 0.43797315588199897674
645 141 0.33590621474608300945 0.33637120302013401307 0.43796863603659702546
643 139 0.33591623054555497241 0.33637939021641299897 0.43796500045637298815
638 134 0.33590998059779797469 0.33637328150554501871 0.43796447299882002024
635 131 0.33590943799343297993 0.33637203989763397871 0.43796632916971400817
633 129 0.33590289141584200872 0.33636421309976499705 0.43796125164817301112
657 153 0.33591344117505100852 0.33635900785275102409 0.43796476790980098937
652 148 0.33590628226672497592 0.33636235873184000544 0.43795733907277301089
655 151 0.33590828034165198801 0.33636457101703598482 0.43795461989487199927
658 154 0.33590713781796499582 0.33636046703830302373 0.43795856655820697423
654 150 0.33590487353003201099 0.3363623907027240012 0.43794121586931100687
652 148 0.3359023428782970111 0.33635830454316201221 0.43793419491963597734
657 153 0.33590378577711199615 0.33635738737452902658 0.43792214970192000489
649 145 0.33590954605542500122 0.33635753665901302334 0.43792529445006000977
661 157 0.33590868478523699947 0.33635033498443900335 0.43792205170991299612
661 157 0.33591154653479599057 0.3363513800203800086 0.43791752776516901235
655 151 0.33590244052347301151 0.33634815599732797997 0.43792681764403801337
658 154 0.33590388844092200493 0.33634867225582898431 0.43792111579883197248
658 154 0.33590475580845702286 0.33634915736143800036 0.43791304288364102382
662 158 0.33591014932705298701 0.33635592829164601136 0.43790785738828702511
649 145 0.33589363433618202315 0.33635585225262998321 0.43791399284037901829
643 139 0.33589371597464201535 0.33635206370061898618 0.43791184556751899803
651 147 0.33588920827822399406 0.33633889630095697987 0.43791469072905397919
664 160 0.33589519308124299313 0.33632909673605598799 0.43791327238945099154
648 144 0.33588354923200697266 0.33633530561859198427 0.43791006410806698756
649 145 0.33586907429945200843 0.33632444706195102624 0.43790933601796999675
633 129 0.33585467012434400136 0.33631038231936999372 0.43789490655299101451
641 137 0.33585159277254500454 0.3363009531705349886 0.43789663198077100059
644 140 0.3358510716211219882 0.33629290172742698495 0.43789167169372000821
648 144 0.33583691443888602501 0.33627951763630598014 0.43788980048334502637
644 140 0.33583039928055902212 0.33627487011191997679 0.43789443628805801989
652 148 0.33582672608339997344 0.33627000561786801747 0.4378948848443730002
654 150 0.33582195598223701927 0.33626056479656601939 0.43790779233982402019
641 137 0.33580951230418598641 0.33625765130227802668 0.43790139861312499248
643 139 0.33580704535837901936 0.3362485186226780165 0.43789846140071198022
659 155 0.33582524263559898614 0.3362481569402219761 0.43789733944849601466
665 161 0.33582785584113999944 0.33624872894967700043 0.43790020160885601008
653 149 0.33581632175965298037 0.33624044043367701251 0.4379024533670289876
655 151 0.33581892306003202631 0.33623839309703301703 0.43790295237108300963
665 161 0.3358283717216309916 0.33622867958735297433 0.43790039053343499109
672 168 0.3358323832693049793 0.33622551347017698431 0.43790269632171202607
675 171 0.3358286789783390125 0.33622916916535799947 0.43789514766828602221
681 177 0.33582754290043098644 0.33622998575318502334 0.43789886483696899289
669 165 0.33581486405461902223 0.33622283334240099517 0.4378938394875400153
662 158 0.33579649623112700629 0.33621973003022698201 0.43787497880916997905
677 173 0.33578774345007200708 0.33619840386755900363 0.43786521264086497585
658 154 0.33577532230832402016 0.33620030321131000317 0.43786407766971702227
658 154 0.33577031161569598217 0.33619234295172500948 0.43786463419793697494
643 139 0.33576330967498402291 0.33619227296289999618 0.43784545397409502243
647 143 0.33576199819199498142 0.33617463246661699605 0.43783479570678901505
647 143 0.33575270526273898186 0.3361689445800570275 0.43783321366902200333
651 147 0.33575304837452302209 0.33616380817823898752 0.43782585103606802557
654 150 0.33575253783420999643 0.33616351694135099271 0.43781729710039402059
659 155 0.33573875708636802262 0.33614538493427997823 0.4378064155532669921
654 150 0.33572809185544699728 0.33614057055859197787 0.43779156263349899847
652 148 0.33572189488381298794 0.33614166689963198564 0.43779606062116099841
651 147 0.33572257682676298618 0.33613114731827398174 0.43778254031670499336
648 144 0.33572688003994000105 0.33613706135023502242 0.43777498508536899502
633 129 0.33573262649366697463 0.33614177606568002021 0.43776989662892901167
633 129 0.33573073714215700969 0.33613410483755001845 0.43775617986931797398
632 128 0.33573254690535597744 0.33613213270177899616 0.43775061629890399395
642 138 0.33573769049737400838 0.33611933471376698179 0.43774651727195201811
631 127 0.33573523343024197496 0.33612212768127297524 0.43774852740549702323
639 135 0.33574458946898599887 0.33612891098603897566 0.43774410942515701306
634 130 0.33574776526249600073 0.33613197819974499625 0.43774371332250699984
621 117 0.33574757765626500605 0.33613190763999301058 0.43775397165438900693
634 130 0.33575917654803999479 0.33613130378907601914 0.43775175129015597708
636 132 0.33576370409764100256 0.33613719077312698147 0.43775960100912997275
636 132 0.33576969691822600161 0.33613828475317397704 0.43776316417960098315
633 129 0.33577002289170698734 0.33614874435402497532 0.43776191740000497399
633 129 0.33576920251989600397 0.33614840729461498148 0.43775505116427199104
641 137 0.3357726521131880193 0.33614530749669802034 0.43775977343745697823
644 140 0.33576815419678701646 0.33614130687364501826 0.43776001256911301063
654 150 0.33578478105677800336 0.33615084800009398247 0.43775539288840198404
657 153 0.33578141527055199722 0.33615025536422898922 0.43775225360609198999
643 139 0.3357727389254109851 0.33615302693347698382 0.4377446827727550227
656 152 0.33577611609316398988 0.33614875134226801512 0.43774563651622000471
649 145 0.33577114880761499416 0.33614053333957799596 0.43773793636503599558
656 152 0.33576640490260500904 0.33613603542821202108 0.43772760347991002128
650 146 0.33576480580491702144 0.3361377228073350043 0.43773519656014198143
646 142 0.33576093833293402247 0.3361331776486570222 0.43772555451765199352
651 147 0.33575564011702602185 0.33612300653753901525 0.43772519232623502417
654 150 0.33575456064211400831 0.3361190334432970217 0.43772691064327901023
647 143 0.3357554603090789902 0.33612632718469698245 0.43772212151150202697
654 150 0.3357565871425839954 0.33612826979720700216 0.43772160282015398769
654 150 0.33576004120129498975 0.33612542412277401915 0.43772118628700301679
649 145 0.33575420827517199474 0.33611862177484702618 0.43771840354935498407
659 155 0.33574552309272598372 0.33611160953818397523 0.43772246338045900371
648 144 0.33573236071498602229 0.33611525212426701659 0.4377219705192260113
641 137 0.33572909002977702198 0.33611553197731802722 0.43772360460815901151
656 152 0.33572881640859497665 0.33611357601425201347 0.43773115869870399264
646 142 0.33573221701030497854 0.33612531511825199937 0.43773999872094498942
668 164 0.33572661924879498851 0.33611156928786700693 0.43774155328443598023
661 157 0.3357179459175109737 0.33612056032826098662 0.43773130597738701963
665 161 0.33572950550469898845 0.33612473396844100293 0.43773073105333099031
658 154 0.33572957436114297947 0.33612665134855002069 0.43773746058855700358
648 144 0.33571815354105899454 0.33612353692962498863 0.43772858598681002595
655 151 0.33571236117996000603 0.33610866149515000734 0.43771784908774902245
657 153 0.33570564832478999584 0.33611428869179699186 0.43771134573181902372
648 144 0.33571103163048898743 0.33612122760314799841 0.43770455657429002683
651 147 0.33571388428212700639 0.33612232467258701396 0.43768926638106797622
649 145 0.33571644818856499759 0.33612817874438899457 0.4376837171889019773
651 147 0.3357151062026970112 0.33612676156848297904 0.43768761332329997327
639 135 0.33571711789771901957 0.33614045811240600425 0.43768269562418499197
633 129 0.3357121605139810061 0.33614241798950000861 0.43767801471800699131
646 142 0.33570913844217797894 0.33613262005487598572 0.43767255040278002509
641 137 0.33570137835271601778 0.33612895376079898746 0.43766627638177701964
648 144 0.33570729795168202658 0.3361277917316110031 0.4376631500739859848
638 134 0.33570880661330398942 0.33612407886078499164 0.43765536067131799447
643 139 0.33570606881072201366 0.3361187466559639736 0.43764322678722800131
640 136 0.33570892848744099402 0.33611615062396599241 0.43764026488360702194
644 140 0.33570647275352899497 0.33611194231864599535 0.43764536734771297688
632 128 0.33570714956269298579 0.33611105291577897392 0.43764065014957098665
640 136 0.33571754832399197666 0.33610905145481301259 0.43764072538802700763
639 135 0.33571929214111001505 0.33610930318437698405 0.43764467295781700473
645 141 0.33572016309464297601 0.33610731690131001592 0.43764474829213800833
650 146 0.33572022158320902196 0.33610648500485501566 0.43764220636890499572
629 125 0.33570553295891697454 0.33610589999143097861 0.4376429083363960193
629 125 0.33570311115837297988 0.33610508263746402546 0.43763749100107102175
632 128 0.33570318505369500794 0.33609328323835802044 0.43762426341106497318
643 139 0.33570237605935698832 0.33609386764800802672 0.43762188533811902102
637 133 0.33570024270397602617 0.33609020732567701506 0.43762617046669999299
634 130 0.3356989155727330143 0.33608877627364097673 0.43762251347264202739
636 132 0.3357078813396630057 0.33609319140227200684 0.43761726509980097832
638 134 0.33570822844370701299 0.33609403551213501427 0.43761943317113499718
639 135 0.33570192318898001149 0.33608063046847602706 0.43760891321509398644
647 143 0.33570727140875600281 0.33608343554973402201 0.43761758104068998465
637 133 0.33570791034414498855 0.33608477365539501935 0.43762024449696201867
634 130 0.33570851336886498029 0.33608920574387202151 0.43761403666937698231
642 138 0.33571270150671800314 0.33609393044369501036 0.43760827513081201889
651 147 0.33570380620501799607 0.33608780008854799437 0.43760452446981001895
652 148 0.33569274183909197928 0.3360777655911499906 0.43759795849983101901
665 161 0.33569975744124902484 0.33608003431540001138 0.43759590355467697931
647 143 0.33569761813690102148 0.33608974941921998525 0.43760226846235000808
647 143 0.33569547968784402281 0.33608304352766799061 0.43759870324553901133
646 142 0.33569416894394799034 0.33607547906208601329 0.4375912063432150223
635 131 0.33568955784544901588 0.33607211437815298627 0.43758128928486400566
633 129 0.33569047252357997468 0.33607265967218402647 0.43758687065628498747
635 131 0.33570136797249600091 0.33607874514482499739 0.43759677183510498066
657 153 0.33571333477531101197 0.33608211685190697571 0.43760364894235898037
671 167 0.3357180350831199811 0.33609719276058602766 0.43762488866959697864
633 129 0.33571644814950801772 0.33611906134293401127 0.43762405666957099326
644 140 0.33572955038680202255 0.336115383750291985 0.43762447364667900196
642 138 0.33573129325195599781 0.33611759857095202531 0.4376234064056950257
646 142 0.33573469185862497843 0.33611227883214700451 0.43762533095675199002
635 131 0.33573140490345498854 0.33612813124702600742 0.43761630910480897594
658 154 0.33573666487455100516 0.33612479706801801083 0.43761794934262898682
643 139 0.33572344085743499598 0.33612507165119398511 0.43761511756005300189
643 139 0.3357191026536889833 0.33611869187379900259 0.43759823118380497542
660 156 0.33571555493529597891 0.33610203502873098325 0.43760028892334901229
672 168 0.33571390029151598755 0.33610065110233799945 0.43759432174750501066
669 165 0.33571643769305098415 0.33611035372483999417 0.43760429817513801787
662 158 0.33570958552613000547 0.3361092272706350248 0.43760573003285901938
669 165 0.33570769027804897577 0.33610729109078801846 0.43760521492270998412
667 163 0.33570141147382698277 0.33610258412609800294 0.43759792683627601884
644 140 0.3356846562493590036 0.33609757232011999717 0.43759188711947499817
652 148 0.3356745054889430091 0.33608486452971597647 0.43758328211719998979
641 137 0.33566329799949501389 0.33607125629205897299 0.43756985801431197425
635 131 0.33565508553214501442 0.33605983811937900629 0.43755172203507497475
648 144 0.33566675781578197979 0.33606037670681998542 0.43753831044987301357
643 139 0.33566025699416301986 0.33604929892381701917 0.43752568154820398183
651 147 0.3356525945489610141 0.33603769515343900887 0.43752432885505398996
645 141 0.33564798712047499984 0.3360357498601769799 0.43752955633870799224
641 137 0.33564032462891701947 0.3360279673655999777 0.43752043410410601521
648 144 0.33563815345057801398 0.33602575305097398539 0.43751279142684901258
649 145 0.33563688518931800164 0.33601689541705498376 0.43751035522547998546
670 166 0.33564243461770698618 0.3360152678837969864 0.43751296727197702685
646 142 0.33563366346434697629 0.33603018485211599842 0.4375037522382230204
653 149 0.33563236263485801691 0.33602801206737598072 0.43750809791578298968
648 144 0.33562721097858100316 0.33602524338554901062 0.43751616658695502426
649 145 0.33562122330709898144 0.33601221477171300256 0.43750778429468101249
646 142 0.33562160736826801566 0.33601333821181200712 0.43751352259221798491
643 139 0.3356148194670089957 0.33600310539957500833 0.43751840552693699316
665 161 0.33561903597247899622 0.33598681973007599177 0.43752093455993501525
654 150 0.33561309999774002755 0.33598267928352998357 0.43751245467719701576
649 145 0.33560162246379698914 0.33597857995391400276 0.43751260701477601156
662 158 0.3356055395034929778 0.3359791729033260177 0.43750193714738699891
663 159 0.33560008519899198198 0.33598585761340898914 0.43750134280412400489
653 149 0.33558887789244201683 0.33597948550044498539 0.43750046472491299632
643 139 0.3355829091650530116 0.33598058079077197657 0.43748967488252599178
646 142 0.3355868993937030087 0.33596869951757302175 0.43748095417008198149
653 149 0.33557868548709302026 0.3359643173139050254 0.43748036450073601866
638 134 0.33557546792435999361 0.33596868632361198692 0.43747100400023597455
653 149 0.33556616452673099227 0.33596104186716302387 0.43746474258302098237
664 160 0.33556627050277698654 0.33595670284367901148 0.43746059879905202505
662 158 0.33556774274345602116 0.33596002671241798065 0.43746491247953001036
668 164 0.33557197408532801752 0.33595369024630000743 0.43745646546355498874
664 160 0.33556960721687700833 0.33595010908247102677 0.43744673341558898416
657 153 0.33556037518392600738 0.33594545319523200222 0.43743849999961398334
659 155 0.33556788309598600817 0.33594930486336799236 0.43744539037006102689
659 155 0.33556274999601898301 0.33595100989290799243 0.43744244032008999801
672 168 0.3355685803187939964 0.33595047897612601018 0.43744070108550198173
664 160 0.33557005552135199533 0.33594989004004699451 0.43743486917800000757
660 156 0.33555916516056000232 0.33593943149837701689 0.43743205089328901503
665 161 0.33555076930137101021 0.33593097919246500682 0.43743564258990197402
659 155 0.33553165676187202138 0.3359183599494400263 0.43741785222211698736
665 161 0.33553120662064600532 0.33591205815322100481 0.43740745161126298735
659 155 0.33552580733716702577 0.33591510617053399468 0.43740235287128897967
664 160 0.33552562897978499556 0.33590851836273599718 0.43739069942885500097
671 167 0.33553038714416499877 0.33590578505294499401 0.43739406365725397308
671 167 0.33551896404363401594 0.33590421570366701953 0.43739053948620298939
679 175 0.33552648873847801259 0.33590509627010500804 0.43738172441519002076
679 175 0.33552386795656402585 0.33590267329238099325 0.43737853861590897386
675 171 0.33552997866557698892 0.33591283271443200809 0.4373688287616380177
669 165 0.33552187045595099901 0.33591730203707598212 0.43735380966899700672
659 155 0.33550639400227399989 0.33590248883314599571 0.43733599627980102031
654 150 0.33549313691266902104 0.33588330882512701381 0.4373242236267930183
654 150 0.33548228814839098355 0.33587263707076397967 0.43731396785477999467
664 160 0.33547034314361501295 0.33585568531536297288 0.43729989338576702451
664 160 0.33547482253334198754 0.33585485001068998701 0.43729349367031200568
674 170 0.3354746287648610048 0.33585463504746099206 0.43728579026140301789
669 165 0.33546708292245902561 0.33585082894222001437 0.43727580772793300801
676 172 0.33546940766123201083 0.33584871583292402741 0.43726485909986601008
661 157 0.33545859830825497383 0.33584213122490097492 0.43725119249188798554
677 173 0.33544310020177098286 0.33582496793452898398 0.43723766080654502542
687 183 0.33543854303078501911 0.33582258540880199904 0.43722685158786800397
698 194 0.33542991876522998407 0.33580980317820302572 0.43721015634684101681
693 189 0.33542346957129398621 0.33581232085200601878 0.43720949863385200063
679 175 0.33541348422381500605 0.33580958753121098459 0.43719903149269001563
674 170 0.33539479973519398248 0.33578773748833001811 0.43718357904239102396
669 165 0.33538400606173002227 0.33578644714016298023 0.437170540730733026
673 169 0.33537595067583497732 0.33576924053914297685 0.43715358798586201328
667 163 0.33536602324028297328 0.33575973763673799821 0.43713800456246298953
667 163 0.33535499752580399946 0.33574174291722297392 0.43712490545880799964
667 163 0.33534369202236902208 0.33573089247972098814 0.43711603348403399449
662 158 0.33533209728761997903 0.33573126367844902118 0.43709389534401998922
652 148 0.3353099113602139858 0.33571028041180900336 0.43708725474539500411
659 155 0.3352991407591099926 0.33569999803546202166 0.43707709086341001159
661 157 0.33529547769949902269 0.33568801949400700613 0.43706582901878698877
661 157 0.33529262333820297748 0.33568343204920297884 0.43705676984040697786
662 158 0.33528838670503702257 0.33568240429675899605 0.4370444690562079737
666 162 0.33529182666490098264 0.33567728819741299295 0.43703713388996601186
660 156 0.33528706845011502224 0.33567734840931900964 0.43703349958579001955
665 161 0.33528640254092001438 0.3356705948897379943 0.43703060799367898781
659 155 0.33528898651714300616 0.33568102359049900585 0.43701791717743598831
652 148 0.33528695281834697273 0.33568462560416301166 0.43700984945121201797
656 152 0.33529390653495200203 0.33568604961753201188 0.43700530760455802426
658 154 0.33528044147109098416 0.3356785232978020117 0.43699627854684297557
662 158 0.33527544661647901147 0.33566825875998301809 0.43699763516197398516
657 153 0.33526716934963501915 0.33566369622251301941 0.43698613652153101006
656 152 0.33525645988750102378 0.3356515152254470058 0.4369729357596199848
661 157 0.33526015328702701845 0.33565653408344797715 0.4369630095074920062
666 162 0.33526223001393501422 0.33564925496107500535 0.43695845906591102015
656 152 0.33525780383894798753 0.33563839680456097891 0.43694738553961898209
666 162 0.33526065223701800866 0.33563547627253798034 0.43694706223203799711
645 141 0.33524451884344097508 0.33564047135389502019 0.4369319762894470216
649 145 0.3352390023116019746 0.33562312795810200772 0.4369260085099470059
661 157 0.33521771437519998216 0.33559604970123702028 0.43691871865893999738
652 148 0.33521192315927300642 0.33559477561982997695 0.43691028924997998839
660 156 0.33521451030931997961 0.33559404891852701036 0.4369014009967829848
647 143 0.33520191955725298083 0.33559331698666799992 0.43689030346426599438
646 142 0.33519341365643601227 0.33558772075540299618 0.43688931244885498284
653 149 0.33519491754149299823 0.3355828970186749971 0.43689182140901100526
645 141 0.33518614407513602771 0.33558054507815399115 0.43689382784326902254
647 143 0.33519361474024300662 0.33558549759210098973 0.43689915797204198489
647 143 0.33519189470039001399 0.33558397085997898612 0.43689961463098997418
658 154 0.33518148887383097945 0.3355675211252500123 0.43690204844693197872
655 151 0.33518219054220999009 0.33557358713087598323 0.43690336456845701996
646 142 0.33517424510003601679 0.33557014230046600112 0.43689469907327599385
645 141 0.33516872058434599158 0.33556479435865399497 0.43688522059319601087
649 145 0.33516593232803998381 0.33555294509746397269 0.43687927936985199162
662 158 0.33516959296848797267 0.33555305217409298058 0.43688052016491002449
659 155 0.33516488866215199405 0.33555206308522200764 0.43688133082775698623
650 146 0.33515668729844400042 0.33555244832487002293 0.43687702179307402739
632 128 0.33514740626744499163 0.33554979193258699377 0.43686651617666699687
630 126 0.33514512878911201232 0.33555041214899500313 0.43685591220688002601
631 127 0.3351518011178870049 0.33555238895560202117 0.43684732157654299067
648 144 0.33515196415343700975 0.33554220975287901707 0.4368433220843189746
653 149 0.33515186877991598458 0.33553743289873400046 0.43683995811724801728
652 148 0.33515555749985398437 0.33553396577145400137 0.43684269636025802042
643 139 0.3351498129917029889 0.33552918193524899904 0.43683936160362901724
647 143 0.33514999396579098212 0.33551951217308900732 0.43683239983446797705
656 152 0.33514986375994698653 0.33551662730925702061 0.4368317427050379953
653 149 0.33514762910941997553 0.33550859117367798357 0.43683035886083099175
659 155 0.3351477971866489991 0.33551143686715001468 0.43682265286555599371
650 146 0.33515635558456202681 0.33552206630196601544 0.43681532727399402516
639 135 0.33515546806260998469 0.3355278457286129945 0.4368079813824269908
644 140 0.3351521186756750148 0.33552416790520300793 0.43680321173278402469
636 132 0.33515554293812099829 0.33552938508363899794 0.43679736004246300096
653 149 0.33515729551152101395 0.33552462694940099475 0.43680293336466302634
654 150 0.33515263719534399423 0.33551527928881097473 0.43679994368786800862
651 147 0.33514635964013100855 0.3355102648741229987 0.43679220405213697864
649 145 0.33514170956583200223 0.33549955569484302131 0.43679143961175598276
653 149 0.33514161214735499472 0.33548909107799901319 0.4367909683823700262
652 148 0.33514019174753001407 0.33548515485807200998 0.43679288525836801327
668 164 0.33514441688440199663 0.33547719184702701201 0.4367857851517120138
671 167 0.3351532104503079923 0.33548242063808297875 0.43677608264099898605
679 175 0.33515064469719302309 0.33548090309471900738 0.43676536232715301722
667 163 0.33514602134193099969 0.33547371245822299457 0.43675786841211799993
680 176 0.33514076238024198551 0.33547521587837597634 0.43675836977615900558
661 157 0.33512804789464500921 0.33547641652331200435 0.43674613796134598154
658 154 0.33511289228317198141 0.33546169474520198817 0.43673374821676297364
657 153 0.33510341851706798577 0.33544996963130202516 0.43672071951352997576
665 161 0.33509686096891999618 0.33543930709560099146 0.43671025503413901658
663 159 0.33509194411653997481 0.33543620108060401286 0.43669889604706202402
649 145 0.33508648053455697413 0.33543952318503700294 0.43669615396076599811
645 141 0.33507860575888698262 0.33543641839583199227 0.43669536030743799637
632 128 0.33506810153644600581 0.33542333660348300217 0.43668182477849898371
658 154 0.33506828502374802481 0.33540382691722198105 0.4366685623929369986
656 152 0.33505801469388601932 0.33539400831501697819 0.43666596414376301905
648 144 0.33505688443349501693 0.33538736440263500205 0.43666149480587101994
642 138 0.33504824704391900081 0.33537483957071501095 0.43666000545393501842
640 136 0.33504578293829101465 0.33536743619187597831 0.43664135233830198013
669 165 0.33504728593740501497 0.33535685159549699641 0.43663432714106797938
673 169 0.33504559045486298485 0.33535781130753200552 0.43663641637258299166
664 160 0.33503638595634399611 0.33536388396350902408 0.43664026770039299219
668 164 0.33504166676693497573 0.33536534292047598393 0.43663258962057699408
668 164 0.33503675285057898936 0.33536035455666302063 0.43662591755882101952
658 154 0.33502408293087798663 0.33535646286407200245 0.43663170072201801242
661 157 0.33503071769992598394 0.33535846720841799851 0.43663288213091300261
660 156 0.33502479325532197318 0.33534248691877199811 0.43663291334664600107
652 148 0.33502177104339897484 0.33534475337147401364 0.43662609937294399876
647 143 0.3350161033374480235 0.33533467828835500368 0.43661434617996497387
646 142 0.33501014439878601392 0.3353229797727300121 0.43661607343401798165
641 137 0.33500070667265102742 0.33531506091493801236 0.43661592137006000058
643 139 0.33499504217137998641 0.33530314016819401379 0.43660759438740198712
644 140 0.33499070837102701281 0.33530305819047201421 0.43659300394185401872
640 136 0.33499092684223197303 0.33529727049671798067 0.43657656977599701431
676 172 0.33500367099804201354 0.33529262421759398194 0.43657261497720201149
647 143 0.33499399913971500409 0.33529217568829100538 0.4365744499727129968
647 143 0.33498937236788900451 0.33528855752130698464 0.43656580013377099814
654 150 0.33499438652739799149 0.33528601296834997791 0.43657092466598801384
653 149 0.33499914210687697924 0.33528990556408100332 0.43656544895736398848
663 159 0.33499801200465700868 0.33527853800626400416 0.43656052314320897834
672 168 0.33499418954090598444 0.33527038944108999985 0.43656068153159499623
672 168 0.33498930695073397823 0.33527082340493197243 0.43657034276911899084
660 156 0.33497988013774698812 0.33527148882078000591 0.43657207397298697371
670 166 0.33497659256621997725 0.33526979473054602243 0.4365716603010770247
655 151 0.33495706571805100582 0.33525657010099002564 0.43656361226699502698
664 160 0.33495568100545397572 0.33524387917200298981 0.43655280840350602078
670 166 0.33494734128917197369 0.33523307881365499439 0.43654791435206502515
673 169 0.33492993748807797783 0.33521990605305801436 0.43654232920414698382
654 150 0.33492296933309301243 0.3352197710635290151 0.4365251818431180042
666 162 0.33492130919583201765 0.33521031544486501463 0.43651069051578200719
650 146 0.33490845977242100773 0.3352072522260109988 0.43649805322890400383
662 158 0.33489641142406301189 0.33518632538278697597 0.43648682439105501718
670 166 0.33488971913872001007 0.33516994604606498154 0.43647108281959601239
672 168 0.33487925578275301586 0.33516719662994798323 0.43646456122933502408
679 175 0.33487388544371299304 0.33515803792883497314 0.43646604561246998832
681 177 0.33487277254039798935 0.3351568744002070277 0.43646625062494698311
662 158 0.33485968459463599789 0.33515730232799201271 0.43646046037386898586
674 170 0.33485777268362199033 0.33514787429178899414 0.43644697844259200403
669 165 0.3348462937126159833 0.33513764181917898854 0.43643045802238200626
676 172 0.33483640520960100684 0.33512101418953199605 0.4364180332614590041
663 159 0.33482947497454901287 0.33511825220717100793 0.43640330383633002542
672 168 0.33481719954675198681 0.33509335604716000701 0.43638888578315399025
669 165 0.33480574816253899639 0.33507888118744000305 0.43637259308861597873
662 158 0.33479483528160297601 0.33506974812374101802 0.43635496449778798933
665 161 0.33478628108889302295 0.33506836165970599328 0.43634411948952900318
666 162 0.33477533483646898516 0.3350634979182650075 0.43633007962562697646
658 154 0.33476522823389398553 0.33505275610511997542 0.43631241194539199801
669 165 0.33475990817178302716 0.3350329807140949856 0.43629388129475399349
659 155 0.33475698102715001347 0.33502862094416802075 0.43628497059748999609
665 161 0.33474846037179400993 0.33501658521615401698 0.43627432415768702123
679 175 0.33474577283835399433 0.33500507664390000162 0.4362672104277989793
668 164 0.33473380877788699861 0.33500128385646998908 0.43625789020640598492
665 161 0.33472291236626999789 0.33499458253612601766 0.43625463007767301127
672 168 0.33471758681280799896 0.33498441647442900315 0.4362489732865589831
674 170 0.33470056052839097793 0.3349806655633960073 0.4362475258169539738
657 153 0.3346785457060499902 0.33496784495432702089 0.43624115643965799549
674 170 0.33467431685005599729 0.33494574443735297686 0.43623196021556298607
677 173 0.33467060290067801587 0.33494358413925401363 0.43622891162957000422
671 167 0.33465895262263101184 0.33492997854655498502 0.43620650959326301432
677 173 0.33465738794614502405 0.3349131863719679858 0.43619292016016197877
688 184 0.33463698299557298466 0.33488901536683601812 0.43617884529540001948
682 178 0.33461762561965602281 0.33488421696002301786 0.43617416009823201106
670 166 0.33460015608755599992 0.33486796248115402452 0.43615669371784299146
681 177 0.33458823155467698474 0.3348616007106440251 0.4361447449914510055
670 166 0.33457129170535998552 0.33485413216606102482 0.4361366358063319959
676 172 0.33456442417486398355 0.33484056385133098566 0.43612694022538200933
682 178 0.33455837100668200934 0.3348304797703670066 0.43612675919224397347
669 165 0.3345454372225449835 0.3348174327224159863 0.43612342501214101942
665 161 0.33453595480974401832 0.33480521420926601106 0.4361135314641090277
667 163 0.33453784407101799792 0.3347996128765080015 0.4361016478060609769
666 162 0.33452966250953397598 0.33479429027177898259 0.43609904279154698692
663 159 0.33451645327376899886 0.33479030629765399452 0.4360886021285130254
674 170 0.33451620553395799984 0.33478525346766602189 0.43608329447695498571
661 157 0.33451230024612799152 0.33478284688457699003 0.43607394705648899746
673 169 0.3345088568612459845 0.33478814820668401087 0.43607142106287599681
661 157 0.33451393094587200672 0.33479845107027800255 0.43607261478651399011
674 170 0.33450944774902902079 0.33479368006556498027 0.43606124467918100374
667 163 0.33450368021374099481 0.33478968689033100636 0.43605083315245501963
662 158 0.33448891057770302471 0.33478597468665199921 0.43604420726856502055
670 166 0.33448550896223100404 0.33477802274467099997 0.43603560263598500901
667 163 0.33448026278252102061 0.3347758862658800072 0.43602620900467597975
668 164 0.33447502141628299155 0.33477031768478898721 0.4360183321976309756
660 156 0.33446583496902199117 0.33476368997112199155 0.43600788901500697747
676 172 0.33446374811219298229 0.33475549018820000002 0.43599632392374199075
655 151 0.33445801589510798513 0.33475652558312701812 0.43598345242555097689
659 155 0.33446544910792702643 0.33475358310058400679 0.43597828018605799816
663 159 0.33444993031459202548 0.33473614518680200325 0.43596539825232799581
660 156 0.33444155351142801358 0.3347253102253019974 0.43595359631690500102
658 154 0.33443581104828601358 0.33471791108435300366 0.43594723567982401891
654 150 0.3344300733379649837 0.33471024667274401621 0.43592879021253599925
649 145 0.33442354218789399622 0.33470310854274898382 0.43592354239930097837
653 149 0.33442621137167299894 0.33470573528966401922 0.43591914831357297944
658 154 0.33442443434168600547 0.33469386140780299499 0.43591001272268997679
651 147 0.33440840339825300687 0.33468911308568599638 0.43589732443978701504
663 159 0.33440293792423397834 0.33466986633325701561 0.43588540092472799481
661 157 0.33438929926421800953 0.3346580034764999878 0.43587907295675298869
668 164 0.33437831078355600978 0.3346398316803840256 0.43586252000305097942
663 159 0.33435782807089198254 0.33463168159385098255 0.43584486965843699524
671 167 0.33434420433930001071 0.33461510201056099412 0.43583831048150700749
661 157 0.33433269163984097316 0.33461379869257101838 0.4358321485772920223
652 148 0.33432224079410199913 0.33461091634503198344 0.43581570890855098055
666 162 0.33432442194795902735 0.33459829254168799162 0.43580342382774500676
672 168 0.33431266331996500885 0.33458357839531199796 0.43579210453530797809
661 157 0.33430143638716697252 0.33457700643884197289 0.43578546092141101642
661 157 0.33429732816549001528 0.33456017259897502525 0.43577442285563700031
661 157 0.3342882135987029768 0.33454888588349401823 0.43576368219399397308
665 161 0.33427778556915799246 0.33452969838164597904 0.43574349504634801722
689 185 0.33428469019167500464 0.33451974415772101068 0.43573118853709702503
664 160 0.33426297048579201032 0.33451370835642901813 0.43571814688835197593
665 161 0.33424571886162801615 0.33449216957768301839 0.4357096852341449944
663 159 0.33423477895267400539 0.33448063601579297588 0.43570161222017100844
674 170 0.33423696367584398992 0.33447885113022901571 0.43570296487767201654
655 151 0.33422866645181698031 0.33448019942365098123 0.43569516090217802473
649 145 0.33422219844195399929 0.33447313240705200954 0.43569373632425001386
655 151 0.33421546793097201 0.33446899532477797345 0.43568269924350200295
655 151 0.33421293973083698869 0.33446088528549899888 0.43566940379823798635
656 152 0.33420019974337300539 0.33444177044461498305 0.43565687284537102375
651 147 0.33419374215699199082 0.3344326138421709893 0.43564844749207698449
665 161 0.33419252090165602054 0.33442164215781500225 0.43564263775257699995
670 166 0.33417976793361997556 0.3344098931252800222 0.43563677965684799442
672 168 0.33417750363388698531 0.33441153126367501036 0.43563776953105298739
681 177 0.33417104771096201032 0.33440530654239097874 0.43563185641762297573
662 158 0.33416172290342599505 0.33441060348333001562 0.43562370880029899212
665 161 0.33414611736575200451 0.33438836726789900045 0.43561994373023099625
653 149 0.33414021150493600221 0.33438763760098499933 0.43561266899212397474
662 158 0.33413821579825098151 0.33437588898799197601 0.43561360782267000147
682 178 0.33413648314536398276 0.33436863819800799469 0.43560817975757099019
688 184 0.33413396463124200864 0.33437291331133600636 0.43559742961996000821
699 195 0.33412621953298099475 0.33435857238315902507 0.43558990052699897433
679 175 0.33409938726117599517 0.33435393006935998361 0.4355897089807330147
654 150 0.33408068583877997826 0.33434297517715100279 0.43558720229333297569
663 159 0.33406615635605002579 0.33432235984840097398 0.43558741082362101293
668 164 0.33406077937037198522 0.33431247523016799361 0.43558207868898901616
660 156 0.33404652686479802126 0.3343060069326849737 0.43558166751925098126
662 158 0.33403907544101002491 0.33429719001495700192 0.4355770263519920249
672 168 0.33402979345113298359 0.33428839223011297399 0.4355693335108299924
658 154 0.33401372905916298928 0.33428244986529098703 0.43557017026546901439
654 150 0.33399219545938502174 0.33426712140786801752 0.4355694446564760125
670 166 0.33398684315581500526 0.3342507374374290019 0.43556854372307002299
653 149 0.33397393545209502763 0.33424663546365701583 0.4355670426063459888
660 156 0.33395867574521898025 0.33422634205943002605 0.43556178521491600852
669 165 0.33395175961945000598 0.33422409200563002463 0.43556311494805000084
657 153 0.33395555812833899179 0.33422965247177000014 0.43556973380156199793
650 146 0.33395361133964102107 0.33422920543010098404 0.43557198326933499466
642 138 0.33394541331013199992 0.33422145250128298954 0.43557353107430402117
654 150 0.33394790093081699878 0.33421501913511197923 0.43557259223749100752
644 140 0.33394909238705000609 0.33421588116492101372 0.43557808124875402322
639 135 0.33394871297828299106 0.33422145434288502708 0.43558829118287101245
648 144 0.33394729274350498649 0.33421163187477798129 0.43558908392504097629
641 137 0.33395108413677299097 0.33421928469439399212 0.43559733339882400482
634 130 0.33395460450179398348 0.33422822885734299048 0.43559266068651797399
645 141 0.33395656146737101588 0.33422388395762997471 0.43559466257416801227
644 140 0.33396242915813600938 0.33422709247097798224 0.43559256821533798298
656 152 0.33396803686094700403 0.33421831513714800321 0.43558510779538300861
659 155 0.33396141291340897261 0.33420903135842799925 0.4355662887697159813
659 155 0.33394438851533597701 0.33418802617490300788 0.43555362274920200738
661 157 0.33393880662436598028 0.33418004494419101258 0.43554241014521399844
662 158 0.33393374371317802174 0.33417675650659300901 0.43554073728921899322
664 160 0.33392920930975600324 0.33417269641655700241 0.43553698791417400082
658 154 0.33392337468275501422 0.33416549180852100909 0.43554137583176599779
675 171 0.33391260145937101678 0.33414869247223599746 0.43553479723177601635
672 168 0.33391145197133198508 0.33414957705127301679 0.4355263912082070199
658 154 0.33390146865682801547 0.33414394192926899496 0.43552732016097800427
665 161 0.33389694876242198562 0.334132609044710982 0.43551649208265602597
671 167 0.33389890850198600258 0.33413583583065697979 0.43550905026731701053
663 159 0.33389023896288300142 0.3341265781723030126 0.4355086681958730277
655 151 0.33388208615341402608 0.33412799449895902448 0.4354947842916649936
651 147 0.3338773133096269996 0.33412212193460999465 0.43548617631841501918
653 149 0.33388058667400399848 0.33411442179686101639 0.43548218153822099152
657 153 0.3338812576416890221 0.33410906767717202248 0.43548599334415799555
653 149 0.33387465888293899052 0.33411229695313499066 0.43549168082825201465
630 126 0.33386910809813402645 0.33412486711474298495 0.43549827621013198486
647 143 0.33388040453166800692 0.33412548675751502225 0.43550511399720698291
647 143 0.3338974114101900259 0.33414116533308202417 0.43551239429567700778
646 142 0.33390663791823999018 0.33414775389580397835 0.43551573218150502198
646 142 0.33390626469714002056 0.33415513344887198821 0.43551472226558302081
637 133 0.3339110807812700199 0.33416249105199502534 0.4355201904705410243
640 136 0.33392287930496700188 0.33416801826479297644 0.43552387664071701145
621 117 0.33393028208327601991 0.33418288382571897932 0.43552829423861699754
626 122 0.33394570954698399312 0.33418114042598701108 0.435528104189988996
623 119 0.3339422180798899964 0.33417966943112198397 0.43552605969282298659
637 133 0.33396021160609901113 0.33418467278071301019 0.43554200230937201166
652 148 0.33396603148404302441 0.33419177958680001961 0.43555743686015802041
632 128 0.33397004777272798481 0.33421025642593399363 0.43556785589329599651
637 133 0.33397793506516998407 0.33422356456014801207 0.43558046197193300841
638 134 0.33399410657483502574 0.33423685320313301084 0.43559000818519799658
645 141 0.334003804074383015 0.33423484913755402426 0.43559608463230398145
621 117 0.33401712769116298496 0.33425484063021598802 0.43560920404449599008
618 114 0.33402630393339000081 0.3342647529096510195 0.43560133388811100863
626 122 0.3340450357205340115 0.33427673004755997788 0.43561232004742400648
628 124 0.33405523056374297752 0.33429078418612900858 0.43562919874882399807
629 125 0.3340705941430899828 0.334301971537913023 0.43562987707495598455
623 119 0.3340730352311430118 0.33430850548120599752 0.4356373629140439796
621 117 0.33407547365647100035 0.33431504374246101552 0.43564034530566297931
638 134 0.33408075222069799626 0.33430476863842900626 0.43564430854760599621
629 125 0.33408731529223001377 0.33431904732718997764 0.43565093198337401237
651 147 0.33409696554880602415 0.33432015946257698236 0.4356600261652500139
639 135 0.33410377599444102126 0.33433907878959201465 0.43567109141955900897
633 129 0.33410647176432400896 0.33434793622927599932 0.43567848358917399265
647 143 0.33411611048196598883 0.33435549558706700868 0.43569034568456799228
625 121 0.33412190284013898456 0.33437155630423498476 0.43569776959064898669
624 120 0.33412664466407199226 0.33437909873165999608 0.43570154792947002331
615 111 0.33412751991820399677 0.33438637450876501633 0.43569864903375299381
632 128 0.33413509302937999257 0.3343828169499850067 0.43570237603013201033
630 126 0.33414935235067300123 0.33440841909747398564 0.43571842610696698284
621 117 0.33415820732854900621 0.33442367769931097277 0.43573553058219599565
626 122 0.33417014371786901705 0.33443377436034199546 0.43573967378997702227
627 123 0.33417771000077700627 0.33444207709622997271 0.43575243893797199757
631 127 0.33417882250417102474 0.33444702527469799547 0.43575825254331101988
634 130 0.33419179169629997794 0.33445401927842599576 0.43577375226466602554
633 129 0.33420886838227198412 0.33446899286193598755 0.43578332291077298555
625 121 0.33421204376183699658 0.33447623551641197936 0.4357950883326819902
625 121 0.33421470611362902314 0.33448220979833698241 0.43579695025361697702
637 133 0.33422611331258100797 0.33447991651262498625 0.43579734543080800302
634 130 0.33423056241502402397 0.33448637777973300178 0.43580163908720997989
631 127 0.33423063543618197757 0.33449439685799797761 0.43580220139797098966
617 113 0.33422917646670097236 0.33450601743637298213 0.43579296059206501512
624 120 0.33423543453495202504 0.33450063098883198176 0.43579395959701500152
635 131 0.33424399449260600026 0.33450969436709998561 0.43580025993342197399
624 120 0.33424920846782402162 0.33452722007740898214 0.43580393673476097716
634 130 0.33425724294250602764 0.334528783371544014 0.43580678116369397923
644 140 0.3342732466761469956 0.33453549248907499258 0.43581342032905800998
634 130 0.334269729995529008 0.33453602165892798448 0.43581056084430497277
638 134 0.33427724733396202428 0.33454170062122101648 0.43581721627808001074
620 116 0.33427066433694202496 0.33453862376413301405 0.43582269396706802
645 141 0.3342825294032660266 0.33453968713897297427 0.43583425254332297527
637 133 0.33427773377733699389 0.33452991848093399652 0.43583376044448501885
656 152 0.33428319241892801017 0.33452121234505599601 0.43583479922382500904
658 154 0.33428274229906701498 0.33452432574374002527 0.43583496895729700871
649 145 0.33428898465034700971 0.33453308321833702399 0.43582229132414201933
659 155 0.33428981238269900311 0.33453440413389001762 0.43582487079151999154
668 164 0.3342893699997739887 0.33453059087944198025 0.43582356317488901709
663 159 0.33428201970228299533 0.33452626410230101861 0.43581969227651801146
650 146 0.33427388392539797435 0.33453373592963897565 0.43582068315739297404
663 159 0.33427728949047602613 0.33452194664831502724 0.43581599481702099075
671 167 0.33428659019584699985 0.3345214562066209929 0.43581261986285302346
653 149 0.33427975525134800971 0.33451786525840299102 0.43581030961418099068
674 170 0.33426597380388700653 0.33450561549785601256 0.43579436397260401526
677 173 0.33426423613218397835 0.33451257498997999384 0.43578524106691202133
667 163 0.33425560695763800734 0.33451440069516402698 0.43578957638615800629
664 160 0.33424031721127800409 0.33451136884934901117 0.43578761730788800888
664 160 0.33424372021040898995 0.334512923503602011 0.43577970202443899739
647 143 0.33422333933294501307 0.3345055248934509784 0.43576769529195297226
678 174 0.33423032136590702379 0.33449327497503300588 0.43575963007712498198
661 157 0.33421097841166902409 0.33448999509308102729 0.43575786671439198372
670 166 0.33420338907645502635 0.33447825556204602293 0.43574277157001700678
661 157 0.33419989221014401171 0.334485715096891012 0.43574147287191600242
648 144 0.33419742733996399275 0.33449111556871702344 0.43573255316227099687
642 138 0.33418986689856600147 0.3344783455351170165 0.43572766867304901783
646 142 0.33419098576112998833 0.33447480440391902379 0.43571919859079599746
666 162 0.33418570392174701267 0.3344600191434319858 0.43571768903428098607
662 158 0.33418452340351401109 0.33445800612358700388 0.43570483050187702734
662 158 0.3341698229661709818 0.33443888092797402489 0.43569448409161698477
670 166 0.33416965773200602019 0.33443637539891601929 0.43569317714250599405
670 166 0.33416106468067202639 0.33443284304984099986 0.43568929605306500052
676 172 0.33416013022599500015 0.33443442960199298852 0.43567733624156501637
658 154 0.3341528398845389769 0.33443369702255598686 0.43568127605954698467
667 163 0.33415242813641599096 0.33443120445883700587 0.43567816824103300366
651 147 0.33415329825510098338 0.33444325317787199081 0.43567714203794000172
642 138 0.33415212934096300001 0.33444251923503298674 0.43567928379374198933
651 147 0.33415197345256097972 0.33443874641231902123 0.43567531460389702369
649 145 0.33415131235917799879 0.33443879425389799742 0.4356655602108839842
645 141 0.33415703473584201788 0.33443934630934402108 0.43564910385996902242
653 149 0.33415764030132499851 0.33443633620419999097 0.43565390680066001794
641 137 0.33415469202079900457 0.33443688599240201098 0.43565465040695899868
647 143 0.33416191961057900572 0.33444178124596801727 0.43565703985866299774
658 154 0.3341612421073070216 0.33443953958344901922 0.43565449859817700906
639 135 0.33416184260436399001 0.33445461154947098148 0.43565378919730801677
645 141 0.33416855813757501137 0.33445439299944001998 0.43565631366043100492
656 152 0.33417450012759897238 0.33445571324721501405 0.43565349035610700934
637 133 0.33417892894758099986 0.33447154782117999305 0.43565366607261402088
647 143 0.33419149262463698768 0.33447413412430498925 0.43565925446866499149
634 130 0.33418955671914102323 0.33447926365104402313 0.43566746337868200722
644 140 0.33419676670111697625 0.33448211083831902446 0.43566880001754099139
653 149 0.33419659089497100179 0.33447883581699400235 0.43567125842433102045
646 142 0.33419159553637500792 0.33447784686902398699 0.43566399393899002401
671 167 0.33419191268534997885 0.33447586861658301638 0.43565713248281701109
653 149 0.33417624275766000252 0.33447998260160599626 0.43565476265363900499
665 161 0.33418242360257499612 0.33448358996008697996 0.43565215965712800195
659 155 0.33417590178033801385 0.33448387123815298549 0.43565137308311702169
648 144 0.33417143031214702198 0.33448517540335398479 0.43563672313266998959
656 152 0.33416924700728600772 0.33447351666215402455 0.43562272398693802078
646 142 0.33416377016264797728 0.33446922830014902406 0.43561149516878200361
661 157 0.33416107081088497477 0.33446191604965497257 0.43561174658865098319
657 153 0.3341502416092479999 0.33446501798857797283 0.43561293270862000426
654 150 0.33415136565715097827 0.33446455103026101474 0.43560381218379101709
645 141 0.33414387339724299641 0.33445697334776597343 0.43558999174692397682
670 166 0.33414980351442197248 0.33444610229984900185 0.43557934535163300716
682 178 0.3341537038738670029 0.33444234099332897925 0.43557115193093198791
669 165 0.33414037139440400104 0.33443909035027097332 0.43556489430732997503
662 158 0.33412856256588802095 0.33443304807712198601 0.43555338149883299215
665 161 0.33412663785306601083 0.33442648902163601976 0.43554849203607098884
669 165 0.33411178553299897276 0.33441614770688798952 0.4355379313778369732
674 170 0.33410607272842801629 0.33440427870928601806 0.43552907293230902486
647 143 0.3340881984272159877 0.33440864222766597535 0.43551987484537701967
645 141 0.3340753821320919803 0.33440972494188897501 0.43550797115531797443
657 153 0.33407902340393502705 0.33440900768255499287 0.43549490777751298509
647 143 0.33407003052042000268 0.33440500291522401444 0.43548466134601698796
641 137 0.3340721752388770005 0.33440122948644901424 0.43548040374437702038
662 158 0.33407962672150198769 0.3343936871203990191 0.43548307476372000169
659 155 0.33407088879201501941 0.33438969963056197621 0.43547649835631802029
672 168 0.33407276357729398519 0.33438824174646797349 0.43547232435050398092
667 163 0.33407591303524397652 0.33439843599257002005 0.43547811104706202201
661 157 0.33407477627761700267 0.33438961066548900103 0.43546962998809901624
664 160 0.3340650291841750219 0.33437700480939097636 0.43545962235961399589
658 154 0.33406337986501799531 0.33438035863500997769 0.43545305692366997885
658 154 0.33405338541937401597 0.33437003610219900862 0.43544018760610997409
655 151 0.33405122438035700361 0.3343749075214649813 0.43543264365672901262
646 142 0.33403618725336597928 0.33436687056684599728 0.43543026274274498899
658 154 0.33403251537341899224 0.33435960684521098818 0.43542184948841300418
649 145 0.33402456471710600949 0.33435562350574699053 0.43541086674205897733
645 141 0.3340274727768600127 0.33435567936574500658 0.43540054812190698286
656 152 0.33402482715152898018 0.334343112728122005 0.43539268388006902022
657 153 0.334024698385435026 0.33434267332831002495 0.43538925652430399138
664 160 0.33402936027807700325 0.33434450982669999819 0.43539827632800998103
648 144 0.3340234190262880154 0.33435365980219200477 0.43539941535106702064
635 131 0.33401546793778197353 0.33435370903132199949 0.43539849670714797503
633 129 0.3340246828412690161 0.33436059554422098428 0.43539228262950802062
638 134 0.33403060271425799588 0.33435533114824100842 0.43538700827766801948
636 132 0.33403425519276902511 0.33436018957320701173 0.4353838483639579926
653 149 0.33403916736254601894 0.33434889040587401077 0.43537860316212001477
657 153 0.3340481062043639815 0.33435399659265901962 0.43537789750139099798
646 142 0.33405352056664699978 0.33436262644503900177 0.43537972276414699246
646 142 0.3340528786469320055 0.33436369495823797804 0.43538227246372201984
652 148 0.33404719493911100292 0.33436073767354201891 0.4353814199850820077
661 157 0.33403497641653401296 0.33434189132957697899 0.43538104333254501466
651 147 0.33403056281496401603 0.33434194051762999855 0.4353810497921549727
647 143 0.33403647476970399488 0.33434754080490497463 0.43537911373168902696
659 155 0.33403230043180898168 0.33434104865350300351 0.43538163555760001078
643 139 0.33402335716821002221 0.33434387016944000504 0.43537901693598501929
662 158 0.33402799889512402309 0.33434066722749899991 0.43538253160756001936
656 152 0.33401880805827499632 0.33433542917372799375 0.43538682305288800567
639 135 0.33402473039260699439 0.33433773381549497516 0.435389842072069988
649 145 0.33403465906494900217 0.33433880491057599293 0.43538475468948201197
651 147 0.33404281948716901818 0.33433808836836798051 0.43538123725222499516
653 149 0.33403990842641001491 0.3343439489481869753 0.43539490050438500734
662 158 0.33403675954631001366 0.33433823584873301193 0.43539250321722999804
647 143 0.33403637585698198187 0.33434835520408601184 0.43539084813939399332
651 147 0.33403775711442901253 0.3343413687000609813 0.43539165010973102099
649 145 0.33402758266375298657 0.33433540711799097922 0.43539462824695002174
655 151 0.33402367599156401745 0.33433220275566200019 0.43539748250825399678
664 160 0.3340235418839879733 0.33432648356187999461 0.43539789337254902746
664 160 0.33402692197930700102 0.3343298094858689895 0.43539620816505697487
662 158 0.3340275493619709879 0.33432659902185601908 0.43539761556048900415
653 149 0.33402215932625400896 0.33433120572747998533 0.43540089427290401547
649 145 0.3340200135427480177 0.334339060326794002 0.43539662307785398365
661 157 0.33403317884550798311 0.33433483571218297614 0.43539693645455002091
638 134 0.3340227725532490255 0.33433765333990900226 0.43539780251025300695
645 141 0.33402314270305999422 0.33434024543833901211 0.43540188509361499314
640 136 0.33402326936425802417 0.33433829036834600279 0.43540667516750497512
645 141 0.33402991335070697509 0.33433558796697299131 0.43541229475504700241
640 136 0.33403429237933701668 0.33434669668604999337 0.4354210173660369998
632 128 0.33403266941466597251 0.33434424521271299824 0.43543112519254900672
630 126 0.334029296570997003 0.33433301514993002401 0.43543333603935902021
659 155 0.33403867431925299281 0.33432581464164301543 0.43543881866830197458
659 155 0.3340382851943329845 0.33432939071039802226 0.43544211151576500685
647 143 0.33403865344404198856 0.33433596131600001877 0.43544739647608099453
634 130 0.33402025479881497505 0.33432298458749598602 0.43544028529186101784
635 131 0.33402038486369900472 0.33431125592890498233 0.43543714384940601647
643 139 0.33402351055278201031 0.33430480453718802725 0.43543978065108701614
648 144 0.33402612603800102553 0.33430587188907801011 0.43543820847233999372
656 152 0.33402299902526499942 0.33429818823057200206 0.43544555391824502077
660 156 0.3340213778839670189 0.33429401521196400182 0.43544573105279599234
649 145 0.3340242505957409791 0.33430861347272999851 0.43545687208255601242
642 138 0.33402236542668301 0.33432045718447200855 0.43546059175736001601
648 144 0.33401975144992301914 0.33430801780525298827 0.43545605400067999291
653 149 0.33402186874381500914 0.33430081175115999859 0.43545500663065200841
668 164 0.33403223437488999137 0.33429938353318200406 0.43545352479080101649
663 159 0.33403209770888597774 0.33430495089880801762 0.43545366331191998066
668 164 0.33401772732729501092 0.33429352884198698659 0.43545242993474597704
657 153 0.33401036061413702516 0.3342966060007330209 0.43544928764441298563
653 149 0.33399799627683901537 0.33429418578038300192 0.43545346289560299402
642 138 0.33400312335740400815 0.33430049747340501165 0.43545133040970301908
636 132 0.33399975299283801711 0.33429855681079501117 0.43543489681512098644
654 150 0.33399888492642798576 0.33428039030110701102 0.43542295620071902462
664 160 0.33400100562346102251 0.33427672272791797425 0.43541523416736099827
680 176 0.3340001316637439821 0.3342640624225109991 0.43541470972361301373
659 155 0.33399153611040000023 0.33426813159138801801 0.43541249005641802228
671 167 0.3339889159179190159 0.33426347767141900702 0.43540685607727702688
680 176 0.33398231305919601208 0.33425858553167997478 0.43540399990408801267
673 169 0.33397072674784800128 0.3342521712314169835 0.43539559456588999842
661 157 0.33396339230301602674 0.33424700587015199194 0.43538087947446302284
657 153 0.33394932526067500067 0.33423636143244500607 0.4353600619025609908
674 170 0.33394397807630898933 0.3342159867988450106 0.43534682839193400428
682 178 0.33394485955662800425 0.33421008546625602387 0.435347016468700998
682 178 0.33393403934313098391 0.33419620352047002543 0.4353410995868919886
689 185 0.3339296914665529914 0.33419131334461599225 0.43533802344441702159
675 171 0.33391514159715002252 0.33419215475204500088 0.43533058113575801018
673 169 0.33390931530771000846 0.33418476965234800158 0.43531787875693900292
671 167 0.33389402608465001965 0.33417814206808699184 0.43531279714433801509
694 190 0.33388744847114698588 0.33415881155017002069 0.43530624196777700785
668 164 0.33387940352995998383 0.33415940122749898666 0.43530660835021300903
677 173 0.33387781161474100466 0.33415727349959400971 0.43530548214595299328
673 169 0.3338739867406920192 0.33415189020909802364 0.43530282043986801011
662 158 0.33386319680625498041 0.33414899604784198406 0.43529014220651801592
665 161 0.3338593735670870033 0.3341363933200229841 0.43528066239650597957
675 171 0.33385579236365098277 0.33413152472938201232 0.43527089224879400575
666 162 0.33384700104223802297 0.334128637902653014 0.43526326580044499837
665 161 0.33383399604064201149 0.33411456856992599596 0.43525244608314200834
664 160 0.33383216360217499163 0.33411118419752000586 0.43524682037744300001
659 155 0.3338338125866560091 0.33411402235266002281 0.43524538739047402558
666 162 0.33382552014664801376 0.33411090584563502004 0.43523872669148599979
658 154 0.3338053271271850253 0.33409385838109201261 0.43523422384994697731
671 167 0.33381368327397198392 0.33408701017811498479 0.43522414713040402656
667 163 0.33380812897746697798 0.33409109536451297995 0.43522597736375701061
661 157 0.3338045743612140237 0.33408797497514902686 0.43521501694273201366
666 162 0.33380498898577398714 0.33407764972763398514 0.43521498373743700006
666 162 0.33379646743693702771 0.33408025998682300273 0.43520577623759698627
669 165 0.3337926654597109799 0.33407192976161298459 0.43519209465329899977
676 172 0.33379678818328900602 0.33407626266323497966 0.43519725904492201352
695 191 0.33379719349708697473 0.33407838610083301356 0.43519167883228099258
687 183 0.3337874406257809734 0.33407501612949197511 0.43519231798778601483
687 183 0.33378339517014499194 0.33407116189000102269 0.43518664795679401491
683 179 0.33377613140082201815 0.33406358142402498013 0.43517799311841398602
671 167 0.33375773089406202132 0.33405229317174001125 0.43516583229368899222
679 175 0.33374973077726699522 0.33404101215645898293 0.43515204561463699529
684 180 0.33374767582056602544 0.33402823108844598154 0.43513594225771501378
683 179 0.33374512696409297519 0.3340241375104189836 0.43512684963896297585
684 180 0.33373416349689200011 0.33401112409194300135 0.43511737500577901683
688 184 0.3337291412326690021 0.33400753911644298633 0.43510975720202799133
682 178 0.33371571375758202205 0.33399850225528399106 0.43509652678734900277
679 175 0.33370871956917097512 0.33399243542904000215 0.43509319317078098965
680 176 0.3336925748266900138 0.33397869633677901291 0.43507787745878501173
691 187 0.33368657265383799837 0.33396446365035797887 0.43506972858622200429
683 179 0.33368230385768099522 0.33396483580416097547 0.43506221119262400432
682 178 0.33366667506791597431 0.33394343564768902421 0.43505608111173799113
680 176 0.33365104823658298105 0.33392847866876401719 0.43504700409147101237
683 179 0.33364184791564899246 0.33391996094400500095 0.43503702775601399422
683 179 0.33364080701815501673 0.33391020144120597823 0.43502963264107097352
687 183 0.33362988796580800299 0.33389650246726398919 0.43502425214807199927
689 185 0.33362316500605898595 0.33389096021544700799 0.4350147209246689739
684 180 0.33361274781658001309 0.3338799827699159839 0.43501211600830502757
667 163 0.33360677645333902674 0.3338774021674300041 0.43500014258033897763
670 166 0.33359635578178098436 0.33387532830937999284 0.43498394121216099606
664 160 0.3335854524783780084 0.33386954794934298185 0.43498211722686702663
678 174 0.33357652405454701894 0.3338521602557830148 0.43497627219757700745
682 178 0.33355798139268000302 0.33383230871762498149 0.43496267424958601211
663 159 0.33354536975305398849 0.33382381800451399467 0.43494682657774397239
666 162 0.33353325030961200603 0.33381435268936399119 0.43493190212357002444
672 168 0.3335329708800289783 0.33380143019977398522 0.43492354335116401032
684 180 0.33351839134051697311 0.33378604919652099525 0.4349137589924449987
693 189 0.33351244162018300887 0.33378128276808100017 0.43490637263549197788
681 177 0.33349713615980597359 0.33377281084315801873 0.43489768744101597875
673 169 0.33348356080456897921 0.33376780160999802716 0.43488170877771997747
687 183 0.33348082377944898713 0.33375415926128898514 0.43486970541386699152
678 174 0.33347045699080801739 0.33375359284888400646 0.43486491798707999079
665 161 0.33345566544088400818 0.33374217798099198307 0.43485284084365799506
689 185 0.33345835102136700545 0.33372164878321197712 0.43484386777855599249
688 184 0.33345266865747502649 0.3337166498039439988 0.43483147851430598019
665 161 0.3334327203806919937 0.3337099257846860012 0.43483023365008199868
664 160 0.33342483058226701775 0.33370936844545801003 0.43482674220252798269
643 139 0.33341276492748400662 0.33370486334983201493 0.43481487632264598231
648 144 0.33340930800328000272 0.33369987364304398714 0.4348095441559149954
663 159 0.3334083101885930156 0.33368996118417199037 0.43480198459923602439
660 156 0.33341345834777297297 0.33369678760047599697 0.43480485144704500433
656 152 0.33341516385985497939 0.33369573079527098391 0.43481180614748599078
653 149 0.33340458433858699561 0.33368631716569002732 0.43480816170002201115
657 153 0.33339572724501398415 0.33367912117724302101 0.4348079807686099918
651 147 0.33339375184178199341 0.33367733692508499965 0.43480783165507702615
645 141 0.3333885839054839817 0.33368022698768701195 0.4348066573188930084
649 145 0.33338734612773701649 0.33367303145894700034 0.4347954878634430198
664 160 0.33339175360953798855 0.33366977177947398925 0.43480341361458901828
654 150 0.33337849020905702124 0.33366528798577199666 0.43479668424802997428
667 163 0.33337406540122399567 0.33364901246453498862 0.43480126053777101713
676 172 0.33336767880288398214 0.33364429029207598454 0.43480197750039600857
664 160 0.33335614452558398613 0.33363883033914298881 0.43480522272312599474
671 167 0.33335614034675997708 0.33363066914528299867 0.4348059387070989934
659 155 0.33335000621530702647 0.33364191189063402421 0.43481065383982298034
655 151 0.33334289389298399353 0.33364185667703899485 0.43481208830205897442
658 154 0.33334166673382398249 0.33363615683091502051 0.43480448628805901112
673 169 0.33333798933995001379 0.33362481543122901595 0.43479090724526997525
685 181 0.33333112828573502329 0.33361593334147698897 0.43478409544657398156
663 159 0.33331496117939402035 0.33360999208996300336 0.43477613531491199339
672 168 0.33330908679428200569 0.3336070036045509779 0.43476431084701400165
662 158 0.33329856200963597912 0.3336045008908560261 0.43476193346086400293
661 157 0.33328608236040402346 0.33359194884536097492 0.43475423737827401105
669 165 0.33328217446227498266 0.3335813625181819897 0.4347506808894530117
681 177 0.33326945879149899588 0.33356146559393001771 0.43474496929977901605
674 170 0.33326066211529498107 0.33355921888653100593 0.43474179886430802666
659 155 0.33324330413965502773 0.33353663644529102372 0.43473559647233100955
678 174 0.33324062992309499975 0.33352631733598797625 0.43472333214993097439
683 179 0.33323917973359701294 0.33352334456970600396 0.43471763040896399533
680 176 0.33323552927862198914 0.33352012626492200109 0.434713159013780992
680 176 0.33322967905530898047 0.33350932123961102294 0.43471023683448301034
674 170 0.33322529860456800987 0.33350953353175399885 0.43470104770294198948
679 175 0.33322825155380497719 0.33351121420184198785 0.43469674120002499418
671 167 0.33321947379275901335 0.33350433146311797561 0.4346873191797340219
669 165 0.33321241115860100734 0.3334989180734639902 0.43467482317108901979
672 168 0.3332095031255529749 0.33349326208409602046 0.43466877019001898264
672 168 0.33319780338902998951 0.33348125350216301088 0.43465902427566999178
665 161 0.3331826888211760207 0.33346264637527500696 0.43464880315717402404
661 157 0.33317612492478299036 0.33346262447302899012 0.43464135852701402118
662 158 0.33316151102079100133 0.33344964951174099754 0.4346303316665989791
661 157 0.33314568329236299293 0.3334371676535810014 0.43462037501233802272
658 154 0.33313595695072301117 0.3334278666681810277 0.43460693789331100723
671 167 0.33313574565904802149 0.33341246308169797397 0.43459333133439798091
661 157 0.33312577924220099224 0.33340097120140699261 0.43458563232573499402
663 159 0.3331143554622910119 0.33338679896823497639 0.43457631336254698429
673 169 0.33310635173005798126 0.33337336410796797326 0.43456928704643799088
678 174 0.33309738033648700339 0.33336945205434997952 0.43456393147557098589
681 177 0.33309425630203198798 0.33336749363861900575 0.43455765851815697509
672 168 0.33309454330652099596 0.33337236636772199505 0.4345446620160279827
660 156 0.33308069549685898059 0.33335699253905698436 0.43454087575693201018
685 181 0.33307977177974401606 0.33334455114346100979 0.43452933190315201628
685 181 0.3330712964394639819 0.3333350400615500142 0.43451915830484300063
685 181 0.33306403779657800523 0.33332285113746501493 0.43450737009950501921
692 188 0.3330628717323079746 0.33332309665375098318 0.43449776314740001792
676 172 0.33305026392607800512 0.33331627558090198837 0.43448555242246800212
682 178 0.33304131286537602685 0.33329995541465401443 0.43447320240606801534
673 169 0.33303114509609599292 0.33328729574449500461 0.43446997056086200661
662 158 0.33301928032454297668 0.33328243348961300585 0.43445920142866201186
681 177 0.33301617368260799656 0.33326880595594998713 0.43444710746983500327
672 168 0.33300163780721098172 0.33325396784797101102 0.43444369345023298168
678 174 0.33299245944135602571 0.33323889152555197235 0.43443393403677699194
672 168 0.33297720589926899093 0.33322601087509901019 0.43442655844575900348
677 173 0.33296997837345299054 0.33321751317551601135 0.43441998087219901858
685 181 0.33296372599168300166 0.33320828856998402356 0.43440825236718999536
690 186 0.33296063813944898335 0.33320369023106399808 0.43439487519596098331
684 180 0.33294370559276198485 0.33319690340517899019 0.43438969947302602526
699 195 0.33294305109370098128 0.33318939012063297778 0.43438130791235601835
687 183 0.33292637265433100424 0.3331864987012190249 0.43437600785679797433
678 174 0.33290702992742199351 0.33318141944906098928 0.4343708383658489991
681 177 0.33289642793403201315 0.33316589545582397935 0.43435752765323398794
683 179 0.33288171081671097395 0.33316106327292199785 0.43434829435322802604
681 177 0.33287184638429101469 0.33315720582552099671 0.43434030038570298204
679 175 0.33286440806226397227 0.33314558150457501684 0.43432741428616500334
662 158 0.33284484790955398692 0.33314172853728801771 0.43432176936331201578
654 150 0.3328507564208800229 0.33315123372460497819 0.43431408231287599309
657 153 0.33284477848802102029 0.33313791661969399671 0.43429899532855198441
660 156 0.33284074554301401605 0.33313115632602902094 0.43429098456815301565
670 166 0.33283065403303202512 0.3331154181312239726 0.43428237810451697509
656 152 0.33281547497425900684 0.33310793646841202476 0.43427492826187402697
653 149 0.33281023537203502372 0.33309730778023199926 0.43426493149085099166
666 162 0.33281081717433397271 0.33308716638290797318 0.43426647664459799847
669 165 0.33280897488504701531 0.33308430060820298779 0.43426559115496998764
659 155 0.33279817979972198261 0.33308507303410700429 0.43426225319777100875
652 148 0.33278641492416699554 0.33308075372445899998 0.43425903080995398309
643 139 0.3327741600961390267 0.33307013564108800541 0.43425592399828000234
643 139 0.33276845387822201472 0.33306557897796401635 0.43424954487255901237
654 150 0.33277243089478697469 0.33306296288196501898 0.4342503980288719978
647 143 0.33276503151038899775 0.33305599074499298018 0.43424913445794099953
656 152 0.33276924550568098837 0.33305410269221502606 0.43424564985428398822
652 148 0.33277587120061197234 0.33306020634138899794 0.43424385707700302595
655 151 0.33277935395485902514 0.33306001324694600729 0.43425172004703399553
644 140 0.33277776327179098281 0.33306780777280697858 0.43425457704060299591
645 141 0.33278317741126500762 0.33306471402183102093 0.43426082218440897886
655 151 0.33277748011411001361 0.3330533910636240269 0.43426473137810800429
659 155 0.33277082495164500564 0.33305126321907302378 0.43426772320556400464
660 156 0.33276851594811901469 0.333054697516634024 0.43426901517717697576
657 153 0.33277223604611699814 0.33305547514813699239 0.43426962931798401835
672 168 0.33277355002091402181 0.3330533456351419952 0.4342750026094159832
675 171 0.33278017736218301614 0.33306330663501798606 0.43427922049904499335
662 158 0.33278028672461301696 0.33307809940612198574 0.43428874323045901784
647 143 0.33277120961084399875 0.3330759711432950132 0.43429368578480798124
653 149 0.33276624209607602589 0.33306707702007498639 0.43428843787820797795
656 152 0.33275548832101697894 0.33306035660399602172 0.43429397870262198555
670 166 0.33274932136627499712 0.33305146336861901624 0.43430022700021597704
664 160 0.33274748524260999716 0.33303775762332998855 0.43429688181520498258
660 156 0.33274397742868200289 0.33303588242939202724 0.43430338607625001979
655 151 0.33273347861944702064 0.33302990209792399101 0.43430924492578998342
662 158 0.33273166950118798768 0.33303477882444798563 0.43431513467991100796
650 146 0.33273490399921001881 0.33303942051371498989 0.43430142738121402246
648 144 0.33273381164922699593 0.33304887723053200332 0.43429529082390599948
646 142 0.33272862756581400578 0.33304917012499102302 0.43430075224928699207
637 133 0.3327200608741570087 0.33304174743137898718 0.43429920428606899607
645 141 0.33272788356266502774 0.33304541824344802148 0.43430434913033100219
643 139 0.33273257090658098223 0.33305270344919202241 0.43430462255011698103
652 148 0.33273123578992097604 0.33305274789301797522 0.43431157913434098594
646 142 0.33273423244175898139 0.33306412254007800033 0.43431504444200802473
646 142 0.33274035226516901487 0.33306513700759898811 0.43431591425665200257
645 141 0.33273925277201499284 0.33306133187213898816 0.43431265449526501587
659 155 0.33273288097307002209 0.33306017148469702072 0.43431267450716098955
660 156 0.33272939539799800679 0.33306720230028802332 0.43431456145794600232
649 145 0.33272277766972702118 0.3330684572288900025 0.43432065131063701813
647 143 0.33271928223798302726 0.33306441419782301105 0.43432427867805001309
653 149 0.3327249191402880113 0.33306734874238702604 0.43433351025027100434
641 137 0.33273511625552198989 0.33307871083981899218 0.43433834383565600445
634 130 0.33272946163360200833 0.33308020087912998397 0.43434248345629500321
638 134 0.33273701493847301913 0.3330833736899069808 0.43434085540010597404
650 146 0.33274986127801797764 0.33309087602830900199 0.43434532087199201333
647 143 0.33275332370709498342 0.33309716993495702697 0.43435725290769000573
640 136 0.33275702466216899866 0.33310394426542999646 0.43436338105719202174
633 129 0.33275784454576201599 0.33310590986073101982 0.43436341019375601658
640 136 0.33276850520239598108 0.33310859484096599914 0.43437479733949901917
630 126 0.33277747776913801925 0.33311896920630501562 0.43438425533340102591
642 138 0.33277519022673701654 0.33312284738447200949 0.43438423340151000041
624 120 0.33277600879795499189 0.33313537780053598114 0.43439053662662802102
644 140 0.33279098234109000254 0.33313661443143299801 0.43439165554181402573
646 142 0.33279539759135301491 0.33314409221877999689 0.43440615754745098842
626 122 0.33279908957934600799 0.33315469463202701528 0.43441543858825298896
640 136 0.33280829474635398313 0.33315112690689602237 0.43441470610338600578
618 114 0.3328141314944579876 0.33316196261214098273 0.43442442479159398827
634 130 0.33282956030800697755 0.33316343353078198275 0.43441693632030298211
632 128 0.33284043022725301464 0.3331761789455829903 0.43442313432551799002
640 136 0.33284937731367497671 0.33317668631807101365 0.43443097161485400015
652 148 0.33285904412015598908 0.3331795911991859982 0.43443203743345798484
658 154 0.33287014650714302766 0.33319160691831201104 0.43443602542009701617
670 166 0.33287071358354097805 0.33318947348710997725 0.43443600894946998725
648 144 0.33286457136266600632 0.33319669183722899763 0.43444620901255598389
639 135 0.33287063699832897257 0.33320510598864799823 0.43445742127578901304
641 137 0.33287431452289600875 0.33321231745149698655 0.4344519663295099976
635 131 0.33287583125615000101 0.33321066443155300529 0.43445367800378598133
653 149 0.3328900321097940096 0.33321571656971099573 0.43445556257279799306
641 137 0.33289488696886199159 0.33322124673326197764 0.43445507746437500574
645 141 0.33290500973569298049 0.33322988684079202226 0.43446236231083001922
637 133 0.33290795465281597387 0.33323206183714199069 0.4344612942200389849
636 132 0.33291305015116401389 0.33323782461271700406 0.4344714456547210113
650 146 0.33292149495157402628 0.33324406291888897247 0.43447677413507101996
639 135 0.33291941407937297726 0.33324455808927899714 0.43447140276839701922
636 132 0.33291996435923199016 0.33324290009328000339 0.43447691476841099334
640 136 0.33292195580606098737 0.33324387394526400197 0.4344799744148239995
640 136 0.3329306253007179861 0.33324604343569197429 0.43449029887514101222
643 139 0.33293285246948900458 0.33325370984459601331 0.43449289044135597226
634 130 0.33293721826918998286 0.33325755005796098285 0.43450437788944101802
638 134 0.33295017922278197231 0.33326234498163698206 0.43450933323763601956
635 131 0.33294714825688098703 0.33326761449929498404 0.43452075188353000978
628 124 0.33295223340759699804 0.33328052894206300349 0.43452909658733501752
631 127 0.33295039478435300984 0.33328507633063297888 0.43453596323413301583
636 132 0.33296048205853101543 0.33329392223521597804 0.43454402505575001614
641 137 0.33297104923080800276 0.33330778031930802241 0.43454688313787998011
637 133 0.33297063502940699165 0.33330491993486399682 0.43454879211061797628
653 149 0.33298119328959902008 0.33331256387479801795 0.43455648945934199912
646 142 0.33298697695216400438 0.3333230698063029962 0.4345716184953409833
633 129 0.33299014182365299641 0.33333762889341800317 0.43457316263948897461
643 139 0.33299973621975897942 0.33334526343795101155 0.43457288969796098455
640 136 0.33301051852135099551 0.33335504191282600006 0.43457371792105597974
645 141 0.33301534013457700922 0.33335122155034102587 0.43457973830092200274
632 128 0.33301563531482597513 0.33335741823212500234 0.43458533734387999603
644 140 0.3330318868901990248 0.33336766596046402134 0.43458711163259899912
626 122 0.33303217964067699519 0.33338029367591998087 0.43459642106466300771
622 118 0.333035327922346025 0.33338505175512500589 0.43460990596912901784
621 117 0.33304323179279698985 0.33338837823400702121 0.43461667743635701289
636 132 0.33305827363371998118 0.33339789934111702108 0.43462355629809701352
645 141 0.33307212604155800317 0.3334107507822740013 0.43463820767468802631
652 148 0.33307931071366597697 0.33341311786247002091 0.43465585032475301253
632 128 0.33308339926479901827 0.33343048590549501098 0.43466192529032998682
620 116 0.33308962203563902138 0.3334361811461860059 0.43466796766940002383
630 126 0.33309394641084799638 0.33343759149343898951 0.43466953940429897685
623 119 0.33309921972405998059 0.33344804370012798289 0.43467165289871700917
635 131 0.33310710425809697544 0.33344849912067098252 0.43467230836111697689
648 144 0.33312306391738799594 0.33345799541914400432 0.43468191105498699134
639 135 0.33313402797995400606 0.33347486170632301139 0.43469481266197701474
637 133 0.33313525314339498262 0.33348387492609699034 0.4347022840562290158
637 133 0.33314312215594499289 0.33348908012827799263 0.4347065300419170053
659 155 0.33315882631542098613 0.33349333348525000975 0.43470209692699601778
660 156 0.33315624819716199712 0.3334956828804659934 0.4347014293831780174
648 144 0.33315437656088797702 0.33349422810767498371 0.43470356691544997929
652 148 0.33315986633287897334 0.33349633774680798037 0.43470161414686397938
650 146 0.33316179673529999761 0.33350248561172202155 0.43470121015932999819
654 150 0.33315708271277899577 0.33349414177437497475 0.43470520331637502176
644 140 0.33314975818575598421 0.33348247395774299751 0.43469275723876199535
664 160 0.33314670807968799204 0.33346867716341199728 0.43468710969449197989
653 149 0.33314033756216998583 0.33345962923109101483 0.43467994691774902716
653 149 0.33314676780533297729 0.33345319642808002314 0.43468086294919100476
646 142 0.3331465631559329954 0.33345459826636197898 0.4346760706779210226
641 137 0.33313616787098798699 0.33344556070717901175 0.43467820873592799558
638 134 0.33313501752476798456 0.33344530351486700859 0.43468585004982701614
658 154 0.33313481798155897273 0.33343888108918601221 0.4346925765174959877
654 150 0.33313532610062202011 0.33344218279429099772 0.43469877530749401195
648 144 0.33313157275895999287 0.33344050280478099157 0.43470736636466000835
637 133 0.33312876419618697721 0.33343692684259501613 0.43470920311310701223
656 152 0.33313969095789497388 0.33343358951965001991 0.43470353088214197523
646 142 0.33313948658279901593 0.33343357070372098283 0.43470751436036297877
652 148 0.33314709085438198866 0.3334328423980170153 0.43470956674293398381
670 166 0.3331501983604929773 0.33341955895570302149 0.43470587441507102522
670 166 0.33315330327919701059 0.33342120259121899029 0.43470419110807501095
663 159 0.33315025800824499269 0.33341739779040702185 0.43469866465214301865
656 152 0.33314840184406502299 0.33342709019173000229 0.43470477418130398783
655 151 0.33315056327674297254 0.33342849310920097405 0.43470640753752398666
652 148 0.3331423193585810183 0.33342587490816799622 0.43470865907055600275
646 142 0.33314069827937897728 0.3334275148777259834 0.43470857970256698843
651 147 0.33313955219518598394 0.33342607885853897676 0.43469838462944399016
642 138 0.33314289157200699387 0.33342558785622999906 0.43470408850734598705
632 128 0.33314008785322202222 0.3334203670170239886 0.43470710820881397485
639 135 0.33315122075634601151 0.33342058779690697534 0.43469904629891598091
651 147 0.3331547990991580166 0.33342293665281702575 0.43469351301450298575
642 138 0.33315766471211699651 0.33343190272949801978 0.43468303664271601416
630 126 0.33315273817644702747 0.33343046586724900404 0.4346755673398259856
636 132 0.33316268184803998764 0.33343352056981001574 0.43466995008615300078
648 144 0.3331669615338960222 0.33343279414211302036 0.43467183272165799135
639 135 0.33316321619057498449 0.33343655598198901346 0.43467151359074501782
663 159 0.33317174079022798816 0.33343748405832601689 0.43467542789759300303
653 149 0.33317294799316699017 0.3334433684924000274 0.43468738971485099132
653 149 0.3331706192048419779 0.33344641923730500288 0.43469003798153599272
639 135 0.33317300585006698332 0.33345749283698800092 0.43469948497276800214
628 124 0.33316831613123298883 0.33345062569670397279 0.43470256115057898105
638 134 0.33316504744507202673 0.33344069359899197735 0.43470563495301800527
631 127 0.33315847816596300124 0.33343501185439400336 0.43470203490927000756
644 140 0.33316392814557599378 0.33343074804569100555 0.43470469342045797712
635 131 0.333162777812093025 0.33342860761100001632 0.43470106446637701847
645 141 0.33316516552140601481 0.33342977010064100973 0.43470930068134999713
637 133 0.33316613729079297412 0.33343375986295797908 0.43471612039735502142
642 138 0.33316946305619998814 0.33343987237918698563 0.434714673288766007
646 142 0.33316925693140397868 0.33344009004303998278 0.43472144400990497815
653 149 0.33317140472572598364 0.33344172162047097663 0.43472911841474998207
623 119 0.3331723740155659863 0.33345889876034201516 0.4347285595218060017
623 119 0.33317663733181102081 0.33346547274795301785 0.43473365083923198871
645 141 0.33317972740452100888 0.33346497942976699447 0.43473867828293000226
638 134 0.3331774026030320246 0.33347037295238202148 0.43473388268126300638
636 132 0.333185424618877013 0.33347693985311599452 0.4347270017534750064
647 143 0.33319179940151399943 0.33348068202176500696 0.43473759720583299293
651 147 0.33319770250282398916 0.33348983536903598068 0.43474226800471399423
640 136 0.33319584546904601474 0.33349286619828000244 0.43475492732582299293
642 138 0.33320409265264400167 0.3334928364737569928 0.43474970358552500471
639 135 0.33319871243190002374 0.33349375043638401772 0.43475142644962100347
644 140 0.33320132031783700199 0.33348995769707601156 0.43475440536073700626
653 149 0.33320533668496699065 0.3334878133596769767 0.43476547505776802494
639 135 0.33319549690478600379 0.33348731583786500599 0.43476745468671701422
652 148 0.33319622568927698136 0.33348282439360299456 0.43477272743273598365
639 135 0.33320047322587198479 0.33348491001256802546 0.43477588446986897841
636 132 0.33320049343193497426 0.33347783395656599437 0.43477905578053499536
650 146 0.33320732242998801764 0.33347733916662697373 0.43478153688367798813
656 152 0.3332059397771010012 0.33348177763912001392 0.43478285363973900868
645 141 0.33320197460296202552 0.33348104489586100074 0.43478945067123797585
633 129 0.33319566419589302653 0.33347937501649399517 0.43478179760015600586
629 125 0.33319990770393498325 0.33347981757054900864 0.43478597490919201896
636 132 0.33320391763792900353 0.33348260902911397441 0.43478895748592899517
636 132 0.33321144091581500479 0.33349103194711099407 0.43480149865422401678
623 119 0.33320864932035498818 0.33349006303185102507 0.43479973675985000847
628 124 0.33321429550554898524 0.33348886045745101958 0.43480045253929699989
632 128 0.3332232218159030257 0.33350689484822498843 0.43481456008682300984
619 115 0.33323635791215200364 0.33352116560099398512 0.4348214329657549837
616 112 0.33325417345825597559 0.33353801311474601254 0.43482518549278598163
613 109 0.33325699690111598716 0.33354125893183400597 0.43482748513950997271
636 132 0.33327246242017100064 0.33354145660957801311 0.43483282431252900935
632 128 0.33327106912076598366 0.33354634160035001589 0.43484920503581997453
640 136 0.33327950606200401618 0.33355122260458297534 0.43485660092364297746
628 124 0.33327366612170600257 0.33355727572649501722 0.43487025395014000662
613 109 0.33327180517964100082 0.33356449522019498977 0.43487223891838899803
626 122 0.33328187430594602425 0.33356679562097801828 0.43488545751154100705
615 111 0.33329123728676002258 0.33357822599823599985 0.4348891778856189827
609 105 0.3333001297043640121 0.33358075269299697352 0.4348941188029720184
629 125 0.33332421561281000422 0.33358913365812697949 0.43490634990407300853
613 109 0.33332795712850799008 0.33359891390392698574 0.43492043778934502685
615 111 0.33333380074884699784 0.33360097192087501128 0.43492904548741301296
622 118 0.33334127790800599511 0.33360887883366102669 0.43493928241500001697
631 127 0.33335015404949397411 0.33361842271411601413 0.43494767004764700591
629 125 0.33336276457436198051 0.33363146785279801376 0.43495965171940897953
636 132 0.33337046565307099089 0.33364708654866098714 0.43497037950185302169
641 137 0.33338330106421898424 0.33365965518789797439 0.43498303963268097894
624 120 0.33338679358901801564 0.33367525370561701425 0.43499048666891998449
622 118 0.33338701782838697785 0.33367495939370001024 0.43499421242757302375
622 118 0.33339144278750798556 0.33367746945680898385 0.43500122596222801086
624 120 0.33339446522983401389 0.33368067721522198799 0.43500170730624398985
636 132 0.33340985185244798039 0.33368575414176199212 0.43500236879602699469
632 128 0.33341310325983797291 0.33369199429481499752 0.43500534596838502654
628 124 0.33342451665238298508 0.33370874499019198556 0.4350135234987430044
619 115 0.33343173018719901579 0.33371661461300700102 0.43502490905162399804
624 120 0.33343614124805098786 0.33371771040070197234 0.43503049830207601856
625 121 0.33343682129703000605 0.33372231073554298186 0.43503734672085797586
610 106 0.3334484573955909803 0.33373390257535401338 0.43504628944609202712
625 121 0.33345915537041098675 0.33373546669255799157 0.43505529028653100454
636 132 0.33347194538615199111 0.33374192523724299786 0.43506213090256301568
607 103 0.33347075676030102365 0.33375723910010701712 0.43507041303159899037
608 104 0.33348796623017801233 0.33376694858628602747 0.43507617062820802545
618 114 0.33351308986080002716 0.33377899480007200417 0.43508693448881302634
620 116 0.33353238292368697637 0.33378869750675299599 0.43509365830836899125
617 113 0.33354538528606197945 0.33379793473701602213 0.43510528434023498789
639 135 0.33356349830250398014 0.33380787544189799432 0.43512475893686197725
620 116 0.33356276120374700467 0.33382083916197402562 0.43512736972706000937
611 107 0.333561789636179995 0.33382097735575799735 0.43512675189757399341
634 130 0.33357244936671398561 0.33381576980492499995 0.43513927554219300475
631 127 0.33358124348078899146 0.33382499189857500754 0.43515194968424097954
639 135 0.33359259411666297712 0.33382886078471601943 0.43515828922192800743
642 138 0.33359603849886099169 0.33382807754847898529 0.43516457825172100149
633 129 0.33360320159973100296 0.33383822978163102402 0.43516971179158198124
639 135 0.33360756545990599697 0.33384488904870601722 0.43517494021209801591
624 120 0.33361053757151398758 0.33385316363816097684 0.4351726620158790082
634 130 0.33362094560759297801 0.33385213953468301229 0.43516951620036398163
629 125 0.33361694595867097402 0.333852281208133983 0.4351721627709089768
629 125 0.33361829257138897464 0.33384846808988899447 0.43518146053809797502
629 125 0.33361847911852798854 0.33383488423633400632 0.43517786299513699921
632 128 0.33362539700205201543 0.33383572492155000333 0.43518430758150700166
643 139 0.3336253445288749897 0.33383006173302398611 0.43518167859980799728
655 151 0.33362737896703398288 0.33383346829752902352 0.43518792351441898392
641 137 0.33362384861253402413 0.33383872412955301057 0.43519595274425298959
656 152 0.33363005794806699367 0.33384258910907799178 0.43519963618291901408
655 151 0.33362258471017697259 0.33383855938112599882 0.43521106459764802299
657 153 0.3336216055251319812 0.33384196025861700985 0.43521201722758601216
661 157 0.33361784596782700918 0.33383700105538099967 0.43521853798480097941
639 135 0.33361594278978401462 0.33384595891360502318 0.43522978008644397363
636 132 0.33361380417178299052 0.3338486521776449778 0.43522872249176097759
615 111 0.33361422537391399734 0.33384738937912900036 0.4352263315506729735
634 130 0.33361672073712200781 0.33384242969054600536 0.43523342552181798482
636 132 0.33362084064241298575 0.33384790911534201197 0.43524021078195002099
637 133 0.33362217889129597292 0.33384619022887002115 0.43525018774495999319
647 143 0.33362560585151801451 0.33383659327996101363 0.43525462449571999946
649 145 0.33362926099337697483 0.3338411464940139739 0.4352631977716219791
634 130 0.33362897871052299426 0.33385241599353898678 0.43527173926248102775
646 142 0.33363240159196000389 0.33385256903483101487 0.43528149590075498887
630 126 0.33362957758092898208 0.33384992268510599311 0.43528880910301698259
661 157 0.33363715753805700537 0.33384335094052097759 0.43528722873675401717
632 128 0.33362553981828102501 0.3338483566608330122 0.43528677650436098379
635 131 0.33363404646272298848 0.33385242872718301488 0.43529122170372197553
616 112 0.33364232694368800569 0.33386066279595699724 0.43529683747774600144
621 117 0.33365175761159998613 0.33386358081587297342 0.43529890303696500142
637 133 0.33365910027263601112 0.33385978516576697572 0.43530201300346899052
640 136 0.33366783012348200099 0.33386640679312301616 0.43531329330308199399
640 136 0.33366523021856397957 0.33386956295412101303 0.43532221474492899249
628 124 0.33367441873339898084 0.33388033386206200648 0.43534073004573697885
634 130 0.33368614330161300296 0.33388740734962002454 0.43534743275734399948
631 127 0.33368331032471398867 0.33388314415933501023 0.43534846793358800143
627 123 0.3336880980589559953 0.33388905340090702101 0.43535413164840802702
622 118 0.33369173193793399967 0.33389843788437800765 0.43535525040266298546
620 116 0.33369929320081198609 0.33390666422613901609 0.43536588746493798396
644 140 0.33371100185787000436 0.33391096881230497573 0.4353704800805039965
644 140 0.33371162916921698338 0.33391734765069297497 0.43538349041540297391
647 143 0.33372310376316499658 0.33392903297759901626 0.43539101605248298199
635 131 0.33372742318512699233 0.33393816575710799643 0.4353966452279799948
633 129 0.33373288856261601465 0.33394498336122502291 0.43540179696594599745
628 124 0.33374273881867499991 0.33395202464399798004 0.43540515495983900252
627 123 0.33374382021205101223 0.33395399401705200271 0.43541120273314798395
630 126 0.33375412520114400294 0.33395988283155098042 0.43542116077598902457
637 133 0.33376189020529700713 0.33396600990108799012 0.4354287944321890147
624 120 0.33377034851937997795 0.33397627416801201061 0.43542069726987198131
630 126 0.33377511189626402066 0.3339733875820249942 0.43542158357366700372
633 129 0.33377756641353600875 0.33397858493395099488 0.43542317266843399981
629 125 0.33377864428708398092 0.33398285915849801331 0.43542786771252101063
629 125 0.33378478760320401397 0.33399405488899297501 0.43542898188707701568
610 106 0.33378886467656099235 0.33399900149752198564 0.43542910860414102414
627 123 0.33380537184407699236 0.3339977323320100222 0.43542995440831000487
625 121 0.33381265349963501476 0.33401029263835502192 0.43544077961574201296
627 123 0.33382454390936799893 0.33402077815782199588 0.43545932898150202517
622 118 0.33383550010678497699 0.33403493157666497293 0.43547539266928297907
606 102 0.33384346486282101552 0.33405669137253302114 0.43548964100735698679
623 119 0.33385970239879797505 0.33406877457827799383 0.43550268727998797669
604 100 0.33387410637863701446 0.33408774156810000511 0.43551430388130102367
611 107 0.33388067908566498865 0.33409775321299101103 0.43552755827230099639
625 121 0.33389346351508297772 0.33410984270483901071 0.43555137639198598931
614 110 0.33390716244927498568 0.3341267282741969824 0.43556794219268002433
622 118 0.3339261455709179871 0.33414270697499198759 0.43558815078186302605
626 122 0.33393545860549600501 0.33416237195194797849 0.43560713967912001454
611 107 0.33395397379913699387 0.3341856835519860236 0.43562807454549101749
617 113 0.33396258535025902248 0.33419703595449501421 0.43564036244795401043
618 114 0.33397671425043901072 0.33420629720292799325 0.43565306956780702752
625 121 0.33398968349798302535 0.33421924802508101715 0.43566481023009101525
625 121 0.33399277961406298454 0.33422645354947400076 0.43568024188017001608
615 111 0.33399748618238300768 0.33423986102183600444 0.43569520075369999601
622 118 0.33400931128038402473 0.33423692599270499182 0.43569896117946699254
632 128 0.33402044395033897439 0.33423975775979397618 0.43569785680173001019
636 132 0.33402422646219298574 0.33424121055172401062 0.435711038871444023
640 136 0.33401928038854400427 0.33424336489831601993 0.43571924612894302742
624 120 0.33402260916454701301 0.33425745056581201986 0.43572483913638498931
633 129 0.33403119820600701839 0.33426372028041501094 0.43572786863225798637
649 145 0.33404161504716800568 0.33427275368802200628 0.43573750668014898935
648 144 0.33404860106675698939 0.33428039560422601051 0.43574899438713599054
634 130 0.33405191234825798441 0.33429445593531598169 0.43576100664398198514
629 125 0.33406233327626899676 0.3343055264981130148 0.43577200986150099737
630 126 0.33405969002189800365 0.33430675216398697547 0.43578302820455999678
621 117 0.33407445946452402064 0.33432699663695497616 0.43579959586887101475
623 119 0.33408830876089801176 0.33433622231370602185 0.43580620598720298808
607 103 0.33410078882309002246 0.33434841304368201342 0.43581403885506397877
607 103 0.33410499922696001995 0.33435557089652900853 0.43582310205421598281
606 102 0.33411861185628599635 0.33436777492141400714 0.43583961639196799887
615 111 0.33414366826238500741 0.33437950439513197676 0.4358544862678909726
620 116 0.33414443406133198522 0.3343829957436210143 0.43586543164405000539
612 108 0.33415621022605301871 0.33439472939187497857 0.43587513212526501905
629 125 0.33416887449014098799 0.3344057919634069731 0.4358896710276800035
622 118 0.33417628570229201967 0.33441889858952000836 0.43590326290299302725
627 123 0.33419237973670501418 0.33443176222265297293 0.43591651561944999571
626 122 0.33419681121437300186 0.33443041486276398055 0.43591802586153199917
621 117 0.3342119920102190056 0.3344405097494679846 0.43593221292690798041
620 116 0.33422852299169797385 0.33446137498415401401 0.43594757385319099496
616 112 0.3342400359844610036 0.33447331106887900898 0.43596041372539701131
617 113 0.33425816996129698033 0.33448454036212299512 0.43596841346832998498
619 115 0.33427286492451102617 0.3344987561350489802 0.43597549581461597645
619 115 0.33427862800210400573 0.33451090684570300438 0.43597986042700198617
630 126 0.3342862252527319944 0.33451666112244599072 0.43599762540309999759
621 117 0.33428811992882301318 0.33452124945804201372 0.43600792449440001208
633 129 0.33429456005018398645 0.33452699274594099865 0.43601106040032799882
638 134 0.33431243502499402576 0.33454050148525199537 0.43602605247204001548
640 136 0.3343225248071590161 0.33455721336407501232 0.43603809795201897703
628 124 0.33432783504849400424 0.33457094182942997973 0.43605900749153897467
637 133 0.33433816790160397758 0.33457118152358500396 0.43606235967910200735
640 136 0.33435031334048198604 0.3345817017997779752 0.43608147648818201825
640 136 0.33435287500464699884 0.33458583016476201033 0.43609299472660800756
633 129 0.33435476212932402351 0.33459064195306398304 0.43610261254031901235
633 129 0.33436369867160598002 0.33460321025044398313 0.43611469435922900484
639 135 0.33437240971775700205 0.33460892590746699193 0.43613013142102302622
632 128 0.33438202800340599552 0.33462261613275801064 0.43614119652678701167
624 120 0.33439484784859802025 0.33463790718865998874 0.43616590875420802043
610 106 0.3344088042788699866 0.33465615072432097765 0.4361843266034829969
618 114 0.33442820812986601142 0.33467211757745402023 0.43620628058698701635
620 116 0.33445033161433102009 0.33469811547867100998 0.43621720175897998883
626 122 0.33446789322998798921 0.33471223304453601166 0.43622328403857502099
613 109 0.33447545430366198982 0.33472178538683700078 0.43623153393592600802
623 119 0.33449235096150997659 0.33473136583308699121 0.43623821726844702606
618 114 0.33450308690638502762 0.334740685603836019 0.43624788987940199547
611 107 0.33450836209434098301 0.33474293360390799945 0.43626248951507901053
613 109 0.33452433207679899141 0.33474722187277300423 0.43626685861608599515
624 120 0.33452958014853600988 0.33474789318911601921 0.43627395752447201138
621 117 0.33454597814077402518 0.33476563113629997925 0.43628783759274597509
614 110 0.33455668383974102031 0.33478017400307702456 0.43629772291097801418
612 108 0.33456150464037598402 0.33477581653448001964 0.43630011079888397774
608 104 0.33456787092034101505 0.3347876217773709806 0.43630657239610798337
621 117 0.33458379478315902755 0.33479761873862001753 0.43631558156861699471
621 117 0.33459858274769699316 0.33481238334715202054 0.43632307459320102128
613 109 0.33460633085596397374 0.33482441979292099088 0.43633315066908701096
626 122 0.3346213355324100247 0.33482870430039601839 0.43633867289356198516
608 104 0.33462431220085098182 0.33484392830153197895 0.43634962293098400465
614 110 0.3346386221489809909 0.33485777417066098227 0.43635880903214102622
620 116 0.33465362183453700728 0.33486888803860498376 0.43635826465754501413
617 113 0.33466159339416401419 0.3348729430017169939 0.43636110895316498892
625 121 0.3346702135192199945 0.33488201524938099318 0.43637591199337100178
618 114 0.33468135393995801508 0.33489447951245399082 0.43638716146312500621
629 125 0.33470041618390899973 0.33490123449196201877 0.43639677287961897711
620 116 0.33470609417298097243 0.33491096283293697589 0.43639822179958998039
615 111 0.33472221560502801729 0.33492476841974200275 0.4364086074358730083
633 129 0.33473488949368102041 0.33492720972403000612 0.43640939854279497956
625 121 0.33474372162872001457 0.33494397263161501677 0.43642500707799397608
630 126 0.33475820879255102636 0.33495594440707399109 0.43643981294964900863
622 118 0.33476680618236398512 0.33496859267384598846 0.4364514283263479788
632 128 0.33477563121759901232 0.33497354897041797805 0.43646481374327800173
630 126 0.3347871550598879864 0.33498937105474602127 0.43648115753547700457
618 114 0.3348014177356100074 0.33500881396223197717 0.43650069106899397342
613 109 0.3348199903485090112 0.33502689656838502419 0.43651070466742497578
622 118 0.33483581742654899838 0.33503977038910998099 0.4365271052660509854
619 115 0.334847322616734 0.33505647821531797659 0.43653920133309298546
637 133 0.33487263407211997901 0.33507204125011902374 0.43655776824188702312
646 142 0.33489183322488902395 0.33508738179523700484 0.43658196116199099457
639 135 0.33489857505260400838 0.33510568523252198814 0.43659464532380898305
641 137 0.33490599664714099104 0.33511262908082700696 0.43660349843816398385
646 142 0.33490481504689700865 0.33511347738888497272 0.43660352513688599485
641 137 0.33489911977938202625 0.33511273184749601484 0.43660718104973500475
622 118 0.33489164645519298169 0.33510583383345399211 0.43661938365751301605
625 121 0.33489456114616600324 0.33510394836717100064 0.4366147854374510251
633 129 0.33489315831974797444 0.33509753105089701286 0.43660560077892501818
640 136 0.3348920053282880005 0.33508863516152098683 0.43660874736678401131
645 141 0.33489082418595600421 0.33509107495300699542 0.43660896423936201849
644 140 0.33489619989481300699 0.33509755352696901642 0.43661254373253000072
649 145 0.33489479774719699279 0.33509999830344899818 0.43662367748400499057
632 128 0.33489205634154300961 0.3351060257292530209 0.43663654073156699109
642 138 0.3348924488163069757 0.33510164214616200429 0.43663864828378401439
649 145 0.33489148286848502423 0.33509861645997002233 0.43664323264132598457
657 153 0.33489912562649098993 0.33509739878863598062 0.43664343872865402085
656 152 0.33490382967632897904 0.33509684513500898051 0.43665098887948800011
656 152 0.33490354251901099936 0.33510469924827501753 0.43665926156262002689
648 144 0.33489176727062902605 0.33509716551152302078 0.43666602879225502321
664 160 0.33489193267423900124 0.33509508011859601151 0.43666786205657998066
648 144 0.33489572475536300011 0.33510536677479002554 0.43666797359847198123
657 153 0.33489092567656497668 0.33510532369282902687 0.43666320693448201773
666 162 0.33489065377665300227 0.33510028051703000251 0.43666254185160502388
658 154 0.33488431247042999006 0.33509954313264800341 0.43666271065573397658
661 157 0.33488111608077397729 0.33509359515174097499 0.43666155978287302108
643 139 0.33487701179173701149 0.3351029948410619852 0.43665911811117502639
647 143 0.33487606636186001419 0.33509340541439702754 0.43665979802666299303
652 148 0.33487602992889897724 0.3350958441373380059 0.43666594971300298766
645 141 0.33487802124914600732 0.33510049550880000035 0.43666779940102501412
663 159 0.3348820455704339949 0.33509231080371898459 0.43666722448433598069
663 159 0.33487884971395898148 0.33509179508487302313 0.43667049186131401406
652 148 0.33488466987179998924 0.33510321052815300602 0.43666653260991100671
647 143 0.33488708874485201283 0.33511169105096699772 0.43666582078033600034
654 150 0.33488434914716497248 0.33510621757782599328 0.43666805408765502206
647 143 0.33488657571814600677 0.33510634702834202203 0.43667119079630001277
641 137 0.3348865532827339786 0.33510536217210501464 0.43666749073248800617
643 139 0.33489328095234799365 0.33510391767098002269 0.43667172504042400805
637 133 0.33489369054152601235 0.33510608115753398595 0.43667502613162201275
643 139 0.33489995971509600725 0.33510419515928302481 0.43667457463700598552
654 150 0.33490440969582901953 0.33510548500390002769 0.43668616885721101006
642 138 0.33490481400562599479 0.33510603822376500149 0.43668694763042198437
641 137 0.33490431786920599189 0.33510957503158500526 0.43669043849030098059
626 122 0.3349092387706890106 0.33511554451680902744 0.43669078314618098302
622 118 0.33491279689082897875 0.33511702164965601058 0.43668781671086098761
617 113 0.33491616006751001589 0.33511559153183201332 0.43668728687342300843
626 122 0.33492713319551997708 0.33511368818089798394 0.43668847261047699648
630 126 0.33493472352578901319 0.33511674693466497743 0.43669277737159400976
639 135 0.3349414053154399773 0.33511484766074400854 0.43669756064826598108
627 123 0.33494114207392799987 0.33512219425793499106 0.43669871011755101442
640 136 0.33495141707472297909 0.33512413490442899411 0.43671286788413798963
633 129 0.33495160015116298702 0.33512742643993498337 0.43671706554534700517
648 144 0.33495669574691500081 0.33513322645813597989 0.43672903234049598176
637 133 0.33496046941203999614 0.33514235336977299395 0.43674063486842101822
617 113 0.33496289894382097474 0.33515235820913197307 0.43674543316057301556
630 126 0.33496845069186698129 0.33514935174249199656 0.43675029171906698533
640 136 0.33496860110904702612 0.33515198857874500815 0.43676007406692102242
647 143 0.33498537115663401531 0.33516290036624901694 0.43676177591089598851
638 134 0.33498710235027501225 0.33517449649045699678 0.43677597001958201606
628 124 0.33499668450599501268 0.33518695010692600711 0.43678931251158598092
638 134 0.33500785034892199832 0.33518798166325097787 0.4367942911904409975
617 113 0.33500397660135700084 0.3351986543311449851 0.43680538015166398003
637 133 0.33501645479747799161 0.33520193852349300379 0.43681980875606901682
628 124 0.3350184110758570033 0.33521284967658199205 0.43683318500731899148
625 121 0.33502573885371900175 0.33522712752556199645 0.43684510765507000851
641 137 0.3350406621495449766 0.33523893286403699809 0.43686172810362999819
626 122 0.33504732566794598325 0.33525340045478202455 0.43687179185589297692
626 122 0.33505758049729000847 0.33526137837833497324 0.43688126837176199935
632 128 0.33506041425745902718 0.33526397711700900439 0.436891008952269011
628 124 0.33506034700934700377 0.33526859090379501627 0.43689755712854200231
627 123 0.33506386452160302758 0.3352704962471649841 0.43689665003597000226
627 123 0.33506782364956100295 0.335269244074323014 0.43690016680485299627
630 126 0.33507134574479902067 0.33527635112921699845 0.43690814405845801449
631 127 0.33507376365014301944 0.33527356532379098963 0.43690984243430702749
631 127 0.33507479006569002022 0.33528356068431902637 0.43691573025209401449
626 122 0.33507652890100497745 0.33528389813988002111 0.43691731931809402179
636 132 0.33508314746565198705 0.33528962463078898493 0.43691200644086097826
644 140 0.33508712055918099537 0.33528527520881601376 0.43691783213426199639
633 129 0.33509175219075998386 0.33528871056458198208 0.43692090174736397667
633 129 0.33509615416817600808 0.33528993479463398142 0.43691961455098698996
614 110 0.33509857614446897367 0.33529540384512901419 0.43691969458018298234
621 117 0.33510250520611301051 0.33529842924190400577 0.43692777059156501229
620 116 0.33510266619211898087 0.33529788030053198078 0.43693256061078400432
635 131 0.33511664778836097733 0.33530852709829800373 0.43693596643084098297
624 120 0.33512058956662799103 0.3353256567325300086 0.43694938228286500648
624 120 0.33512877566836202226 0.33533134381149398706 0.43696234857316201827
624 120 0.33513896030142298343 0.33533700878548200475 0.43697235551468499581
628 124 0.33514444126840398086 0.33534562054506900086 0.43697746590538300016
632 128 0.3351485854215859872 0.33534907523240697902 0.43698016634662301128
632 128 0.33515138983940301332 0.33535341899867099347 0.43698282372207697399
647 143 0.33516134665037700113 0.33535712420343899431 0.43698360418701298613
637 133 0.33515546297723197711 0.3353576727169210181 0.43698613634751898305
642 138 0.33515114670025697441 0.33535289030242099173 0.43698009806252202658
649 145 0.33515286105833802521 0.33534809321727898634 0.43698185967349600922
652 148 0.33515501206778497423 0.33534708429894199977 0.43697954258262700078
659 155 0.33515091109488798216 0.33534364807203498327 0.43698393674737001646
651 147 0.3351452326527279979 0.33534911350246998651 0.43699438431391501858
651 147 0.33514448325404599949 0.33535259085633201126 0.43699507759665101592
653 149 0.33514397980071197747 0.33534488638849002662 0.43699579034957697354
652 148 0.33514413364806200368 0.33534253756119697387 0.43700306004552197381
649 145 0.33514072037642900215 0.33534266356008102239 0.43700642441772097335
642 138 0.33513597982651899265 0.33533942736731897627 0.43701009933627499304
648 144 0.33513453601926701531 0.33534065825354397727 0.43700015765143301882
642 138 0.33513489336482399361 0.33534476537650698136 0.43699979996158300199
636 132 0.33513504493688400787 0.33534396256720000462 0.43700175998184997983
650 146 0.33513897694261701732 0.33533940855714500229 0.43700622715047099387
654 150 0.33514201317253500267 0.33534265421337300372 0.43700520636872697278
651 147 0.33513505940536697514 0.33533788999355301774 0.43700523180691802638
646 142 0.33513519282364401253 0.33534468485094798273 0.4370021648486889787
637 133 0.33513133192592198251 0.33534746429078299279 0.4369990989075009935
637 133 0.33512814990285599848 0.33533752993258297836 0.43698754651072602151
649 145 0.33513294407672800101 0.33533696914916699683 0.43698867109749600646
665 161 0.33513374794173100835 0.33532997253875901356 0.43699136160853002675
663 159 0.33513278270160301586 0.33533142640609098217 0.43698517559067201477
662 158 0.33512447000523398755 0.33533022394632300278 0.43699853264010901643
664 160 0.33512660736736799016 0.33533255978318199375 0.43699976103498200386
665 161 0.3351243044053520137 0.33533491886622002198 0.43700122127774798653
665 161 0.33512244503770599602 0.33533458661631199149 0.43700111612705999642
649 145 0.33512459954523499128 0.33534513844107299851 0.43700211661840798749
660 156 0.33512650874716598537 0.33534191545672897838 0.43699707705164697602
643 139 0.33511466134109801907 0.33534648590026799875 0.43699518440667001196
644 140 0.33511325805403102684 0.33534236609719897393 0.43699607917285798742
647 143 0.33511275788823802202 0.33533670418274297287 0.43700656865380599347
637 133 0.33510980880577301289 0.33533791923960598602 0.43700396775852901055
642 138 0.33511596532194098952 0.33533379499518201072 0.43699974575455702297
660 156 0.33512098045427402004 0.33532835664869697911 0.43699988986707299921
646 142 0.33511670855193098628 0.33532667082884498599 0.43699664566268597854
655 151 0.33511084633089699425 0.33531923899327398253 0.43698836862357798294
653 149 0.33510723519257201719 0.33531759102310698673 0.43698606629817499103
673 169 0.3351091477816600106 0.33531263285402002072 0.43698206033031899986
672 168 0.33510551338483202111 0.33531007058359801887 0.43698367954431399651
656 152 0.33509704512360000139 0.33530551396942698261 0.43697799098457801303
676 172 0.33509098277317400649 0.33528789433378902718 0.43697724478763200207
676 172 0.33508669264689400213 0.33528735563382999763 0.43697946987988500744
657 153 0.33507688241182598254 0.33528545256793301776 0.43697604347755197862
657 153 0.33506441247868701261 0.33527538676550100449 0.43697569434049299275
671 167 0.33506636117906901662 0.33525842167984698516 0.4369743070774230187
673 169 0.33506230401362702143 0.33525611766301599559 0.43697779808559999992
661 157 0.33505804302947000961 0.33525533887947001066 0.43698381852509898815
638 134 0.33505424522175897284 0.3352552053927970177 0.43697128897670600711
651 147 0.33505570505755299937 0.33525178231790697669 0.43697408983838798013
642 138 0.3350550205777659829 0.33524947714348801719 0.43696949705535398367
646 142 0.33505361138982697744 0.33524849276598500669 0.43696796438880497471
652 148 0.33505441774449901127 0.33524795374091997946 0.43696523070702397717
644 140 0.33504794071387900001 0.33524897222411997877 0.43696780775921501005
644 140 0.33504322911741601931 0.33524466708666300629 0.43696275356690600367
656 152 0.33503716301730601668 0.33524483039974600773 0.43696217876606302521
642 138 0.33503290912394201317 0.33525004725985402265 0.43696369921424499383
648 144 0.33503352342841097311 0.3352437582357489787 0.43696057860895298752
638 134 0.33502551858621298919 0.33523923067413802235 0.43695470185106000116
641 137 0.33502701141637397653 0.33523403414609698192 0.43695518405805200413
642 138 0.33503600376406400541 0.33524322633137798588 0.43695978939702601052
624 120 0.33503242240683001052 0.33524976075010698429 0.43696087475701000935
651 147 0.33504338010616802057 0.33524279924809502473 0.43696410539015700936
644 140 0.33504420373677501477 0.33525022757575900778 0.43696939151912700394
625 121 0.33504039095082899236 0.33525896308756897302 0.43697221079968101565
613 109 0.33504366711068200857 0.33526171966561002513 0.43697962458805700292
623 119 0.33505507614174201425 0.33526337292938301893 0.43698525313516900503
635 131 0.33507113613383898709 0.33526281362032400724 0.436991068854948983
638 134 0.33507855134536701502 0.3352711010256119728 0.43700076694358802598
631 127 0.33508133497927500288 0.33528403412490798141 0.43701005032591799804
629 125 0.33509075028722701273 0.33529031071184700608 0.43701434719218601455
623 119 0.33509751476482702026 0.33530368020811401886 0.4370191841850309955
630 126 0.33509986826976601026 0.33529560410751502175 0.43702182237427800171
662 158 0.33511450633884698469 0.33530790248745800941 0.437034732686241989
656 152 0.33510605964478401564 0.33530914915348197791 0.43704224970353100499
656 152 0.3351057504793820141 0.33531190821259398982 0.43704376908521297418
659 155 0.3351034844894900111 0.33530984046662998255 0.43704376547201301273
659 155 0.33511221411530001113 0.3353141107585059788 0.43704965974828302588
667 163 0.33510090055447899759 0.33530655027814798563 0.43704963313305000838
671 167 0.33510280472526399187 0.33530666483386101229 0.43705135822335700047
671 167 0.33510183983619101777 0.3353123098459239726 0.43705267175986600714
673 169 0.33510375371776102149 0.33530688992076801425 0.43705726209013301409
665 161 0.3351076394797730118 0.33531514347737301218 0.43706125423918001927
650 146 0.33509722399959901429 0.33531414549471300068 0.43705682770806697501
656 152 0.33509296612987099495 0.3353069922057190233 0.43705493987641802489
661 157 0.33509488714096402617 0.3353042525379669736 0.43704585984514798813
660 156 0.33509107993581699336 0.33530040333603200464 0.43704546009337197354
652 148 0.33508595193209900209 0.3353002935920240124 0.4370410194417490013
634 130 0.33507663587850100573 0.33530501978372201366 0.43704302924499499605
649 145 0.33507370663241997644 0.33529303886712502614 0.43704240301196300988
670 166 0.335080003742644017 0.33528877116078698029 0.43705140090157101884
666 162 0.33507884793378900357 0.33529641033870999367 0.43705976311491900876
664 160 0.33507966182731802052 0.33529939270832498366 0.43706935302919802666
648 144 0.33507521669235201811 0.33530147821811101538 0.43707424377904602331
648 144 0.33507624813201797309 0.33530114740061001122 0.43707727837265197834
630 126 0.33507731712674898583 0.33529880068465001131 0.43707065706274600414
655 151 0.33508029184564597225 0.33529609058533099697 0.43707321796358000743
637 133 0.33507429874286198679 0.33530346143865602526 0.43706968738738499747
632 128 0.33507596367830899675 0.33530705553517098361 0.43706888746571898041
643 139 0.33507939870934499993 0.33530674355677797527 0.43705891899155102642
649 145 0.3350762538697080184 0.33530335995426302498 0.43706032937556399398
651 147 0.33508013539393199931 0.33530787822981300561 0.4370648666096820234
628 124 0.3350754592396890108 0.33531763795097102587 0.43706791833518798818
657 153 0.33508850718365301713 0.33532569168117298819 0.43708192948472002204
652 148 0.33508534568200598613 0.33533062990829198835 0.43707903529132702269
641 137 0.33508463223687001697 0.33533093699828098178 0.43707676057064698272
644 140 0.33509246620109800485 0.3353312518664550157 0.43708075565485599023
658 154 0.33509544651969902507 0.33532983758703099886 0.43708045389782401724
652 148 0.33509229974762899662 0.33533213729512001411 0.43707758360551501875
653 149 0.33509309875027398773 0.33533356215613402407 0.43708024025130798318
655 151 0.33508404258161700318 0.33532446375215502199 0.43708211480943798266
657 153 0.33508313414387902451 0.33531360901605899993 0.43708356234891498904
664 160 0.33507975087922597934 0.33531197053578598588 0.43708627544744799165
644 140 0.33508079550863201224 0.33531973277221599483 0.4370771272585030065
647 143 0.33507393281605302171 0.33531393552027199956 0.4370774418600930078
645 141 0.33507233936976099642 0.33531207364386500513 0.43707613651869997584
631 127 0.33507513658939297452 0.33531962740052401184 0.43707136638828497643
649 145 0.33507660031427699554 0.33530306741353999023 0.43706897117598397795
644 140 0.33506997281873801553 0.33530254077635801568 0.43707082782693301715
643 139 0.33507230561470402463 0.33530373248937500597 0.43706863995434097614
624 120 0.33506394385088900112 0.33530317489256999952 0.43706889481560501354
635 131 0.33507876743964298827 0.33530283751634099021 0.43707688048728998709
645 141 0.33508416925730399871 0.33529878752864800129 0.43708045465099898408
642 138 0.33509086631170698078 0.33530940227882999327 0.43708628163328600014
637 133 0.33509232235018998614 0.33531168363513502717 0.4370914901434940214
634 130 0.3350966042727749894 0.33531987781680200333 0.43709075556636800552
628 124 0.33509412160029000693 0.33532524634985200196 0.4370876272102670046
641 137 0.33510496508782799951 0.33533215593547699429 0.43708894634919398525
618 114 0.33509465147750699954 0.33533225751033002293 0.43708878965476899436
650 146 0.33510199137691798477 0.33532079037767498209 0.43709172218455399905
637 133 0.33510957955313497303 0.33533511298402401968 0.43710034939323300085
628 124 0.33511258018043299511 0.33534068269510497462 0.43710559501251200487
639 135 0.33512058202376299176 0.33533991202910001794 0.43710392010221699177
632 128 0.33512510444705900792 0.33534503591898701114 0.43710165384633797858
650 146 0.33512612101000499587 0.33533928132907597774 0.4370975697326169862
629 125 0.33512539762153997769 0.33535117440030398628 0.43709765668958799889
623 119 0.3351281496211430122 0.33536177029107799852 0.43710578028577901089
636 132 0.33513831273093397378 0.33536602925908198802 0.43711152896949101443
629 125 0.33514626707571398834 0.33538752902290197566 0.43711909327790898772
645 141 0.33515225755317501477 0.33539552133312100501 0.43712698415798700857
625 121 0.33515716496548297876 0.3354161078653020156 0.43713112894066702419
628 124 0.33516274200872397948 0.33541924625851399222 0.43713560127695699764
632 128 0.33516484593385598156 0.33541913412649398962 0.43713472274870301959
622 118 0.33516800794292500587 0.33543515404647800127 0.4371446471692410074
625 121 0.33517553249482900934 0.33544616209373701032 0.43715056690246900661
631 127 0.33519242623682599103 0.335460422672174019 0.43716156922742999136
617 113 0.33520324152218899938 0.33547114961031998526 0.43716084758526801979
626 122 0.33520794478371601643 0.33546883719571002347 0.43716476109370699943
642 138 0.33522219219867699369 0.33547720255099400255 0.43717254918850401157
638 134 0.33523190753173498502 0.3354818311810239817 0.43717792793146198482
643 139 0.33523790881635401329 0.33548606634392902359 0.43718795885988298577
624 120 0.33524128374988898527 0.33550816394077997984 0.43720382047299999329
624 120 0.33525208105290299487 0.33551674087226901477 0.43721158060260600919
633 129 0.33526675779434700342 0.33552704592347099011 0.43721625595207902482
626 122 0.33527037133857401363 0.33553278287240301259 0.4372269672142289898
614 110 0.33527877744723399989 0.33553847910832501622 0.4372250952838500071
609 105 0.33528128383496502707 0.33554158064637401582 0.43722721789387397617
623 119 0.33529488057655298938 0.33554317043537001952 0.43723539401007799343
635 131 0.33530433694625899621 0.33554301741547498672 0.43724517640478199887
613 109 0.33531166356940300677 0.33554847174991897507 0.43725014798787198433
615 111 0.33532025224076600356 0.33555353857005998375 0.43725389610840997845
645 141 0.33533379534561402746 0.33555580764003400951 0.43726269318536398201
625 121 0.33532803496794999498 0.33556697872496099588 0.43726814881988901318
629 125 0.33532941149638501033 0.33557532943960199923 0.4372778362684450193
630 126 0.33533953530741700266 0.33557340429946602711 0.43727889011699899724
638 134 0.33534940243663902137 0.33557759276116500002 0.4372899161714849936
639 135 0.33535948456773301274 0.33558918156918199349 0.43729666617162099573
634 130 0.33536152104296101939 0.33559749689304202436 0.43731435893348197252
633 129 0.33536900342574499367 0.33560538128250799739 0.43731965843109599223
634 130 0.335382786028203983 0.33561084166867799494 0.43732113160989299905
625 121 0.33538332663421599467 0.33561873464867397754 0.43732988601514999338
625 121 0.33538690034910900728 0.33561746816389298465 0.43733198689682800664
623 119 0.33539109499555297411 0.33563144635975400432 0.43733366121292199802
637 133 0.33539767438210499328 0.33563062828565898288 0.43733852482247898008
637 133 0.33540080801126298526 0.33563503742686900955 0.4373394864736360188
624 120 0.33540590227235100862 0.33564331641043998467 0.43733922798205698834
627 123 0.33540839193440802335 0.33564207370387899587 0.4373388481976229758
634 130 0.33540956130242699507 0.33563974466242602057 0.43733633473649702328
632 128 0.33540381546337999508 0.33563612958570798739 0.43734022077181600174
647 143 0.33540736507461199611 0.33563491109045301419 0.43733998310467298021
641 137 0.33540183522435401686 0.33563018481378498192 0.43734569345024298936
642 138 0.33540542031965198122 0.33563374350794600298 0.43734192447828801331
655 151 0.33540550066609098323 0.33563166262617999402 0.43733937273435202764
658 154 0.33540734664080901206 0.33563065465515501407 0.4373477608381819981
644 140 0.33540331560524200283 0.3356374189389240148 0.43734587740300201464
642 138 0.33539321724000498159 0.33563227348274099482 0.43734036265112097297
648 144 0.33539503207341497815 0.33563407662687100297 0.4373427007805980038
635 131 0.33539686235472199183 0.33564213095788197894 0.43733911609520897956
630 126 0.33539656127214001469 0.33563545325235999428 0.43734031857271998822
622 118 0.33539405759286500253 0.33563635679232800557 0.43734942612016697305
632 128 0.33540133090856699694 0.33561816715384701348 0.43734861841382699499
643 139 0.33540034897476600495 0.33561371446492399562 0.4373489479006050229
647 143 0.33539786189390402571 0.33560946752449100083 0.43735878089784402389
635 131 0.33540119924970102083 0.33562186221719897405 0.43736775923551901579
655 151 0.33541554506437698535 0.33562778633357498448 0.43737318997925800357
635 131 0.33542083389450400022 0.335645578746229023 0.43738301402521301275
627 123 0.33542915024835301407 0.33565404987703700845 0.43738694151158197254
628 124 0.3354398288899190228 0.33566253175053101243 0.43738410523068899094
624 120 0.33543861239319699985 0.33566060612322701218 0.43738531716339101862
637 133 0.33544622957398601004 0.33566303076617198808 0.43738349295081802026
627 123 0.33545087444825699707 0.33566868912991598695 0.43738203488175297906
649 145 0.33545916716474200037 0.33566009615767700147 0.43738436061828500634
658 154 0.33546226447423899142 0.33566298610864497842 0.43738308499890499181
647 143 0.33545482598584702716 0.3356595903385419799 0.43737416399243400633
650 146 0.33546201680933201983 0.33566720141680600475 0.43737946263295102156
656 152 0.33546255008013797783 0.33566577511700901315 0.43737679395907802515
659 155 0.33546307492332100297 0.33566193697345197977 0.4373802710651960024
642 138 0.33545757232885997645 0.33566739917616200684 0.43738012948750298881
648 144 0.3354637028090399764 0.33566505956102499209 0.43737992627649202593
647 143 0.3354616337175420071 0.33565839171832301258 0.43737400354675498582
666 162 0.33546450163725499705 0.33565284767307901337 0.43737551865529000761
656 152 0.33545942760834102092 0.33565116737723299511 0.43737105396430997484
662 158 0.33545888539309998144 0.33564259261153300828 0.43737594277017000088
672 168 0.33546129431848897839 0.33564523166906201634 0.43737448708319598412
663 159 0.33546224369910199181 0.33565023377964897655 0.43737834358261901135
654 150 0.33545693207432397687 0.33565503982400701766 0.43737832261809900247
653 149 0.33545916473461001583 0.33566157490336401281 0.43737872606480898696
659 155 0.33545861066481197366 0.33565581078021300421 0.43737236808610002736
654 150 0.33545547535206698964 0.3356563044797439832 0.43736972541266899706
668 164 0.33545189993461299593 0.33564105014870798671 0.43736454017731501986
648 144 0.33544772965812802434 0.33563957760517199036 0.43736510734754102669
651 147 0.33544482208965398229 0.33563665122563401955 0.43735692162114397918
663 159 0.33545308785436400711 0.33563606435661802463 0.43735761040029702551
644 140 0.33544995995433402047 0.33564148503046598027 0.43735487088615998541
642 138 0.33545285209790698389 0.3356434742710729946 0.43735537829829801426
639 135 0.3354548783284370117 0.33564480872884999707 0.43734762114830200153
651 147 0.33545668769588699032 0.33564036385219098158 0.43734585267298198286
641 137 0.33545010642917599819 0.33564084587415599081 0.43734525234170701369
655 151 0.33545513355786199527 0.33563487011998099918 0.43734465219968499117
659 155 0.33545310118299698221 0.33562720067137302715 0.43734302682142500718
662 158 0.33544629123370300894 0.33561820453325297287 0.43733698793978598163
636 132 0.33544061265646901715 0.33561973611169099163 0.43733222157627699156
665 161 0.33544025035716101835 0.33560562853816200413 0.43731970485943200133
677 173 0.33543450549145997774 0.33560119924745102082 0.43732234979293499455
653 149 0.33542195850107198174 0.33560386236874500954 0.43731873720318098497
643 139 0.33542056453693397389 0.33560650271998598848 0.43732083975529800757
666 162 0.33542966686229197526 0.33560055361285601183 0.43732173371074700707
658 154 0.33543277196008597363 0.33560748945377399943 0.4373210789945090049
655 151 0.33542747672211298271 0.33560992506411901903 0.43731790904457201741
652 148 0.33542843984865899909 0.33561300805031402117 0.43731120255032202015
643 139 0.33543003768515600171 0.33561756249749097325 0.43731652083762301286
666 162 0.33543739354563301136 0.33561549069793900069 0.4373146801318970045
651 147 0.33543341508629997971 0.33561508542876300476 0.43731302001407501567
642 138 0.33542664713456898928 0.33561320860901500129 0.43731103980908098139
656 152 0.33542434380894997625 0.33560942037586599662 0.43730377438006401425
660 156 0.3354156399170999947 0.3356024221905090088 0.43729709520851800519
661 157 0.3354064880038190033 0.33560035442410801609 0.43729809075925801798
658 154 0.33540292877923699733 0.33559868823264699111 0.4373006525339119821
652 148 0.33539513029696099711 0.33558780783936498215 0.43729739160707997714
656 152 0.3353979993756330269 0.33559260596986800751 0.43729198310920902593
654 150 0.33539106143436497875 0.3355776459775640097 0.4372819585592579994
657 153 0.3353898752913029857 0.33557320785388700113 0.43727809909736997662
657 153 0.3353893511539359773 0.33557114666124399083 0.43726760009798898432
653 149 0.33538476150361201666 0.33556392213662800117 0.43725014030013398258
651 147 0.33538082670972402255 0.33555391591175498522 0.43724055135030898134
648 144 0.3353790368211639894 0.33554648550514698524 0.43722324336853302107
645 141 0.3353667297851299911 0.33553499049258000975 0.43720754261656802342
647 143 0.33536212680814198039 0.3355307960349809826 0.43719656105726101281
655 151 0.33536225248479401007 0.33552274820210098438 0.43718686784100702081
659 155 0.33536127572493601434 0.33552197625900798128 0.43718549447335097735
665 161 0.33535705906539697851 0.33552507068219200592 0.43718205557998401911
649 145 0.33534602046164102562 0.3355307130695009965 0.43717056143899901688
646 142 0.3353441950623439749 0.3355303494786319729 0.43716592412430199666
655 151 0.33534729652650002718 0.33552356524505599911 0.4371596259931350148
644 140 0.33534570566470700559 0.33552577167546498993 0.43715777818002898858
659 155 0.33534964961038898901 0.33551856873149599192 0.43715909331224100942
665 161 0.33534825816461799608 0.33551459372134401216 0.43715834739283998545
663 159 0.33533876567282799863 0.33550828423010897739 0.43715650243263198815
662 158 0.33533072520027701335 0.33550858632240898594 0.43714754702161501276
654 150 0.33532100872157499794 0.33550632165330601664 0.43713945717856500517
645 141 0.33530918746550597564 0.33549893769430400026 0.43712334811057301787
665 161 0.33530883851919301986 0.33548853979190701446 0.4371177413472290274
677 173 0.33530916358701501334 0.33548007868105400586 0.43711606171165801049
654 150 0.33529926136949200766 0.33547885263564297675 0.43711496131117300035
661 157 0.33530023497908301167 0.33547424473322601246 0.43710808445539001132
661 157 0.33529777765819601676 0.3354741182619930262 0.43709832843187301776
663 159 0.33529596804180999969 0.33547357482163797648 0.43709507471371400467
651 147 0.33529032344652598407 0.33547514502472802755 0.43708994123476502258
657 153 0.33528235329438099699 0.33546137037034501338 0.43708023511136701034
658 154 0.33527970863781897393 0.33545333606200400389 0.43707098942944300202
669 165 0.33527214500747898329 0.33544192090345098523 0.43705908979881097354
657 153 0.33526482397752799258 0.33544095390855999117 0.43704845578416501306
659 155 0.33526583132311699176 0.33543036577969398415 0.43703866328421697718
653 149 0.33525404265434999296 0.33541637504700400063 0.43702184220938700143
662 158 0.3352488427438919949 0.33540110697336100731 0.43700825888650202122
674 170 0.3352444896763490112 0.33538777278380899061 0.43700019037310700032
666 162 0.33523841867468701095 0.33538506945110702073 0.43699790811668698387
673 169 0.33523132353999202104 0.33537390415640599972 0.43698717621198901462
670 166 0.33522273303922200949 0.3353637741929629823 0.43697835819023200798
655 151 0.33521883639873700789 0.33536172269618602648 0.43697528885833197831
676 172 0.33521746397695201258 0.33535077269182900217 0.436968511224878009
672 168 0.33521058661113700694 0.33534364062629201664 0.43696075969186598531
674 170 0.33520283831396602281 0.33534486169896698948 0.43695331381747098964
677 173 0.33519338619509497779 0.33534052612849701847 0.43694552711635598063
674 170 0.33518694320753500415 0.33533169100468801505 0.43694170976261598183
692 188 0.33518856137466501721 0.33532608279575099042 0.43693115936006798883
680 176 0.33517700454607801674 0.33531872714506100186 0.43692809811461297276
674 170 0.33517184508812397636 0.33530881550127300539 0.43691539623926900493
669 165 0.3351654058157350069 0.33530169041490098802 0.43690194323411402078
667 163 0.335153224424211027 0.33528647867063599008 0.43690084035313597743
688 184 0.33515334883255198939 0.33527917940432899746 0.43690599629459697661
679 175 0.33514328347351501902 0.33527930913588799289 0.43690543437625600776
672 168 0.3351394066127019733 0.33527495593572198551 0.43690439633376498829
667 163 0.3351357305022549804 0.3352718783964350191 0.43690616328919101852
664 160 0.33512420341801402168 0.33526351429236200818 0.4368942395997930106
656 152 0.33510735120568202472 0.33525748690617901415 0.43689252381813298287
665 161 0.33510322831878497363 0.33524760381839302514 0.43688871301941600844
669 165 0.33509977680311198167 0.3352351773004160207 0.43688550601871500856
658 154 0.33508572155581600738 0.33523150839005999568 0.43687964298100501193
666 162 0.33508287644201500965 0.33522717146363900653 0.43687760920462598291
660 156 0.33507623665137797886 0.33522261538048597762 0.43688200080922501289
661 157 0.33507657992165601479 0.33522827058002702127 0.43688440529450001115
657 153 0.33507545853939002534 0.33522753660878501503 0.43687941367658200686
662 158 0.33508090018316699643 0.33522892442994900453 0.43687752329623097403
661 157 0.33507488060073797875 0.33522670899869499994 0.43687990255523900807
656 152 0.33506294793152502365 0.3352258094053169879 0.43687533696821401197
659 155 0.33505803393005201274 0.33521810756607600679 0.43687520421265202408
652 148 0.33505712919046298781 0.33522162711950798109 0.43687045878636199259
660 156 0.33504327353284701907 0.33520669477746900533 0.43686044239380300569
660 156 0.33503835180256602566 0.33519897454322200581 0.43685758526704399074
654 150 0.33502689228524701326 0.33518405440056597833 0.43685781008380697443
650 146 0.3350234601106160115 0.33518100747667300965 0.43685469850928798641
656 152 0.33502152395415202291 0.33516927458808198903 0.43684603269346400367
649 145 0.33502148265183201437 0.33517003808664197484 0.4368399279814699776
646 142 0.3350224817916300224 0.33517228066277299225 0.43682775048522098915
653 149 0.33502367386071102429 0.33516942938151400577 0.43682467559658400003
657 153 0.33502615027905202627 0.33517019597764802219 0.43682985931712597916
654 150 0.33501847183222499549 0.33517056136138401179 0.4368364124523910208
647 143 0.3350158816921179894 0.33516792092531799696 0.43684212529917698653
640 136 0.33501035377818799699 0.33516149192439798066 0.43684249089579801906
649 145 0.33501641239789997639 0.33516479682279798347 0.43684937106714899491
646 142 0.33503094684980100348 0.33517463156571497551 0.43685777612877702003
633 129 0.33503491247461297808 0.33518108306735200363 0.43686110594146698727
635 131 0.33504481470547398114 0.33517801447782902269 0.43685904913562401131
651 147 0.33504938125322097919 0.33517815527927502517 0.43685572197316302478
652 148 0.33505396259906300438 0.3351791107686190041 0.43686374224831098223
649 145 0.3350500936383800088 0.33517648289018397989 0.43685867112429099812
652 148 0.33505210127433099343 0.33518315165679901657 0.43685775337018600828
654 150 0.33505584770605001399 0.33518200340569898055 0.43686282384989599814
641 137 0.33504692923213902356 0.33517598634806600177 0.43685462818176901134
646 142 0.33504792176544101467 0.33517103270661402492 0.43685177808401598476
657 153 0.3350478603637119801 0.33516844320225097631 0.43685218140663900632
641 137 0.33504846751516298431 0.33517173699684399413 0.43685088521753401292
642 138 0.33505263231126397594 0.33517397934648601732 0.43684141563934697494
641 137 0.33505046390335901929 0.33517454482369901658 0.4368355099314150114
644 140 0.3350514518520990026 0.33517170589561601224 0.43683167590050298035
649 145 0.33505771983851700968 0.3351718264478940057 0.43682735193701499599
647 143 0.33505934836272899258 0.33517109881273698946 0.43682719940978098627
646 142 0.33506161179961901908 0.33516677092529700843 0.43682666904471201264
642 138 0.33505819921199997413 0.33515802814047801483 0.43681944387778598449
640 136 0.33505373218253797774 0.33514887482353500348 0.43680994977990300621
656 152 0.33506020023547100628 0.33514563990627299628 0.43681239049204700908
645 141 0.33505276431413000271 0.33514598676233997576 0.43681980730592401274
636 132 0.33505124032906097309 0.33514738225830098539 0.43682597946261697563
643 139 0.33506151147883600494 0.3351466560843510134 0.43682314347346201666
659 155 0.33506312432057000494 0.33514428772230098197 0.43682027189742100859
655 151 0.33506454476442099066 0.33514695310593600741 0.43681911844024801095
660 156 0.33506281824163497429 0.33513824535497699353 0.43681303238693297564
647 143 0.33505519357336199793 0.33513521705941701212 0.43680526809829400836
658 154 0.3350561949494689773 0.33512524095706397453 0.4367967950902130192
662 158 0.33505445739139899652 0.33511927420957698942 0.43679106757759900148
658 154 0.33504725373150900936 0.3351137357772929759 0.4367807277157950141
656 152 0.33504193172944501944 0.33511177755415599844 0.43677808020675701339
656 152 0.33503237577701899808 0.3351102394845870136 0.43677483512226200624
656 152 0.33503357820705897963 0.33511396730358899987 0.43677018069253997767
642 138 0.33502849151916397341 0.33511114419297099998 0.43676858013422698024
649 145 0.33503348292359197425 0.33511044228610997742 0.43677043077622501599
668 164 0.33504202718762299273 0.33511143454216402171 0.43677170821083499685
659 155 0.33503419044158899709 0.33511432813872898961 0.43676808269966099774
661 157 0.33503939612539002102 0.33511277091064900491 0.43676603062540297895
657 153 0.33504122630600302601 0.33511056373206099535 0.43676257353569297726
644 140 0.33504119852053498851 0.33511217208416199664 0.43676094327005099416
638 134 0.33503548314749798109 0.33510304484452202445 0.43676404984284300514
637 133 0.33503374908592797876 0.33509707398365901065 0.43676122838343500732
645 141 0.33503559191608600631 0.33509154721961098566 0.4367583355850779836
644 140 0.33503196341261898272 0.33508959318400599603 0.43676024311451600024
660 156 0.33503505834644498051 0.33508914661785998979 0.43676487534312302685
659 155 0.33503059091225501076 0.33508909559544097778 0.43676621319404801413
636 132 0.33502447041569199948 0.33509617684734399612 0.43677204030450800243
636 132 0.33503154419311598211 0.33510366444672301522 0.43677321739204300055
642 138 0.33503842430450697654 0.33510317615127799273 0.43678208658226197469
636 132 0.33504381443764197357 0.33511043603699097737 0.43677840179077898064
635 131 0.33504649301121697258 0.33511183752742301767 0.43677496042258201481
633 129 0.3350430746671569926 0.33511324865871999767 0.43677041761393697872
637 133 0.33504237613085702252 0.33511191948291801923 0.43676583279313901942
660 156 0.33504733136079900557 0.33510535278131897696 0.43676641702601398665
636 132 0.33504432920478000035 0.33512143228968799269 0.43676930273014602513
642 138 0.33505139092899799413 0.33512913760512502703 0.4367744707357429923
636 132 0.33505783845669401266 0.33513492449072301849 0.43677468498571198063
617 113 0.33505463526635798077 0.33514470097958698469 0.43677792192313602548
628 124 0.33505854542053498113 0.33514379265234900407 0.43678027317445000666
634 130 0.33506328613147101647 0.33515085834529501074 0.43678767087561698457
625 121 0.33506887982831501382 0.33516125263331197903 0.43679237698510098298
631 127 0.33508095624581502037 0.33516807894325700845 0.43679835566408897751
638 134 0.33508401185703801106 0.33517219812245202526 0.43680376234781398415
636 132 0.33509378549488499921 0.33517753704605801612 0.43681703294550899841
638 134 0.33509685126696298063 0.33518101876708400466 0.43682475099100198657
638 134 0.33510597587746399073 0.33519244855244800796 0.43683001399227600059
646 142 0.33511680260110399132 0.3351887819615659847 0.4368384525215560088
642 138 0.33511963966971297646 0.33519853477717997947 0.43684449437215699952
637 133 0.33512877316676398243 0.33520575049946998991 0.43684698674881600189
633 129 0.33513684652666897446 0.33521590391592998026 0.43685763217557399551
637 133 0.33514263702806001977 0.33521791538236900276 0.43686098966846098612
634 130 0.33514629797320999449 0.33523479748351098229 0.4368688903315819938
623 119 0.33515144489089399027 0.33524157513626201554 0.43687499882438601828
626 122 0.33515972637290497582 0.33524481389684701593 0.43687891471566897561
625 121 0.33516091121608998504 0.33524451199427401926 0.43688735647586202093
636 132 0.33517670152947898199 0.33525256316799800782 0.43688901825259301992
636 132 0.33518268361810399369 0.33525853653625398154 0.43688790273531097341
621 117 0.33517970849125799937 0.33526053566138602768 0.43688876722337899317
629 125 0.33518672718714298542 0.33526085420555201688 0.43688890169363597815
630 126 0.33519812556747502486 0.33526868050468000559 0.43689580607917299915
632 128 0.33521097494015900109 0.33527943240008500903 0.43689926460676098419
636 132 0.33521714289626802774 0.33528749607122199095 0.43690235428848200883
646 142 0.33522643729992401829 0.33529388198627901874 0.43690925632593202721
638 134 0.33523759120116797261 0.33531402420494199612 0.43691527224854098677
638 134 0.335237507880858987 0.33531392912637597581 0.43691720365366998324
631 127 0.33524116258323999329 0.33532195304750900267 0.43691897367095200444
634 130 0.33525043284784600273 0.33533437222180001447 0.43692398925798398013
638 134 0.3352534843110899776 0.33533616932887799766 0.43692232639287797991
632 128 0.33525630727723298996 0.33533811922003098349 0.43691822998697499303
628 124 0.33526374638026601449 0.33533861572340500912 0.43691369144091102283
631 127 0.33527491102903900222 0.33534265724626599603 0.4369050878777530067
649 145 0.33528148549392899902 0.33533336125308799147 0.43690498290762497247
648 144 0.3352838944083629813 0.33533890317995301844 0.43690683765477500433
632 128 0.33527861963146199376 0.33534005420250001528 0.43690675957817398656
664 160 0.33527931303648100814 0.33533457168917202296 0.43691056062307198626
656 152 0.33527402242761300544 0.33533217305237400518 0.43691143423338302254
653 149 0.33527767962030302629 0.33533413615265300622 0.43691287156031599626
642 138 0.33526884754277802569 0.33533174210014299321 0.43690964611537702611
653 149 0.33526792624268197951 0.33532394225464901005 0.43690841296070798139
642 138 0.33526387060116702443 0.33532820858890899363 0.43690918642235299085
656 152 0.33526502772110300388 0.33532271042151701179 0.43690963229169599291
656 152 0.33526284532192501819 0.33532135485851199963 0.43690863005764402072
650 146 0.33525796679097602526 0.33531748879406497732 0.43690671036189199228
646 142 0.33525268242162598042 0.33530632044226199584 0.43689876438444197326
661 157 0.33525528229370898936 0.33530101985735100145 0.4368991874750480231
663 159 0.33525436049662299398 0.33529967966288798387 0.43690010088286301837
658 154 0.33525571619025701375 0.33530644685512600578 0.43689479618243398651
664 160 0.33525395165380800222 0.33530448640987098319 0.43689603991403197503
650 146 0.3352491006402010254 0.33530542726880002702 0.43689091605588198375
680 176 0.33525211322254999669 0.3352924493311170151 0.43689328860469101024
679 175 0.33525202443693902232 0.33529402232895999525 0.43689815626991401754
661 157 0.33524715091753298779 0.33530244568718597931 0.43690265037299902406
647 143 0.33524520180155598092 0.33531004559418198241 0.43689636127615100181
646 142 0.33524718370701100945 0.33531076121089098407 0.43689359093817498048
648 144 0.33524085228224598243 0.33530567692368301591 0.4368931766726860122
661 157 0.33523679697715602632 0.33529894213317301688 0.43689338526039500632
652 148 0.33522944035986101952 0.33529467070370000403 0.43688592569702899837
640 136 0.33521710452606900965 0.3352893716520520262 0.43688197091965802477
644 140 0.33522345140017700826 0.33528988136824600108 0.43687759132692799424
656 152 0.33522168131167801031 0.33528188315401502573 0.43687550294268201467
669 165 0.33522716671310398562 0.33528803421867198198 0.43687594972613097433
661 157 0.33522706779987998527 0.33529478005873397661 0.43688010818219502607
643 139 0.33522760833252901458 0.33530442182351100078 0.43688868028799399124
644 140 0.3352233556275550086 0.33530412024225697554 0.43689542004969100786
652 148 0.33523258769916197686 0.3353102459292109927 0.43689949814355599766
644 140 0.33522979030406002687 0.33531908014367101112 0.43690658727746900514
634 130 0.33523592936389501329 0.33532287894544199336 0.43690871591773300375
653 149 0.33524825069885999529 0.33532817632833200605 0.4369161303875950253
638 134 0.33524879820139602549 0.33533532538150401248 0.43692047716978399396
643 139 0.3352559512236359951 0.33534186207184302209 0.43692515142604299028
642 138 0.33525545650300997425 0.33534030876874798555 0.43692489302037501586
655 151 0.33526445094131301916 0.33534830095408002526 0.43693034018451598621
647 143 0.33526354245083900274 0.33535359809174097867 0.43693070496843500194
632 128 0.33525907875777299916 0.33536301365588699896 0.43692764561886598962
633 129 0.33526023039586400065 0.33536561134726700084 0.43693150120147500326
650 146 0.3352756491792039939 0.33537192565935902699 0.43692943688180901907
649 145 0.33527741829797197415 0.33537700800792602518 0.43693288414583697499
666 162 0.33527521379376001853 0.33537484926007299357 0.43693779797392001685
653 149 0.33527013877627398486 0.33538468985131697497 0.43693627588606998025
645 141 0.33527171078841899732 0.33538559093023201374 0.43693956117234600267
644 140 0.33526728669711497455 0.33538051910406802003 0.43693743990557498691
664 160 0.33527049971433098285 0.33537526361472802527 0.43693658072459501396
651 147 0.33526855275647299282 0.33538219382889999931 0.43694229044184001998
659 155 0.33527237708523999205 0.33538104181979899732 0.43693973966549798371
650 146 0.33527392592021099116 0.33538773817260097987 0.43694079203285302038
653 149 0.33527939536591799818 0.33539278829145902083 0.43694860518366501756
647 143 0.33527061320058998417 0.33539352131598199058 0.43695190592631499849
638 134 0.33527259845610102307 0.33540127484824400206 0.43696014737794597327
648 144 0.33528116520656597865 0.33540820252817499236 0.43696387221670901502
629 125 0.33528045339087697574 0.33541737136124399887 0.4369699747878549867
643 139 0.33528014242326997785 0.33541418381004001192 0.43697934924913700572
636 132 0.33527881567761602666 0.33541758663018300668 0.43698841110647601571
642 138 0.33527952801200100463 0.33541933841871801603 0.43699384886757497437
646 142 0.33528641644083401196 0.33543328439962200038 0.43699953724254297915
639 135 0.3352844599014819793 0.33543750564868102249 0.43699893783473198194
636 132 0.33528148877073499223 0.33543345978636301963 0.43700474062691502253
634 130 0.33528243287181497267 0.33543728014673701576 0.43700841727597899977
634 130 0.33528628643524999164 0.33542969934328598081 0.43700777780273397655
646 142 0.33529317572964900673 0.33543516362888997628 0.43700392867137299868
656 152 0.33529533940088002142 0.33543506298673098076 0.43701338080052298807
654 150 0.33530163611800500867 0.33544175011560400934 0.437017399512753979
648 144 0.33530194756218800745 0.33544533540431398233 0.43702176268626402589
632 128 0.33529525160561701735 0.33545078622320001482 0.43702266716604298846
647 143 0.33529740268384300439 0.33544923957795502734 0.43702233514416199966
646 142 0.33530082119331799939 0.3354489021518500258 0.43701995693658801656
655 151 0.33530421679285599135 0.3354487878313869853 0.43701949041408100216
646 142 0.33529976931301802567 0.33545567793070402152 0.43702149296652198496
647 143 0.33529802526523300177 0.33545432696890997715 0.43701818938805497838
642 138 0.33529482206459698679 0.33545667100085202472 0.43701764316937902199
634 130 0.33529246578492200026 0.3354561215292630183 0.43701592155677099205
631 127 0.33528682513029200996 0.33545002624489100862 0.43700984183099700342
640 136 0.33529205618988400239 0.33545112712298902347 0.43700622853506398968
650 146 0.33529359147936299568 0.33545391968914400893 0.43701375257692998133
635 131 0.33528980009724601574 0.3354552188134459767 0.43702574515278397316
645 141 0.33529711772016701499 0.33545427559103901949 0.43702612860594697297
646 142 0.33530791879247401344 0.33546361561352600056 0.43702882442316398626
649 145 0.33530556305627501334 0.33545793480325797331 0.43702694991697199622
656 152 0.33530936858903098718 0.33545595301963698764 0.43702619303277900897
650 146 0.33530908360256600487 0.33545458862778398945 0.43703129726327799576
643 139 0.33530200912135199598 0.33545594139064999206 0.43703673102693602059
642 138 0.33529820228949097638 0.33545727413737097544 0.4370295204031249825
645 141 0.33529811834030598394 0.33545531719692500694 0.43702793953791002624
655 151 0.33530273371312702135 0.33545664179042400388 0.43702897494519199473
662 158 0.33530878947607101193 0.33545960424222798224 0.43702908572948601096
653 149 0.33530745789262800249 0.33546462115598801867 0.43702742574881398019
654 150 0.33530692330498301779 0.33546509729386997378 0.43703215222820901431
646 142 0.33530376030821701372 0.33546311708163600862 0.43703145493900802387
662 158 0.33530694479385997342 0.3354570444320419953 0.43701949960204000689
647 143 0.33530028227306901689 0.33546475608398601542 0.43702028920172997228
643 139 0.33530019086085899316 0.3354660699681690228 0.43701730484250000952
633 129 0.33530133349061602699 0.33546921462015499849 0.43701460859981500207
642 138 0.33530407483384300216 0.33547217150736702296 0.43701491049198498695
648 144 0.33530498484649001734 0.33547576272866097558 0.43701927381430100139
649 145 0.33530302629673197634 0.33547563693717702415 0.43702284499041699206
646 142 0.33530356024121299452 0.33547365746220497718 0.43701928607490198031
654 150 0.33530467965755300641 0.3354789097606999948 0.43701836405682298325
667 163 0.3353063951292339917 0.335482712190727006 0.43702295416256997651
652 148 0.33530650532231898175 0.33549098919839398514 0.43702542950749001527
656 152 0.33531007406613100308 0.3354964033552679803 0.43703197530270099236
650 146 0.33531183519644497393 0.33550120905470198762 0.4370312248361439833
662 158 0.33531252591182098 0.33550294766717098094 0.43703784511315801886
642 138 0.33530936587819698547 0.33550627543034600153 0.43703714628153500499
656 152 0.33530575140880297669 0.33549711321876202197 0.43703903502398799841
649 145 0.33529851625905798818 0.33548899261975900776 0.43703628620428902618
640 136 0.33529227615057599632 0.33549484217483499515 0.43703106319099599419
653 149 0.33528785760470197763 0.3354869343493619982 0.43702955831551998367
648 144 0.33528385201237098645 0.33549338074730400416 0.43702809486705501696
654 150 0.33529032812211001513 0.335492852401067021 0.43702694348188098061
638 134 0.33529167466689002719 0.33549554837457201684 0.43702772249743199184
626 122 0.3352878974857669836 0.33550054482092400709 0.43702505298955202084
630 126 0.33529374968549402469 0.33549670890281901858 0.43702100240846897261
644 140 0.33530142164672199767 0.33549947068820601404 0.43702184576953001516
636 132 0.33529642211415500164 0.33549543424644201473 0.4370227795916339919
643 139 0.33530248687091201987 0.33549162481045302631 0.4370201921070340223
646 142 0.33530403231222999372 0.33548780465342797896 0.43702105098851201648
640 136 0.33530270421299401828 0.33548765761065302282 0.43702142806541699471
649 145 0.33529562418106700905 0.33548592425050599575 0.43702243860316597468
639 135 0.33529451404396398706 0.33548556790891598256 0.43702660919146402163
636 132 0.335296470456877993 0.33549077640956997959 0.43703321660574800944
637 133 0.33529984566746601216 0.33549577380165601648 0.43704602487370397546
627 123 0.33530138645464202529 0.3355052652800770141 0.43705002195020198341
649 145 0.3353053504047590061 0.33549962468767302592 0.43705370707978097311
646 142 0.3353013805711589912 0.33550013233586900574 0.43704705969894097617
645 141 0.33529906091858002748 0.33549613434012098834 0.43704263503448997907
649 145 0.33530344467562900324 0.3354992739023650028 0.43705338171544400039
637 133 0.33529744695801899645 0.33549833124079997404 0.43705515462720700981
661 157 0.33530673472913097299 0.3354924905046259842 0.43705231558594898056
666 162 0.33530682988006998979 0.33549853252125000358 0.43705081929323402745
670 166 0.33531262709485698537 0.33550288215552598325 0.43705924181623700964
649 145 0.33530909222083299381 0.33550744772373697344 0.43706032598922600618
665 161 0.33531939401996901928 0.33550218915102797412 0.43705951140297899515
659 155 0.33531947253892901983 0.33550775578657898723 0.4370610079314660168
657 153 0.33531977419342201552 0.335507815104409024 0.43705853086765400484
669 165 0.33532271785023298749 0.33550770111505301418 0.43705640094278702668
651 147 0.33531729665271997609 0.33551386780767000761 0.43705472477411300147
656 152 0.3353137063600610257 0.33551539016525300241 0.437059911487764019
641 137 0.33530609340343897617 0.33551547623903399398 0.43705641030642800038
648 144 0.33530254578657997522 0.33550351414009899065 0.43705009921561299713
656 152 0.33530100706119397858 0.3355029987218309806 0.43704491704809500519
645 141 0.33529585592869798338 0.33549592688103402338 0.43704197201852101884
657 153 0.33529719869877300242 0.33548683520741201525 0.4370332815137680238
656 152 0.33529548919796897666 0.33548611747436701824 0.43702843238911798229
651 147 0.33529029801174697889 0.33548599497413500448 0.43702724405444598466
660 156 0.33528185652340197764 0.33547140474508002628 0.43701565621938598394
659 155 0.33527586158489597334 0.33546905864624598781 0.43701430069664898292
662 158 0.3352708768841419773 0.33546691804034900475 0.437012219890140996
648 144 0.33526473051194699559 0.33545618138823901644 0.43699490330050100306
659 155 0.33526708097997598435 0.33545199593498997714 0.43699225438126099164
659 155 0.33525660528963702189 0.33544414258041399535 0.43698883992903497786
665 161 0.33525023455754399127 0.33542937158491198391 0.43698352463787998312
657 153 0.33524528209859100203 0.33542886006985400682 0.43697247588905302473
655 151 0.33523931299387599303 0.33541446324272300439 0.43696795900837498428
658 154 0.33522866803916301359 0.33540420398716197514 0.43696467070528199894
647 143 0.33522433364609599549 0.33540163988884402757 0.43696460053974700566
650 146 0.33522263112313399613 0.33539174181696601584 0.43696332662733899932
665 161 0.33522520662269200686 0.33538228965362298917 0.43695263261966399426
676 172 0.33522247333594301644 0.33537997955771298164 0.43694630207923301768
689 185 0.33522441844089001517 0.33537316261473398837 0.43694516724704401955
693 189 0.33521680525314201393 0.33536451247110599105 0.43694861658621098055
676 172 0.33520027806316499142 0.33536116576991897853 0.43694238148866099136
689 185 0.33519570753157801324 0.33535334462196497718 0.43693951274514797323
688 184 0.33518953726525502201 0.3353473455475319831 0.43693765553223801179
678 174 0.33517789302790801376 0.33534420711228501988 0.43693545883177598022
676 172 0.33516501900102602107 0.33533639210737897773 0.43692901693430802323
686 182 0.3351625091537849821 0.33532919551068901542 0.43692060315684999594
678 174 0.33516000340541801661 0.33533173582843400773 0.43691310473987698959
674 170 0.33515020506672799083 0.33532372581491498575 0.43690595122626502134
667 163 0.33514973288996302569 0.33532177384936900921 0.43689759805709399432
657 153 0.33514462469532202427 0.33531476614570498995 0.43689124925591699133
659 155 0.33514455757484701293 0.33531080559924797413 0.43688360640072099184
661 157 0.3351404270419069964 0.33530604140051400996 0.43687676278885700931
661 157 0.33513268824697500792 0.33529358468149900174 0.43686856097853199454
651 147 0.33512490583440601721 0.33529715045858798916 0.43685254774462700667
667 163 0.33511793040172599412 0.33528714103930201684 0.43685152416025002653
683 179 0.33511662990330498557 0.33528342358431900694 0.43684691393797098202
656 152 0.33511110841209501565 0.33529122558362400852 0.43684798287076598289
652 148 0.33510335372904298534 0.33528770169784199995 0.436840700037500973
669 165 0.33509981855566201014 0.33528134122723002308 0.43683493151212499095
654 150 0.33509570651398201679 0.33528549534091001139 0.43683290608944197464
659 155 0.33509502066912899565 0.33528581458777101387 0.43682416349279501455
648 144 0.33508786726116401855 0.33528713756324102224 0.43682401757992600499
660 156 0.33508720203624997591 0.33528159884856700845 0.43682097569149902494
655 151 0.33508127790600000795 0.33528091497462297887 0.43682041838695201408
664 160 0.33507695274740700864 0.33527536457073697784 0.43681750394059098985
655 151 0.33507345120595399823 0.33528136150336901311 0.43681279425657698612
653 149 0.33506569410312098123 0.33527742261195597751 0.43682068679325397609
662 158 0.33506339833483700374 0.33527369894460901101 0.43682169884325300346
663 159 0.33505707312115401431 0.33527201736969397539 0.43682047954185598826
677 173 0.33506306039864197643 0.33527334795956598157 0.4368176439250959775
664 160 0.33505532238195900874 0.33527304793328799315 0.43682070139419798549
664 160 0.33505508452735999203 0.33526973017563099777 0.4368143126120900277
664 160 0.33505099373711100252 0.33526499401565001968 0.4368060276025400035
669 165 0.33504850570431998769 0.33526553648321499868 0.43679772770024599682
667 163 0.3350430124584530267 0.33525613905762402522 0.43678115301498099399
670 166 0.33504195880387999118 0.3352489690048000015 0.43677124747243500913
662 158 0.33503161269524300847 0.33524363287326902627 0.43676622912476398275
650 146 0.3350299649473760244 0.33524049086870499892 0.43675958330582098643
659 155 0.33503292569321602157 0.33524121855876098941 0.43676060282627898745
669 165 0.33503002490558397852 0.33524014293481002591 0.43675301337569599758
646 142 0.33501908189099799396 0.33524004110523497602 0.4367437596120190002
673 169 0.33502223028743000066 0.3352335063366669865 0.43674109010030198741
670 166 0.33501714047914998851 0.33522776115660102292 0.43672970537474997688
676 172 0.33500738052211198603 0.33522406399127502308 0.43672388107554599435
671 167 0.33500490042829000892 0.33522376190625902126 0.43672663977160802729
668 164 0.3350046639674280069 0.33522084696052301123 0.43672097450424102183
667 163 0.33500198255332602759 0.33522299294231200362 0.4367194854828839734
678 174 0.33499930802602900792 0.33521524987548501073 0.43672054791773601279
678 174 0.33499543486030197714 0.33520789420343599652 0.43672495285233198237
671 167 0.33498996475257797334 0.33520135169764397887 0.43672560085350198289
680 176 0.33498466263207399285 0.33519279803061102774 0.43672667540112297679
682 178 0.33497979073180100817 0.33518688464313101116 0.43672643737056898727
669 165 0.33496925920739101246 0.33518193907136401011 0.43672229478751500853
669 165 0.33496459035100800694 0.33517885504707101152 0.4367095777656490041
682 178 0.33495827864843902288 0.33517457002540701483 0.43670884546549598726
669 165 0.3349531997238309744 0.33517852233812400753 0.436705037865706025
662 158 0.3349507385444350227 0.335179442941056005 0.43670017260254501146
653 149 0.33494708297082698145 0.33517592279948699163 0.43670047962906299865
651 147 0.33494201389329597562 0.33517384401395100557 0.43670556499565899022
649 145 0.33493715709349097809 0.33517015675172401323 0.43670557697663497931
641 137 0.3349318918760399999 0.33516968159813897987 0.4367049815596499851
648 144 0.33492964065877700586 0.3351597274954299932 0.4367062100727550078
654 150 0.33493362468986997982 0.33516188043587302747 0.43670597562768898037
641 137 0.33492958544651302288 0.33516261695758298167 0.4367116633404489745
630 126 0.33493036977361301254 0.33516373783824698895 0.43670558331377401506
642 138 0.33492709345987697889 0.33515722466057801254 0.43670739308585598826
633 129 0.33492946084576197263 0.33517064831985499129 0.4367139996736419949
634 130 0.33493403290110301818 0.33517539267627000088 0.43672300834334798481
630 126 0.3349348074524060026 0.33517551365454500978 0.43671839913662202637
624 120 0.3349361725450479832 0.3351788445686830209 0.43672296020542600292
624 120 0.33494657395130200683 0.33518921962332398623 0.43672838948155801031
631 127 0.3349581942063010187 0.33519174935593198938 0.43672380247671099829
622 118 0.33496076522393297692 0.3351956721261240002 0.43672534835777099271
631 127 0.33497176045914400788 0.33520465313278702268 0.43672974341307302382
620 116 0.33497594468189700878 0.33521058878084697419 0.43673705134759099877
619 115 0.33498773790696800834 0.33522154683699001421 0.436733496885983008
624 120 0.33499311616333499186 0.33522146215230097521 0.43673448007399801041
639 135 0.33500148304465499072 0.33522258527206399981 0.43673924082319998119
632 128 0.33500183171867298215 0.33522832639298499879 0.43675030298603201295
637 133 0.33500619504135897841 0.33523267714145099649 0.43675645747561497867
638 134 0.33500834700425802248 0.33523661622525502413 0.43676010624009797834
645 141 0.33501511013603602063 0.33524277009943898031 0.43676604981598099453
643 139 0.33501768418070798639 0.33524228226588898005 0.4367703943692600177
654 150 0.33502041022396500392 0.33524702852773502482 0.43676694980737601481
635 131 0.33502196686018997918 0.33525695822607698426 0.43677748956107997902
651 147 0.33503190837289198445 0.33526188528514100362 0.43677599735428701555
639 135 0.33503246556202898043 0.33526640065170498772 0.43677509298695599282
660 156 0.33503801747996997396 0.33526413359602402764 0.4367778368840969927
645 141 0.33503458565666199842 0.33526565517353901225 0.43678197185929601432
654 150 0.33503733407142599621 0.3352581246086939748 0.43677963382355600164
655 151 0.33503768897761199153 0.33525724245682497759 0.43678930228031997984
643 139 0.33503283222911800499 0.33525794804962399942 0.43678730564916101731
658 154 0.33503657303030298653 0.3352544578719530155 0.43678277593105102605
646 142 0.33502792169421097279 0.33525277447837997791 0.43678065317151798519
644 140 0.33502867070526898274 0.33525368527952298381 0.43677319952215498677
654 150 0.33503203287692601142 0.33525020765284202495 0.43676821174546198723
654 150 0.33503818978421900932 0.33525593639956902114 0.43676911422723802003
648 144 0.33503894308962001158 0.33525683939374700815 0.43676496668921199751
658 154 0.33503327511567398966 0.33524895244249802717 0.43676363103919002562
655 151 0.3350354199934310051 0.33524884322109699264 0.43676617497489400588
644 140 0.33503116658212400703 0.3352503504760619979 0.43676534636464997563
633 129 0.335026935772400003 0.33524966862640398491 0.43676435614214198511
638 134 0.33503127749798300439 0.33524997540182599476 0.43675859934785599137
653 149 0.33503621418641099661 0.33524608651398901671 0.43675644203274099908
663 159 0.33503234941785697831 0.33524000765288597403 0.43675271067078502707
661 157 0.33503348579364999882 0.33524070411585799034 0.43675697644851002588
639 135 0.33503424792916802755 0.33524980483508698414 0.43675739013676401212
637 133 0.33503979855424498302 0.33525512210542601776 0.43675995976499198958
644 140 0.33504432898048397416 0.33525763827762300462 0.43675941548934998915
638 134 0.33503905842996500875 0.33526496565533997485 0.43676239013814199819
645 141 0.33504139029710200415 0.33526447653275398553 0.43676648614767699108
647 143 0.3350411295756219876 0.3352647910494669925 0.43676769999804299083
641 137 0.335037697306912019 0.33526230754418501201 0.43676266725737000751
657 153 0.33504640124067702756 0.33526380982480402659 0.43676692647667397784
646 142 0.33504775900053401783 0.33526971848932302089 0.4367735895026220172
627 123 0.33504590932021699468 0.33527539677054501999 0.4367790257911620122
617 113 0.33505106539245299579 0.33528009057041002761 0.43677906402977101363
627 123 0.33505818689402300237 0.33528079691147300023 0.43678466981295399618
631 127 0.33507068194301498076 0.33529508936513802153 0.43679212716465698474
619 115 0.33508496374051199851 0.33531332002816499616 0.43679682527515700796
611 107 0.33508608321357302717 0.3353207962614139781 0.43679546875033697928
627 123 0.3350921811164930264 0.335319296587129001 0.43679736392790402544
627 123 0.33509948814160200881 0.33532537275202600746 0.43680311067940702507
622 118 0.33510639569186800868 0.33533925420870497325 0.43680340624357300028
623 119 0.33511609455783797351 0.33535053576438000889 0.43680954861580600923
621 117 0.33512201590858098355 0.33535221153837602159 0.43682065257979801887
633 129 0.33513367588199899361 0.33536068120781498125 0.43683281464364698277
625 121 0.33513621328306597569 0.3353615567190270097 0.43684740395517801526
620 116 0.33514590213541500807 0.33537040135757900661 0.43685834642850401854
624 120 0.3351517995410639994 0.3353724774104729911 0.43686387224391298734
637 133 0.33516025998765902605 0.33538296092703101525 0.43686910084549301914
630 126 0.33516454659696598428 0.33539520419371099402 0.43687846705944499703
627 123 0.33516764170220997299 0.33540646822845499031 0.43688565110223498422
629 125 0.33517055888787100626 0.33540715773964602242 0.43688587538366702168
626 122 0.33518142364974901071 0.33541738566551598799 0.43689846258879699858
645 141 0.33519483431965102493 0.3354292387157010169 0.43690934849589402322
636 132 0.33519791611981397672 0.33543765818231302545 0.43691480043234798281
630 126 0.33519644676780302461 0.33544093396489599312 0.43692048219209500548
641 137 0.33520710782321100352 0.33544420501851102134 0.43692504446926100359
647 143 0.3352179454010880133 0.33545523920197600765 0.43692537266240699667
634 130 0.33522362565397700873 0.33546524287462597957 0.43692539985329198471
621 117 0.3352301134550210171 0.3354714530006330242 0.43692563250842098022
621 117 0.33522881642710899985 0.3354743174343879919 0.43692085280143200254
633 129 0.33523189294176902742 0.33547220304156299964 0.43691259065854298749
625 121 0.3352338077965499874 0.33547365496564401921 0.43691062913989997529
626 122 0.33523809750665400919 0.33547571785359997509 0.43690937688345099499
646 142 0.33524852311635300328 0.33548139459460102341 0.43691438373188801192
638 134 0.33524305658897102234 0.33548745044010902516 0.43691625738708000926
631 127 0.33524020308440499738 0.33548513185456102503 0.43690986689875099813
644 140 0.33523993069568097658 0.33547148319307201758 0.43690660346023602045
658 154 0.33524241396322601583 0.33546779191331899117 0.43691541761230900942
640 136 0.33524113375566999551 0.3354751987114649725 0.43691643174586397569
656 152 0.33524978181142700562 0.33547848850207001581 0.43692305402798198299
658 154 0.33525067394403401666 0.3354795533542270225 0.43692575982560000192
644 140 0.33524463513167301887 0.33548280708711097908 0.43693107042432499654
633 129 0.3352441561822139815 0.33548744230045302039 0.43693314443837100169
644 140 0.33524961962618698985 0.33548592897545198577 0.43693058845773402599
646 142 0.33525547662198101895 0.33548837023851302286 0.43693630325262200476
655 151 0.33525618850261301729 0.33548349480347799956 0.43693889797840101963
643 139 0.33525113927280597581 0.33548714080550900984 0.43694068969277199965
659 155 0.33525578786349902183 0.33549002219121298873 0.43693577592716198454
650 146 0.33525867323821001431 0.33549743002347498511 0.43693712304563797622
645 141 0.33526135860715600145 0.33550026281407802076 0.4369388392554670042
654 150 0.33526505259099098621 0.33549039902623800646 0.43694469768363197737
637 133 0.3352590171409209896 0.33549223490873997244 0.43694215777171302451
651 147 0.33526506827455798687 0.33548973751677602095 0.43693839817660301561
650 146 0.33526455959353701486 0.33549756152907000972 0.43694280645390698448
655 151 0.33526744110102602026 0.33550421828217297238 0.4369389234515739795
653 149 0.33526913131218899489 0.33550825889495500265 0.43693796816487301404
646 142 0.33527023795304400355 0.33551169657490798048 0.43694612431740598169
649 145 0.33527352557236500541 0.33551177683881300284 0.43694945632430798321
641 137 0.33526355162122600806 0.33551188812746901569 0.4369545332319780262
630 126 0.33526604720942698723 0.335517097244386997 0.43694929206391902587
624 120 0.33526535724729300547 0.33551833675350900554 0.43694903637448501144
632 128 0.33526902404640501754 0.33551184420590401958 0.43694883556441299621
628 124 0.33526556128267298584 0.33551489557145497411 0.43695116000716699434
640 136 0.3352660641824319887 0.33550983400898898301 0.43695083457857397669
635 131 0.33527429291478499929 0.33551383738039597393 0.43694739435965701535
650 146 0.33527814109150499977 0.33551193863028100361 0.4369400260256239843
649 145 0.33527626483102301869 0.33551161301016901861 0.43693541999166501943
655 151 0.3352745739735110142 0.33551030428945999295 0.43694209594662197782
643 139 0.33527210993133699235 0.33551153561758900734 0.43694104460724098038
642 138 0.33527598368864597322 0.33551119858649097738 0.4369379793851019822
643 139 0.33527625835612601124 0.33551700734688000294 0.43694322543779401391
653 149 0.33527101605170100962 0.33550798247143398534 0.43694069322700201941
655 151 0.33527049066279002165 0.3355123943972119771 0.43693904764487001557
647 143 0.33527650718771001559 0.33552331833364301694 0.43694021993903497947
642 138 0.3352779893462110028 0.3355253414779820198 0.4369373010703920257
659 155 0.33528220008713699452 0.33552679897726300773 0.43693676889858901191
655 151 0.33527519999412197516 0.33552450799225902456 0.43693485410468102526
652 148 0.33527888394347798995 0.33552596519006799847 0.436929910810084976
651 147 0.33527819047238699435 0.33552741416956100018 0.43693073297638601593
645 141 0.33527257158584200525 0.33552907692916200677 0.43692843208516801701
652 148 0.33527289110765601254 0.33552581347938198464 0.4369269128838250138
642 138 0.33527596825787997492 0.33553060618199098686 0.43692638806421701947
653 149 0.33527451046436601567 0.33551962425360798425 0.4369205771025629903
644 140 0.33526811307241999316 0.33551672179347702407 0.43692326617961602109
647 143 0.33527274704163501085 0.33552232696588801808 0.43691673686335802396
664 160 0.33528269023048701269 0.33552655313949697469 0.43691782115772298534
653 149 0.33528377613583398853 0.33553450509687299252 0.43691727805380498051
636 132 0.33528466713505700181 0.3355426334816369871 0.43691562476436202056
644 140 0.33529008787658498569 0.33554368895860497979 0.43691729974276000137
661 157 0.33529648304091702604 0.33554654874915701424 0.4369200296867870037
666 162 0.33530288672981800602 0.33555076058562299801 0.43692092908927399053
677 173 0.33530415975007998863 0.33554926428118098114 0.43692686665679097979
655 151 0.33530564774425197783 0.33556014822567598044 0.4369293131660200169
643 139 0.3353047817556230048 0.3355613788636340189 0.43693288553731202128
651 147 0.3353074493423959801 0.3355608727211469855 0.43693109084111297902
659 155 0.33530260955627799735 0.33556037855615000742 0.43693010509225599369
659 155 0.3353027123986910274 0.33555667877519801401 0.43692828600230199099
645 141 0.3353033980222669963 0.33556559215944298247 0.43693087670463998107
651 147 0.33530409738455901891 0.33556211840619798448 0.43693459507995602298
647 143 0.33529946222306500347 0.33556613623560199722 0.43693467781416500673
660 156 0.3353023014523580092 0.33556621605731901115 0.43693319398870800185
651 147 0.33529080993890297835 0.33555740960785901406 0.43692875862434399359
651 147 0.33528424792134498 0.33554783367924301274 0.43692565558150397997
676 172 0.33528886636614702033 0.33554044169674901443 0.43692710490883202024
670 166 0.33528640309926199814 0.33554761039713298931 0.43693045139367298058
661 157 0.33527864927860001609 0.33554610584844501986 0.43692804783966199267
675 171 0.33527561309013598212 0.33553556351129498747 0.43692411702474398538
668 164 0.33527410933731599529 0.335543679790401006 0.43691907483948899671
662 158 0.33527304886638498171 0.3355435453417640046 0.43691711729854199042
649 145 0.33527554159861899796 0.33554496559947100121 0.43691481138443399868
670 166 0.33527916286732400986 0.33554111722487700575 0.43691355286549299342
667 163 0.33528007542894699977 0.33553605263882302356 0.43691590298800997427
657 153 0.33527565718180102339 0.33553748121545501348 0.4369127093868629963
654 150 0.33527400202147200625 0.33553735558539699024 0.43691016540307198168
637 133 0.33527293563524501741 0.3355427043641689977 0.43690274372488102639
650 146 0.33527206676846499356 0.33553611657714499383 0.43689970758887097801
658 154 0.3352760626148890144 0.33554346283824698638 0.43690621229497800249
651 147 0.33527383747611300135 0.33554373925313901728 0.43691071808964199175
643 139 0.3352764931167250273 0.33554731435352097568 0.4369077679427250116
639 135 0.33527817278737398476 0.3355471639486130031 0.43690463583938199399
649 145 0.33527924704169898007 0.33554823726538002271 0.43690704124265500319
643 139 0.33528267169231901201 0.33555298273089501082 0.43690971449260901371
661 157 0.33528806886603701454 0.33554914008796399294 0.43691731949607998109
649 145 0.33528446514821802493 0.33554702777390499335 0.43691501552498301919
656 152 0.33528359232988097505 0.33554495903974201898 0.43691210995068702205
654 150 0.33528564615426398321 0.33555209704606997478 0.43690822948391100367
640 136 0.33528537099266397803 0.33555764707522500734 0.43690706896462899733
660 156 0.33528584211903500467 0.33555401162162701301 0.43690640231976102248
639 135 0.33528068383274300945 0.335555828510546994 0.43690717040137599936
654 150 0.3352800055879989749 0.33554826646401497703 0.43690512940171200018
647 143 0.33527992816164997603 0.33554753252685098897 0.43690701516084201605
659 155 0.3352735547949710071 0.33554076234117802269 0.43691055101015902062
660 156 0.33527090734652797988 0.33554024241521701599 0.4369086900776529836
655 151 0.3352714246993510061 0.33553755118033201654 0.43690376873626202148
659 155 0.33526959563714198165 0.33553175885178299076 0.43689766055426199065
665 161 0.33526227168980299309 0.33552263867342102532 0.43689542049213697661
663 159 0.33525239423253500037 0.33551802029185601173 0.43689086794849302242
661 157 0.33524567480520800489 0.33550927936685698283 0.43687848966962800068
643 139 0.33524052948122601281 0.33550874919729900547 0.43686615208875800853
647 143 0.33523714735020199162 0.33550081500577000337 0.43685970690983899622
678 174 0.3352401894390519832 0.33548602840646102319 0.43685052743676600073
659 155 0.33523171419142600014 0.33548432509460901496 0.43685318660904398635
657 153 0.33521894698955001513 0.33546500887038099847 0.43684842202393298072
666 162 0.33521536336360302499 0.33545197864329601156 0.43684054867392702048
676 172 0.33521038984144102546 0.3354448377292050254 0.43683758579646897457
670 166 0.33520074259073201484 0.33543984340676902267 0.43683574192650798107
670 166 0.33520188037531700731 0.3354277799820900019 0.43682989091904200762
666 162 0.33518871105970499125 0.3354178900322590251 0.43682978315764497967
671 167 0.33518865638140898922 0.3354097645980079756 0.43681879051510502654
669 165 0.33518567186663700275 0.33540438171716302485 0.43681720954084002351
665 161 0.33518327340467701791 0.33540193660611500315 0.43681456881105801271
672 168 0.33517479554893098159 0.33539324592302699468 0.43680610408813802525
667 163 0.33517004932083499513 0.33539257081598300436 0.43681019846600399603
661 157 0.33515752280704702581 0.33538155255934598564 0.436808185580279007
671 167 0.33515432941799599975 0.33537541377284002531 0.43679993070440598091
680 176 0.33514255120168301438 0.33536381910822399277 0.43679732830769002483
678 174 0.33513625086301201961 0.33535845538185798942 0.43678819987875799891
678 174 0.3351324805311289845 0.33535582654760198729 0.43678413748993399901
683 179 0.3351310526886079888 0.3353508508620759998 0.43678513887255399073
663 159 0.33512437438719600014 0.3353572099285390129 0.43677963960621402073
655 151 0.33511534784327101644 0.33534634694749698713 0.43676828100569498048
653 149 0.33510710715136299287 0.33533727375962801842 0.436755013834416006
664 160 0.3350988378748430141 0.33533252788541001443 0.43675039151931899228
661 157 0.33509019210159202151 0.33532951287703299803 0.43674688232063202387
665 161 0.335085071638464016 0.33532377864996898431 0.43673375525329799496
662 158 0.33507742114795902033 0.33531646753470101263 0.43672526606952100092
674 170 0.33507424212061098778 0.33531133163314602585 0.43672107414344801812
658 154 0.33506836199730599679 0.33530633770904300084 0.43671481499317699182
656 152 0.33506538383616601973 0.33530292300877201361 0.4367098532977140013
658 154 0.3350629901681320133 0.33530226199914997531 0.43669845637598597721
665 161 0.33505884659601498088 0.33529261958674799748 0.43669220319790902352
663 159 0.33505394035909602524 0.33528962751352697769 0.43668886184575500531
648 144 0.33504297636542901273 0.33529031173046297543 0.43667976340632502774
663 159 0.33504524761493598151 0.33528946735371600862 0.43667862821798697492
657 153 0.33504070336705399358 0.33529288484297498085 0.43667872669435497945
640 136 0.33503716117305498701 0.33529531249615601718 0.4366812902260879814
648 144 0.33503555543357399493 0.33529134721256698137 0.43667423111015402082
649 145 0.33503645039683599416 0.33529651010443600745 0.43667593230153300965
635 131 0.33503582756587302338 0.33530343217258801181 0.43667439996907897459
648 144 0.33503984615141002568 0.33530413436507100489 0.43667328312277797764
640 136 0.33504581275745598523 0.33531629953871999739 0.43667974603087800212
631 127 0.33504750430513702275 0.33532554876301001734 0.43668420362288201675
628 124 0.33505619142520198794 0.33532989299959997664 0.43668444500645797746
642 138 0.33506408034995299738 0.33533466885243201627 0.43668576533711200849
635 131 0.33506886919172401695 0.33534799912071999728 0.4366935890345189919
632 128 0.33507793959050902188 0.33535722445762600197 0.43670029864437898137
621 117 0.33507862851680997318 0.335367211093004991 0.43670661359814000324
629 125 0.33508846271135800388 0.33536883457240501683 0.43670963674183499448
623 119 0.33509366582917898825 0.33537437596218699909 0.43671339982475798625
604 100 0.33509653684697598974 0.33538027076174398156 0.43671498934722302598
630 126 0.33511083648522499434 0.33537901153943300292 0.43671521687480602258
621 117 0.33511584275036099267 0.33537946396055501319 0.43672424581968499746
633 129 0.33512024421095798488 0.33537489272040998944 0.43672741516140800577
633 129 0.33512384605835998652 0.33538158275422397248 0.43672879738351599865
637 133 0.33512667667988699227 0.33538692939637998469 0.43672660149026698573
632 128 0.33512390279391901515 0.33538624498732100276 0.43673042448282800576
635 131 0.33512694303661400008 0.33538691977725598736 0.43672975678522601983
633 129 0.33512881365173302628 0.33538933269700199613 0.43672712373480998549
645 141 0.33513261571237601411 0.33538611897255898864 0.43672218201745799382
636 132 0.33513370285922600145 0.33539572069628997841 0.43672489397787001009
634 130 0.33514080689644099031 0.33540239738456101293 0.43672428085918002516
642 138 0.33515003470921900242 0.33540948030209200015 0.43673189914290999614
636 132 0.33515577807703200719 0.33541887605100700886 0.43673882368243799323
641 137 0.33516190272634099889 0.33542440208029300486 0.43674449388086600266
636 132 0.33516649101547502099 0.33542933071052599692 0.43675148798228502489
647 143 0.33517491867569898512 0.33543425791430497851 0.4367640651774850058
657 153 0.33517484705470901307 0.33543321087740701758 0.43677421546939498853
648 144 0.33517710350844398537 0.33543832372327297975 0.43677737052363202475
646 142 0.33517838675999001019 0.33543936860748702067 0.43677622319138897922
654 150 0.33517463231541499979 0.33543248362451599798 0.43677259044438199176
659 155 0.33517900437012398962 0.33543177583968597499 0.43678105540248801653
654 150 0.33518028678805600329 0.33543436844374802108 0.43678699955557898083
659 155 0.33518234323125800644 0.33543660375608197466 0.43679167789794598464
670 166 0.3351841918318659852 0.33543670383440299387 0.43680211712220501363
680 176 0.33518331905044501662 0.33543543735255898497 0.43680457152789797792
690 186 0.33517666216974700832 0.33543461178174399651 0.436810371804907005
662 158 0.33516500396166298836 0.33543389694568997994 0.43681106769053601457
661 157 0.33516685405611501558 0.33543122893962601383 0.43680347518680201491
667 163 0.33516734725078400903 0.33542975844685002373 0.43679897025258501708
655 151 0.33515916865183198459 0.33542596475335001438 0.4367954660542689993
657 153 0.33515468450459101613 0.3354128900036679739 0.43679767261956498059
647 143 0.33515250265123297524 0.33541024517049300435 0.43679045580916397995
646 142 0.33514839300018500756 0.33540337022547900281 0.43679213630606300578
645 141 0.33514486039737301226 0.33540173931572997423 0.43678951081047701077
649 145 0.33514556945882201244 0.33539873375151202373 0.43678586738641800302
658 154 0.3351524270049819898 0.33540947848713298374 0.43678316708400899415
652 148 0.33514752800280700473 0.33540898461290802324 0.43678426521454000175
654 150 0.33514321231701399428 0.33540715953765898316 0.4367880452546090142
658 154 0.33514932925790197338 0.3354064610451050199 0.4367869729062189843
658 154 0.33514212170335699881 0.33540134528868797981 0.43679002619113599382
644 140 0.33513378428468698633 0.33539621662513602329 0.43678837837074302453
650 146 0.33513294344974797756 0.33539302780278601457 0.43677990966396401662
648 144 0.33512998027331697415 0.33539506446556899277 0.43678088425800498662
656 152 0.33513126563389500356 0.33538682918649798115 0.43678375045511197428
658 154 0.33512446578212301551 0.33538057657696601632 0.43678178206537998651
668 164 0.33512171124681700007 0.33537025013550397778 0.43677966469286999551
657 153 0.33512033505829502689 0.33536375807531498827 0.43677823590288500366
662 158 0.33511794750856999103 0.33535746908386598886 0.4367781001237530103
646 142 0.33511500137506100572 0.33535733992533200976 0.43677579810699801444
647 143 0.3351112600418090226 0.33535569438906998041 0.43677589857495102699
655 151 0.33511100738758997641 0.33534457586084798209 0.43677303613906198754
660 156 0.33510999597979002074 0.33533812069521301558 0.43677135693987700904
656 152 0.3351035814604810259 0.33533475496487097356 0.43676474709208501501
661 157 0.33510199085106001649 0.33532694637338800181 0.43676404237324001345
657 153 0.33510001068069900088 0.3353264691790139862 0.43676036015624697395
658 154 0.33509552246540902365 0.33532504752475300602 0.43675554394063098584
663 159 0.33509702212277797662 0.33532014262948900418 0.43674667053156401852
652 148 0.33509466585159697338 0.33532158979627302298 0.43674091873790799045
646 142 0.33508826190500801134 0.33531435251264002373 0.43672991308511699415
658 154 0.33508607957148600631 0.33530869045468497669 0.43672587697134601648
649 145 0.33507235475094598876 0.33530301971726400589 0.43672142386991297247
647 143 0.33506866539371699121 0.33529638614293599819 0.43671726777103997419
653 149 0.33506629666006099155 0.33529206678299700028 0.43671514502532299273
647 143 0.33506142599627097844 0.33529294298105299932 0.43670227801063798978
659 155 0.33506272329606801019 0.33528612358996301435 0.43669374421052098434
648 144 0.3350590372910379755 0.335281593842302994 0.43669305110972500561
652 148 0.3350660982872920024 0.33528612932162998872 0.43669196412599298185
650 146 0.3350679617019790002 0.33528969653182399968 0.43669235152976698666
656 152 0.33507038877447997693 0.33529520666552398156 0.43669156956866400643
656 152 0.33506957547218402249 0.33529358847770401875 0.43668610781540001531
660 156 0.33506818334973997864 0.33529043771043898214 0.43667821684315499819
675 171 0.33507003339951002552 0.33528766763153400321 0.43667792037844599395
660 156 0.33506309074670898029 0.33528353872915700462 0.43667332724008400824
655 151 0.33505326787543698863 0.33527153562889799865 0.43667013901576401391
645 141 0.33504035833112499887 0.33526260712405897557 0.43666037759742698521
663 159 0.33503915523228600115 0.33524926179310898799 0.43666091114574701049
665 161 0.33503411051060999482 0.33524515415044198186 0.436663642026858978
650 146 0.3350269610803219833 0.33524680104697301974 0.43666288161705502091
659 155 0.33502691120147298776 0.3352436602714570224 0.43665773546556801987
667 163 0.33502146164700097319 0.3352420581287690049 0.43666055094433897654
661 157 0.33501469683092899299 0.3352392884304429832 0.43666054510555502022
663 159 0.33501118343050101389 0.33523516533599700962 0.43666333924968098179
667 163 0.33501650392739701356 0.33523796367426400566 0.43666894374641401777
669 165 0.33501414120951800157 0.33523904455822800541 0.43666852353896801198
644 140 0.33501103488776001749 0.3352483608904329726 0.43666688424435601279
651 147 0.33500753563456497908 0.33524272542880201309 0.43666865908156399234
651 147 0.33500309200358702189 0.33523747394730901705 0.43666978947074497341
638 134 0.33500571763483300014 0.33524600206010601866 0.43667098089282502249
631 127 0.33500224078672602435 0.33524285267332598615 0.43666566275088697369
634 130 0.33499970701523701377 0.33523894297872197656 0.43666747312943099413
641 137 0.33501171478065000509 0.33524882957315299548 0.43666874095359797803
643 139 0.33501224726535100418 0.33524355465553301592 0.43666964839184002622
653 149 0.33501699162630599327 0.33524367982029501523 0.43667286090522899888
659 155 0.33501980532827102532 0.33524840909998998573 0.43667330606343601751
645 141 0.33502128937165498446 0.33525347608067102012 0.43667250595712797656
641 137 0.33502603628529797897 0.3352558714588200206 0.43667912156359300901
635 131 0.3350296428508010016 0.33525654281821698488 0.43667743092918898107
626 122 0.33503762643023798917 0.33526639691441101343 0.43667523190861101678
637 133 0.3350469474811679782 0.33526706650629300999 0.43667674778901499621
647 143 0.3350585398005049842 0.33527481853103902054 0.4366790475738340227
642 138 0.3350663325326039832 0.33528122423747197534 0.43667776629264298816
627 123 0.33506932496459501669 0.33528952564613201393 0.43667803731763998876
637 133 0.33507556786983000441 0.33529385094192898364 0.43668120392086101633
643 139 0.33508162283596998332 0.33529643663162500555 0.43669279100232100133
643 139 0.33508480979187199589 0.33529978770994600668 0.43669937525559698877
653 149 0.33509256908200402147 0.33530466988172802356 0.43670176259407200714
649 145 0.33509442439581899054 0.33530436797624002532 0.43670733864128902235
646 142 0.33509569406758399346 0.33530675154467698418 0.43671427359488201869
632 128 0.33508684283478701316 0.3353058895710629983 0.43671398989790999323
634 130 0.33508297879268400532 0.33529930803863200461 0.43671571914008100457
647 143 0.33508176365013697673 0.33529252939204801098 0.43671801365357099112
638 134 0.33507809028124502237 0.33529052352334598464 0.4367177693919759851
640 136 0.33507726892452499579 0.33528698776726101327 0.43671383467661101241
647 143 0.33507261112637698464 0.33528212497917997403 0.4367096835898149898
640 136 0.3350731244628020189 0.33528642700142802235 0.43671883298757402381
655 151 0.33507305037300100237 0.33528080078528699204 0.43671786767882397884
653 149 0.33507315013068100784 0.33528988595157699359 0.4367203176119450192
634 130 0.33506775874035699125 0.33529822077733301144 0.43672231382097698171
636 132 0.33506732296238500579 0.33529660679674999635 0.43672546682659801887
621 117 0.3350611583709319774 0.33529937474825599608 0.4367277570422439803
630 126 0.33507312023498297959 0.33530597057625799451 0.43672949785575698733
648 144 0.33507953100248899503 0.33530416088802000862 0.43673387780704098216
652 148 0.33508098567573002535 0.33530598066362898857 0.43673706003180901014
638 134 0.33507900692666997555 0.33531869214635900978 0.43674294328767698792
650 146 0.33508826279682801808 0.33532565848548800957 0.43674594247778397715
645 141 0.33508873994741500413 0.33533567145999698678 0.4367528147864199739
647 143 0.33508792781077900713 0.33533348890715197754 0.43675548024834298655
646 142 0.33509186590113099191 0.33533930989659499478 0.4367624645297260022
646 142 0.33509027283478598491 0.33533997958645200832 0.43676339017173398949
648 144 0.33509173945108500225 0.33533988564404998423 0.43676596089950298074
651 147 0.33509071191516698329 0.33534093845230600328 0.436767384866120989
653 149 0.33509351739114301427 0.33534103606815601761 0.43676724249953202683
646 142 0.33509594853494600875 0.33534322104345298809 0.43677109836184702107
663 159 0.33510386888161397545 0.33534523101377400334 0.43676870391842398389
645 141 0.3350961944571270168 0.33535162978657301336 0.43677316555703399326
635 131 0.33509707322259602025 0.33535952472739799513 0.4367669324891529925
649 145 0.33510291393074798094 0.33535714693667201258 0.43676545175391501274
646 142 0.33510683816739800234 0.33536619839746401039 0.43676370243670398219
632 128 0.33510069996826402638 0.33536686335778198575 0.43676523669491901236
630 126 0.33509967844172899865 0.33536713474338597507 0.43676667528256402084
643 139 0.33510759022288200137 0.33536912552440700797 0.43677034310370999037
639 135 0.33511037723296899227 0.33537454375246600335 0.43677308542904097477
647 143 0.33511542552990397636 0.33538302976882000683 0.43678359888084000717
642 138 0.33512067246644500207 0.3353945403593909802 0.43679175612817600083
637 133 0.33512328985707001694 0.33539404561389202231 0.43679572631211799338
629 125 0.33512531526820199534 0.33540021551077997541 0.43680330936679001574
631 127 0.33512488540448098773 0.33539306008569197415 0.43680164532662102417
643 139 0.33512615861385902649 0.33538688067792998826 0.43680707322822698302
648 144 0.3351287401220809925 0.33538714877142500326 0.43680903806689197477
643 139 0.33512849164537500402 0.33539067083132001468 0.43681339578503297627
635 131 0.33512823097215699297 0.33538709362973201378 0.43681051043579399717
642 138 0.33513099879731700348 0.33539137923252398954 0.43680745846482799122
647 143 0.3351360490579660123 0.33539698749023499902 0.43680713070333498926
643 139 0.33514263938192800918 0.33540296228325700012 0.43680604038833897862
635 131 0.33514616681311898416 0.33541464303905299538 0.43680921757788698789
636 132 0.33515120339033399599 0.33542194039931799709 0.43681093150263800018
637 133 0.33515664782454801518 0.33542430086220498264 0.43681033837468302705
629 125 0.33516074365360198906 0.33543368157524700024 0.43682345398400401759
635 131 0.33517186382834801561 0.33544097668610400875 0.43682771261589598
635 131 0.3351789967444960272 0.33544349556704500248 0.43683288929210800644
632 128 0.33518384995386402148 0.33545422410726699614 0.4368413432422340037
632 128 0.33518719301707700087 0.33545944210825900944 0.43684641775271199071
638 134 0.3351922310579539821 0.33546179523725899729 0.43685930639221698391
635 131 0.33520030010893997474 0.33547211335799498322 0.4368680866258879969
646 142 0.33520400450533299752 0.33547028725693400775 0.43687258072573798007
626 122 0.33520318435306600824 0.33547412787867597617 0.43687556405123900705
635 131 0.33520765546088199249 0.33547535471582001776 0.43688137489191397611
634 130 0.3352121253089099806 0.33547864309801700422 0.4368895428468210218
633 129 0.33521013324256898613 0.33547793960856098217 0.43689388523741201631
632 128 0.33521688265941901319 0.33548389297322700475 0.43689786233927202508
625 121 0.33522249458983599535 0.335491736887535974 0.43690521096535400725
619 115 0.33522791144460600821 0.33549652788217299015 0.4369059510050959938
644 140 0.33523764867747002372 0.33549793758351798001 0.43691712588563397235
629 125 0.33523777630816797846 0.33550121613149397337 0.43692395315691501256
637 133 0.33524488803340202203 0.33549956060030100558 0.43693066844707001417
641 137 0.33524138737147302081 0.33549851044656198162 0.43693491805811601747
641 137 0.33524318724510998591 0.33550198910163298027 0.43693363098823900792
622 118 0.33524576354333801564 0.33551151123849198843 0.43693378228737400626
638 134 0.33525475198026299939 0.33551119589389100106 0.43693590044399199801
631 127 0.33526318057861698163 0.33552223758674698528 0.43694192059302700004
646 142 0.33526649376315598161 0.33552081169390801652 0.43694937638051301043
637 133 0.33526226212473497768 0.33552107753902599141 0.4369494039388279738
642 138 0.33526633471175298906 0.33552323225884800317 0.4369548881773400173
646 142 0.33527152982232300005 0.33552821939612698099 0.43695391888366097444
650 146 0.33527332323084002574 0.33553094353132500993 0.43695305709710102748
648 144 0.33527077647103797897 0.3355293009957939776 0.43695485127611899401
652 148 0.3352654076361399893 0.33552067082111297625 0.43694895982874698559
655 151 0.33525947056791999268 0.33551280037586300731 0.43695125182224797689
656 152 0.33526051828947101008 0.3355149581333640163 0.43695223373312702675
653 149 0.3352611696242980277 0.33551670149077300609 0.4369504108045649815
671 167 0.33526769233537700998 0.33551014023212100135 0.4369450872535590169
677 173 0.33527005391774900023 0.33551306165198702125 0.43694893740293200279
679 175 0.33526165996072998521 0.33551147519228097238 0.4369411269671080178
665 161 0.33525516259313098422 0.33551039647722802339 0.43694122203655899606
656 152 0.33524718185503199486 0.33550424202374601323 0.43693835106299799831
653 149 0.33523917081622400804 0.33549484420450997879 0.43692890847153997846
658 154 0.33523739157767601382 0.3354898153227239832 0.43692106455481299898
652 148 0.3352335527690810113 0.3354836371746809931 0.4369179975137609806
661 157 0.33522858383877002231 0.33546973586980299853 0.43691001719876398912
665 161 0.33522416891621498181 0.3354656767428890185 0.43690278341564597886
667 163 0.33521635315338299543 0.3354578250379849913 0.43689367345731600079
666 162 0.33520837243571799391 0.3354460035445689936 0.43688179292482698379
662 158 0.33520057701767702607 0.3354425187100369965 0.43687345453402098849
674 170 0.3351948360958200146 0.33543601986878401888 0.43687202454228601933
671 167 0.33519174553032499153 0.33543572727161202751 0.43686600069018199921
664 160 0.33517906309608297422 0.33542411235665398062 0.43685819492433797251
684 180 0.33518198807290899843 0.33541740064233499519 0.43685840544143200725
689 185 0.33517891004009098266 0.33540880496013497636 0.43685969697479698493
685 181 0.33516831385659601183 0.33539701635625601694 0.43684746571953397831
674 170 0.3351584589658250235 0.33539030448128298589 0.43684437849434698542
670 166 0.33515180225458401919 0.33538757518997902585 0.43683721755209897752
673 169 0.3351483516357550152 0.33538542566109902365 0.43683135032909697903
688 184 0.3351460124913789862 0.33537665807053801403 0.436831106594480989
671 167 0.33514368017174400727 0.33538522031213602315 0.43682931167355898427
664 160 0.33513928350727800742 0.33538587547465298355 0.43682354900525999231
667 163 0.33514222295928097761 0.33538936136787000919 0.43681987064335098259
663 159 0.33513706844885099434 0.33538471963772198414 0.43681881459440602411
666 162 0.33513511684123198364 0.3353838770236520217 0.43681695415291998952
663 159 0.33512845587859801944 0.33538113776763200935 0.4368117219356800196
654 150 0.33512369874249497981 0.33538350380436698916 0.43680203911967702135
648 144 0.3351193147602909983 0.33537602979029401684 0.4367901451149530101
643 139 0.33511849730515297363 0.33537932131943098968 0.43678543409328901559
663 159 0.33512443789584900333 0.33537924388182699387 0.43678525528769801545
657 153 0.33511986077465699685 0.33537857807330501148 0.43678378682388002696
647 143 0.33511961010686902585 0.33538317482861501606 0.43678110374531797788
658 154 0.3351174502975989844 0.33538138759699398506 0.43679139935737698597
649 145 0.33511023633560899082 0.33537976921327200541 0.43679179323457101303
659 155 0.33510848015120997534 0.33537573799163900024 0.43679834048875298969
653 149 0.33510107196237298721 0.33537771323338899654 0.43679931618120898529
657 153 0.33509352198752900831 0.33536654107771002309 0.43679369917255500555
644 140 0.33508593549414300572 0.33537152409457399171 0.43679788018457199605
648 144 0.3350841897160120042 0.33536937229345098466 0.43679632735669798871
651 147 0.33508318404144299407 0.33537041283803198377 0.43679794025859497442
654 150 0.33508632425079498685 0.33536899344100401521 0.43679805766792401123
639 135 0.33508891278408697856 0.33537621967618602703 0.43679527594727601825
652 148 0.33509147097872599153 0.33537538376429898435 0.43679764528921699585
650 146 0.33509159874628102749 0.33537470935010199602 0.43680101352498901246
642 138 0.33509136140197398612 0.33537629425825599139 0.43680550944207902075
660 156 0.33509618845359800954 0.33536925556613200738 0.43680499504708497627
648 144 0.33509892664278301266 0.33537871103471900147 0.43681145192651099629
638 134 0.33509907413843698087 0.3353829407746919955 0.43681503579302299878
635 131 0.33510632317639799105 0.33539052502544397516 0.43682400720334302324
646 142 0.33512126878760700732 0.33539642956795601147 0.43681966063539101608
639 135 0.33511951794914102143 0.33539706659191698135 0.43682583378090900084
658 154 0.33512451050722097401 0.33539454492355502691 0.43682977877733197847
637 133 0.33511433226566900156 0.33539744915760200117 0.43682679992871598085
656 152 0.33511330014929102683 0.3353941736738790258 0.43682560843111001292
654 150 0.33511266877831602518 0.33539820869185499319 0.43682656459530799786
648 144 0.33511448409693400663 0.33540090873602501631 0.43682853773267898978
650 146 0.33511440823318400239 0.33540475668485997263 0.43683841078973800753
642 138 0.33511940619421298759 0.33541346300823798865 0.43684749318570698096
635 131 0.33511727838898497378 0.33541673222929202502 0.43685516601501100942
620 116 0.33512863658336300432 0.33542838649048301036 0.43685530466080502165
628 124 0.33512873162891998469 0.33543185524786700569 0.43686928946039599309
632 128 0.33513108311600098288 0.33543493207607999462 0.43687369124264202602
636 132 0.33513063791858099805 0.33543313808649899421 0.43688032078276101133
634 130 0.33513503507746400523 0.33544558636623300618 0.43688740346611298904
634 130 0.33513906407455701375 0.33545258687226797711 0.43689393939381698795
655 151 0.33515336429068098845 0.33546052705430201568 0.43690168291156400437
653 149 0.33516898786677501443 0.33547913040188998002 0.43691074238137700414
643 139 0.33516590706494697738 0.33548726025079600443 0.43691464474587499156
637 133 0.33516958415289999085 0.33549332417464899914 0.43692081106489299991
651 147 0.33517326334518898756 0.33548929742522398678 0.43692971129987601131
635 131 0.33516536166383498196 0.33548768596701000755 0.43693207128965799724
653 149 0.33517274996409401888 0.33548738505394598564 0.43693272727056597926
646 142 0.33517101287850797897 0.33548426176583900915 0.43693287683199200089
641 137 0.33517674268260899684 0.33549313672635799888 0.43692984289894998273
647 143 0.33518113827603301935 0.33549469089895300744 0.43693000665998599219
648 144 0.33519041581904202021 0.33550300137393501698 0.43693320793893797305
637 133 0.33518568080329602665 0.33550306737442597838 0.43692931343652602338
627 123 0.33518279247224702644 0.33550987008018501312 0.43693348778265100885
650 146 0.33518735362978901993 0.33551240135331900083 0.43693528197734599061
648 144 0.335188023870139018 0.33551565099409802473 0.43693882625146901466
656 152 0.3351939020348549958 0.33552659223686298606 0.43693773517652301219
653 149 0.33518521937557599344 0.33552836123548901437 0.43693670998028899533
660 156 0.33518343656003002362 0.33553049457393702149 0.43694210328623100947
647 143 0.33518485373883599721 0.33553651433672998516 0.43693801595062597976
649 145 0.33518382749729497272 0.33553919853047997623 0.43693844180599700211
647 143 0.33517983390981598291 0.33553739552614397779 0.43693956820511997696
653 149 0.33517452050379797912 0.33553392101489298849 0.4369399584553340099
651 147 0.33517108842111698053 0.33553361801001801989 0.43694159204900201443
662 158 0.33516692031702599586 0.3355277443847839991 0.43693968172637498437
648 144 0.3351646140896660242 0.3355313409131380209 0.43693402626992200455
666 162 0.33516380055487599021 0.33552209377969299808 0.43693618639175002549
664 160 0.33516038418888599582 0.33552349656324198524 0.43693965914827997965
652 148 0.33515473131474998736 0.33552374719607097608 0.43693868938308300098
657 153 0.33515672430790099945 0.33551858169495502038 0.43694098638165201898
644 140 0.33516114080185899216 0.33552853784486197375 0.43694450855217598084
643 139 0.33515605151537902762 0.33552132424496899921 0.43694039503453901974
648 144 0.3351578289170630276 0.33552100500201498257 0.43693673310214997674
641 137 0.33515610913637400303 0.33551452278659998907 0.43693883661188898104
652 148 0.33515510145287402688 0.33551518972183802525 0.43693773191626400498
653 149 0.33515318021153100991 0.33551378315849200717 0.43693711552968200751
656 152 0.33515273730815897668 0.33551442442251999676 0.43693197854519000289
649 145 0.33515099781839202686 0.33551541844787302615 0.43692455588297701707
658 154 0.33515726456039601766 0.3355153060196670034 0.4369223538656630268
656 152 0.3351512345849290142 0.33551295598364699879 0.43692316536086200918
646 142 0.33514838675118702183 0.3355147028847709767 0.43691778943353098974
660 156 0.33514776098827997464 0.33550976743180499495 0.43691586829626000155
643 139 0.33513766357705898624 0.33550366582034202301 0.43691415102879699317
649 145 0.33513703345476197892 0.33550656238869802639 0.43691624102857101741
649 145 0.3351388197601359864 0.33551035807592000104 0.43691595626096102478
649 145 0.33513650875720502054 0.33551060996837300809 0.43691467551657497959
661 157 0.33513607786589599824 0.33550287042851101305 0.43691874857811202615
667 163 0.33514363059666002487 0.33550310514634501535 0.43691853131978097835
660 156 0.33514284059011600903 0.33550055807505801964 0.43692188837313999938
653 149 0.33513311195332101677 0.33549616596347497932 0.43691994733273298301
654 150 0.33512731136619799965 0.33548414079210397976 0.43691522319198600188
661 157 0.33513112901958802547 0.33548868399068898505 0.43690870453768398951
665 161 0.33512641384621100205 0.33548429897270098943 0.43690314500994498204
664 160 0.33512357152500599211 0.33547728643410301697 0.4368937041173219793
667 163 0.33512759559005800281 0.33547623028460399341 0.43688679095527399587
672 168 0.33511991385216599593 0.33547261810209599853 0.43688425085465998343
666 162 0.3351105680360749739 0.33547047716030697906 0.43687708149872700458
661 157 0.33510550405868899659 0.33546832964978101632 0.43687562176855998519
666 162 0.33510043556362700823 0.33546322141329298905 0.43686306510239297785
674 170 0.33509109647803897447 0.33545272472473397496 0.43685376199311798384
674 170 0.33508564412000702015 0.33545038661031001404 0.43685317027935000045
662 158 0.33508336660268400742 0.33545230966917199966 0.43685146881460301671
669 165 0.3350819949195030234 0.33545071928008801665 0.43684971367570701872
662 158 0.33508303922950599674 0.33545728868091401198 0.43684870700911798691
666 162 0.3350785165718290215 0.335455705135581983 0.4368481353046450022
658 154 0.33507049509091502149 0.33544852531979102439 0.4368461896285549817
669 165 0.33506691225682799784 0.33543913610507597456 0.43683915397239797551
669 165 0.3350609307246210089 0.33543328113115900013 0.43683974982614698357
668 164 0.33505790574972799112 0.33543150110758102045 0.43683719901221601534
652 148 0.33504693426296500158 0.33543178771832099505 0.43683793833718598254
661 157 0.33504611915995097249 0.33543094454769301072 0.43684068381318902352
657 153 0.33504719314718800494 0.33543083714236698878 0.4368430703066700227
649 145 0.33503919806203502629 0.33542387194565997932 0.43684514325447898475
645 141 0.3350285901112600162 0.33541951898199101612 0.43684422775993397847
642 138 0.33502651046941001045 0.33541569519094699414 0.43684233911490699676
654 150 0.33503051599143701678 0.33541540357782501092 0.43684261820677700028
656 152 0.33502784796622997465 0.33541771079994098237 0.43684494288678299423
664 160 0.33502353616673402614 0.33541299184692302537 0.43683545779561899769
660 156 0.33501534276586097949 0.33540508953212200272 0.43683374077688602588
666 162 0.33501232902676897352 0.3354011049218649787 0.43682705097243301751
669 165 0.33501248829896601578 0.33539377569055500716 0.43682432076206101357
664 160 0.33501040174216201173 0.33539757410509501989 0.43682138100141798542
668 164 0.33500941618523100152 0.33539598532326597713 0.43681687679428699012
670 166 0.33500676523211897484 0.33539495552006498569 0.43681597945752498324
664 160 0.33500339462107198152 0.33539001691653097526 0.43681575814339201891
668 164 0.33500093927498197921 0.33538342186263997435 0.43680798007741400424
661 157 0.33499701634095702119 0.33537885866326100359 0.43680724042306101618
677 173 0.33499955680616100295 0.33537731112511498521 0.43680623298445597769
666 162 0.33499304284613201643 0.3353794404507189908 0.43681253119885399272
656 152 0.33499392163739999395 0.33538488330993598829 0.43681056471742002456
664 160 0.33498869781790102662 0.33537683298017900713 0.43681535104418001136
650 146 0.33498069617764097972 0.33538135851640898943 0.43681267151598102139
651 147 0.33497992643734997298 0.33537477457181297247 0.4368091997096730239
680 176 0.33498705327125699593 0.33537562859734298959 0.43679809436746097617
659 155 0.33498202434222001944 0.33538013203024602538 0.43679446642602898221
659 155 0.33498068224684901528 0.33538058961627398302 0.4367917592572149732
657 153 0.33497733185329098271 0.33537959105856002262 0.43678215656187202587
645 141 0.33497064402774301417 0.33537632573808401348 0.43678081370760102331
645 141 0.33496804783982897513 0.33536810315488901901 0.43677098940190101084
644 140 0.33496986057698502348 0.33536893363030900739 0.43676811844869800616
637 133 0.33496982047101897528 0.3353701150187259894 0.43676949747695698045
636 132 0.33496683329711601784 0.33536632295004298321 0.43675903325771697761
647 143 0.33497031485200801093 0.33535791396759401239 0.43675300141098999385
660 156 0.33497360493057998232 0.33535229183692599753 0.43675015378611897754
643 139 0.33496212655047097329 0.3353542341782029812 0.43674465554898200814
651 147 0.33496171191938001188 0.33534915071130899644 0.43674169827498099394
670 166 0.33496035313346700368 0.33534705088482297253 0.43673905326020701079
660 156 0.33496106536414899102 0.33534731001040901655 0.43674206193420700428
655 151 0.33495754332374300111 0.33534149097804000217 0.43674063148933001122
657 153 0.3349516037720969841 0.33533679306677799392 0.43673367075805702431
659 155 0.33494621547917602378 0.33533227524327702262 0.43672905901908198878
663 159 0.33493714331129798012 0.33532666934269400594 0.43672517592828702382
667 163 0.33494005569314400095 0.33532676571336700322 0.43671570237556700533
665 161 0.3349293204393979928 0.33532317792110799548 0.43670563707293902356
663 159 0.33492119472063097696 0.3353133128240459726 0.43669623522193101728
663 159 0.33491562462043000803 0.33531064126542398096 0.43669023168001702695
665 161 0.33491651861070298457 0.33530945266135997462 0.4366899844387450158
667 163 0.33491409700603702593 0.33530549871143400242 0.4366819882119519769
655 151 0.33490265775691102634 0.33530506182532499038 0.43667547922045202302
665 161 0.33489746551003901631 0.33529779878589699438 0.43666957097460901149
661 157 0.33488880200402099119 0.33529053771189598621 0.43665785747643698356
653 149 0.33488307979006998183 0.33528639362456702511 0.43665154126254501765
648 144 0.33488251061526297381 0.3352850144566100199 0.43664760853810502539
662 158 0.33488229029529698044 0.33528385629411600055 0.43663947331534602725
651 147 0.33487953464025499439 0.33528008818057897233 0.43663801377180200269
633 129 0.33487493669249202011 0.33527593175721498442 0.43664035706700299322
650 146 0.33487307974795299526 0.33526297347760902756 0.43663398166598799133
661 157 0.33487341437380702125 0.33526032928108701059 0.43663084628836201784
651 147 0.33486936733192601556 0.33525453218476902739 0.43662557656325101663
652 148 0.33487060938573698365 0.33525923564366100216 0.43663268703301300055
646 142 0.33486506565374701827 0.3352602654355389955 0.43663366718588897397
654 150 0.33486941726437802203 0.33526532700872302417 0.43663684365389299202
647 143 0.33487086597681298139 0.3352681817954419885 0.43663453647300798366
660 156 0.33487504128573397644 0.33527290007197702026 0.4366322803882979886
654 150 0.33487006321379397811 0.33527005947408300424 0.43662840736163999189
652 148 0.33487076900198697871 0.33527162863632298251 0.43662458583728097627
659 155 0.33486854160148399329 0.33526530117409497622 0.43662413919650999716
671 167 0.33486999957617302748 0.3352545581566739874 0.43662319635737101287
662 158 0.33486042714599900672 0.33525301449052502534 0.43661242587250698177
651 147 0.33485417017293300779 0.33525146173042702502 0.43660644177938501276
660 156 0.33484938561367100229 0.33524627678217100435 0.43660036654014700019
657 153 0.33484568462975500269 0.3352456420999779807 0.43659835397999902096
655 151 0.33483978551181398098 0.33524280835966002723 0.43659983312005101741
655 151 0.33482951006561301188 0.33523301885371697972 0.43658825606964601906
661 157 0.33483079737330800896 0.33522320691344997812 0.43657456734060201553
656 152 0.33482399740136697952 0.33522333875989701601 0.43656076250762398949
648 144 0.33481866873705001808 0.33522253571333499034 0.43655115148570400319
637 133 0.33481535530048001092 0.33522152661371201754 0.4365412793845169781
646 142 0.33480617880907997952 0.33520806742642500486 0.43653385317442400249
664 160 0.33480578617922901463 0.33520324724706501707 0.43653069110561298904
656 152 0.33480008545661699149 0.33520096008499999929 0.43652709173461701209
670 166 0.33480098316778700296 0.33519115592108200685 0.43652100515689201687
665 161 0.3348020620400150027 0.33519069274869101038 0.43651706352704700009
644 140 0.33479638831272401367 0.33519134761634800102 0.43651479933249998089
656 152 0.33479434098747601345 0.33519351311754602696 0.43651406378257401331
635 131 0.33478865779915700784 0.33519525745209199918 0.43651165683683601504
645 141 0.3347838827676180018 0.33518326586803798284 0.43650926579808502215
649 145 0.33478644474738100678 0.33517695346608200602 0.43650851172697802127
651 147 0.33478680921245401736 0.3351752493946649758 0.43650256640258200402
661 157 0.33479522058845501142 0.33517518461066198032 0.43650349945906302684
654 150 0.33479371873375701751 0.33518391074149500586 0.43651009702395598966
642 138 0.33479716964817202163 0.33519242903575702242 0.43651242247260901852
654 150 0.33479385386039900441 0.33518191102648997592 0.43650742482637600039
669 165 0.33479638604398198609 0.33518057247558702416 0.43650546988976901552
666 162 0.33479344075364197986 0.33518179193239799885 0.43650053332304700193
668 164 0.33478866855443600858 0.33517770030235000123 0.43650042986354398167
667 163 0.33477805074375699412 0.33517197551483202123 0.43649501660662098912
657 153 0.33476761464734799967 0.33517081682579502599 0.43649828869451801072
646 142 0.33476486785268999569 0.33516466936904798501 0.43649857057592400533
651 147 0.33476722338758002628 0.33516220693571202593 0.43649741671108599483
650 146 0.33476922099470302063 0.33516047451536501445 0.43649749858508402056
664 160 0.33477319685278000838 0.33516388601418500848 0.43649764564542098411
653 149 0.33476478273087501014 0.33516456100141100993 0.43649811022984502662
649 145 0.33475565891760100667 0.33515095128871502661 0.43649146740838101755
647 143 0.33474853215982697252 0.33514320358527799337 0.4364878893206249888
643 139 0.33474725393795101702 0.33513451298798602185 0.43648819187452297941
658 154 0.33475235290172000724 0.33513501960774499944 0.43648392211187098111
647 143 0.33474834559549498936 0.33513257907822802117 0.4364872153606130234
647 143 0.33475016043921002051 0.33513581330452901774 0.43648355956170198366
644 140 0.33474996047685001699 0.33513885419524197529 0.43648350854265799414
652 148 0.33474757507751201624 0.33513313078747197782 0.4364809097483630107
659 155 0.33474665254969798722 0.33512795363432001938 0.43648053554700100287
654 150 0.33474282708375102668 0.33512424298821902324 0.43648601581787699333
658 154 0.33473827053287702471 0.33511762412820200741 0.43648053688178800602
654 150 0.33473627931927402157 0.33511190377636401738 0.43648150468012497649
650 146 0.33473026333032301904 0.33510563474699500697 0.43648080723979199025
660 156 0.33472533057866799 0.33509773725030200797 0.43647581944686597577
651 147 0.33471768059155998509 0.33509696991566800817 0.43646826201847099824
637 133 0.33471202394860199991 0.33509854568296099098 0.43646033520762900215
652 148 0.33471074154402602474 0.33509083558655700097 0.43645326983240401164
653 149 0.33471181819057399531 0.33509461125514800051 0.4364525223637429896
641 137 0.33471474518776900275 0.33509636130041398072 0.43644447116292300892
629 125 0.33471513738929398185 0.33509172932312497606 0.43643002358686799891
633 129 0.3347204097342870166 0.3350918390497970023 0.43642780944407699728
643 139 0.33472494283955200878 0.33509855212679900971 0.43643243387923802423
666 162 0.33473493789106700813 0.33510014933284698602 0.43643980310148899893
653 149 0.33473219426847200531 0.33510408929838397807 0.43643864614189697981
642 138 0.334727092739935006 0.33510402567002900431 0.4364326639935570129
635 131 0.33473257679951301524 0.33510158186194699548 0.43642821166242301567
650 146 0.33474183270391799638 0.33510260249715201342 0.43642388064741299836
637 133 0.33474564020468600134 0.33510962249467302065 0.43642874570885897834
637 133 0.33474873718141301415 0.33510920083213502352 0.43642516409139398004
639 135 0.33475418579736399005 0.33510949088440500354 0.43641763515778397853
640 136 0.33475071650718801752 0.33510688540396599278 0.43642627339908302009
639 135 0.33475197721428101572 0.33510919385849502472 0.43642940416227199441
636 132 0.33474524529089999536 0.33509947004963497319 0.43642591439513400697
663 159 0.33474648098418802178 0.33509670722244599972 0.43643268879919100423
668 164 0.33474281155190799275 0.33509756478198099439 0.43643408781299497523
676 172 0.33474697256326502171 0.33510005898160899473 0.43643850965701197486
655 151 0.33474352799631301725 0.3351030864842279855 0.43644569544427097574
642 138 0.33474043289402499735 0.33510520209376798428 0.43645074390262600383
651 147 0.33473678247736499136 0.3351018863230200151 0.43644954276186198605
644 140 0.33473095470828101439 0.33510127780595200253 0.43644647967558797275
636 132 0.33472948476875302726 0.33510612485457602627 0.43644660242832100661
649 145 0.33473235479848501006 0.33511007454226099389 0.43644141092442101382
646 142 0.33472454862603101544 0.33510749640206799471 0.43644003282554999501
637 133 0.33473053859604801064 0.33511323650583701994 0.43644133455797301524
627 123 0.33472855265252099422 0.33510532786330998745 0.43644212135417298493
639 135 0.33473145551792898855 0.335097447655314018 0.43644003654762297817
637 133 0.33472490331716997503 0.33509447859694502236 0.43643928917526797484
641 137 0.33472888020401497799 0.33509805566401501542 0.43643865042184898373
647 143 0.33473012951350100685 0.33510073076010299387 0.43643824939285602582
646 142 0.3347323137833200235 0.33510213928566201513 0.43643818402807399437
637 133 0.33473521646786602579 0.33510296535859002143 0.43643580950088900483
637 133 0.33473702410650801875 0.33510290212166699009 0.43643279242927501826
641 137 0.33474172227175297278 0.33510446617228700772 0.43643369821002298004
644 140 0.33474334660162602395 0.33510167559800102532 0.43643559251081498473
627 123 0.33473518530678597616 0.33509960660176502101 0.43643354106638498902
630 126 0.33474115514913599378 0.335100438230224007 0.4364366215065380028
622 118 0.33474186949333700758 0.33510363384900798689 0.43643584565113302531
621 117 0.33475291971359699694 0.3351104569060670002 0.43644329822636301897
624 120 0.33476394616633298185 0.33512218469368998397 0.43645062555465097276
620 116 0.33477224216665402157 0.33513862732742599748 0.43646266962565499758
619 115 0.33478164773304597279 0.33514726504645198091 0.43646891005164101252
619 115 0.33479321561950897701 0.33516116685568297928 0.43647980161701299684
613 109 0.33479535259184900475 0.33516906447817601533 0.43648899762662102253
635 131 0.33480889287419601796 0.3351757116952330251 0.43650678761039801712
625 121 0.33481283924547700082 0.33518613722976398073 0.43651624932538901636
626 122 0.33481373189030599891 0.33518443552685200926 0.43651592708793302
631 127 0.33482274386841198721 0.33518996117036298221 0.43652372171604597595
633 129 0.33482200015172297602 0.33519208622132501407 0.43653546513194302348
617 113 0.33482397370639799261 0.33519960892926198293 0.43653629074162297874
620 116 0.3348308305439889887 0.33520242995214100112 0.43653403182269201466
637 133 0.33483603668074701787 0.33520054213473499116 0.436533851850246013
642 138 0.33483963425824198046 0.33519846981332801494 0.43654188416322897703
650 146 0.33484395457817200947 0.3351962221806629727 0.43653482653992697893
635 131 0.33483815080898299277 0.33519959703883600577 0.43653523180462999731
635 131 0.33484230341229098693 0.33519679804608398799 0.43653156905868900628
636 132 0.33484590075783599028 0.33519708282669802291 0.43652873590010499161
657 153 0.33484206048798298427 0.33518761061352497777 0.43652093095374799869
648 144 0.33483735833377498148 0.33518501440278697379 0.4365260689046759901
651 147 0.3348427540760129939 0.33519092474187300867 0.43652573078987899624
637 133 0.33483876384240401913 0.33518756843541097634 0.43652199458619700412
640 136 0.33483675475419899525 0.33518460978663899841 0.43651901196927700433
625 121 0.33483439089643501907 0.33518378757005701241 0.43652127264685902652
622 118 0.3348369005829989753 0.33518570018310300807 0.4365247581398999932
636 132 0.33484444598412799188 0.33518943210731000359 0.43653773801840700663
638 134 0.334851455350900995 0.33519513712584098064 0.43653656261616902157
632 128 0.33485215196322398734 0.33519903934817102398 0.43654055184047901861
642 138 0.33485680766271802566 0.3351964175900359888 0.43654128262003200067
636 132 0.33486418224731001603 0.33520628062120599866 0.43654733698323999747
632 128 0.33487298171338397701 0.33522247469736698999 0.43655804075442600221
636 132 0.33488451092450499669 0.33522799587290197376 0.43656143822713799896
626 122 0.3348906110645670231 0.3352407430069159755 0.4365624295573660163
618 114 0.33489977055011399543 0.33525546793130400758 0.436569777006111992
621 117 0.33490099558610497699 0.33525411359870499473 0.4365738720489810154
618 114 0.33490818756587698024 0.33525872012912300013 0.43658145616675098077
640 136 0.33491786867185802112 0.33526335045758898223 0.43658300030496199895
645 141 0.33492360326647502289 0.33526888051396297463 0.43659195231018899097
634 130 0.3349181636357990155 0.3352698833198409778 0.43659040230011597616
636 132 0.33491703787256499325 0.33527288426624601847 0.43659672714382402603
642 138 0.33491736765029400669 0.33527046552281497549 0.43659859204982698344
646 142 0.33492290281874798064 0.33527941528819099615 0.43660082563890900698
635 131 0.33493006964661597991 0.33529249204862299205 0.436609392117861983
638 134 0.33493472562277998295 0.33529548539182602029 0.43661407833872900586
636 132 0.33493793095982399288 0.33529900269340001673 0.43661534621033798453
650 146 0.33493894725912698451 0.33529928506732498139 0.43662295606272899517
632 128 0.33493803421784301699 0.33530207596297900707 0.4366252570935050259
637 133 0.33494230948781300583 0.33530686583924101951 0.43662740156549900705
642 138 0.33494552250507697577 0.33530516036139401681 0.43663704125719099425
631 127 0.33494406941526000399 0.33530507624726901827 0.43664055611309399163
652 148 0.33494923531939002626 0.33530338104468199178 0.43663839377651697538
646 142 0.33495189363985400366 0.33530869238990601566 0.43663808716134500099
656 152 0.33495147987573997694 0.3353109749114059901 0.43664692571426000356
639 135 0.33494983052109100763 0.33531682707944998612 0.43665114050115599875
637 133 0.334948011427490977 0.33531223761951800544 0.43665255729150798114
642 138 0.33494724503636702506 0.33530926262727600573 0.43664391691382897775
643 139 0.33494218433177097571 0.33529998871809002514 0.43664976399179100675
651 147 0.3349520084128330133 0.33530816942013802473 0.43665194431330300873
646 142 0.33495162113507498391 0.33530735801763500437 0.43665265011958098729
627 123 0.3349460178205400096 0.3353079718451679736 0.43665717613551102705
639 135 0.33494849549054800386 0.33530031225637402237 0.43665651060174598408
634 130 0.33494810620633297393 0.33530257383959499728 0.43665106901410299933
637 133 0.33494429679056897387 0.33529854030642797236 0.43664946667064602481
642 138 0.33494498013385398671 0.33529593849646899262 0.43665576295559599407
629 125 0.33493865993714699858 0.33529494547853999631 0.43665565572566100716
630 126 0.33493163297924799515 0.33528768612159598472 0.4366554381698750098
641 137 0.33492529053066200095 0.33528294319555501657 0.43665369595292302662
631 127 0.33492636490561100704 0.33528304296978800325 0.43665686598478398173
636 132 0.33492560802897497485 0.33527990290846398924 0.43665179390099800871
641 137 0.33492161727254199377 0.33527822158021197696 0.43665396250127902489
649 145 0.33492606702377497596 0.33528048649716901686 0.43665784811310998093
653 149 0.33493426099962897435 0.33529370885900400268 0.43666166084646501622
635 131 0.33493960608106299048 0.33530383204976998979 0.43666454401915699712
633 129 0.3349419156901670136 0.33529724440280800346 0.43666561086241201251
639 135 0.33494814080214002638 0.33530200156893802399 0.43667140326681802565
644 140 0.33495060536106902038 0.33530263074282601332 0.43667690986493801208
630 126 0.33495346860369501485 0.33530342752228098346 0.43668006917609197837
651 147 0.3349607674061250151 0.33530371446069801022 0.43668297038825398815
642 138 0.33495604593457301013 0.33531099778032902314 0.43668936339340297392
645 141 0.33496210840723400493 0.33531252118810700447 0.43669048247091801773
655 151 0.33495974627940000579 0.335306714301675024 0.43669444471318197287
652 148 0.33495145891868299826 0.33530701659984801788 0.43670203314449701493
638 134 0.33494532012567801438 0.33531358070628597412 0.43670101507795500151
637 133 0.33494870279833799387 0.33531313196488099493 0.43670149582629602669
629 125 0.33494508445428999854 0.3353162866034299916 0.43669949004887897992
646 142 0.33494753573673602398 0.33531838103971900455 0.4366967281139860213
658 154 0.33495448758854001747 0.33531704002055101599 0.43670274851535101357
659 155 0.33495532891024498712 0.33532125848868499229 0.43670916505653101236
650 146 0.33494473358736998048 0.33531705932669997328 0.43670801428301897484
661 157 0.33494774366280299915 0.33531213085626998538 0.43670004873707901627
666 162 0.33494609259144897395 0.3353064798408930125 0.43670305594773101143
663 159 0.33494820828273902391 0.33530944271870599671 0.43670799763320400366
642 138 0.33494549758184199995 0.3353125594276369914 0.43670535094997198211
647 143 0.33494082413299597345 0.33530010500770202064 0.43669643369930599697
647 143 0.33493846403026800163 0.33529607314177400923 0.43669850228310097551
646 142 0.33494183957465101242 0.33529562433967502466 0.43670049054857701387
638 134 0.33494306162581799491 0.33529767698806001164 0.4367048061057700048
636 132 0.33493962467665899796 0.33530138074666898662 0.43670914257591497698
632 128 0.3349402899381779819 0.33530558228919299379 0.43671001504057399556
633 129 0.33494258369084400906 0.33530405586701300669 0.43671099249878098103
642 138 0.33494396377992902147 0.33530505523146597602 0.43670937156196698581
639 135 0.33494965884600097494 0.33530998374771897597 0.43671492844366199826
658 154 0.33495301685460199259 0.33530508397268499188 0.43671632725205300485
659 155 0.33495154212851702136 0.33530194286186698616 0.43671207190853500446
656 152 0.3349509804707490046 0.335300966957842006 0.43671481065401801525
655 151 0.33494557544761000001 0.3353016159364199944 0.43671948873661997625
655 151 0.33494711521967102108 0.33531101422571801818 0.43672434371526397401
653 149 0.33495297419586300691 0.33531341174282902617 0.43672449596244000691
653 149 0.33495238926276599267 0.33531529165163398432 0.43672955240371197361
644 140 0.33495021167313998589 0.33531788676128698734 0.43673273616181801371
646 142 0.33495087954391800089 0.33531743267138197639 0.43673554637385797461
656 152 0.33495011850282502275 0.33531449514917099908 0.43673966392725599439
661 157 0.33494508246173598787 0.33530726274923799979 0.43674252493416898524
654 150 0.33494038811103898912 0.33530967155769197952 0.43673939170060999126
660 156 0.33493767100005400472 0.33530494343319700024 0.43673904042907801815
635 131 0.33493515175807697659 0.33531001692828699134 0.43674907632646897682
621 117 0.33493940853989900841 0.33531724039313198782 0.43674658661282400596
633 129 0.33493973713277197524 0.33530750562010802618 0.43674193884937201338
636 132 0.33493827754503702199 0.33530600500510698847 0.43673634246832998551
637 133 0.33493877494274398865 0.33530807209241597633 0.43673882025067101154
654 150 0.3349456808148810194 0.33530978609015299474 0.43674260059359498731
671 167 0.33494920194313898554 0.33531223962621498069 0.43674483122977297844
661 157 0.33494612337264900725 0.33531876187145998047 0.43673981808020900797
649 145 0.3349400190834440072 0.33532009278778202033 0.43674175293958200639
644 140 0.33493285071800099617 0.33531499803135000892 0.43673949386665600336
652 148 0.33492676277787897243 0.33530528951689697603 0.43673789307395499693
649 145 0.33492404426487698554 0.33530519359311100613 0.43673735499262200666
652 148 0.33492008994035399327 0.33530172920814899085 0.43673782463031901591
645 141 0.33491329603193997766 0.3352959290705089801 0.43673637189788799828
638 134 0.33490955077784900773 0.33528816846309700272 0.43673826313232000373
637 133 0.33490900143084001428 0.33527986309068802395 0.43673459141387399596
642 138 0.33490950194832902476 0.3352815843516799843 0.43672521840401501425
636 132 0.33490360392023299507 0.33527417791490798926 0.43672298238056500574
636 132 0.33490270316109499449 0.33527233561247898885 0.43672801688387302699
638 134 0.33491175020734897938 0.3352770551437569968 0.43673145714778899285
627 123 0.33491884752641398748 0.33528390357584897385 0.43673709903736501747
632 128 0.33492769886527601342 0.33529416476840601113 0.43674028881188098339
626 122 0.33493123801420299213 0.3352987192595169863 0.43674446538239397597
623 119 0.33493297501341801059 0.33530093587459297577 0.43674539618130997498
636 132 0.3349336247799040156 0.33530085647828700157 0.43674500833266599598
650 146 0.33494087525815702255 0.33530363750086200625 0.43674162909998998083
641 137 0.33493424552087397439 0.33530801260788101192 0.43674467794602600534
