# step atoms n_gas iacc dacc tacc
504 0 0 0 0
584 80 0.71428571173469401767 0.56338027904516296829 0.77317554088131101864
586 82 0.64243614805022397629 0.52127659463558195796 0.66895200718026204267
605 101 0.59477124105258705189 0.48626373559579200156 0.62508294583604295802
611 107 0.56350806394807695376 0.46597938096290797416 0.58194308116685800059
641 137 0.54311039440522901334 0.4482470780899440177 0.55915657924281303437
633 129 0.51467576756677402283 0.42808219148761500472 0.5339837396637450162
640 136 0.48907265180798997761 0.4053895721116639872 0.50555555541512298134
672 168 0.47482014364089397684 0.38532110072103897824 0.49511241434625802293
674 170 0.45980707374377299823 0.37499999983077597632 0.48448013881387397284
659 155 0.43894389420835600024 0.37041564777081698034 0.47071456453129401076
672 168 0.42754986811157297266 0.35535976492094001333 0.45826659539806602339
685 181 0.41537400881924402274 0.3445491250523050053 0.44605842982763899141
694 190 0.40177721345548200738 0.33148490439572197985 0.43586248668243798843
696 192 0.39390386858326398301 0.32653061215234402415 0.42776203959946701438
698 194 0.38531104401608401444 0.32063492055009701343 0.42042002371940001559
698 194 0.37487205722239702599 0.31664175378260001059 0.40987868279154798801
699 195 0.36713118684115098045 0.31210489339449698498 0.40422551646968302164
707 203 0.36106074334518101221 0.30772636698965499802 0.39708962623778099044
710 206 0.35328185320607402575 0.30190655765725799009 0.38870883425105001718
725 221 0.3479229989163279968 0.29765220845649598136 0.38380316760794902509
733 229 0.34120130486639799194 0.29448669195922300146 0.37885839107428398442
722 218 0.33515981729038202275 0.293572984696156003 0.37414904235507401298
718 214 0.32883908241484199886 0.28808864260940297841 0.37053765305562902377
726 222 0.32426075263369297241 0.2834854771313720101 0.36554936368913298894
736 232 0.32016129027094197834 0.27971916382962802583 0.36088725761103601641
737 233 0.31501547982739702691 0.27659247885240301201 0.35723608442554799502
737 233 0.31191152289464801894 0.27345132739329597316 0.35242811735143597662
744 240 0.30846919631965502573 0.26987060994314399087 0.34867483611081001582
746 242 0.30487465176812300616 0.26832965817691201149 0.34475418838610599748
756 252 0.30257308361813600728 0.26579578775449297368 0.34096185735715001108
743 239 0.29745928334886501121 0.26269117076690801094 0.3379439011619950195
757 253 0.29437720621603902238 0.26002248029723701306 0.33459933999535501625
758 254 0.29140691843400501337 0.25678119345909800053 0.33091261193833698684
750 246 0.28844101952715600623 0.255819394051254978 0.3278091208081920227
773 269 0.2870306380687590031 0.25229826350558398618 0.32398469181904498981
770 266 0.28398926651565398194 0.25102108397714700816 0.32099794408395898593
776 272 0.28087931219056699872 0.24852007316235899537 0.3184665226609900146
776 272 0.27812466924773798782 0.24688253167275700517 0.31602483163320599369
768 264 0.27559867874942201027 0.24591169253414599249 0.31385702579302199311
784 280 0.2730649532905269905 0.24375624373189200278 0.31179789303950300461
777 273 0.27160372729067200348 0.24318004674170098922 0.30986806872548200431
782 278 0.26931905123667598811 0.24157624212434999911 0.30682574387742100885
784 280 0.26683478095948098829 0.23996647730328998782 0.30430546532874197529
785 281 0.26531543866837298262 0.23854961829893200909 0.30231819623906397432
782 278 0.26244424618533102045 0.23734853882418499582 0.30023043515464697961
794 290 0.26145669975070101598 0.2362527232909580055 0.2988675315529629728
798 294 0.25989423402764499915 0.23471736718946900613 0.29761753088301601267
788 284 0.25745551747911998852 0.23343901216140200416 0.29663519526279402694
800 296 0.25532957606343797963 0.23156861138764700536 0.29466905769910900492
801 297 0.25410295410662897542 0.23058427504764100746 0.29342441673484198628
802 298 0.2526679221396210262 0.22935635790978400883 0.29311020534985499086
795 291 0.25179301301366602273 0.22861096162436700396 0.29211497078496301283
797 293 0.2504917536502879738 0.22799728033330798893 0.29056319456430401704
800 296 0.24879495734157999753 0.22706353917554500388 0.2890211884669219855
788 284 0.24761070983821301117 0.22632996141282799019 0.28796457606387998451
797 293 0.24614175476949501364 0.22572328843986499969 0.28669757488278502233
813 309 0.24475916705848999033 0.22391105480093501101 0.28577438125619497589
811 307 0.24269508420469598775 0.22270591485470500603 0.28440810129095001058
790 286 0.24096385540537698655 0.22214683130532300592 0.2829286489323479814
797 293 0.23995468779636500156 0.22056274168418699144 0.28171361892709700925
797 293 0.23851948901156100336 0.2193396226271399907 0.28059466376946601285
809 305 0.23781312381751498752 0.21815840307674400078 0.27969361041079199293
819 315 0.2367070156387159896 0.21708772373891799257 0.2782279848641999731
815 311 0.23529411763239699296 0.21635966280259999461 0.27701412154313098668
809 305 0.23422151275575800455 0.21541671779701598854 0.27611203651440202611
817 313 0.23396021042305401028 0.21491599176750200706 0.27535923686012198086
821 317 0.23354400189401700039 0.21410729153002799885 0.27533369245599598196
828 324 0.23338821591006800316 0.21353251316850999086 0.27467279801100502601
829 325 0.23242210122596901334 0.21298221296991298734 0.27366494275455699459
820 316 0.23158615963049100639 0.21260872035628400334 0.27278979795750701864
817 313 0.23034498282231199995 0.21197846566778899557 0.27218283001575799274
814 310 0.22949180781841199694 0.21145228214597799887 0.27132516703030801208
820 316 0.22873273403701299689 0.21063841405654298855 0.2709013582035699752
832 328 0.22857297354520200727 0.21000754065442200913 0.26980861372811199006
816 312 0.22752254414238701208 0.20987785447637399838 0.26909615538034398208
803 299 0.22654148424355000091 0.20912706718604098799 0.26791975324208699982
813 309 0.22582323257421699214 0.20832902758043100877 0.26697550945353099028
811 307 0.22493837303692801322 0.20754140126330999916 0.26560933603409497827
819 315 0.22458293188861699896 0.20684800642531800396 0.26438182279095201466
827 323 0.22372898317535400148 0.20592761752440399969 0.26318561431888298774
828 324 0.22300202638150498635 0.20530418156746399472 0.26213832738153597379
814 310 0.22234177833207799391 0.20481578182937701382 0.26137698179043400426
829 325 0.22205043964527698686 0.20418798105826899136 0.26040836051080301639
834 330 0.22155374109623499068 0.20376323750927699541 0.26001670444433799823
836 332 0.22033179374963099417 0.2030672838545350134 0.25946455949382102313
846 342 0.21985749544917498888 0.2024503004991929922 0.25885260040891300282
832 328 0.21899322985220900928 0.2023586414863849936 0.25821239345177998681
838 334 0.21838609897114300007 0.20197133425862601186 0.2576368482139079763
827 323 0.21787835161877500134 0.20211957249912299028 0.25677227588424000881
825 321 0.21743585173657201115 0.20160042441303299698 0.25613691495657697761
825 321 0.21661015455473101032 0.20086496875624199054 0.25570484580934599306
816 312 0.2156069112497019935 0.2007004193782389867 0.25491349631204701653
826 322 0.2151102687708859873 0.19970079075872199104 0.25404729568962397535
821 317 0.21404824822205900658 0.19898498624660698741 0.25344934211388797651
828 324 0.21343906862051600926 0.19843298277125601126 0.25266731328274200097
833 329 0.21265326548450000366 0.19785142477092199087 0.25208189843566297661
831 327 0.21192736276467499801 0.19719465178421799467 0.25142597337663402657
823 319 0.21135517649562898801 0.19668140694565000581 0.25034761982148001636
823 319 0.21067336112845000407 0.19603435818431300119 0.24950899997470099567
830 326 0.20991463951389000009 0.19534698746488998733 0.24838683819790000062
824 320 0.20933465738989701088 0.1947515442343799863 0.24767893984590400036
834 330 0.20891353944579799107 0.19404729439424800441 0.24722544146914599006
826 322 0.20813844713875401249 0.19364797591194998772 0.24638836498908500694
830 326 0.20737967500839898927 0.19300191203850899924 0.24537455959174100939
823 319 0.20642026323054699088 0.1920326864074440032 0.24451183459700301381
822 318 0.20583105853026101295 0.19150211696985600107 0.24403513742808999321
843 339 0.20550926967629298825 0.1908672066511530041 0.24346931137269001155
837 333 0.20485556009202299244 0.19054103790244600325 0.24335749911476500795
829 325 0.20437122216554701182 0.1902332361446709974 0.24283457043722300739
826 322 0.20364963502906399673 0.18988118882706001012 0.24216430821464299261
832 328 0.20304366685211699961 0.18940696174654800266 0.24177073557637698831
840 336 0.20270754243239400005 0.18905578636450900976 0.24116100648745200652
844 340 0.20217900489026299771 0.18858691825006698717 0.24081820759641200946
848 344 0.2020120299622920057 0.1882168380621160042 0.2404633829019360014
866 362 0.20197336307781998954 0.18771602377341001233 0.23983201477294399662
851 347 0.20116910517791899982 0.18742289238562601095 0.23946191437877600849
843 339 0.20040471943337900829 0.18700733894444798722 0.23890638909403999479
841 337 0.19962610468390099006 0.18654805229186699478 0.23842183892030399672
842 338 0.19906252106970198645 0.18594005813138000938 0.23787804836599199532
856 352 0.1987631622865199954 0.185403685530113993 0.23732745814368599868
872 368 0.19879378333834399339 0.18516935218069199842 0.2371012861430970009
865 361 0.19837670872113599696 0.18507287488391899188 0.23660487035523400379
864 360 0.19809722402586699141 0.18508930882134699836 0.2363201094352760101
876 372 0.19793821095534100407 0.18460995410632399794 0.2360686992028810105
871 367 0.19749326836140901342 0.18449291513502599771 0.2356287760984049906
857 353 0.19693306184153300253 0.18441172753113799221 0.23490050225324399236
869 365 0.19652486518253800551 0.18399347695976400741 0.23451941578760099327
876 372 0.19610235234621800626 0.18359849309805401085 0.2340681864372810006
875 371 0.19579659753521100329 0.18334002532095799998 0.23382652031122300174
865 361 0.19553554910909701214 0.18319090936374199385 0.23329790347315298993
870 366 0.19509285036268000924 0.18282742258705400595 0.23287231603525798684
873 369 0.19484188461998100395 0.18242998550873901209 0.23246644931029700198
872 368 0.19443941860580099545 0.18210135377434699677 0.23202407825083498638
877 373 0.1940695969541879895 0.18176141769202699972 0.23160111729828700144
875 371 0.19373422419617700174 0.18164373855518600731 0.23124935137757399173
875 371 0.19349799575001500052 0.18157300735257600466 0.23080092408318500508
867 363 0.19310829404827400957 0.18135529110008000164 0.23040862224741601172
876 372 0.19277598581371099828 0.18089378050723900482 0.23015803972408099831
867 363 0.19224779373039599384 0.1808296993292159982 0.22995537641816699015
871 367 0.1919686301393329908 0.18054962266323398845 0.22965959940769900549
868 364 0.19176758200603299942 0.1804149940583359979 0.22921871450957800875
874 370 0.19151638302736098685 0.18014881369703400482 0.22897169917368098702
878 374 0.191185129105582996 0.17959149552262398952 0.22902611762409300078
869 365 0.19087264019070898646 0.17953470358296100273 0.22871401364765400754
868 364 0.19048409404728899874 0.17902827339612900626 0.22818282242159398931
868 364 0.19004475193723599502 0.17877490935368500757 0.22781024501018198869
864 360 0.18943955534453799094 0.17849310988497998909 0.2274672846206730048
858 354 0.18888347674977298829 0.17827642800930199041 0.2269521785591719909
858 354 0.18849616986457498613 0.17797674728910900521 0.22659317020399799558
854 350 0.18829781551598800959 0.17788219053972900707 0.22613944419659801066
854 350 0.18800063656601800899 0.17765239400501900424 0.22583255937075999431
856 352 0.18768444350264298914 0.17737203331646200777 0.22554498246796600425
853 349 0.18740837695844500543 0.17717764595230600655 0.22522392750215800006
856 352 0.18713115819089701231 0.17702730657382501067 0.22519287563294199117
848 344 0.1866232659023319973 0.17675924260265798993 0.22509306172803900115
842 338 0.18614440821925198888 0.17649911928684300366 0.22481635588143000781
841 337 0.18573759624226898746 0.17616186201728800675 0.22442779273875099189
843 339 0.18523398109439700998 0.17567908077972899106 0.22385693448888499546
848 344 0.18484497684254000416 0.17527476653793500061 0.22372385622693000129
849 345 0.18440532159186701078 0.17489425229721600186 0.22315902883637100951
855 351 0.18418045411178599058 0.17471429277755098908 0.22279631473826200239
850 346 0.18412149647650000173 0.17479165129742099682 0.22295491661029701036
845 341 0.18368599341686700499 0.17460395070959799924 0.22254726025439999781
842 338 0.18351621555270600239 0.17467376248026400543 0.22227788706824000431
840 336 0.1831681968995569898 0.17447897799573799937 0.22215472834796701207
844 340 0.18289071340421100831 0.17422205147487898613 0.22180900517729298937
846 342 0.18254291254261201249 0.17387256188856001216 0.22153296056944199455
847 343 0.18209075981766900676 0.17342096521203900772 0.22121888084096300031
849 345 0.18186332465874099906 0.17316078541891999354 0.22086442748916398915
853 349 0.18160454950929200146 0.17300478289006399057 0.2205934382123669879
866 362 0.18136579211313799687 0.17254563681317400259 0.22047031791920099209
845 341 0.18099043017325600058 0.17266070352290299739 0.22009697647597600834
865 361 0.18095985594817601272 0.17241935855358600516 0.21975437376642600884
851 347 0.18066338953046701121 0.17229683274115800695 0.21934309931569800911
850 346 0.18032974058777098691 0.1720123923601979965 0.21900125987608501377
849 345 0.18013620884948600143 0.17188278454250899285 0.21855066520618599002
857 353 0.18015129275871799575 0.17164145506546799047 0.21832349842885098723
862 358 0.17986531986128201366 0.17140618002303201206 0.21807635994798899026
865 361 0.17998659816439599446 0.17135669441713000105 0.21785426370232599536
863 359 0.17977577977178899049 0.17142540701802100322 0.21775971495136700606
875 371 0.1794792586015120095 0.17108917000548601317 0.21767102960802500733
872 368 0.17921091898140900645 0.17092949349790800828 0.21740949989298100076
873 369 0.1789034877083479913 0.17070085917024899191 0.21721562787200299205
873 369 0.17873651771568999091 0.17060265000822799619 0.21711615545249698944
873 369 0.17838257828807999039 0.17035598705134100128 0.21687229870753099714
886 382 0.17842198999681499472 0.17033108600999799509 0.21660579812959498969
876 372 0.1781933060071249908 0.17034363453494300034 0.21652433862768799555
874 370 0.17814444373281199119 0.17028369998789000261 0.21643198993555098908
876 372 0.17815484743094101017 0.17021501288028101362 0.21636806954080001208
874 370 0.17812250388493500175 0.17021276595387199726 0.21635817117316499814
865 361 0.17804265997118298714 0.17034034640180600872 0.21617340033555199064
864 360 0.17793542481114399401 0.17030431528705600175 0.21600016697052901171
859 355 0.1775648719079259974 0.17015907163042900963 0.21575609097574199868
867 363 0.1773350347800330129 0.16983578219183800839 0.2155649659139070029
857 353 0.17710914937269101044 0.1697954838542840017 0.21540121236807399652
859 355 0.17687809449709898657 0.16958266288837200997 0.21518236833276899178
857 353 0.1766923388695439967 0.16946577257005598915 0.21502761981083198806
851 347 0.17651805527180700062 0.16929927065782898743 0.21466456131609901181
857 353 0.17611299480014999674 0.16891553220584801243 0.21437348911951700781
864 360 0.1759937708352269925 0.16865475145279198999 0.21398863510874799321
872 368 0.17573928067492000649 0.1684074662397060107 0.21376649017107099415
861 357 0.17552876062115999045 0.16832563099560898801 0.21352306104416199362
866 362 0.17532301519842399817 0.16807168542969899705 0.21331792774966598647
867 363 0.17530777209842199338 0.16805835304832000832 0.21313746683489098732
870 366 0.17525612558577299827 0.16793774318739398965 0.21294177472458900024
861 357 0.17510466738689900446 0.16799287525569700508 0.21269597204849599592
869 365 0.17484621169418099185 0.16771383417169000163 0.21249891048343000355
851 347 0.17450720715198400623 0.16767006671969300613 0.2122649238964340046
869 365 0.17460196250287099429 0.16759232750896899122 0.21218924805261599187
865 361 0.17462337810037001362 0.1677398522201120068 0.21213973298496699438
873 369 0.17468751772451099336 0.16764327838787901337 0.21210306710946300046
866 362 0.17441707284614499374 0.16757926427382499601 0.21199795682653899132
863 359 0.1743031619928389897 0.16754377750411900139 0.21185076397123100977
865 361 0.17409465557427200588 0.16738157403641598653 0.21172040391730800879
851 347 0.17383316321473799015 0.16742148637301498826 0.21162077229168799186
856 352 0.17369704132948499131 0.16725787975894698678 0.21136566166445699966
854 350 0.17340095180027900734 0.16711416801222800377 0.21117180062835699816
846 342 0.17320111966605300502 0.16698997144852201213 0.21096258406201701119
851 347 0.17302090160634700511 0.16682457546522100333 0.21067477470684001228
848 344 0.17272694315232201001 0.16654880414574099734 0.21053399341547399115
859 355 0.17259597179587399252 0.16641689987963501074 0.21041976832664199826
853 349 0.17245898107614199279 0.16632233260574699751 0.21025752275392700641
856 352 0.17225051371085101093 0.16604394228925301036 0.21014779743820599656
852 348 0.17217753416550099499 0.16595199544212999032 0.20997267147341100446
862 358 0.17216701209593898714 0.16583110417959900929 0.20982158786610299872
862 358 0.17192239858603300395 0.16560846560554501328 0.20973357015799498626
866 362 0.17178334328266200992 0.16541683496662498709 0.20958973134776401337
857 353 0.17156845602077999691 0.16540472484716101098 0.20940302579399100447
851 347 0.17144150890521500652 0.16531184180463900923 0.20920513089922901373
859 355 0.17134485687734998804 0.16507276506990500864 0.20899468590842099069
865 361 0.17127863418717301225 0.16490453439754199083 0.20885899975490199165
858 354 0.17110893436835400427 0.16486686009296799837 0.20870182239655998835
857 353 0.17106479104338098707 0.1647643782222469877 0.20854877628224299801
869 365 0.17119051269963400652 0.16469627638483499976 0.20850640211279600211
847 343 0.1709539484818450028 0.16485135936029698955 0.20844904341406600423
843 339 0.17084340199451100717 0.16486130795429498885 0.20816639019856100767
851 347 0.1706931359325249975 0.1646282046946569988 0.20794151035930899529
863 359 0.17062095773984400915 0.16442116185769800607 0.2077946174783650013
853 349 0.17044563458013500812 0.16448015469228599583 0.2077951525924399967
853 349 0.17029160089440401049 0.16433444549301398641 0.20775766901776498985
846 342 0.17017227398066800403 0.16437382188292601337 0.20756068112571199324
847 343 0.17011770912047699533 0.1642383233703059997 0.20742779910442299407
845 341 0.17005797243976800148 0.16420969778193600375 0.20726351072265900011
845 341 0.169960409642868987 0.16409184439748999984 0.20724268332614900756
839 335 0.16968838065175098628 0.16391363724777399669 0.20698099145633599982
846 342 0.16956218469399100823 0.16377006430030000006 0.2067789975026770033
839 335 0.16951069743116900512 0.16373750402831799278 0.20658672905531799691
844 340 0.16937638839429899895 0.16350060216517900424 0.20636230512037401219
839 335 0.16915478729103500255 0.16333514567813800511 0.20608687944525000413
844 340 0.16899833907996400506 0.16318271620414301348 0.20586583212802200826
851 347 0.16899481337434399397 0.16303830408170100208 0.20580384258650799567
846 342 0.16873158211336300449 0.16298779330587900849 0.20559862461830299973
850 346 0.16858969299710199752 0.16276872194404601313 0.20548553309389200328
853 349 0.16847732096268400181 0.16267829961927199323 0.20523731328981900668
845 341 0.16828007518533399933 0.16254648873077900961 0.20500762782343501245
849 345 0.16809161257850599447 0.16238224990015800997 0.20481050133377601274
862 358 0.1681173837327759879 0.1622225324559510018 0.20452116664037001126
843 339 0.16785078554031698794 0.16234217805618500474 0.20430349843647099828
862 358 0.16786419143690800571 0.16211181080290498757 0.20407910522695099642
864 360 0.16775461931639099045 0.16202119989320298843 0.2041571578347300131
864 360 0.16772969913630200733 0.16210185241544700085 0.20401250451096400451
883 379 0.16779637781347100933 0.16197654941126898853 0.20379709057917599901
883 379 0.16773145969971700597 0.1619579400940439895 0.20366319351659201153
873 369 0.16762673681729001185 0.16195714587684800767 0.20352214822029399133
869 365 0.16755803967989599257 0.16192985096850900928 0.20337688077127100139
874 370 0.16744179068399800414 0.16182535278613999208 0.20331521698009699661
864 360 0.16725452099585599863 0.16183062395168198999 0.20316606839636600079
866 362 0.16714083562721199216 0.16162112281714599571 0.20296685293503799463
860 356 0.16691147015375298879 0.16158649638586200514 0.20264569980471999755
865 361 0.1668342154258179999 0.16141377424883798786 0.20246359916987199945
865 361 0.16669121545739298829 0.16126943004943999904 0.20239398691887100501
866 362 0.16648570925279498889 0.16105857341600998689 0.20222797277919898895
871 367 0.16645225425170401268 0.16100704286856701297 0.20212547187677498695
874 370 0.16650889124904999505 0.16104754417909800113 0.20209597271574800126
874 370 0.16634990642032398966 0.16092354101170500136 0.20194572676539698786
873 369 0.16617052022881301232 0.16084512334117301302 0.2019069351670970125
880 376 0.16593031789880199889 0.16061862795690601269 0.20188456496243301075
878 374 0.1658445655267299923 0.16059232049359201122 0.20182870503866801037
870 366 0.16572130702282100723 0.16063895204769801373 0.20182338476437000629
874 370 0.16565325738461200711 0.16053306727251198671 0.20185510152776001136
875 371 0.16551058910073498942 0.16045507484929599773 0.20180303646614999868
878 374 0.16538537632959199319 0.16035385703948498715 0.20174552593250000276
872 368 0.16527715186788399793 0.16031815425178300161 0.20160472912964999548
878 374 0.16522349308588599182 0.16015229852534298982 0.20151304310829701305
873 369 0.16505547083527999375 0.16000503996751999636 0.20133434675983599704
872 368 0.16490303511697299021 0.15991069559534099032 0.20121592056405498972
879 375 0.16482615882311899003 0.15978808020469201234 0.20104825465459300049
887 383 0.16478633424930000384 0.15968564616954500357 0.20084532737147200998
885 381 0.16467780429367098738 0.15959562479063599261 0.20072863536864998801
878 374 0.16451710482668999158 0.15953039624317599809 0.20073989558344099149
888 384 0.16441753092621799737 0.1593705842788830096 0.20069461671903399136
891 387 0.16439010411467300243 0.15941811022327501135 0.20073363741138100513
876 372 0.16424385003244298953 0.15949315348239700985 0.20076950461291501182
877 373 0.16415240108751599779 0.15936244161834300925 0.20065499948691301046
870 366 0.1640192344035980021 0.15936831849090099533 0.20048548970407900627
868 364 0.1639807746655899956 0.15933977021199399737 0.20043776725012699136
863 359 0.16384840432450500924 0.15924422823448200481 0.20030795828920899826
877 373 0.16388662234428100217 0.15904404873264099685 0.20028811653775299706
870 366 0.16370277547972800214 0.15894658199264999343 0.20022143192511399068
873 369 0.16382701610541899884 0.15895677141278599653 0.20016986784949900025
876 372 0.16372929383663201164 0.15889187720877501198 0.20009999999866601161
877 373 0.16366588346889199279 0.15883036610282100232 0.19998538458339398804
875 371 0.16351225157944099253 0.15880393421692398648 0.19992054032446099354
884 380 0.16356438758174898784 0.15877057140399000734 0.19981651860422300349
883 379 0.16340552260817400865 0.15873493581567399424 0.19969872186897899558
876 372 0.16320366609171499395 0.15863328116642400056 0.1996682141251630016
872 368 0.16306857987800599252 0.15862553141492000131 0.1995947844828629969
878 374 0.16300721545293100911 0.15852157121731200173 0.19964430662462900878
864 360 0.16287854370849899621 0.1585030411798170058 0.19961557442920799255
864 360 0.16273394047394698636 0.15850878887182401344 0.19953525703134400437
871 367 0.1626677250824200005 0.15838457489623300467 0.19951353897043500041
879 375 0.16257962393042099669 0.15821877479765700247 0.19938021178112400045
890 386 0.16261166110805200247 0.15810019518340900913 0.19939497650919799088
882 378 0.16249508416960600776 0.15810492845585899513 0.19929989523852600919
882 378 0.1624027821667730076 0.15801818020261901299 0.19918750954995201319
875 371 0.16228855219499499496 0.15800846654251599066 0.19912906031067501011
873 369 0.16223347447307800984 0.15796035563864199713 0.19900636055695100635
875 371 0.16213643309664899084 0.15786698140253499489 0.19887965784019401294
875 371 0.1621382014314340092 0.15788024431563699168 0.1987447961853449907
877 373 0.16202556856880701019 0.15776732345660798851 0.19865229110387599976
875 371 0.16189684273031801354 0.15768584758746301278 0.19857668588870500126
871 367 0.16188826331545000392 0.15767676015973899895 0.19850005294539999068
895 391 0.16202185118304698874 0.15758894355381600216 0.19846346856011701232
902 398 0.16207044937404499474 0.15755096004341098692 0.19844232709769898948
900 396 0.1620273334539190091 0.15757136361767098975 0.19841886987954299171
909 405 0.16199376946842600211 0.15753097312405800468 0.19839795252797198799
902 398 0.16193340964802699355 0.15757968163800800676 0.19832667807446299757
898 394 0.16181524524072699034 0.15751455648211198923 0.19835655634848400886
894 390 0.16179693648771800718 0.15751320502510499089 0.19833597464221400242
891 387 0.16190499190762500104 0.15762014283794201219 0.19829744312537500583
881 377 0.16186968088112999031 0.15772071245646399063 0.19821397197245699262
875 371 0.16182348492838100062 0.15772062361469399439 0.19815896447672298741
879 375 0.16184127059925298986 0.15766057466113000962 0.19811394607886201324
881 377 0.16185384945632799725 0.1576562574702589925 0.1980822806078700038
876 372 0.16184537762935599647 0.15767204595650100019 0.19801749061601400803
888 384 0.16192069480835899475 0.15761328120170600697 0.1979363724782149947
873 369 0.16176122651585500556 0.15763097409949999861 0.19798050719259599473
875 371 0.16167537537700998884 0.15755026817383499527 0.19802696754404300328
881 377 0.161618774394938991 0.15748430339897701025 0.19798647793230700342
872 368 0.1615433314556189992 0.15749668236242100883 0.19794400570796200078
868 364 0.16148981190117600582 0.1575015223177020085 0.19793841105826701088
860 356 0.16132341625869900392 0.15740438051467101066 0.19795391921089300347
856 352 0.16110362140113099194 0.15725759515589299298 0.19787074821861999618
855 351 0.1609452505660269872 0.15712859563813599828 0.19780264614910600396
858 354 0.16088925864114300701 0.15705109657824101177 0.19767394551500599986
853 349 0.16075522123096999683 0.15704787847826501279 0.19757758395759300596
853 349 0.16071490104454699832 0.15698390233057199494 0.19751837810233099924
848 344 0.16060484563651300505 0.15687084193442499269 0.19739518801211700105
858 354 0.16058969293304201087 0.15680869316377699096 0.19725983310615100019
851 347 0.16054063901800799674 0.15684664339792400711 0.19712893982695101069
847 343 0.16048289098428800137 0.15676911007087199201 0.19708450478755498714
856 352 0.16039776652554099678 0.15659904520897000024 0.19695191431063699405
874 370 0.16050330946121799114 0.15655223120687100646 0.19697718404304800921
863 359 0.16054792668596098992 0.1566714781884989971 0.19696635004674500902
861 357 0.16055040718718799342 0.15670752276895599797 0.19689909344970499272
858 354 0.16049562518725399296 0.15665608987479801018 0.19684032666743500606
860 356 0.16041603825049000065 0.15652105874813901365 0.19681505406433499883
861 357 0.1603756768181069936 0.15648199754590899624 0.196833060738708987
854 350 0.16022529077662900354 0.15640142253660399563 0.1967453059434939866
846 342 0.16015244172471698736 0.15644501590435899718 0.19675911741822998957
840 336 0.16006363656274100182 0.15644829644523999823 0.1966249694481050081
846 342 0.16002909218962799165 0.1563361337108739868 0.19655279365392500091
849 345 0.15995340095879800879 0.15622354402651700278 0.19647295341715700912
846 342 0.15994343717624401324 0.1562407482521049884 0.19646977832743200976
848 344 0.15985264216358199829 0.15611436068270800881 0.19638904299095100159
855 351 0.15993633072958099439 0.15610452756379100681 0.19638562796730499316
852 348 0.1597995303513680132 0.15604001304603601352 0.19632223593962000452
854 350 0.15975022765535198954 0.15599991324734899245 0.19624818838498700457
853 349 0.15976344155601199248 0.15603066973627899294 0.19614970821136901158
859 355 0.15966232533897201096 0.15587692904811001338 0.19609150177922199387
862 358 0.15964904735108501055 0.15585505157354601069 0.19609782461723498925
871 367 0.1596294469564510099 0.15579636285439799059 0.19609872310961601327
868 364 0.15963294902612099047 0.15578996918696699781 0.19608011783193698974
871 367 0.15964414481514299649 0.15577251386944299116 0.19601788413803400424
872 368 0.15964544516041501154 0.15573456487799000603 0.19602350186209999139
871 367 0.1595232029873099866 0.15559965615515800041 0.19592234976622899256
871 367 0.15938270690052200318 0.15547677002692900095 0.19591773784284699511
872 368 0.15936368530333300253 0.15551848293028600057 0.19586015973760900755
866 362 0.15927563697452901126 0.15550032645848199664 0.19578233595225000285
877 373 0.15927921116299401105 0.15541945920798100333 0.19578324374688998999
871 367 0.15923320141383198734 0.15553087144071400805 0.19576129391977301064
885 381 0.15923207816852100183 0.15547378104713299729 0.1956988344439830052
886 382 0.15929083773010499492 0.15555370194501499936 0.1956300972591500098
900 396 0.15935423587874400497 0.15553845033488100658 0.19555922168810399575
904 400 0.15943919814281601322 0.15562450063653099352 0.19559387870828298661
897 393 0.15947345036567600607 0.15560406364284198877 0.19569789724499400685
886 382 0.15943567335669800444 0.15569955938793600403 0.19579079320085299165
877 373 0.15936054281731901194 0.15569712750578199034 0.19584433296896799903
886 382 0.15940780839731599761 0.15569403237734000256 0.19581046610396099505
889 385 0.15941258283400699947 0.15567114815375998615 0.19577497365682799968
872 368 0.15928914642319400019 0.15570807034585801287 0.19582391329880199926
867 363 0.15925466091183698714 0.15568410974929500212 0.19576578879981698655
867 363 0.15921691273370600084 0.15559099589456398816 0.19564042147252699855
881 377 0.1592419269867590137 0.15549092530319399974 0.195615351355855005
875 371 0.15918598306328199388 0.15547178201653999441 0.19561114211682201214
865 361 0.15912710412096400803 0.15549776218544100748 0.19550980332515699445
864 360 0.15902761719807501084 0.15542707757120899359 0.19549874291846899843
880 376 0.15908384392295399357 0.15535694582212000725 0.19549212935355200771
872 368 0.15907158221040398893 0.15540080841882400464 0.19546251324632998858
873 369 0.15903511047966001346 0.15536635758261499451 0.1954431825572710002
864 360 0.15893116699361900523 0.15533941921777399964 0.19537438219219399604
868 364 0.15894914580692298678 0.15532293145932099532 0.19526199578237199428
880 376 0.15885674658055398689 0.15517173038275000607 0.1952810396418759864
871 367 0.15886852872997200836 0.15525967222035799709 0.19521363113324100014
876 372 0.15888384933781399266 0.15521746418170900839 0.19520085476330600871
874 370 0.15883336612080600769 0.15519530980872101034 0.19514409342663999181
876 372 0.15887483688511100377 0.15521436279647599088 0.19518378317083098783
875 371 0.15888600655710599652 0.15522388059549599437 0.19515883536998498982
868 364 0.15884300264485601284 0.15521566407204198668 0.19510056528075400695
863 359 0.15869243356815698753 0.15514269856420098703 0.19505270307815800179
867 363 0.15869284347190398821 0.15515147982870300392 0.19501433391094000203
861 357 0.15862617021535299622 0.15516489480113598853 0.19490144776612600142
869 365 0.15863869283420101164 0.15510823640731399853 0.19483455338293700909
861 357 0.15856094007623100506 0.15503292930896600543 0.19480066975641499583
859 355 0.15847310027464101001 0.15499148768210099791 0.19475640963644999526
868 364 0.15842410864092901224 0.15493958095235599304 0.19471524352557301185
862 358 0.15834937416651501119 0.15487644924266000257 0.19463503228688799895
857 353 0.1582351030686220128 0.15483205516197701135 0.19453805481026700819
869 365 0.15821120237694899502 0.15471982162957301221 0.19448416360908798994
874 370 0.15816942513942999771 0.15464025323287600155 0.19442297600212599118
862 358 0.15807296112763399853 0.15460975424610701179 0.19440081484138899137
868 364 0.15798487902122398951 0.15446893029268399244 0.19425990911113899529
865 361 0.15789622748236600835 0.15436133985950201142 0.19414398407981400818
872 368 0.15785607323333400442 0.15428125058676100956 0.19406145570814900547
858 354 0.15774486400994500168 0.1542599633839900064 0.1939607410436960111
869 365 0.15773089545093499364 0.15414660646902300645 0.19388676689091599581
860 356 0.15767118545606401137 0.15416604365884600814 0.19380117782222899825
865 361 0.15767417984826501143 0.15413228918888599583 0.19370757057824000702
865 361 0.15760560888485600217 0.15407222774942500032 0.19365371500017000694
863 359 0.15756331788357499923 0.15407740055713101124 0.19356146761533998824
872 368 0.15750023163015400285 0.15397220704772598965 0.19347893814108099719
874 370 0.15742529415425099426 0.15391579063910901248 0.1935051378989419979
877 373 0.15732005348681399326 0.15379368824515399217 0.19349837320395998908
866 362 0.15723617627972000244 0.15379806189292799523 0.1933971848668470106
867 363 0.15718246754294801226 0.15367754952170101235 0.19329438541759999537
878 374 0.15720240003520200012 0.15361456808058598922 0.19326147410910698987
890 386 0.1572107475767030027 0.15355535060264699498 0.19325993148868800264
885 381 0.15715653640821500292 0.15353078906231099054 0.19330045474836299313
888 384 0.15715208471549799163 0.15352870595795400921 0.19330439267905000222
898 394 0.15716774966278398984 0.1534861786244509918 0.19331991181794699886
891 387 0.15712785032368201121 0.153485636732381997 0.19330694527040198638
894 390 0.15715098891226600419 0.15347330035605399878 0.19329811594443799261
888 384 0.15709558458747299725 0.15345058943115999495 0.19328761298056901241
873 369 0.15704092925189100383 0.15350404312530499529 0.19326854940176399489
881 377 0.15698859097010900432 0.15345571288793499742 0.19321343983775099429
871 367 0.15692280135986999556 0.1534820885360070053 0.19319039574335400422
869 365 0.15680158722925699455 0.15335862530548199922 0.1931531903058379962
884 380 0.15687288747641700559 0.15327206013186900346 0.19315076457847199509
872 368 0.15674078819610801072 0.1532848661510070043 0.19309150784604700579
876 372 0.15673549830297101026 0.15327651498218899939 0.19310243498384599414
869 365 0.15671284813127400737 0.15331386602819799259 0.19310801325535500994
875 371 0.15672063918407799776 0.15330342793429099779 0.19299676432696699635
888 384 0.15677162785227699571 0.15324911019352599473 0.19294955437028998846
888 384 0.15679028639165198955 0.15327947394659199865 0.19299445699674699917
876 372 0.15670868740644799955 0.15332321646166899298 0.192983305956779011
874 370 0.15666576160601300427 0.15331226970642200524 0.19286812848709000701
885 381 0.15673729109715500707 0.15327982672809201126 0.1928720806343449945
873 369 0.15666538743190999705 0.15328117376321501175 0.19280139299567400357
874 370 0.1565959891358839895 0.15318612535726999768 0.19277376659801800929
876 372 0.15653065123980300366 0.15312274978828999128 0.19267505520410499464
872 368 0.15639867927172498852 0.1530490338652860105 0.19261876512865200306
892 388 0.15641511228581200799 0.15288802895239000934 0.19253820667080401297
900 396 0.15648812143356999327 0.15288743319985401148 0.1924889333134610081
891 387 0.15640716500037499248 0.1528664063696240083 0.19237744060849099048
899 395 0.15646211743546101225 0.15290664240399501339 0.19233536545876900314
894 390 0.15648661858771500954 0.15295084915467299647 0.19225346057865899674
884 380 0.15645484262817699328 0.15297394751776899335 0.19221051096185801099
883 379 0.15640024936457500027 0.15291810546827899753 0.19214700921935701228
896 392 0.15643481669459199934 0.15285719147647500171 0.19208033281142600224
890 386 0.15637702603741399088 0.15283201466813101099 0.19201227569075499102
899 395 0.15643429929011498647 0.15283472838665498883 0.19194535532988798998
901 397 0.15637779941445001386 0.15282099851041100469 0.19192493602420698795
895 391 0.15632762728630800186 0.1528289945559019869 0.19188112187128900099
893 389 0.1563374818699080071 0.15285122435790299278 0.19187569723728101212
893 389 0.1563120519624719984 0.15284617065131000935 0.19185227665576498612
881 377 0.15617312455265400239 0.15281667700745599214 0.19177246350506998995
885 381 0.15618532080747998814 0.15277254813236598729 0.19163552382871498758
882 378 0.15614415107464199584 0.15273370962766200098 0.19156397826179799582
883 379 0.15609324530596799252 0.15270057419888899419 0.19150982047964598687
890 386 0.15607172303385399847 0.15265359759672800233 0.19147329511714300532
874 370 0.15600531958975999425 0.15267739338843799857 0.19144728350622500224
868 364 0.15592472484962399681 0.15267276717193800639 0.19138336504902300761
867 363 0.1558472731473559969 0.15259895876247800417 0.19122787376617100819
870 366 0.15580628907831400864 0.1525274181565720033 0.19110910648220399977
870 366 0.15570589253066799418 0.152502757064239991 0.19098692062679001324
870 366 0.1556304732133730051 0.15246301574529200207 0.19092992202489700304
877 373 0.15564528041627201382 0.15239164644816399763 0.19089570531882799065
888 384 0.15563600029356799981 0.152298921088625 0.1908080509579770101
884 380 0.15558353019908299775 0.15225695861437998913 0.19074611827557400034
879 375 0.1554998939334280017 0.15219941348849599927 0.19068229562523700271
878 374 0.15547521922734300337 0.15220696439626799079 0.19054105862410400385
872 368 0.15542643533253100441 0.15217744028952301383 0.19043800700831400863
871 367 0.15535515890589399191 0.15214082134868400775 0.19031622560192398841
880 376 0.15537964694044201219 0.15208028636641099385 0.19022756937667600896
890 386 0.15538347248788500488 0.15209465890087200957 0.19011959089802399347
882 378 0.1553569413762239948 0.15213033993550501011 0.19003266192608500584
878 374 0.15532746665683699883 0.1521086030994290017 0.1899416580704050006
891 387 0.15533185627464199396 0.15202385819642899589 0.18989830753750699954
894 390 0.15526925141492001203 0.15196305958680500492 0.18988657200214301146
877 373 0.15517048362209601153 0.15200306689546999594 0.18983646730871900354
# step atoms n_gas iacc dacc tacc
877 373 0.15517048362209601153 0.15200306689546999594 0.18983646730871900354
881 377 0.15514888386854500113 0.15195816626555799789 0.18976871313639900873
882 378 0.15510951811903500586 0.15191605476367001093 0.18969168371483199897
886 382 0.15510320872918501034 0.15191240342579501177 0.18962689953197400805
899 395 0.15517077271955201367 0.15192321410051701225 0.18961935517109901328
880 376 0.15510375349218899488 0.15196690972815998788 0.18960630170906700442
878 374 0.15505131507094799259 0.15197158081585199207 0.18949650648381599627
870 366 0.15499388825239499012 0.15196735002480299404 0.18943195682054800311
865 361 0.15494753744673100959 0.15193137771228701349 0.18931464960046501256
867 363 0.15494551254228999815 0.15189297343833099707 0.18917090743127901176
870 366 0.1549390750689620122 0.15186087119817801017 0.18908999556365799211
874 370 0.154955152386746009 0.15182750994325000526 0.18907600882118699714
863 359 0.15483518200160301115 0.15183286916651600462 0.1889379302788229964
866 362 0.15483337751528300497 0.15179190121262400859 0.18887115841475698996
866 362 0.15479006504906200892 0.15176545550498998782 0.18879482226787100418
884 380 0.15477383032300701116 0.15164983478264598693 0.18874634186080699316
876 372 0.15471244768133099456 0.15163290423841699339 0.18877549041211799663
871 367 0.15470553647019200105 0.15164086400179499492 0.1887465931608149905
864 360 0.15465581416780199708 0.1516111625026859977 0.18866167412383699764
862 358 0.15461938716396500526 0.15157577249667900099 0.18856027797094299103
861 357 0.15451601239947901356 0.15152143526295600018 0.18849042151420300484
856 352 0.15445088480170099388 0.15153211030158100781 0.18841815723082100398
869 365 0.15444618979997398744 0.15145671189359999342 0.18829172161998800061
866 362 0.15437329825194701094 0.15140196909518299773 0.18822250879088001096
872 368 0.15433762070032200353 0.151349496796649996 0.1881375675513659862
882 378 0.1543489688471489929 0.15129746594512399893 0.18800818819044801122
875 371 0.15424103917320700075 0.15120906494812000331 0.18797438736189100994
873 369 0.15419532115685100071 0.15118094718216598671 0.18789731515517399396
885 381 0.15417601066614500249 0.15106057855126600598 0.18790748097087400792
891 387 0.15411481878956401204 0.15101449056375801372 0.18786867505821999713
894 390 0.15406842958878799732 0.15098250559541301352 0.18780590972193300647
895 391 0.15401589034790100219 0.15091443918546099123 0.18770260693806201102
892 388 0.1539646633537949949 0.15094892265059300929 0.18759829336312799919
900 396 0.15396789678852398908 0.15091157156023499164 0.18757416893171399708
900 396 0.15394637334875299617 0.15086490692411200221 0.18750257692280700161
901 397 0.15386972149248701047 0.15082079854100399752 0.18745907925926499904
897 393 0.15380427080654698879 0.15076732728501998637 0.18737675530255701317
888 384 0.15371732269283500116 0.15075799276856499676 0.18729634407249501349
893 389 0.15362788210011898982 0.15069357808953601219 0.18721530858247001361
902 398 0.15357179931964801134 0.15056258060578900371 0.18708956110826999164
888 384 0.15347088043356599263 0.15050112799918299866 0.18706529637634400354
885 381 0.15348404117624900311 0.15055272077336198655 0.18699262197354099557
880 376 0.15341265333407000382 0.15051037328996899611 0.18695013037981400572
886 382 0.15339984537677400778 0.1504465139533739948 0.18682878452093901189
886 382 0.15332838551696101326 0.15039978854049398937 0.18674277554436699567
886 382 0.1532430192376849909 0.15031439166202301139 0.18667043830545598793
895 391 0.15324133386907801135 0.15025125995603699769 0.18657542886830399964
896 392 0.15324242556997699771 0.1502317941219180053 0.18650501678293898711
901 397 0.15322674757736298723 0.15018982314639900411 0.18640810047325900856
895 391 0.15313150728704799652 0.15013383375410899179 0.18637706532375400426
900 396 0.15310823970470599509 0.15007223387696200234 0.18630917054667101018
897 393 0.15305323022797298615 0.1500206490305819873 0.18627896410654701254
889 385 0.15293436153540498901 0.14995986317211099093 0.18618159916918999852
891 387 0.15288691616374600057 0.14985420215268499544 0.18611405869098698873
903 399 0.15285755520166799393 0.14976437187342500623 0.18600212549003400375
902 398 0.15279398418144798932 0.1497234270577549875 0.18597980104066899609
898 394 0.15272515511094900131 0.14970309257516201118 0.18596877948916901158
911 407 0.15274817541710400404 0.14964913663852399961 0.18593154526430599738
905 401 0.15272883540930601298 0.14969592902518599753 0.18586913606767199725
899 395 0.15268256067374899598 0.1497068422507820129 0.18581952645693899928
900 396 0.15265846627934098745 0.14971233843436698718 0.18579272109385400191
908 404 0.15262408317202399988 0.14966088064173199701 0.18574300415203298664
911 407 0.15256550606257998637 0.14956809592710498813 0.18571469307090399115
910 406 0.15252806198362001133 0.14954443932251199056 0.18567966778926700555
909 405 0.15248774544419199661 0.14951087956630698672 0.18563756863626298954
906 402 0.15244613828934799882 0.14949903197893299467 0.18563927288648499059
905 401 0.1523991699242459863 0.14946744727269900554 0.1856092243654859919
896 392 0.15231008800563500261 0.14942795789664900519 0.18552945831677900013
899 395 0.15225127649591199686 0.14935347856535899358 0.18548995816719598961
905 401 0.15226655246626799589 0.14934755156342499616 0.18545942348862098914
917 413 0.15228344580519900808 0.14929616919847799039 0.1854598624290079989
912 408 0.15231046880795501286 0.14936871687931299602 0.18545964912215601172
895 391 0.15223372016596001255 0.14941590252376599213 0.1854368659972210065
889 385 0.1521445198690279943 0.14939149697908499226 0.18536274910852099107
897 393 0.15218707168145900743 0.14939355161661999061 0.18537005944483100905
897 393 0.15216908138637699754 0.14938139605822700617 0.18535966660562300246
908 404 0.15212704750312200375 0.1493162173953929972 0.18530758206066300087
903 399 0.15203824652576500287 0.14931591221981199702 0.18524820724676499539
894 390 0.15196623586436300291 0.14929394533845499748 0.18521715317649500854
890 386 0.15191549217977298736 0.14927555221369098737 0.18519197826662300854
881 377 0.15181300074232700892 0.14924068235223800216 0.18518313790728299639
879 375 0.15174730997985599878 0.14920654556848200745 0.18511237795624499447
880 376 0.15172527314148701039 0.14920170978772301362 0.18503484272508299857
876 372 0.15165042826815200439 0.14914629719576499856 0.18502694750671999646
878 374 0.15160855984750601366 0.14912268705194700602 0.1850216334352899894
874 370 0.15157097533414098933 0.14911873523728499946 0.18500655954393199765
871 367 0.15151948564864900493 0.14908796053292100448 0.1850076090481510005
869 365 0.15147805863168900542 0.14902632957095199306 0.18493964387090000567
867 363 0.15140261785689099194 0.14895942963742000997 0.18484880499137801291
868 364 0.15134058069135900015 0.14889074160584001016 0.18475372634080300394
879 375 0.15134432797033700591 0.14878946584826199806 0.18474417972733500615
873 369 0.15124841246148498786 0.14877373150362299681 0.18467802632140900565
883 379 0.15120967741833499232 0.14872732424291298936 0.18463100536380100403
884 380 0.15119409816542900282 0.14870033669933499509 0.18459396626235199945
877 373 0.15119686034063700708 0.1487252219844679979 0.18452684170869199098
879 375 0.15113946639193900912 0.14868356588111000804 0.1845200008076280096
865 361 0.15112361431962800795 0.14872650293990399839 0.18447639956768299707
872 368 0.15111232957217898831 0.14868642820735800125 0.18445757938803500342
867 363 0.15106204023770000711 0.14865676823144299834 0.18441653317900999487
870 366 0.15103479523880200541 0.1486426138588120005 0.18428791766836599697
872 368 0.15097038609090399075 0.14854865112961299078 0.18420973532542600504
888 384 0.15098738616562701331 0.14844855417506400141 0.18417279620096399517
892 388 0.15095465789390999367 0.14838345989224099863 0.18411732594770099936
886 382 0.15091529014432200628 0.14841768589360901376 0.18408530547353299522
892 388 0.15088466037798201058 0.14835945815412898696 0.18409092416953398708
885 381 0.15086147166051300239 0.14836593542839199289 0.18409382213873901057
879 375 0.15080740267255998699 0.14832504364341200787 0.18407390996625899726
883 379 0.15078801273350400658 0.14829212463150098777 0.18404573827846298917
885 381 0.15078901227253399542 0.14827534128642999578 0.18401278713316399083
889 385 0.15069615606382899542 0.14817922580125100773 0.18396330407997299461
883 379 0.15066233834133599401 0.14817893255572400779 0.18394089608464800345
887 383 0.15063712997352998735 0.14811693063517300528 0.18392900479406598668
889 385 0.15056653250696000468 0.14804257928076999806 0.1838695417254160025
892 388 0.15054897823525600908 0.14801646219069600208 0.18382819293906799141
889 385 0.15051267546927199481 0.14803061536264400244 0.18380327654792799619
888 384 0.15047068752742701059 0.1479622969752669992 0.18379142719310401222
899 395 0.15050815379332599386 0.14797191735880599328 0.18373300981866200199
898 394 0.1504736882965959921 0.14796043859212701377 0.18374278348112599302
890 386 0.15042452281470600206 0.14795905177889501214 0.18370793436696900014
884 380 0.15037385408303899359 0.14794334935543498877 0.18363278620558801113
894 390 0.15039192070030199533 0.14792098854419000187 0.18357074317999899637
893 389 0.15034180284020901008 0.14788012119011800793 0.18353201481020900432
895 391 0.15030913141359200647 0.14782162005876800515 0.1834650538147939991
884 380 0.15025959874270700123 0.1478589243000530129 0.18344656401359599185
897 393 0.1502774027161130066 0.14780794121129500751 0.18339935667311899059
903 399 0.15029200904684700268 0.14775668266279098906 0.18340058523518901201
908 404 0.15034001454375300888 0.14777127764676201149 0.18342490871736799596
913 409 0.15036937969589600494 0.14780038475654699859 0.18341331254454198985
899 395 0.15027593397834299038 0.14782282377690300623 0.18343253778323201364
891 387 0.15025485752638900738 0.1478527568395689995 0.18340977132242999859
886 382 0.15020662204549400931 0.14781357371883999119 0.18335145860701398957
884 380 0.15020343079777601081 0.14783357172600500307 0.18331592365932300459
895 391 0.15014212620712399926 0.14774228204791800545 0.18326544198004998676
888 384 0.15014316166452099099 0.14778757153309798889 0.18324275906977000039
886 382 0.15011870202234200988 0.14776528394502000396 0.18314510165716599288
885 381 0.15007262186861400344 0.14774299876614899185 0.18310961086429000666
888 384 0.15002197250203999634 0.14767802635287699542 0.18304713189565999243
889 385 0.14997868819482801372 0.14762095863861898759 0.18297545819281599289
893 389 0.14993553716845500756 0.14753882847767599285 0.18290174800634600993
888 384 0.14989127446230898766 0.1475231559596280051 0.18283055661745700737
901 397 0.14993729996724700082 0.1474945397806710079 0.18287876843270500782
898 394 0.14991839734791401195 0.14750267926035298682 0.18287735878482999641
895 391 0.14983456065186900874 0.14745775366374999638 0.18283451692964899915
906 402 0.14984447465868300231 0.14743099945863399891 0.18281322050317500016
906 402 0.14978582542354598739 0.1473778880437439931 0.18277659911968999196
916 412 0.14974658555661599091 0.14730453630501699758 0.18273424201327401195
894 390 0.14971699045831698971 0.14741912942293000643 0.18272710639125400167
883 379 0.14967887615817598856 0.1474543411408389959 0.18271812132434100961
877 373 0.14967256239088200243 0.14744913368458001379 0.18268303240111699592
881 377 0.14963739366223399729 0.14740820069582000196 0.18261290989685999286
887 383 0.14963797264590300573 0.14739268045264800056 0.18256013216074298833
894 390 0.14963700578736899294 0.14735136926111200295 0.18251928811635800831
887 383 0.14955284726934101047 0.1473256675867150034 0.18247919458081099386
889 385 0.14948570171219199842 0.14727491848218099424 0.182412032547703995
891 387 0.14947305469521698917 0.14723000909906000522 0.18236854844089500638
888 384 0.14941954355617501071 0.1471897641051690131 0.18236458234506000564
891 387 0.14938660759834099245 0.14710502283015500224 0.18234794666089698678
894 390 0.14933979862703999908 0.14704505523143399093 0.18228223283329900162
890 386 0.14926188179096500086 0.14699740171348998907 0.18226295038989800967
894 390 0.1492539121891350018 0.14696683153824199874 0.1821967820083650047
881 377 0.14919349959372998904 0.14694366614736201204 0.18212528568468200341
892 388 0.1491504128628090009 0.14684397827219800026 0.18209068315396101378
899 395 0.1491683051267800042 0.14683028065260500528 0.18205230633225599757
901 397 0.14918398072779801011 0.14682319776318700222 0.18202723201550199961
907 403 0.14919961032779799348 0.1468026752625539999 0.18198960904115399351
906 402 0.14915225734290399329 0.14671847132139900771 0.18193182639654101318
907 403 0.14912690988373300538 0.14671472004421501345 0.18184415764043299069
898 394 0.14914586464275300659 0.14679904429332998883 0.18182418796793400895
891 387 0.1490709964361350004 0.14678290193458298774 0.18177265598472500119
890 386 0.14906101885036598942 0.14679539999195800881 0.18170059880185099321
893 389 0.14905347733740401117 0.14676197232550899918 0.18164532552780299213
883 379 0.14898200884293000268 0.1467552412577430021 0.18160541407019101245
893 389 0.14894413480760901325 0.14669638876417501194 0.18150573660733398951
885 381 0.14885158748435700637 0.1466527370499290106 0.18146292972799898946
882 378 0.14881830516018298982 0.14664912093427098783 0.18139458865078400551
886 382 0.14879557984815300342 0.1466164745982760087 0.18134745775231400633
875 371 0.14871346549069799914 0.14658519433310299163 0.18127405633907700544
878 374 0.14869559575472199309 0.14654841774119400921 0.18120573041433299388
874 370 0.14865222998870000759 0.14651287458750900106 0.18114451850747800843
885 381 0.14862902135028799311 0.1464635767814700118 0.18111899458592700674
878 374 0.14859595757837298913 0.14646426074558999142 0.18109971810354699717
878 374 0.14854492467999699801 0.14641114083165299165 0.18102750987484500511
890 386 0.14859033287379699861 0.14637389154974200789 0.18099982084116000847
886 382 0.14856133826735801184 0.14637398887458000218 0.1810175953073870081
883 379 0.14852421685604999535 0.14635143501181899217 0.18098659803119299117
885 381 0.14852299028066098807 0.14634871758898498895 0.18093141167852100359
885 381 0.14849289231864901129 0.1463286804904040117 0.18093614138712899031
886 382 0.14847369736625801173 0.14628870475274699525 0.18087624778378100232
881 377 0.14841455060464001092 0.1462479968405470121 0.18083477430533201336
884 380 0.14839569867453999974 0.14621405380249200001 0.18080316265226600847
880 376 0.14833937232934499284 0.14619686671290799129 0.18075922765166299588
871 367 0.14829758945518101143 0.1461634056810720006 0.18068723641633999133
869 365 0.14824713821343599163 0.14611144778145498946 0.18063177271412000913
879 375 0.14821539738449499013 0.14603445394049799355 0.18058778817839798991
872 368 0.14819547573736099877 0.14603017504202900345 0.18052204430744100971
866 362 0.14813878095240501365 0.14601434284842298994 0.1804993602374020123
869 365 0.14816132994943700951 0.14599733767789399574 0.18043301852535301166
881 377 0.14820717131389099519 0.14596654062022498821 0.18041751073896100666
878 374 0.14817295143812400648 0.14596539808141301142 0.18044556159992300448
879 375 0.14814899490653199443 0.14594474153214301304 0.18041941611769199416
874 370 0.14817795279999901314 0.14599543639391898697 0.18038828561975400744
863 359 0.14813696100584700099 0.14601109579438600883 0.1803487136108589961
849 345 0.14808723266132400864 0.14602409090308998696 0.18030714619925000686
858 354 0.14806226662717900111 0.14594751159920998917 0.18024902413260299183
858 354 0.148017206155240999 0.14591142894327299717 0.18019866211739299366
871 367 0.14804510426026701309 0.14590684844523199581 0.18012950004068500887
891 387 0.14817266724297001312 0.14592182436133199763 0.18013391590483998628
888 384 0.14817032864508700163 0.14595876870857998897 0.18012131995608399171
882 378 0.1481803306429599898 0.14598408410189100959 0.1801263498578909994
882 378 0.14820115509143100274 0.14600710773602199044 0.18008486546907601089
873 369 0.14819691317303798628 0.14605736782820000208 0.18005117398257100558
860 356 0.1481608433252709911 0.14609310058105801078 0.18002276094756500258
857 353 0.14813713220974900064 0.1460635087986600078 0.17999668074019500863
868 364 0.14810560641803199866 0.14600637367110100295 0.17989544327002499058
874 370 0.14807396424791999245 0.14597282587333698656 0.17988341954327199956
867 363 0.14804654982570000787 0.145983444484589997 0.1798389242939149868
875 371 0.14806032438502200743 0.14595291085780098816 0.17979703042255498757
883 379 0.14808871951646598863 0.14593567935397599999 0.17975836301367500991
879 375 0.14804985255578900771 0.14592522958917999998 0.17974409542116701055
874 370 0.14802693722344301142 0.14590622813074999309 0.17964075192444101114
883 379 0.14807006252726601092 0.14592357994960500345 0.17959595847146500591
895 391 0.14805437986045999477 0.14587210848097900695 0.17953184207259700877
883 379 0.14799672482961401254 0.14587816197417899367 0.17951257403581599714
887 383 0.14792817679476299997 0.14578396442596300298 0.17945507182087100384
883 379 0.14788475967610500983 0.14576966781689801311 0.17941503577129500058
891 387 0.14788922493734699137 0.14576527042357900754 0.17938602307336701247
894 390 0.14786268361034299312 0.14573635733306000706 0.17935964070088800115
900 396 0.14785246072699401165 0.14569343546942101209 0.17937430961625200343
903 399 0.14788635777353900669 0.14568311768047501054 0.17938004241562999219
906 402 0.1479177741356370035 0.14570512644795099999 0.17938589503359700372
894 390 0.14790324434607898807 0.14569507437864501198 0.17935501215200999603
891 387 0.14786934535931200996 0.14567090460994899792 0.17936095724873199475
893 389 0.14788144152523199915 0.14565829386909601162 0.17932051397742199139
882 378 0.14787772373248000979 0.14567671220857200676 0.17931801293770399663
875 371 0.14784720785010599386 0.14566650709294901023 0.17931327989824299984
874 370 0.14783890514600700472 0.14562906388609100916 0.17928879468822001009
887 383 0.14786850338873300248 0.14559509601743700347 0.17928850485853001229
887 383 0.14785363260532299878 0.14559056952243298877 0.17920439941372198756
884 380 0.14780913177626700539 0.14559324784858698743 0.17914473327134300407
889 385 0.14778572935350001161 0.14552291218627100289 0.17911677275425499922
893 389 0.14775403495804201315 0.14548466111949800994 0.17907188205254601088
894 390 0.1477286822951680012 0.14546923822785501335 0.17909011539068100949
901 397 0.14772506947506600095 0.14541542268406698613 0.17907345267195901029
902 398 0.14771370486222099028 0.14539799525056498752 0.17904170306334998841
900 396 0.14770810729437600095 0.14539602499720799544 0.17905693753704399196
895 391 0.1476516906960839981 0.14538129372986699495 0.1790118145587979992
909 405 0.14763256561249299414 0.14529754484629101019 0.17894824470193901322
909 405 0.14765093491855499352 0.14533631831680399182 0.1789536920072549997
907 403 0.14755910642014299916 0.14528427736642399171 0.17893493469851501354
901 397 0.1475526116489740136 0.14530980241625998661 0.17892281435700299608
888 384 0.14749435377259800806 0.14528563903576399707 0.17891252601356899543
893 389 0.14748325806699200125 0.145264992506959012 0.17885300356137501243
907 403 0.14751329271517998887 0.1452407234432299965 0.17886423647792598635
896 392 0.14743827782591800712 0.1452224100732699974 0.17882126920133001313
899 395 0.14737466689899000882 0.14514208289371099969 0.17875706875244801175
909 405 0.14734993360869599877 0.14508464900844600387 0.17871986920493798667
905 401 0.14730263053542000384 0.14506371612200000265 0.1786641009937250113
906 402 0.14727823325131000898 0.14504871156770599017 0.17861056844666101107
897 393 0.14723858499137398859 0.14505633357826100416 0.17856746310749999074
907 403 0.14723293639649098763 0.14499329635298000007 0.17854295264047301273
906 402 0.14718000462389299599 0.14494245148205800455 0.1785333853629129941
911 407 0.14716579111638000699 0.14491499648583100468 0.17849139576785399974
906 402 0.14715179090865299072 0.14490780260621999309 0.17848859530512001248
906 402 0.14715629761023699129 0.14491123826982699185 0.17846817204197701345
907 403 0.14713970534339698704 0.14491080523339600061 0.17846736482062700024
909 405 0.14711226205192198813 0.14488957986537301381 0.17842577968412298706
909 405 0.14709348406397498854 0.14485625866071599743 0.1784023312628419955
920 416 0.14708148919475599881 0.14481509810886100675 0.17841402210697798747
926 422 0.14708788351457599552 0.14480228249440099675 0.17839224168248599134
912 408 0.14706187869331199813 0.14484125954262000446 0.1783870824849629888
898 394 0.14705089105958898954 0.14492017416470601154 0.17836398838288500257
893 389 0.14700580190557899218 0.14490435142686000636 0.17833448110035399203
893 389 0.14700845857292199614 0.14492401404333699055 0.17832469103074799488
884 380 0.14699316887577398849 0.14492776073703200757 0.17825780431873999854
885 381 0.14697624970249201226 0.14490376879682700939 0.17824065685411200066
883 379 0.14697060278641199682 0.14491574306711199616 0.17823422957554699297
886 382 0.14700689271684799775 0.14490472884288699285 0.17822211664537798703
891 387 0.14698321954353998908 0.14486552567162799821 0.17820857959129299264
881 377 0.14691763062835000442 0.14485631328861001133 0.17817472887696100825
887 383 0.14687860530625901356 0.14479596280377698969 0.17812186527385401313
888 384 0.14687552808441700636 0.14478012841756499052 0.17808222697146899871
894 390 0.14687982652558201346 0.1447409428334849868 0.1780251810831970094
889 385 0.1468980525974880047 0.14475228327902101011 0.17801374461213700928
881 377 0.14684454874676400316 0.14474689929912099018 0.17800913129778600519
881 377 0.14685186411758499592 0.14474507788294399546 0.17796436878516999625
875 371 0.14678488176718598734 0.14468307854862200168 0.17790245919587799328
871 367 0.14674244580835599239 0.14465102350461300773 0.17784734455137199416
887 383 0.14674269002804299356 0.14455077194367499382 0.17780567232461999549
878 374 0.14667106130446400103 0.1445268997907110109 0.17776585410465400861
874 370 0.14659537408278300319 0.14451045326923400713 0.17771557887687000621
888 384 0.14659235733140499325 0.14442901507236399761 0.17764367772312900096
896 392 0.14661716796652998762 0.14441911601468399029 0.17756902802116500406
890 386 0.14659825851748700676 0.14441271424109700106 0.17753251912137599233
890 386 0.14654950901532901031 0.14437195358052901106 0.17748570966441701291
903 399 0.14658360715056600876 0.14434781734894600036 0.17747463530317100777
902 398 0.14657312574680300687 0.14434448397075599901 0.17744061828027499206
905 401 0.14657002745510699926 0.14431605215349499471 0.17740786336619399077
902 398 0.14651568468151199287 0.14428485637001201014 0.1773610335788100012
887 383 0.14643500901188399865 0.1442673917599980038 0.17733429763851299432
893 389 0.14640964096336400724 0.14422788905014199967 0.17730090892629898902
897 393 0.14642612765076701287 0.14422050918882600712 0.17727670084042698728
898 394 0.14635545534287300318 0.14416635537221200725 0.17724840592209500922
893 389 0.14634729703395699119 0.14415539196108201336 0.17725402412808899388
894 390 0.14631645997896799982 0.14413465551089899019 0.17721474768400399813
895 391 0.14629818326343299595 0.14411115246175901228 0.17719355079823301269
901 397 0.14626142473379299958 0.14404377217778499554 0.17719219215438200554
888 384 0.14619851143621900857 0.14401591598505400493 0.17715552815491900085
894 390 0.14618127785960299825 0.14395373551074300278 0.17712923768219498988
901 397 0.14618763541316098786 0.14392480920858199966 0.17716929852360399633
901 397 0.14618097750305700244 0.14395317761961298753 0.17713377105492400521
887 383 0.14614857097677699804 0.14399401173943199295 0.17709557322866800733
879 375 0.1461331467090540015 0.14400818518921398859 0.17702975775767698652
877 373 0.14612461108194799153 0.14397575269248300001 0.1770009104295379998
882 378 0.14611155911262999063 0.143930882561466994 0.17697097838552200422
880 376 0.14609373848824899755 0.14391274095636100161 0.17698844967702700992
876 372 0.14608185528102898831 0.14393876362355700893 0.17697914234049000326
888 384 0.14613225431868701043 0.14395357818456300247 0.17700047139194099999
892 388 0.14613525388164499974 0.14394109547501598989 0.17700241289975399139
875 371 0.14608987138820800356 0.14398150857206398756 0.17698709721621000424
868 364 0.14606670278483399605 0.14398433618679701285 0.17693924027676399824
878 374 0.14609376523516298674 0.14393069769181698891 0.17689958465629901374
883 379 0.1461024889327630083 0.1439043584704360057 0.17685011432390798647
877 373 0.14609495831762600582 0.14394336399914600677 0.1768338752049040119
882 378 0.14606763406991699061 0.14387621092146898882 0.17684259723524800578
886 382 0.14605449570057399411 0.14384446735225800418 0.17684846804877299431
900 396 0.14611538051465700061 0.14385084640823000979 0.17686546139829001367
885 381 0.14608824440415599244 0.14388065466062899267 0.17688751327996099505
875 371 0.14607154425878299264 0.14391188399018201016 0.1768338178290289886
881 377 0.14608597383334501196 0.1438726953968449962 0.17680718300308800872
885 381 0.14607592494261700811 0.14384882932133899458 0.17680918469143100391
880 376 0.14602957402349300842 0.1438125804770830074 0.17675666934532199837
878 374 0.14599685272717399798 0.14380879247387298725 0.17670384556932200448
872 368 0.14599396258269700666 0.14383509108272399257 0.17663784054425399339
881 377 0.14598946655778299863 0.14379081837787599518 0.17661034148551199574
889 385 0.14602964518735100929 0.14378625501463898617 0.17656920246476198733
886 382 0.14600725126971000889 0.14378032937151899451 0.17653973577412798712
892 388 0.1459980768947790053 0.14374036952336000095 0.17652189331489198665
895 391 0.14599139990374598863 0.14372772494166199952 0.17653126675304300908
888 384 0.14600494430428501147 0.14375927970388799326 0.17654483302613599438
885 381 0.14599103822983100498 0.14375341619266698845 0.17654629021625600771
878 374 0.14595207145882599375 0.14373602586126399405 0.17652305388179800882
890 386 0.1459937322553609973 0.14372478273375899338 0.1765078608857159892
889 385 0.14597423816330099 0.14372173418822400959 0.17648486405805399735
900 396 0.14597702239819901338 0.14369507014870100403 0.17643424117073899793
894 390 0.14594507514666599235 0.14368462330673201222 0.17640817489098600812
894 390 0.14591821765335499794 0.14368033073072500327 0.17635357963299999606
891 387 0.14590629593325499247 0.14370907445140901348 0.17630524560929700106
889 385 0.14588319713659800292 0.14369799735298599552 0.17626843643821699104
894 390 0.14588795623811198765 0.14366472743281100133 0.17623602393459200655
900 396 0.14588612066054801319 0.14364293129215899292 0.17624197403806199369
900 396 0.14585342220188499129 0.14362525687515301231 0.17617998185055100402
901 397 0.14583323544958501361 0.14359488640556500316 0.17615221449734799752
886 382 0.14580683316914999637 0.14359257560515700791 0.1761369648483780137
902 398 0.14584759350699100233 0.1435757663585320032 0.1761433157738560018
898 394 0.1458219194111780026 0.14357492073357100426 0.17612575417747400319
895 391 0.14580975276584501321 0.1435680273847080024 0.17610064366729799579
893 389 0.14580627680280200398 0.14356112829236000739 0.17611399521545900715
894 390 0.14577277159973600629 0.1435330789981230093 0.17608539627355399015
879 375 0.14571768160457798658 0.14353293246153100982 0.17606250452374100357
884 380 0.14570365783757999179 0.14351030942124501366 0.17603500269336000428
881 377 0.14567038976189400357 0.14350694814672698696 0.17603319068998299346
883 379 0.14563517128564298919 0.1434671458469490013 0.17600124719572599052
883 379 0.14561850290083999671 0.14346247253316299353 0.1759868726869709965
886 382 0.14558275727799999122 0.14342879850590301016 0.17596285548421100597
874 370 0.14552639372110098837 0.14345454041862398809 0.17591841088556101069
880 376 0.14552732045893598811 0.14342882960902400558 0.17588594987683400794
890 386 0.14550969248955300528 0.14338943082624799885 0.17585196186575499655
880 376 0.14547651328525598724 0.14337824348936101249 0.17582846724564599183
869 365 0.14545060898018499773 0.14338679518272098856 0.17577950989335200394
884 380 0.14544618003567899578 0.14331667607300099809 0.17576060793260400716
884 380 0.14544710888820000516 0.14332664118082899529 0.17570860085258799277
885 381 0.14543451315179101169 0.14329797316101899884 0.17570057343128400729
886 382 0.14538226636154399918 0.14325369967190801357 0.17569467739449298738
889 385 0.14536518783770399632 0.1432225998604720052 0.17567983110316098827
887 383 0.14533707916512500491 0.14319611949904301196 0.17562268077585399539
890 386 0.14532508249250300492 0.14316837278769400932 0.17559548339199901323
901 397 0.14536441525059501378 0.14317517550264000081 0.17558299353447098801
909 405 0.14535970599702099926 0.14312803535959101042 0.17560202296121799059
903 399 0.14533729255030100602 0.1431342090435170078 0.17561332895201200999
903 399 0.14532095900939301369 0.14310146939340198657 0.17566363311025900984
901 397 0.14532027539755398848 0.14311416050654998666 0.17565537273573000876
905 401 0.14535369307799500538 0.1431326130148639908 0.17564208970456299252
893 389 0.14531720410540199806 0.14314585405487301184 0.17563620340298299882
884 380 0.14530913174942799992 0.14318358351784199467 0.17559761498489900866
887 383 0.14529875863999999752 0.14314517947774399453 0.17556554728075998706
907 403 0.14532235617263999927 0.143090148865736011 0.17554805001907100581
912 408 0.14532028598186699786 0.14306030602995900569 0.17555534451218399172
907 403 0.14528658313843700878 0.14306459081628400409 0.17557129499515400362
899 395 0.14523537199246500107 0.14306949590145701112 0.17555967160779001324
891 387 0.1452160653474759977 0.14308463871030899228 0.17559305839391300963
898 394 0.14520787942703400342 0.14306388812904399788 0.17552362857000400331
894 390 0.1451797469938420071 0.14305279553080599286 0.17550384389625300896
903 399 0.14516085658644700684 0.14300850299015999134 0.17550247531384899347
907 403 0.14518836881272700889 0.14301598642429699804 0.1755034272312329946
895 391 0.14516475260212000076 0.14304448478675099721 0.17551876612175298931
886 382 0.14512915359876599197 0.14304682974583099453 0.17549157429089901061
898 394 0.14515733150001500218 0.14301482533105300265 0.17549347548011501319
902 398 0.14516517319715899204 0.1429847919725850125 0.17550916485533998856
909 405 0.14515346219373201353 0.14296879857118699464 0.1755217687146800043
915 411 0.1451354668842390061 0.14293952473198900943 0.17557168549402898949
913 409 0.14510483297732298946 0.14295147352030598831 0.17557821160613598654
894 390 0.14507268499553999108 0.14300133248864299595 0.17558826995342799449
900 396 0.14508428896222400062 0.14297084339203999792 0.17554730826681300138
889 385 0.14504966058926299644 0.14296692134371299931 0.17553917251041001313
890 386 0.1450499188287319996 0.14296428650147599559 0.17555643209760998791
879 375 0.14505351729194099208 0.14298304367688299821 0.17556476353600700135
878 374 0.1450258683093559875 0.14295019915872000937 0.17551292057900899635
880 376 0.14500773874290601162 0.14291366447823300456 0.17548912635301999741
877 373 0.14498033186878100942 0.14288474373773599191 0.17544958929639800638
882 378 0.14495227953698600065 0.14282832004288301131 0.17540027989250500662
882 378 0.14492861914912200105 0.14281583132816000337 0.17537209112864399208
872 368 0.14491754623142799607 0.14284463856598300646 0.17534079688928599916
869 365 0.14490471700118501275 0.14282279814426199205 0.17527492080748499625
872 368 0.14486251555289600401 0.14276482403221199546 0.17527691470462000711
892 388 0.14489525301573799587 0.14272628534726200522 0.1752126073992300026
882 378 0.14489439929288400188 0.14274262761385800302 0.17519191105272999276
879 375 0.14488779034920601374 0.14274524479813899269 0.17514785393043200146
866 362 0.14485761150212500548 0.14276896326823398931 0.17514277349771001369
866 362 0.14485030435799300941 0.14278828198897500212 0.17511124496113200655
877 373 0.14485493179598699087 0.14275550928274000073 0.17511324843114400851
872 368 0.14486174343658600461 0.14276119370585999002 0.17511954221173800517
877 373 0.1448638928337100118 0.14274707389646598688 0.17514404473668399032
871 367 0.14483623378870799647 0.14274781435588299039 0.17515540906060300674
880 376 0.14485152934892700505 0.1427269468158429977 0.17511209691733500837
883 379 0.14484126125049298639 0.14270798277570900803 0.17511365878262000195
882 378 0.14481240594287900225 0.14269337022465899967 0.17510347023203098882
901 397 0.144862053622868997 0.14268860308144901139 0.17514115738198998695
897 393 0.14484124415847998701 0.14269431923690500952 0.17511913123307598639
894 390 0.14484601624902498918 0.14270370131622200915 0.17512304636867501162
885 381 0.1448248839586269987 0.14273205655311299589 0.17512053336515501223
875 371 0.14478427323893500178 0.14272177678625100339 0.17511738100328400058
878 374 0.14473723784950198734 0.14268030992815999847 0.175118548671275992
871 367 0.14471571935003599285 0.14267622747359098856 0.17510649180910300982
890 386 0.14477796881168300547 0.14265384615323700723 0.17511116073020399631
881 377 0.14475273477927000365 0.14267234754630900295 0.17509489802445898921
879 375 0.14473785543694400735 0.14266280592014998763 0.17507932053169900088
868 364 0.14469719956006399375 0.14268796087575499887 0.1750574629002069893
877 373 0.14469280420688898636 0.14265347984040199769 0.17504756611117600062
872 368 0.14466473621077199918 0.14264215752898098954 0.17506155492070998858
868 364 0.14463739466021099944 0.14263872077406500316 0.17504964517791199441
873 369 0.14466763128715401376 0.14265289845174300432 0.17506200618746101116
870 366 0.14466384679089100418 0.14266643499132200534 0.17505672602463401288
862 358 0.14464783888041898852 0.14269264798581499099 0.17501849977422800908
870 366 0.14463192005503500148 0.14266079101337000856 0.17497132418502300832
871 367 0.14459898576021498751 0.14265373809010900574 0.17497814444152701152
878 374 0.1446062042399400005 0.14264730090732599677 0.17495236298625299609
879 375 0.14458065606973000139 0.14265050689007499618 0.17493034206455299051
877 373 0.14457037650057999456 0.142657937751113989 0.17490524855297900908
877 373 0.14457033424947898781 0.14265935554943801056 0.17487317849205499809
885 381 0.14456420066174899275 0.14263133778037301314 0.17486971993707101092
890 386 0.14457030049650199111 0.14260638789213600508 0.17488914986395401319
894 390 0.14458348049790401002 0.14261562663810101181 0.17488316059247399625
901 397 0.14460255193266299822 0.14262484703140398956 0.17490227101504599028
894 390 0.14461885760021200853 0.14266634847606798897 0.17492949103206900663
882 378 0.14458407035073100877 0.14268268201225101088 0.17491528839697700892
871 367 0.14454117932744300901 0.14267271633350600557 0.17489530272522299525
878 374 0.14452927273047100343 0.14262581746339900168 0.17490185234030300454
879 375 0.14448094008247300279 0.14259683942733400452 0.17487318779887700559
877 373 0.14447385118828298678 0.14261137608504900753 0.17482853696687600253
880 376 0.14446140245469499264 0.14259260800393400159 0.17480235049391498747
873 369 0.14446504071753699106 0.14263741197343399181 0.17480667777785299788
876 372 0.14445507885587599572 0.14261035671216901188 0.1747978661328359884
872 368 0.14442966411645999369 0.14260172651903199603 0.17481478089047799984
878 374 0.14443277092763900926 0.14258659129842399249 0.17477432140421900186
875 371 0.14440559005378300617 0.14258626756859998919 0.1747918501649929901
882 378 0.14440940378793601373 0.14255759129764400406 0.17479658769467099066
880 376 0.14440194081447799146 0.14255318269835298706 0.17481639024111300662
879 375 0.14442174225883100402 0.14257529542328201133 0.17479288446012300473
895 391 0.14444471985993301288 0.14255672704572999732 0.17479588185003400169
887 383 0.14445590723334100769 0.14262293056017399939 0.17484413456157299471
887 383 0.14445708538345600203 0.14264197530805500236 0.17483618977589898691
885 381 0.14445181027927500583 0.14266919379779899324 0.17486750118542598864
878 374 0.14443553197118799702 0.14266939911971698862 0.17483652724921799892
869 365 0.14437107318757699814 0.14263385897777100531 0.17481173218700399308
882 378 0.14435300153865798789 0.14258372029105900736 0.17479409019286498705
870 366 0.1443333210312570114 0.14261733287964500905 0.17478629494342701189
882 378 0.1443287989934159965 0.14258658561967899048 0.17475594693374399413
889 385 0.1443183817416389958 0.14256351161886698931 0.17473917232013699841
894 390 0.14432332348229900965 0.14254748521195301225 0.17475070131217199099
886 382 0.1442944935578749921 0.14254779459683500353 0.17474927846571600143
901 397 0.14429587691043899156 0.14250908557494801343 0.17472415202252800093
896 392 0.14428742573472400079 0.14252397310395700791 0.17473290576447000899
890 386 0.14428377178996298902 0.1425231744993389893 0.17472257680335301355
888 384 0.14426377523571098926 0.14251132186534601343 0.17470702906146501343
904 400 0.1442798400722259955 0.14246296303752800649 0.17468892755003201378
898 394 0.14427202357457399873 0.14248073516418199858 0.17467364304176699608
890 386 0.14429507066470301235 0.14251353463472699046 0.17470190230157700562
892 388 0.14430872075298600832 0.1425012033177510129 0.17468383704335499473
907 403 0.14434483456381899669 0.14248077614608700703 0.17469186091249200299
898 394 0.1443236861464450016 0.14249500474239598646 0.17470173442434200339
899 395 0.14431244875066401301 0.14247693399516700441 0.1746752445648090124
901 397 0.1443190392982610093 0.14249396672880901282 0.17467584155900200971
894 390 0.14433255665772701248 0.14253573052824999867 0.17465795586843699261
899 395 0.14431553216193698796 0.14250388014514400736 0.17465991640773601001
896 392 0.14429095531504199101 0.1424985138407859897 0.17467690473085900615
893 389 0.14426257178508999912 0.14249024863905299099 0.17467749756993899979
899 395 0.14427149619139201242 0.14246487483156999865 0.17468680647097500902
904 400 0.14427978422546300363 0.14244300117664498995 0.17464346896975099788
906 402 0.14425195714651500856 0.14241256964970899768 0.17463979951931499213
900 396 0.14425682301135400731 0.14245637031326099931 0.17462859479316200639
903 399 0.14426287190215000833 0.14246698955028100353 0.17462208429237199847
903 399 0.14427220839749499426 0.14249357777614599097 0.17465060877148599894
892 388 0.14423606400325500454 0.14249508864294099797 0.17462198341028301041
901 397 0.14424199906669699089 0.14248178669476299629 0.17462215505831199525
898 394 0.14420484638454800219 0.14245544538647500477 0.17461092985933898691
898 394 0.1442047177049460005 0.14244676920086299376 0.1746247723927810136
895 391 0.14418746994215400625 0.14244094894423600661 0.17461100916666100202
893 389 0.14417433706273100058 0.14243510536152101387 0.17460058689238200369
895 391 0.14416172771862600932 0.1424095010967519892 0.17459204588753898801
897 393 0.14414396563282499963 0.14239974037122699047 0.17459964721697598944
898 394 0.14415402400728399845 0.14241315909079499402 0.17461264471899601292
892 388 0.14415900326255601249 0.14243898970530799453 0.17460858063293499542
896 392 0.14416849425979799681 0.14243487389098200002 0.17461061593265300718
886 382 0.14411868039845399103 0.14243583172281498728 0.17464247674607000227
889 385 0.14412655591783798958 0.14241376322346199768 0.17463942924566500103
884 380 0.14410729835205299265 0.14240859944230199741 0.17465442059577399037
892 388 0.14411339812494700086 0.1423927229266220007 0.17462847415784898963
890 386 0.14412465685485201239 0.14239319528546401372 0.17464331895881099466
888 384 0.14412173789990301298 0.14239199086677101214 0.17463235655530098822
883 379 0.14409577077757199093 0.14239914716443199949 0.17465957931590800345
875 371 0.14406709877721199375 0.14240964798879199305 0.1746388713905789869
874 370 0.14404694747342300376 0.14238216311307499984 0.17460585077776200058
875 371 0.14404696673133399187 0.14236979492254001056 0.17459400386964499252
867 363 0.14401798807256199764 0.14235133837372099253 0.17459000676929101181
861 357 0.14399684321919700714 0.14234625629290401094 0.17455719607648101377
868 364 0.14398010998776800129 0.14230778221886300483 0.17453805584105899773
866 362 0.14397685264563001017 0.14229224398238399241 0.17451718621947198695
870 366 0.14399800543773599859 0.14229006208951400225 0.17450959373961100196
861 357 0.14395407666805198899 0.14227455976082101219 0.17445324547842100404
865 361 0.14391415074109600858 0.14220975482894598896 0.17441340216980999456
867 363 0.14391258579579799259 0.14219214505202598664 0.17438335186029399471
867 363 0.14391272794955001224 0.14218945428158999422 0.17436067687064799037
877 373 0.14396153995214200361 0.14219841008823000394 0.17434853025287899708
880 376 0.14393939393883600775 0.14217199921106599136 0.17433548234539900101
888 384 0.14394710267951699167 0.14217700208455399946 0.17431764548699499318
884 380 0.14394662687849998917 0.14218484801673300644 0.17431095071457999857
892 388 0.14397923955550401276 0.14218878860461800495 0.17433727490498798773
887 383 0.14395117265057399969 0.14217679217624498711 0.17435591561577801212
895 391 0.14397604061014698806 0.14217028740175499668 0.17438104659448000477
883 379 0.14394750421620600145 0.14218138780600000914 0.17441685738690798635
897 393 0.14396673103944698791 0.14216226384616600931 0.17441361404636698818
872 368 0.14390466051972500283 0.14220294324024099208 0.1743798792443669865
875 371 0.14389489122784099306 0.14217840598591399703 0.17434978302054499055
885 381 0.14390981135204800045 0.14215607462986398768 0.17434192850036001055
895 391 0.14395158817702999321 0.14216106232543598842 0.17431864541921499034
906 402 0.14394278735478099884 0.1421490508996400004 0.17431291057749198625
907 403 0.14395541769085398731 0.14215791081191900269 0.17431801787461098652
894 390 0.14394286762290800508 0.1422157287592230035 0.17430249183754101261
886 382 0.14392611851067299567 0.14222772748873899196 0.17429519641282600895
886 382 0.14392777866715500412 0.14225219633071900516 0.17429498539671300916
889 385 0.1439066304421039999 0.14222286477321899323 0.17428790321625300952
892 388 0.14392537597508500702 0.14221745807241201187 0.17427475945854101202
910 406 0.14393896172501599584 0.14218653865089400656 0.17429880501544500748
903 399 0.14388956649551498668 0.1421871086718489996 0.17427744621308999262
900 396 0.1438945598239229906 0.14219428796658700742 0.17427678125625400973
901 397 0.14387998118963099548 0.14220079238168401026 0.17429365780726799318
898 394 0.14387625210207799498 0.14221709269051099889 0.1742907542737119897
902 398 0.14387045980959600744 0.14219500207877899811 0.17426470866567800311
901 397 0.14383108412086401118 0.14218261897603198807 0.17426437216305901146
898 394 0.1438248005313720046 0.14218701647605400118 0.17429163029850999744
885 381 0.14376891894897900204 0.14217151819221598985 0.17428479212365499684
881 377 0.14376975118169998957 0.14217165154389099779 0.17425795222878501245
883 379 0.1437662004937619864 0.14216957239945099412 0.17423050766963399383
873 369 0.14371753368913800508 0.1421439446621599878 0.1742008337486249947
876 372 0.1437048959616729904 0.14213543075159199014 0.17421665679522799208
888 384 0.14372449861308600472 0.14212371180395400039 0.17421390735907799074
887 383 0.14374298551443198679 0.14215009898560901358 0.17424087463819601385
884 380 0.14372288203231900483 0.1421389961673900082 0.17422157395014800652
870 366 0.14368246736649500916 0.14215834877096400479 0.17422087031735700169
875 371 0.14367577319340898989 0.14214350080899298967 0.1742067561394080033
882 378 0.14368624166039500878 0.142123370825439993 0.17420501900368801085
876 372 0.1436961541042670043 0.14214861228716998975 0.17417567741698100625
890 386 0.14370119884689799838 0.14211356408014100272 0.17417121530175100341
900 396 0.14369879819022499112 0.14208971459811700622 0.17416180703632000437
883 379 0.14364694399064301122 0.14209100314803399523 0.17415307589688999723
883 379 0.14364414665868699417 0.14206892449038299731 0.17413084376462101277
880 376 0.14363761459306501056 0.14206594778059700168 0.17410792300423799661
877 373 0.14361190270020099402 0.1420608471690180119 0.17409716766097699248
890 386 0.14363927233801299099 0.1420472873011610071 0.17410127747352999172
894 390 0.14363794797581000418 0.14204907466349300793 0.17406402785496499774
884 380 0.14363572368002200386 0.14206728100313800733 0.17407966511354400208
891 387 0.1436492719070190105 0.14204642083339399927 0.17407839218266699111
892 388 0.14368026508920600515 0.14205884308212599065 0.17406401440670998815
884 380 0.14366584388849801268 0.14205226785470800865 0.1740442786020489907
884 380 0.14364512377418300892 0.14202821615870200866 0.17402312680588399862
886 382 0.14365185056701698652 0.14201111516184000694 0.17398967551590299729
885 381 0.14366701806842899214 0.14201033203762700174 0.17398928038573299726
885 381 0.14364046797441498704 0.14198488435302000776 0.17398985298388500165
893 389 0.14364972204489301344 0.14196993569138699476 0.17397731242269098839
902 398 0.14363006171221198715 0.14192774267357299856 0.17395441278276399522
897 393 0.14362991362541999152 0.14194480290891201002 0.17395876152413899951
902 398 0.14363446904323098896 0.14192993058937400375 0.173946124130886004
911 407 0.14361700177736499984 0.14188266894967899168 0.17393359025802299089
915 411 0.14363204178227501062 0.14187781068281998809 0.17392887664001499548
915 411 0.14360304717805399966 0.14185682089593099064 0.17394396713252699427
905 401 0.14357003933673700979 0.14185665434295299803 0.17391987345139300891
902 398 0.14355430224520598914 0.14184092027731601271 0.17390883824112199352
903 399 0.14355151236441399121 0.1418475885176239959 0.17390995169896000805
901 397 0.14350717535824500382 0.14180687943288200481 0.17390116345759598637
905 401 0.143487794394588003 0.14180097751090300906 0.17391486341351899969
904 400 0.14346490621467700155 0.14176309240470899575 0.17386679564378598739
910 406 0.14345086375170099102 0.14171285055242199835 0.17385593605200500011
901 397 0.14340672713944599415 0.14170301797389300846 0.17383736337104899183
899 395 0.14337981749891701155 0.14168535539941298773 0.17383191805307199318
898 394 0.14334511830244500707 0.14168265575736999073 0.1737914292698780061
900 396 0.14333376803982200709 0.141679567122854011 0.17379216472720299125
888 384 0.14328994613951701043 0.141650316701022988 0.17375115060668200329
906 402 0.14329108431068998675 0.14160285638936098707 0.17371610487942701351
901 397 0.14329326671167100238 0.14162717048592299296 0.17373354826682799179
899 395 0.14325988708670900351 0.14159024161675801134 0.17372359400979001109
892 388 0.14323634212790400944 0.14159393991711499705 0.1737132684168319896
894 390 0.14322673632954399658 0.14157557183760999253 0.1736967746113660116
895 391 0.14322951356709900939 0.14156900374787800834 0.17366139678740000196
894 390 0.14321888195846699254 0.14157525269702700421 0.1736441185082500116
890 386 0.14319902548000801312 0.14159219009503498654 0.17360220903187201236
896 392 0.14323463624921201065 0.14159644135971899415 0.17358759291648701018
891 387 0.14322047882402000329 0.14157777324158798971 0.17357657352464600509
890 386 0.14324318512467398845 0.14160906710119799956 0.17356060036282899839
893 389 0.14323717592922599606 0.14161420967731699894 0.17355639522786800444
896 392 0.14321331225222599937 0.14159130844675799077 0.1735532905999659925
894 390 0.14319361248858700209 0.14156396514639299489 0.17352511510089699276
895 391 0.14317701339833999175 0.14153405201866001151 0.1735258642835690035
915 411 0.14321595490333899336 0.14151534795535800071 0.17352163092974601244
904 400 0.14318101613662900795 0.14151806208424300149 0.17352492768873201134
919 415 0.14320513687968300376 0.14150192006776599052 0.1735351008152200003
907 403 0.143189063789305987 0.14152099547750399133 0.17352103961465401016
907 403 0.14319230468393601141 0.14153685622667200317 0.17346947838861800917
916 412 0.14319604800023000291 0.14152177844552099595 0.17344725623036799655
910 406 0.14318307620199799413 0.14153206234205700786 0.17345391674394000647
903 399 0.14316912768282799573 0.14153628318534000607 0.17344955575013298876
901 397 0.14317240695230598613 0.14153849418355099465 0.17345204800479099849
898 394 0.1431595042077770108 0.14152606752242299915 0.17344861675776299115
895 391 0.14317034962412600319 0.14155542924473299427 0.17344219889077699959
887 383 0.14315796167941599593 0.14157968442947399534 0.17341952704055699219
892 388 0.14312389033753800116 0.14153852660317600698 0.17340736638215201171
898 394 0.14313523578400899616 0.14153464771224899543 0.17338298243511998664
885 381 0.14312140602046799498 0.1415724328161029888 0.17341232811561599347
885 381 0.14309047260286300585 0.14155898027144900309 0.1734131298308489999
896 392 0.14311638801111600805 0.14155058689601099364 0.17339965549939601042
880 376 0.14307099784889901195 0.14155174228816500004 0.17338592134947000689
895 391 0.14307732277221998918 0.14151628092835999428 0.17339378233766200577
901 397 0.14313224781243899519 0.14155795019778599775 0.17341032356200200559
897 393 0.14310898952357800629 0.14154704525437600271 0.17341405918853800006
903 399 0.14312926313380400223 0.14156806647987199566 0.17341594735163298746
900 396 0.14313403071705899094 0.14157572707940999091 0.17340132974089900175
903 399 0.14314826919598599986 0.14158133429177399698 0.17340739576206801176
906 402 0.1431734368883640085 0.14161625886883599801 0.17343704732720599537
899 395 0.14316369041338500301 0.14163375843859299374 0.17345929913185201277
899 395 0.14314399458915899599 0.14161643387155900542 0.17346801886449900176
898 394 0.14313376541461700353 0.1416284224109309875 0.17349283496007800176
898 394 0.14313552185573300002 0.1416289765789280064 0.1734841356661430134
903 399 0.14315762392435099626 0.14163601440693798783 0.17349628731121899405
902 398 0.1431355181571639934 0.14162369255706400151 0.17350033944065398894
902 398 0.14314123587851798614 0.14161642287254100347 0.17348266422377900398
894 390 0.14314495854364200911 0.14164227445090099566 0.1734646477249240093
894 390 0.14313186051619100625 0.14162057770929800671 0.17345850260941300669
893 389 0.14311974244420300195 0.14162064589256700975 0.17346167222337399716
899 395 0.14310863625309300229 0.1416004422633490023 0.17345665139567201241
897 393 0.14310544411567899248 0.14160749237906000708 0.17343727328600400117
897 393 0.14309487639779300272 0.14160845794263099418 0.1734388347668530117
902 398 0.14310649938375299972 0.14160167356469499644 0.17344366430295399262
896 392 0.14311661634702599333 0.14163524611283301313 0.17345379429606799793
890 386 0.14308539944854301029 0.14163378071934498714 0.17346273080739699202
888 384 0.14308375197803599455 0.14163085702450500802 0.17345268190308799072
894 390 0.14306732944144298636 0.14161857653152801206 0.17345038162662498871
902 398 0.1431019796942429867 0.14163917996333799665 0.17344130638898599961
902 398 0.14310470255530499673 0.14164611960569700733 0.17348025736834599142
898 394 0.14310888645041400236 0.14168425669514800314 0.1734842875943060081
904 400 0.14313017625773899466 0.14169508237082301116 0.17349944344520298878
887 383 0.14310502376820899428 0.14171663514015100938 0.17352316162979500302
884 380 0.14310726290939398964 0.14171960917614098707 0.17349168142531498638
886 382 0.14312949713979100652 0.14173862864157699137 0.17350726192256299418
880 376 0.14311805088486700965 0.14174447920420799041 0.17351710390653499183
884 380 0.14314608274448900604 0.14175909577356898827 0.17351031321589999168
869 365 0.14314002153919000437 0.14178489453095299844 0.17350318427900798812
876 372 0.14313539208526798729 0.1417663371722210075 0.1734843610089620014
882 378 0.14314729446937898838 0.14177688619855899343 0.1734894677310790112
870 366 0.14312278399635899873 0.14177641747495001168 0.17348169950382999471
855 351 0.14308665835574599368 0.14177886230687400393 0.17346699674981000405
858 354 0.14308451970833599431 0.14176432291618598636 0.17344589539231800024
860 356 0.14307172234624898621 0.14176130973307299321 0.17343501823077500656
865 361 0.14304588200173801171 0.1417374818020049887 0.17341702261681399277
872 368 0.14304136796523500563 0.14171616849065099553 0.17341464982997800703
883 379 0.14307116864797500555 0.14171179027445399146 0.17343529674298699406
886 382 0.14307098640234999776 0.14172177825166801246 0.17345056504303499323
881 377 0.14308045511278899564 0.14174732380248900032 0.1734616721854169985
871 367 0.14304797951638301146 0.14174492118303400057 0.17346277989670300101
872 368 0.14304926387267799526 0.14173390153062501162 0.17344519577301900637
877 373 0.14305390451575200617 0.14173289305778499769 0.17346395897351399307
881 377 0.14306863566422400869 0.14175246462363200184 0.17347254603107001292
877 373 0.14308430883382600163 0.14177075667254099289 0.17349029441939900487
878 374 0.14306059862974399022 0.14175959597947099255 0.17348861422688699463
884 380 0.14307145518019701025 0.14176472759314800998 0.17347418155431901243
865 361 0.14306647665305399775 0.14182364319597901003 0.17346206591284699106
870 366 0.14309023717658100883 0.14182358970188999048 0.17344554312783699856
858 354 0.14306086514015201039 0.14182835496194501346 0.17344438344395898821
863 359 0.1430382414225450094 0.14178338454495301169 0.17340638316346299042
865 361 0.1430471676983539886 0.14179184262528099492 0.17340290970915700486
869 365 0.14305177566612800599 0.14178464250020300641 0.17340158405762298721
881 377 0.1430682993555670024 0.14176264379845399111 0.17341057818510199895
873 369 0.14304574823420498908 0.14176259256496501204 0.17343448956297499719
877 373 0.14308174529369799277 0.14179442439048600688 0.17343987050309300768
870 366 0.143051131767918005 0.14178108853493900932 0.17346232436756900408
878 374 0.14306998523358399611 0.14175782898997899006 0.17346638491270000015
866 362 0.14306364624166101329 0.14178108124218100072 0.17346292940019999995
870 366 0.14306728339467500444 0.14176818644858799057 0.17347104749483199804
872 368 0.14310028499244201172 0.14180032429266700711 0.17346478499498599324
871 367 0.14312043384245601296 0.14183478396231599672 0.17344461732429000689
864 360 0.1431050872603409907 0.14183047211674199017 0.17345774772613101189
866 362 0.14311763868755400519 0.14184078137408098752 0.17344869228577200482
868 364 0.14310796333722500262 0.14182983856262698641 0.17342541518627699326
874 370 0.14312333365222701387 0.14182549431343599577 0.17339831833926000471
874 370 0.14313113807000699129 0.14182544002856500853 0.17340132349757700347
874 370 0.14312997872398500188 0.14181502932045400578 0.17338754888935001275
869 365 0.1431250473771950027 0.14182203822406500016 0.17337880585182999238
867 363 0.1430951926175400013 0.14179983677291199684 0.17335012428568799536
873 369 0.14310863370381499138 0.14179178092955499468 0.17334236877743000593
865 361 0.14310937217398600474 0.14181379731734300442 0.17331139878717999325
868 364 0.14309697385795100422 0.14178744357770400875 0.17328413744606099844
871 367 0.14311131536571200518 0.14179625869595000043 0.17326575915102399028
877 373 0.14310407031997399163 0.14178952819814200081 0.17324564279409798706
878 374 0.14306780794038800875 0.14175580169075399639 0.17323120972548300411
884 380 0.14306716085554399553 0.14174359511320300253 0.1732119797639380121
878 374 0.1430529745853409973 0.14174543956374899278 0.17317545015809598929
877 373 0.14304393732811898632 0.1417504974298879894 0.17315780357937399225
880 376 0.14303679628887300268 0.14172945585558099912 0.17314652618009099272
862 358 0.14299841707552998771 0.14174486836951699642 0.17313131906285700312
866 362 0.14298385781789299531 0.14171924701419100212 0.17310983540797000857
867 363 0.14297351014908898925 0.14170948854672099637 0.17308030566547899509
866 362 0.14298177935294101304 0.14172072957222001111 0.17306819124963898626
869 365 0.14296866360000098917 0.14170584066377400756 0.17306979315699699828
865 361 0.14294814087747101383 0.14169202836133099055 0.17304711238764100556
870 366 0.14296246017497499237 0.14166845155758800434 0.17303817710968799615
874 370 0.14291647603519000431 0.14162307994078399132 0.17300754026421300003
878 374 0.14292939608758001291 0.14162775853475900734 0.17300884381941999957
877 373 0.14294229504539199271 0.14164357307457201007 0.17301160796251999208
880 376 0.14296765506458000705 0.14166626231212400833 0.17298523742758201149
885 381 0.14297448766701401079 0.14167043764903500258 0.17295847166112898741
873 369 0.14294808409386999815 0.14166871197298400165 0.17297046628914999888
877 373 0.14293786222771601158 0.14164297722218299747 0.1729639053748429911
884 380 0.14294701185533401078 0.14162287630116499049 0.17293634596276000193
880 376 0.14292298816073800705 0.14162661546939900314 0.17293043995503398769
881 377 0.14294456002891200996 0.14163960385796600661 0.17291097848733000264
879 375 0.14292701763372700485 0.14163780266950398712 0.17290386754175898765
878 374 0.14292558852896400379 0.14163051511892499335 0.17286912835296699975
884 380 0.14291773097452800667 0.14160852072176399741 0.17285035736294698805
885 381 0.14292594126496399598 0.14161041094438500676 0.17285131947973300659
894 390 0.14293458561434299603 0.1416163565765150012 0.17284190262264700899
904 400 0.14296336417521199325 0.14162419147588900525 0.17285041036135401216
882 378 0.14292256452910098719 0.14164580705831000818 0.1728722126295010042
876 372 0.14291474396262698887 0.14164363934045398619 0.1728443074477820085
881 377 0.14291972296607799442 0.14163273914860100011 0.17283028643773498678
877 373 0.14291374055023900458 0.14163058610118600678 0.17282119950246099815
890 386 0.14292281025405501049 0.14162869650629300589 0.17281492634035300338
893 389 0.14292412358856299015 0.14162285553919801151 0.1728135668929310087
894 390 0.14293317356216600489 0.14164152524238798891 0.1728001071210620021
886 382 0.1428926259337620075 0.14162793658833100485 0.17282786500075200675
877 373 0.14288532518727600773 0.14164845685741100922 0.17284734589653999448
875 371 0.14287303989475200194 0.14163673923361899676 0.1728347746432669918
872 368 0.1428630427250310031 0.14163186891655998867 0.17283269877361701061
876 372 0.14283356398263499787 0.14160201799012700485 0.17281031720422299069
875 371 0.1428363004331149877 0.14159359366930598934 0.17280027162891400949
876 372 0.1428055308180460059 0.14155841276131700401 0.17278356791556198635
871 367 0.14279878266937701126 0.1415572084186060009 0.17278944108501800847
878 374 0.14281284214344899808 0.1415550242256460034 0.17279159214268499656
884 380 0.14283636455574200141 0.14156635073292000992 0.17277197110924599754
887 383 0.1428399917850879941 0.14156195625012499284 0.17277953534796300361
888 384 0.14284496637894100735 0.14156569481212399886 0.17278741848356599098
872 368 0.14282604924012198833 0.14158973970899699224 0.1727845175375669895
880 376 0.14282697429548499302 0.14156108440446099617 0.17279032113094699996
880 376 0.14283284780680899351 0.14156442586684400697 0.17277684041683000205
887 383 0.14286793260319699539 0.14156906897418100599 0.17277644325342000897
887 383 0.14287106918194100724 0.14155982905938399585 0.17275544230500100573
890 386 0.14285489855956501337 0.14154335000536399924 0.17273404542884099322
880 376 0.14284548097588400939 0.14155027670022998776 0.17272193307822500397
891 387 0.14283876716065899148 0.14151274624088899801 0.17267363399527199674
898 394 0.142841916178479994 0.14148700584747300746 0.17266115982361099346
899 395 0.14283655728673200214 0.14146845267857599548 0.1726707977216430101
905 401 0.14284327996073700739 0.14144102167961300487 0.17264597860195499135
907 403 0.14284731236564099377 0.14144564157643998992 0.17263101251241999567
912 408 0.14285535691916800838 0.14144492390656099312 0.17262033155431000253
914 410 0.1428696344638979987 0.14146157302204800943 0.17263045444082700253
919 415 0.14289013084149199129 0.1414728440476979987 0.17263345490042500407
918 414 0.14288431437310800121 0.14147478215313100125 0.17265317642335600845
916 412 0.14288918867509700639 0.14147818886956400886 0.17268878559837699815
900 396 0.14287582187642300369 0.14150468074474700786 0.17268401598094698657
897 393 0.1428695863167269986 0.14150087325072699396 0.17266786981116999389
905 401 0.1428833421399930137 0.14148690735274399577 0.17263256736582699435
903 399 0.14287222841622498892 0.14149763715471400105 0.17260689775133000734
896 392 0.14284251262256700277 0.14148591837450100184 0.17258930525583099369
887 383 0.1427995534602370109 0.14146667864434200879 0.17258639168962700006
894 390 0.14279384378896700647 0.14143727810424000513 0.17256974581498399357
902 398 0.14280406587340199742 0.14142117064829098916 0.17256316459472700875
908 404 0.14279394659297001136 0.14141336094283399327 0.17255632639959400665
903 399 0.14278207759407898769 0.14143295253405299694 0.17255547187990899483
913 409 0.14275389846796798787 0.14139113419645299441 0.17254368752001300602
913 409 0.14276676377597699585 0.14141115079248001152 0.17253080796982001033
916 412 0.14277519929643101015 0.14140869377585599254 0.17252603162333599029
919 415 0.14279375057735399501 0.1414207670462440114 0.17254810686139698817
901 397 0.14276609305245999137 0.1414548889643539864 0.17256596275561400522
894 390 0.14273802747521599499 0.14144451618810899296 0.1725681218302710096
899 395 0.14274514867513099503 0.14144989522414100347 0.17254678825691999178
899 395 0.14273645535045101362 0.1414404401511130116 0.17255193015103101328
905 401 0.14272735364578401085 0.14143273508163400898 0.17255050695024701235
886 382 0.1426827547704790089 0.14143779869793898785 0.17255870687578500622
887 383 0.14267237944581501186 0.14143137657297499832 0.17255504980250199742
884 380 0.14265108501876500036 0.14142153111469199511 0.1725717402091810071
881 377 0.14263813067595698669 0.14142130923862800129 0.17259173083078599431
878 374 0.14262431429104399649 0.14141454275340600844 0.17257972495266399315
878 374 0.14260747883377300482 0.14140343697561599812 0.17254961299999299618
890 386 0.14259415860915899965 0.14135921144941498984 0.17254956464339499256
898 394 0.14259041749883999417 0.14132201415464099026 0.17254103614328500371
899 395 0.14257364170898600975 0.14130835539884400998 0.17251470014124900554
894 390 0.14252166364575899471 0.14127869980440699305 0.17251867451310298751
892 388 0.14249321272433798646 0.14124307535010000025 0.17250699301205399405
906 402 0.14251000571711899823 0.14122471561676200325 0.17249973373069898974
901 397 0.14249986325220900807 0.1412342198943500049 0.17251723393424400754
900 396 0.14249795789423999604 0.14123799897362199207 0.17250756572124600896
896 392 0.14246830564902099314 0.14121625720309000096 0.172501996216792991
908 404 0.14247423493090699553 0.14119191006834200253 0.17250307924712798835
914 410 0.14248188186203999961 0.14117892900580500393 0.1725133612023830032
903 399 0.14245491233710300127 0.14117255465574998774 0.17248842816957199453
911 407 0.14246085525476601119 0.14116729258470700481 0.17247448987287700151
912 408 0.14248531585602600136 0.14118322455843199115 0.17248023035448101226
906 402 0.14246960199337699304 0.1411762929858970117 0.17247814556500801197
913 409 0.14247981284388400169 0.14116124438823998699 0.17245825990947200035
904 400 0.14246499309170099212 0.14116001531291000326 0.17244027599833400277
900 396 0.14244592606838998861 0.14115488995340000344 0.17243510972706099782
893 389 0.14242731809528000331 0.14116729924679899399 0.1724305218654270111
876 372 0.14239796793557599197 0.14117983188180299736 0.17241374118867999754
893 389 0.14242923648743999188 0.14116427240445600377 0.17239719350581200752
898 394 0.14242442454431600285 0.14115308151051000896 0.17239798326578001375
892 388 0.14238316143421300697 0.1411372120655000062 0.17239556028869199023
891 387 0.14236593466888400328 0.14111925059404600846 0.17238149560179499842
886 382 0.14235175252620399511 0.14112355914538698975 0.17236579622298700554
897 393 0.14237909640189899685 0.1411100067058430052 0.17238247262727399156
893 389 0.14237771198094101299 0.14111216815308399997 0.17237950178720198857
891 387 0.14235755867827901144 0.14109769221529000482 0.17238200424396799004
882 378 0.14235449917300999068 0.14111651775937400499 0.1723572251047950088
883 379 0.14233778338015701248 0.14108212006667400495 0.17233985005973900817
876 372 0.14230960959215299688 0.1410766477776879968 0.17233470361678399074
883 379 0.14230492762571900212 0.14106721346611600376 0.17232195213634698971
892 388 0.14229896910246600528 0.14104549624098799976 0.17231621149723200248
878 374 0.1422912540389799918 0.14106516835165200385 0.17229892301042701308
879 375 0.1423065590891189891 0.14109141305501898822 0.1722768887232269952
883 379 0.14230104706550200655 0.14107959036861700275 0.17226867629904099588
879 375 0.14230021810014101269 0.14110292807465399378 0.17227426648287699762
885 381 0.14231508065359799176 0.14111558230315499052 0.17226637988504100996
888 384 0.14232990871263098698 0.14112661688697300533 0.17225686461042899467
903 399 0.1423544408865700106 0.1411142752998419958 0.17224716451356300584
892 388 0.14233915044971098829 0.14112453105017699895 0.17223547894625498844
886 382 0.14232728585890899731 0.14113929294202601228 0.17222963556443698918
888 384 0.14232852279172400478 0.14114592727693300866 0.1722230937022969921
883 379 0.14232428917614700636 0.14115238252771000749 0.17222964939134199902
877 373 0.14231030510635200859 0.14113816241961799069 0.17220563004359099035
874 370 0.14230353759203401287 0.1411390239293519866 0.17220277913115600299
872 368 0.14229924046857200803 0.14111304665605201025 0.17218477574387200391
866 362 0.14228488221242299727 0.14110845048394599077 0.1721641048322130052
880 376 0.14230931223652598661 0.14109880536440599919 0.17215452844341200267
868 364 0.14229250175068300366 0.14112612678810901312 0.17214984120976001281
882 378 0.14230720593772400173 0.14110759409923501195 0.17211457827577600344
869 365 0.14229247850245299589 0.14112070762945400082 0.17211722936442400145
873 369 0.14230842644620300685 0.14112951740894399966 0.17209930953405000453
880 376 0.14229547061595099189 0.14111233622235799801 0.17209092016787000401
893 389 0.14229678902133799379 0.14110923877165801321 0.17208037977629400683
879 375 0.14227248092064501139 0.1411147683076970083 0.17208103001145999555
879 375 0.14225621750695999213 0.14110727453578400525 0.17207358447423198866
879 375 0.14225330688949899827 0.14109652726364899089 0.17208997981328300053
878 374 0.14223917459440799105 0.14110479641140999396 0.17207553793693700084
873 369 0.14223212642814100914 0.14110866505847799446 0.17206226511324698714
877 373 0.14222672336509101232 0.14108084768665399289 0.17203985375440700167
877 373 0.14221094536027500954 0.14106181894465000259 0.17204680906320299338
883 379 0.14222599136746499893 0.14105077350101200007 0.17204334013050501251
877 373 0.14220814015754298931 0.14105780986161400858 0.17201592826425599059
882 378 0.14222608928410498952 0.14107069096876201364 0.17203118650559900971
884 380 0.1422116119948290125 0.14105988948179601361 0.17200908191160899086
876 372 0.14218388166168699493 0.14106079530560000634 0.17198133116503899753
878 374 0.14217563624180198922 0.14103646944391398654 0.17197773449964801062
885 381 0.14216659122784100489 0.14101203113901100705 0.17193599544542401136
893 389 0.14214392986117799222 0.14098097413322499549 0.17192538435391599427
897 393 0.14214153892467598639 0.14096578171392398771 0.17191549095587899121
898 394 0.14213915137998500704 0.14096541423854000441 0.17191201893025800929
889 385 0.1421115518249849996 0.14095774680435499415 0.17191138140722300731
896 392 0.14211046676300401193 0.14093445735598100765 0.1718863728116490075
896 392 0.14212914948956101302 0.14094134158027799009 0.17189357240955499551
903 399 0.14213215553782498901 0.14091118933538898661 0.17188768948400801051
897 393 0.14210465585835699298 0.14090147651120898953 0.17189668293094800822
896 392 0.14209989277396700702 0.14092124523085600152 0.17188492040562999841
892 388 0.14208319172304501032 0.1409275192053350001 0.17189081628214200603
893 389 0.14208903843400699785 0.1409117718983760037 0.17187743151390499907
899 395 0.14207489977469700548 0.140902451927094996 0.17187108516636800948
895 391 0.1420774921107089972 0.14089548465639101238 0.17188246467296200426
898 394 0.14206702466719700606 0.1408918923570179893 0.17188884031771300975
907 403 0.14208114413243899676 0.14088874863692399386 0.17191839972156400251
905 401 0.14209890951175499496 0.14091633603152001197 0.17191172733030798958
894 390 0.14208841808435498932 0.1409483264906850053 0.17192104938406399528
880 376 0.14206242180055500546 0.14097418250278900831 0.17190038326237500055
874 370 0.14202784938289600425 0.14096079463489299965 0.1718990218256309932
872 368 0.14200557501210200884 0.14094420208194199939 0.17190057085397300596
872 368 0.1419836859469379986 0.14090046960117899588 0.17188025370873799558
884 380 0.14197985542458399499 0.14087124315242399719 0.17186322659950700742
882 378 0.14196255869776500114 0.1408717084145879872 0.17184698360514100157
876 372 0.14195051161901500736 0.14086743347403599125 0.17183908538249700881
881 377 0.14194588711865599451 0.14085618408943301194 0.17184751486179100644
882 378 0.1419241696982219969 0.14083921657896600332 0.17181543690153999737
880 376 0.14192887624426200888 0.14084755453990799312 0.17180909182833500881
866 362 0.1419188831862679967 0.14085920333339699284 0.17179506159458798886
885 381 0.14194186287644999789 0.14083494781536098905 0.17179954396526400662
894 390 0.14194127233762998674 0.1408071672496279958 0.17181239152874699938
895 391 0.14193257330243899683 0.14079800286480800842 0.17184359700168599927
892 388 0.14193076423563100175 0.14078909697989799854 0.17184736664286098806
896 392 0.14193707427054599868 0.14078606330956500159 0.17186841802909000321
893 389 0.14193974023874600388 0.14079603257460598931 0.17184559040273200692
893 389 0.14194444680190798636 0.14080435385193498798 0.17185116571535299923
893 389 0.14192895352873799442 0.14079088699151801056 0.171839793018087994
881 377 0.14188767308244398802 0.14079549852086001294 0.17183190624471800234
887 383 0.14186375455565400361 0.14076217360581300131 0.17181376324791899912
885 381 0.14185277555171998953 0.14075960936270198731 0.17180283878232899264
890 386 0.14184061255978999694 0.14074763193465100741 0.1718004662897039958
895 391 0.14181639931671799482 0.14072003899068100119 0.17178996475695801349
887 383 0.14180144419536999667 0.14072362012718900304 0.17177280356698398922
883 379 0.14176969492343799439 0.14071146245019700016 0.1717794521510150052
878 374 0.14176597425412698628 0.14070665358529899081 0.17176175209741700867
876 372 0.14176431422856800024 0.14070738538165500353 0.17174456020317399596
883 379 0.14176223697653900224 0.14068715383301799715 0.17174549103241498749
896 392 0.14175346662101098727 0.14066129520905901185 0.17175249305879600192
893 389 0.14174905880895100063 0.14067555216593699563 0.17174793182543598991
888 384 0.14173338637253499184 0.1406663230082569882 0.17174970901264699497
883 379 0.14171971847507100484 0.1406543508138350107 0.17176037320969800293
880 376 0.1416885805400840137 0.14063120674471299432 0.17175443166293899444
890 386 0.14168141320747298928 0.14059171796079600325 0.17174141523813998833
903 399 0.14168105350747900451 0.14056642250900799884 0.17173891154383699731
899 395 0.14166636425263801069 0.14057235062368800271 0.17173166900490799414
908 404 0.1416831252297459931 0.14056240584684301376 0.1717500111719459932
893 389 0.14165770004810798732 0.1405823564664409886 0.17174449128923599539
900 396 0.14166847732184101316 0.14058220943118898694 0.17173194844001299364
904 400 0.1416498960356130099 0.14056153342852600874 0.17171860758728799135
906 402 0.14166103382723799209 0.14056588025778798956 0.17172217959174498891
909 405 0.14167336126028398646 0.14057960134643299188 0.17171818379148801048
908 404 0.14168018488438699487 0.14059626017576498658 0.1717370202561440129
904 400 0.14166433034522499246 0.14059380648633298949 0.17172830310316899993
903 399 0.14163943702563100424 0.14057401611468001157 0.17173695071898900655
898 394 0.14162012334518300771 0.14056348493379100528 0.171730685692873003
909 405 0.14163209005206800484 0.14055625131570601005 0.17172179460485201274
902 398 0.14160492221128201384 0.14055586627716701309 0.17171078800252800867
914 410 0.1416243963686960039 0.1405565148090149874 0.17172451616632200544
917 413 0.14162131685315598739 0.14054783459846900695 0.17173281516180799455
908 404 0.14161071415709000632 0.14055505819119598621 0.17172063637810999759
908 404 0.14161705322331000212 0.14055394334619000785 0.17174914171014998843
911 407 0.14162467489087199324 0.1405633903857189948 0.17175863516804598663
915 411 0.14161170202464198886 0.14053659074576599353 0.17177870926134000684
912 408 0.14161220043534000768 0.1405488367731649868 0.1717888383458449908
910 406 0.14163031062016301354 0.14056579874840099964 0.17180339256819998628
905 401 0.14161460955061300204 0.14056029299636399466 0.1718004517655060126
900 396 0.14159070667492701379 0.14054929523205200725 0.17181018132345099447
906 402 0.14159243419296999034 0.1405480566299339984 0.17182756861043999019
900 396 0.14156634773166199004 0.14055853218428299156 0.17181720591183100022
887 383 0.14154141524919999773 0.14057692993756298883 0.17180226448866101063
873 369 0.14151641568455400333 0.1405782077858389878 0.17180400866388101377
877 373 0.14150170779301199375 0.14055742826566799963 0.1717911330155020011
877 373 0.14147294778378599611 0.14053355315911400525 0.17177463352290500698
877 373 0.14145746374354800645 0.1405229205379180113 0.17177395604296799569
881 377 0.14146312129588900497 0.14052136525341898943 0.17174125811881499337
870 366 0.14144071060377499949 0.14052814553208001214 0.17173480345528199797
875 371 0.14143283305046400189 0.14052688362907700403 0.17174213798623699789
885 381 0.14142447251821499421 0.14049798828417200958 0.17173680802383101129
873 369 0.14143165136200799847 0.140539287223937992 0.17174415779060600573
875 371 0.14144311251619601233 0.14053977435311199029 0.17173120001722799732
867 363 0.14142651434070299676 0.1405409381014580128 0.17173079072838398629
854 350 0.14141644970729899677 0.14054610239858100762 0.17171399301388501346
848 344 0.1413987074879720085 0.14053948184460599014 0.17168656247041300111
851 347 0.14137259323418399637 0.1405180428762569933 0.17166364884199700191
847 343 0.14136148399110098905 0.14050648729668699377 0.17165086080303801341
851 347 0.14136023376859899181 0.14049918828927199232 0.17164330168315999892
864 360 0.14137593509916598911 0.14048171982294799243 0.17162802253052700241
853 349 0.14135904335275800703 0.14047957924948001329 0.17162621965093899368
851 347 0.14135656374695698689 0.14047359110536100646 0.17160513410779901222
860 356 0.14135723292867100054 0.14044861695350699393 0.17159766520492900077
857 353 0.14136243171577300703 0.1404587091429629897 0.17157657864997699626
859 355 0.141342211868352996 0.14042647519939499556 0.17157362191862898793
868 364 0.14132096158274198849 0.14040548134661398616 0.17155466854862000403
877 373 0.1413254387405140089 0.14038019692877901079 0.17154462316749399808
880 376 0.14132653749136001031 0.1403844856657260054 0.17153640488256000074
886 382 0.14134951733615799818 0.14038020312331600525 0.1715403082476459895
875 371 0.14133693166629898719 0.14038193153429900928 0.17152697521792600877
882 378 0.14132655120869500043 0.14036287467351099556 0.17151609407911000416
876 372 0.14131256270016098742 0.14036263059156700583 0.17149571728684501193
871 367 0.14130507823066598694 0.14035559403201000594 0.17148125218679000081
883 379 0.14128928283604300087 0.14031274349085098851 0.17145835294727498899
879 375 0.14126081728150399752 0.14029416344882100764 0.1714457756831679891
887 383 0.14125009052563800016 0.14027583986223998713 0.17143609326517400548
887 383 0.1412340186010309917 0.14027061959299699789 0.17144839916861601137
874 370 0.14120227770627299946 0.14026912894786700003 0.17143746361176701032
877 373 0.14119259399998099203 0.14025123380880799573 0.17140409719350599427
885 381 0.14119217414992299431 0.14023566185189600963 0.17139121570096399472
883 379 0.14118971172804900549 0.14022410611574301353 0.17137185028885498772
890 386 0.14119806360567599413 0.14021101804947200264 0.17136091824835600339
881 377 0.14119798689038398631 0.14022550166338099142 0.17137811313063600061
885 381 0.1412131965470689865 0.14022507532273500996 0.17137929099519400022
898 394 0.14122044798247399 0.14020583364187899633 0.17138687651683801039
906 402 0.1412305781971099905 0.14018853492282901119 0.17140135342817200415
902 398 0.14124310333771500359 0.14021467000442100481 0.17141691422331400974
899 395 0.14125260438110501249 0.14023101695328998861 0.17142263222183198867
907 403 0.14127148323718100031 0.14022628983573401373 0.17141628260913299719
907 403 0.14129264915707198669 0.14024293004428001197 0.17141362914718200061
899 395 0.14129297478704100355 0.14026523169887900044 0.17141105485647001316
901 397 0.14128040592503199324 0.14025550709866899113 0.17139416911070601279
904 400 0.14125842970720101088 0.14023411699446300394 0.17141528980479800448
901 397 0.14124474949942000812 0.14023540015338101239 0.1714079039052709974
894 390 0.14118728135993899309 0.14020647506181699304 0.17140158800457999666
890 386 0.14115962663679398892 0.14018335314371399569 0.17141130122618400411
879 375 0.14112258040590999753 0.14016936194266199633 0.17139897361419201283
882 378 0.14111390973133799975 0.1401482006282790127 0.17136812785268701331
879 375 0.14109726173175898833 0.14013008078497499187 0.17135773526871500572
897 393 0.14110834265888999584 0.14011432192277301079 0.17133081164958099962
893 389 0.14109587957051900053 0.14010933921504800659 0.17129682844795299235
895 391 0.14109776093005199638 0.14010510189784600166 0.1712844684739520118
908 404 0.14111625382922698968 0.14010182515761299138 0.17126281637676499248
916 412 0.14112979655411200808 0.14009754710086999574 0.1712827815353150096
912 408 0.14111360754294699493 0.14009290573846899797 0.17128600547841799084
911 407 0.14111213356082299986 0.14010284466735900555 0.17130084994019301181
913 409 0.14110921066768300491 0.14009536125793800587 0.17129664354616500055
916 412 0.14112133583590599772 0.14010070419353901072 0.17127260006605599107
907 403 0.14112473697153998797 0.14012399470807099244 0.17128764401103599435
915 411 0.14113186571118899182 0.14011667864544699591 0.17128713911565998651
912 408 0.1411345157643630055 0.14012640342631399459 0.17128550427866401362
902 398 0.1411083267211299952 0.14012191575883001238 0.17127247924213800934
911 407 0.14110578747218799345 0.14010456072155799689 0.17127209425461401016
911 407 0.14110318749129599492 0.14009527870685700712 0.17127354090881899418
890 386 0.1410871229837180052 0.14012449119871800418 0.17127408881418698661
887 383 0.14105838844103898988 0.14010419115958400171 0.17126660543858898689
890 386 0.14106472611820500274 0.14009451203555900456 0.17125270311591000993
901 397 0.14108008284215300954 0.14009168973659399948 0.17124983504752400165
895 391 0.1410659451226959904 0.1400898034958170113 0.17123573851551099345
894 390 0.14106588788783899768 0.14008088304233801136 0.17122028426868998729
890 386 0.14105110788827898705 0.14007499414071800103 0.17121616564126798665
889 385 0.14104455284516201341 0.14007681858598600155 0.17121808630537899143
894 390 0.14104467328899400469 0.14006969547203099169 0.17119998749705800378
884 380 0.14102347576386300987 0.14007069158161999933 0.17119858400607598781
892 388 0.14103203290503099621 0.14006452048567000213 0.17120257197904101276
899 395 0.14102956669726698924 0.1400539937176749905 0.17120004574947500497
908 404 0.14102371270865099451 0.1400272391202020128 0.1711942580224790067
892 388 0.14099932618011498664 0.14003733084424699329 0.1711941848388220111
892 388 0.14100229737358399573 0.14003471592492000575 0.17118704088744798875
893 389 0.14101561893286798655 0.14004748601145999842 0.17120246806337199863
888 384 0.14099867812086000485 0.14004699111893700869 0.17120158347484801253
882 378 0.14097874111591399138 0.14004349771225799159 0.17119907832886099852
885 381 0.14095806526589399477 0.14000366975285999382 0.17117731296459298695
893 389 0.14095599095201200024 0.1399826445380920048 0.17118024402771300774
884 380 0.14094468886644800909 0.13998688937487099859 0.17118113471288298744
903 399 0.14098025007764100613 0.13998024342335599335 0.17117892991680699888
892 388 0.14093710704752299145 0.13998314263510999722 0.17118501685890999409
891 387 0.14092279800849100146 0.13995827215789599651 0.17119199020934799949
889 385 0.14091346574467200625 0.13996663783480600696 0.17119144274737899125
893 389 0.14091809180881900709 0.13996665929156099084 0.17119247433121201341
887 383 0.14091199971179499406 0.13998272262580099823 0.17119226308973001238
898 394 0.14091539528396498926 0.139961303153201988 0.1711938941270960135
896 392 0.14094373185514499913 0.13999358027825600792 0.17119540767644600421
904 400 0.14095503874342199535 0.14001021447802200481 0.17121908109030400946
897 393 0.14093546865672199053 0.14002000615538098827 0.17121019173670901092
896 392 0.14092581018600999765 0.1400311203049990072 0.17120142861336098972
878 374 0.14091494367001200505 0.14005112888233700597 0.1711944223279049937
892 388 0.14093410318230301104 0.14003896300015100662 0.17117290262049600358
878 374 0.14092691731440198932 0.14006277997042598793 0.17117284385321898665
888 384 0.14092563968232199589 0.1400447427289480129 0.17116971860702098751
896 392 0.14093886044723899498 0.14003234699655800477 0.17118599851124099986
886 382 0.14092104960934098701 0.14003237683743699482 0.1711845496960689994
888 384 0.14091568673919299681 0.14001673913451501141 0.17117357592671700317
888 384 0.14089510853046699479 0.1399970929561830113 0.17117395388709299997
883 379 0.14088937452366401271 0.13999464852225299016 0.17116682738647401307
887 383 0.1408920712411239895 0.13998879437645800339 0.17117220473693900429
889 385 0.1408722991841190042 0.13997627822651800833 0.17114995095457100072
886 382 0.14086261509718600582 0.13996800179032301004 0.17113881635795799574
895 391 0.14085598367970600386 0.13994870191404398807 0.17113452691127201133
900 396 0.14085325913064200565 0.13994166874110200438 0.17114892664770001152
892 388 0.14083813738191000575 0.13994277168813398782 0.17114279433847701117
886 382 0.14083071305370500892 0.13994544877858600129 0.17113832752370300438
896 392 0.14085160191641898919 0.13994051558197601048 0.17114430386150700225
900 396 0.14087310631925500926 0.13995636341485401255 0.171151702385672011
886 382 0.14087180564413301354 0.13999037657927901335 0.17112895887149601193
882 378 0.14084984431205099797 0.13997160377872200354 0.1711186598675029924
879 375 0.14084923618255598687 0.13996884073330501108 0.17113968656983799543
888 384 0.14085485545636500238 0.13996430810261700772 0.17113460222428500401
888 384 0.14085893907606999997 0.13996114856722099984 0.1711317556248100058
881 377 0.14084706072315900105 0.13995011788904798689 0.17112653459271098821
886 382 0.14083935200093600226 0.1399303716033709899 0.17110190312401898916
895 391 0.14086441532222598871 0.13993404665105199647 0.17109201116366398732
894 390 0.14086209719021100528 0.13993837067759498649 0.17108880079064900381
876 372 0.14084141906056799054 0.139957598525164012 0.17107539768030199934
878 374 0.14084361777559001316 0.13994398717658598774 0.17107793442580798704
883 379 0.14085771176263600646 0.13993969677350098779 0.17109265568129000679
864 360 0.14083024291177800857 0.13995350882668899928 0.17108912285799499076
872 368 0.14083050021809301322 0.13993811781689499685 0.17106358053068299041
865 361 0.14081912787262901299 0.13993640053073200247 0.17104859861900600926
881 377 0.1408257847057770018 0.13990102561109099555 0.17104485144279699127
880 376 0.14079992381165298831 0.13988283981806901024 0.17102902467339300974
883 379 0.14079511898196700459 0.13987213980415200143 0.17104192448630900492
879 375 0.14077971226299598739 0.13986772009898498781 0.17101747843369399793
883 379 0.14077316557614499848 0.13985594087486299952 0.1710143039979420132
883 379 0.14078229328338501269 0.13985968526660300104 0.17102600333139600375
899 395 0.14080502842946299169 0.13983988886133200125 0.17102692452955101099
902 398 0.14078989746128101057 0.13982694252608998675 0.17103529652913199155
894 390 0.14079017951785599561 0.13985863889990998721 0.17104814441429200267
903 399 0.14079930980450899858 0.13984555830438399893 0.17106186316028298977
898 394 0.14078042459847300849 0.13985198184262501164 0.17106147997578199926
890 386 0.1407701828701410085 0.13984859015427500428 0.17106549364592599227
880 376 0.14074337710399301149 0.13984654298454499144 0.17104902459182999563
892 388 0.1407424911382610111 0.13981493691448801386 0.17103870455163799891
893 389 0.14075151334317601015 0.13981609492610000411 0.17103565166402501241
883 379 0.14073137280200401222 0.13981367123300600386 0.17102610689716699066
883 379 0.14073448712502001356 0.13981076785502200011 0.1710125654057710054
877 373 0.14072050207301101121 0.13981187332438199666 0.1710099601170879946
878 374 0.14070951182278099156 0.13980593601608298782 0.17099698485205300225
881 377 0.14069102598066199339 0.13978265396135999832 0.17096740979086899603
885 381 0.14068181142658101046 0.13976930966278400259 0.17094349821574300607
893 389 0.14067581816436899866 0.13975864237539700752 0.17094203473137201121
886 382 0.14069878176948699688 0.13980091008257100604 0.1709489763317209865
879 375 0.14068908231920498886 0.13979659206362898827 0.17096284782958801052
873 369 0.14069000958586400096 0.13980734634131100624 0.17094366970549801366
871 367 0.14066566257588500322 0.13979851665944700856 0.17094697395704699927
880 376 0.14066775730532998789 0.13977791325303601244 0.17094380268168699044
872 368 0.14065998559853298833 0.13979491910444299951 0.17094343116356999768
874 370 0.14066142586031998851 0.139796132180942001 0.17094830085537598974
861 357 0.14063623735224400901 0.13978828392682399184 0.17093778935627901294
858 354 0.14061823086885899547 0.13977851311258598921 0.17092584834499299773
856 352 0.14060797197498500766 0.13976989208120799146 0.17090863864879499157
862 358 0.14060229678165200862 0.1397448097626869945 0.17089886534227899384
882 378 0.1406180511017730006 0.13971296569315899694 0.17088370182406301123
875 371 0.14060596833095800884 0.13971308787846700716 0.170876857898001
877 373 0.1405946280258079939 0.1396925448378910084 0.17087293018527299759
876 372 0.14058755571001299578 0.13968126258640001236 0.17087056859450699964
877 373 0.14059194284993400959 0.13966177807921001386 0.17084594887678200559
866 362 0.14056772966899400146 0.1396599324368900108 0.17084112378677898669
876 372 0.14056592685424598721 0.13963452253841399098 0.17082886114888498619
882 378 0.14056634708056101046 0.13962769211160500071 0.1708438845430229891
876 372 0.14054758609186898677 0.13963036503741399486 0.17083366987523398994
865 361 0.14053812294821199647 0.13964593638160199829 0.17081863155749599237
872 368 0.14054469955998899477 0.13963218053893200477 0.17082599980422999431
874 370 0.14054955302400498618 0.13963064575935899003 0.17080386480490200585
877 373 0.14053980204459098902 0.13961651989330001178 0.17080638053444899271
879 375 0.14052496330683800219 0.13960864816333901084 0.17081630412218198889
876 372 0.14054204200145600789 0.13962814880835699993 0.17083701149516600237
877 373 0.14054688508268400882 0.13963619539244198631 0.17084832585361900414
865 361 0.14055027562422400811 0.1396587681873739939 0.17085772876480700977
844 340 0.14052336866856598996 0.13966609516132300062 0.17084358140855598895
846 342 0.14052122331856700677 0.13965143041820199388 0.17080248647825799213
848 344 0.14050978286452101007 0.13963328289259199777 0.17075966384082399974
850 346 0.14049277734171100596 0.13960855327802099146 0.17071301195783000759
868 364 0.14051993370362200753 0.1395912426462740108 0.170701385482574991
864 360 0.14052651363541698859 0.13960671365122198639 0.17071871602712598848
871 367 0.14053414706824898794 0.13959996607794800116 0.17071378510035101206
871 367 0.140534242792372005 0.13960674157269600815 0.17072712598471301293
872 368 0.14054156116373101026 0.13960950961188201003 0.1707211320688659939
861 357 0.14052557979711199909 0.13960985566657399537 0.17071381711910699197
857 353 0.14053289489557199698 0.13962942731840000121 0.17069889871657600855
865 361 0.1405209491128870114 0.13961392684819801113 0.17068414619824900935
863 359 0.1405140687933089938 0.13961376799489200184 0.1706615439446519944
866 362 0.14049177914550300961 0.13959324111372600763 0.17063319568189200259
877 373 0.14050513552000198914 0.13959651593453500928 0.17062671739952001149
885 381 0.14049383608657101119 0.13957624851441199909 0.17062443015421299708
886 382 0.14050629862432101325 0.13958821092354001259 0.17064095672213799859
883 379 0.14050810248673500924 0.13959915073458600832 0.17065628786927400373
883 379 0.14050137479909499683 0.13959972766628200858 0.17065838706705399597
884 380 0.1405284151149600036 0.1396161271782740132 0.17065708324991099576
887 383 0.14054833361332999542 0.13962602360506198851 0.17067073566630999726
883 379 0.14055689636506699114 0.13965010026263000031 0.17067221033890400683
885 381 0.14056376225471201025 0.1396537158104609877 0.17067119179787398897
884 380 0.14058392339689598782 0.13967043246710400539 0.17067497533543399268
886 382 0.14059597235605700294 0.13968763859056299026 0.17070054984578100776
877 373 0.14060924042562800151 0.13971428502945598682 0.17071971958271800474
882 378 0.1406266087223820016 0.13971618130459900753 0.1707140580857529899
876 372 0.1406347215970449871 0.13973348774962598973 0.17071979252828300977
870 366 0.14062481316077399263 0.1397391503971099902 0.17072061669001600825
869 365 0.14062675529453000367 0.13974097610723298923 0.17068760568547600154
869 365 0.14061126399844101065 0.13972430628673498942 0.17068763377807100179
861 357 0.1406064599609400112 0.13973379038346500636 0.17067932754018300123
875 371 0.14061403969178601359 0.13972419716529099754 0.17066873255690900857
873 369 0.14060763864017900016 0.13973512776213101172 0.17067310560037998735
872 368 0.14060519116534200834 0.13973356846637499662 0.17065874688800100611
872 368 0.14060996637197001324 0.1397372112571430014 0.17064155466855698839
873 369 0.140626822399985002 0.13974384302080600229 0.17062023368895098963
880 376 0.14063867849089201068 0.13974488897736800364 0.1706316809198870077
882 378 0.14063566101532498642 0.13974465656988699358 0.17063313180839301264
882 378 0.1406406668025569906 0.13975150113903700433 0.1706294820146820046
869 365 0.14062874742025299746 0.13976699563974098739 0.17064420286305301278
862 358 0.14062744725755099706 0.13978219029482000235 0.17063686652010701117
864 360 0.14061621726712600355 0.13976372817085100375 0.17063472286477199269
858 354 0.14058366754809201171 0.13974821806529499901 0.17061985690937200855
858 354 0.1405697364521399928 0.13972880520751901345 0.17059815607338899013
868 364 0.14058371764850899344 0.13972428259225599945 0.17059516829223500545
863 359 0.14056266710801298969 0.13970760469105500401 0.1705872812742509903
867 363 0.14056713975572898701 0.13970810790326798623 0.17058009252118300214
867 363 0.14056100564092000038 0.1396981670712379997 0.17057083972315800757
875 371 0.14057827933286601296 0.13971027637795899179 0.17058814492846499644
879 375 0.14057432575935399632 0.139706333655627013 0.17058724879752298897
884 380 0.14058950497118399836 0.13971584018690799689 0.17060357230938300033
868 364 0.14056967187960500709 0.13973558185399301279 0.170598956029170995
869 365 0.14056219221945601139 0.1397229154438709986 0.17058908826813701243
876 372 0.14056693966519401284 0.13971694846959600844 0.17058793727675000684
889 385 0.14059157561276600101 0.13972139050491599876 0.17058839460534799826
886 382 0.1405922943406049952 0.13973923435937898874 0.17059370403039600395
897 393 0.14061001523124599943 0.13973354526781900375 0.17061203368282099047
890 386 0.14061031760914199928 0.13975146521749198802 0.17062104924132401318
885 381 0.14059389203978900351 0.13975385771627898968 0.17064374939777499085
891 387 0.14059251681173601245 0.13974052313170398643 0.17063607131642399839
887 383 0.14057567926274100456 0.13973124005841700002 0.17063384049313098934
887 383 0.14057969995443600486 0.13974001856977399938 0.17063126803514999663
899 395 0.14059176808954099158 0.13972938518756600201 0.17063927325888400555
907 403 0.14060422479788800554 0.13972921638533700173 0.1706473809033809963
903 399 0.14060807665372901387 0.13975250502611000214 0.17065482043338200957
889 385 0.14059340202007200582 0.13976814468936299418 0.17066878813207200793
890 386 0.14060933750460699598 0.13977632421734600965 0.17067341701090199546
889 385 0.14060635498097800999 0.13978009756794299023 0.17067498986262399918
886 382 0.14059068578797301319 0.13976963076911999573 0.17066006731690300247
873 369 0.14059059525998199303 0.13979249897290299542 0.17065615253869201307
864 360 0.14057254755655398948 0.13979196790862499777 0.1706378461608260011
877 373 0.14059558645336600602 0.13978845499391701068 0.17063289427337099968
877 373 0.14058956388073501342 0.13978549730674300067 0.17063750061150501081
872 368 0.14056700587078799214 0.13977701052520599689 0.17063797974226199705
880 376 0.14057797768245999803 0.13977146074755800176 0.17064632322542400145
882 378 0.14056169825014799835 0.13976073973436800579 0.17066169483462501066
890 386 0.14055476704258099141 0.1397460810380370122 0.17066431709029500352
893 389 0.14054392868303200448 0.13974110573651599143 0.17066004955840899382
895 391 0.14056137305961399764 0.13974492627069098893 0.17066671929873999947
882 378 0.14054738482484199769 0.13974662397294598803 0.17065557677694198624
889 385 0.14054105420244000779 0.13972158644214599521 0.17064838104760698956
903 399 0.14055634182862100645 0.13970719452272600813 0.17065133993021500136
896 392 0.1405448076131839974 0.13971496007879999346 0.17065407007029900766
892 388 0.14053950251348198974 0.13971291201445498742 0.17064253745665000639
886 382 0.14053022857837099702 0.13971474510951001347 0.17064908018029500969
871 367 0.14050515018352000007 0.13972771246996498751 0.17062763857600399264
880 376 0.14049934175545500392 0.13971417478567799142 0.17060895532027500754
878 374 0.1404894578657649995 0.1397025708059790039 0.17061499707190500019
873 369 0.1404763442742240076 0.13969758311123400829 0.17061280935095499145
870 366 0.14047008586389800322 0.13969190595671598931 0.17059188636648101034
876 372 0.14047571862423099964 0.13968414985558599839 0.17056921742960801103
878 374 0.1404887868308540011 0.13967982599607500771 0.1705548110238880033
878 374 0.14048983725769301212 0.13968134811040300303 0.17056027676954899075
881 377 0.14048873849490700616 0.13969283457086401068 0.17057550644547600505
897 393 0.14050954769678100642 0.13968729368919399758 0.170586848114101991
885 381 0.14051126755353299247 0.13970841781460599518 0.17059609410370799032
879 375 0.14049336281629498657 0.13971152476452899927 0.17062206619955200271
882 378 0.14049078487452598685 0.13970667591261398677 0.17060652902394199404
868 364 0.14046563472572601294 0.13971121453258300571 0.1706011108341700111
884 380 0.14048421810181599412 0.1397144331667189987 0.1705887346367460089
887 383 0.14047667045380698991 0.13969913987533799649 0.17058982683963100357
882 378 0.14047145879282399439 0.13969749316097299086 0.17057732984069701176
878 374 0.14045914363022199423 0.1397040639680260099 0.17058744716574600342
881 377 0.14046838803774100435 0.13971232735604399711 0.17059872413165799721
883 379 0.14047068879973600986 0.13970600007744599091 0.17058312172560699538
886 382 0.14047799063904800598 0.13970626892933399321 0.17058214268546700865
880 376 0.14046437939275799311 0.13970744456012801349 0.17059061451677398624
876 372 0.14046147422570701147 0.13972111035220899367 0.17058936372814101357
880 376 0.14045633029415499626 0.13970789593760898906 0.17059359229796400292
880 376 0.14046034639895099705 0.13971203692901801308 0.1706056862857210088
882 378 0.14045592545912399807 0.13970827910167898933 0.17061318012360399132
886 382 0.14045431057802801322 0.139699550281950996 0.17060797147248299432
880 376 0.14045209667993699409 0.13971651391782399787 0.17058363401793000258
889 385 0.14046332274542200347 0.13972075875299599934 0.17060625509213900308
888 384 0.14046931416113500601 0.13973647159406799023 0.17060898799200899245
895 391 0.1404750172013989884 0.13974641989142100318 0.17062297675752599591
897 393 0.14046985181774099272 0.13973837823558699078 0.17062179367735899604
899 395 0.14047663335131299611 0.1397400639049919957 0.17062529305093299126
890 386 0.1404618052797229899 0.13974543457210100716 0.17063329517029698912
891 387 0.14044079494415800946 0.13971555595849100007 0.17063373709014800772
879 375 0.14041011356785099151 0.13971498397149900716 0.17063028367336199875
872 368 0.14039800747278999293 0.13972262565307200233 0.17062379077366598978
873 369 0.14039282393918700587 0.13971141042912599284 0.17059105219702100364
878 374 0.14038601972797198902 0.13969173664047299099 0.17058904058424301242
883 379 0.14037323499673398652 0.13967434579576801235 0.17057282391007999589
882 378 0.1403814625286450013 0.13968746326124401036 0.1705712303159470089
878 374 0.14037008032142200831 0.13968489953401500014 0.17056357150744599904
882 378 0.14037758830662599996 0.13967998048960400537 0.1705610219773829872
887 383 0.14036744815117099816 0.13966273674296400542 0.17054644907371399598
884 380 0.14035656913142199875 0.13965584519543500219 0.17053670902043399638
884 380 0.14034842797569899164 0.13965441449939799967 0.17052144943719999004
891 387 0.14035146940645298885 0.13964680488619699017 0.1705153057602069866
883 379 0.14032570388847501186 0.13965518017885100721 0.17050450014334000981
896 392 0.14033313330020399934 0.13964668573725000367 0.17050044668656300084
894 390 0.14031942853260501169 0.13962809926618599543 0.17048543208913299885
890 386 0.14032204470516598804 0.1396347385077069958 0.17046767457418998681
889 385 0.14030690663302400334 0.13963667411861499512 0.17044903130709398997
886 382 0.14029206115671799537 0.13963081897972298706 0.17044285977285500433
889 385 0.14028875332223100791 0.13963024727210399112 0.17043415819069498984
906 402 0.14030022577376799475 0.13961590316116098687 0.17042981150802299917
903 399 0.14030009782360700066 0.13962508659836000979 0.17043763224885000174
900 396 0.1402974990656669918 0.1396390037306539933 0.17043893980548599498
906 402 0.14031235676164000026 0.13964081994607199788 0.17044393543471000885
895 391 0.14029175679751298977 0.13964237192125000808 0.17044802271815601147
894 390 0.14027858736476500612 0.13964085894946701161 0.17044272726237000293
902 398 0.14028583481546599843 0.1396327912245959868 0.17042560016433200287
908 404 0.14029718232222398999 0.13963455646869099569 0.17042890399126600642
910 406 0.14029728952365400074 0.13962743683569300845 0.17045208424954000348
909 405 0.14029427035138100632 0.13962608645157201237 0.17043642624318300349
911 407 0.14030168525906899779 0.13962068857796200438 0.17043324266767201358
904 400 0.14029190938624200302 0.13962406333505100742 0.17046358855911200592
909 405 0.14030216669193901202 0.13962012736665099788 0.1704564062061240115
894 390 0.14030659894833899526 0.13963933871310199586 0.17043668200037098703
902 398 0.14031625384729501382 0.13962815085809399118 0.17043627458052099111
895 391 0.14030080164874400572 0.13962582272480900114 0.17043248112254899551
892 388 0.14029117161245399648 0.13962634108571900238 0.17043042184122400573
885 381 0.14027415375299501221 0.13962427649308500888 0.17042029949805501121
894 390 0.14028158769480800205 0.13961395140162599637 0.17040780415434400585
894 390 0.1402890931814869957 0.13962805212299800317 0.17041017521221099584
885 381 0.14027373835119000267 0.13962959758801499199 0.17039834098501699389
885 381 0.14028209175588898794 0.13963119133415000106 0.17039576426808500376
881 377 0.14028096463461001142 0.1396309269804839881 0.17040245483026600359
877 373 0.14027262393876099855 0.1396293261882159964 0.17039012745886800149
885 381 0.14027658365884299041 0.13962150569967998748 0.17039021453813599227
897 393 0.14031472130522701369 0.13964404372665900622 0.17041840115707199144
891 387 0.14031021100145199543 0.13966090153556098841 0.17042978840504199867
889 385 0.14031754857411998794 0.13967332219628100787 0.17045652889548598696
890 386 0.14031988815130300163 0.13967288563775401289 0.17044211186428198657
884 380 0.1402942310868030007 0.13966850389672400001 0.17043315332156599995
900 396 0.14029662034283299499 0.13964180605960299641 0.17043490727804400109
905 401 0.14030978399623900144 0.13965267089698799041 0.17041874717527999428
904 400 0.14031771876137999477 0.13965762692410799151 0.17041408515232400744
901 397 0.14030431044120300621 0.13965484961588600643 0.17040237288340800981
899 395 0.1403096549568519924 0.13964555914324100483 0.17039028378554399445
900 396 0.14030420589664699405 0.13964442625697198741 0.1703779712706089966
897 393 0.14029618082588099504 0.13964610760110099386 0.17037165682509899933
892 388 0.14029983059891398822 0.13966296283242299325 0.17036161414622499888
899 395 0.14030001315816401086 0.13965395674099098655 0.17034693041719001227
899 395 0.1402875805529339992 0.13964092521659599022 0.17032380969083998901
899 395 0.14026817262733298763 0.13963229598847701207 0.17031091651695198785
889 385 0.14024459662981200725 0.1396331100118650137 0.17028170913094300976
890 386 0.14021701789633900237 0.13961435356956500287 0.17025393145650699611
893 389 0.14020381831272499262 0.13959826230562200067 0.17025982657770000195
897 393 0.14020340049934298943 0.13959125225494500855 0.17025784472390600999
894 390 0.14018685464233499038 0.13958984840861199395 0.17025719217095100499
896 392 0.14017457143076100801 0.13956860652265098977 0.17024579446998500121
896 392 0.14017382348353898958 0.13957001235063701272 0.17024923956348100851
884 380 0.14016304774502899577 0.13956866908691800688 0.17025175323054200782
897 393 0.14017412230382900185 0.13954376940412399621 0.17023601112368300092
900 396 0.14017441467788999132 0.13954214064818801222 0.17022174806573700523
881 377 0.14016904941246399741 0.13957672696154299619 0.17021186126513798698
878 374 0.14017001384106800299 0.13956595561008000583 0.17020683072029499372
890 386 0.1401825451030400127 0.1395508423065250081 0.17020041579479699978
900 396 0.14017448167433699258 0.13953625094415600394 0.17018194246089199395
897 393 0.1401643957053300138 0.13953210010850999878 0.17016346684140298828
890 386 0.14014632461971399113 0.13953139342128101363 0.17016192073878200208
896 392 0.14014567805813199497 0.13952502489197499136 0.17016090824907900703
897 393 0.14014103907285499484 0.13952705125138400999 0.17016010443369400384
893 389 0.140122058297167007 0.13951978247714300063 0.17015436015034399175
893 389 0.14012923804994401045 0.1395109076659930003 0.17015713906001900257
895 391 0.1401254434483520106 0.13950128529097599595 0.17014874882475500284
901 397 0.14013425491952699597 0.13949258080431800599 0.17015475608640800997
904 400 0.14014742567565000031 0.13949567813860000443 0.17017144837576700378
903 399 0.14014946739236500139 0.13949358535646599888 0.17016741682723099394
912 408 0.14017744253619598971 0.13950065475451700614 0.17017450855214100169
895 391 0.14016541635945700683 0.13952306168066300196 0.17018377641869000816
900 396 0.14016221969360900812 0.13951089999818500065 0.17017804378773698781
900 396 0.14016594197395398913 0.13950196852915699997 0.1701614706366580132
905 401 0.14016585250096499915 0.13949204155208200229 0.17016209563786199865
892 388 0.14014783262850200041 0.13949939345244199984 0.17017454324936098775
897 393 0.14014590048057498639 0.13948822388502898906 0.1701744264414629948
906 402 0.14015065053610500923 0.13947089810154800205 0.17016167536224199863
898 394 0.1401482540116829878 0.13948035378670300966 0.17014726664810000956
894 390 0.14014964095605800254 0.13948829735416498621 0.1701647109482500031
890 386 0.14014883556886201244 0.13948081638246401237 0.1701575018343610135
897 393 0.14014291086844599121 0.13946318110883901276 0.17016883535845800379
893 389 0.1401290438978209929 0.13946036845617801325 0.17017608536515999029
887 383 0.14013571561944598853 0.13948240027653299733 0.17018723614509401187
885 381 0.14011298465258201218 0.13946279660222399288 0.17017340618429099841
896 392 0.14012707439375898799 0.13946203360542400174 0.17016755999788599207
894 390 0.14012374386233400481 0.13947175285488799812 0.17017751022346699896
894 390 0.14010388219514799402 0.13945433058845899121 0.17018519153734901206
900 396 0.14012125260072200161 0.13945741552097801197 0.17018153611419101212
889 385 0.14010924939686000834 0.13946662553208999391 0.17018412725589898704
888 384 0.14009314738041100945 0.13945929278927299277 0.17016790533580000711
889 385 0.14009096038405999263 0.13945589878112399362 0.17016424236052599128
878 374 0.1400868974530160016 0.1394655453410829915 0.17016956763442400713
887 383 0.14007228848755601258 0.13943232635860400292 0.17015799400491499194
881 377 0.14008710366415799697 0.13945047033232099709 0.17015454613402899997
889 385 0.1400982771634839974 0.13944460459276500353 0.17013322914947198727
887 383 0.14010218937618398871 0.13945343762308398672 0.1701312058173420072
878 374 0.14009600081781800607 0.13946290687227599903 0.17012632636264898855
886 382 0.14010106236834299342 0.13945481059477998764 0.17012472011755799817
887 383 0.14008006520964400021 0.13942844480022101306 0.17011728590324801114
895 391 0.14007712579813300091 0.13941686206081099764 0.1701199621842630072
887 383 0.14007011158724699817 0.13942425371119199218 0.1700968948115950119
883 379 0.14005940896969198972 0.13942178824400699999 0.17007872005971499951
886 382 0.14005173336474999179 0.13940093635556999319 0.17006026849757099884
889 385 0.14005301999575500704 0.13940866076275398866 0.17006622769816800989
878 374 0.1400560461773409926 0.13943392138758600729 0.17007809638062801327
882 378 0.14005571951934500663 0.13942721037283900554 0.17007945545350700023
882 378 0.14004937434411598995 0.13942829983674900896 0.17006488127355900986
878 374 0.14004235941937900889 0.13942357648895400968 0.17004898827168199449
889 385 0.14006799437725400703 0.13942801913497199218 0.17003970082911901152
884 380 0.14005737958086700301 0.1394321619534540091 0.17003098519342998984
886 382 0.14005908488188301142 0.13942699610161798929 0.17004184844368000484
866 362 0.14003601668912799005 0.13943886706816799315 0.17003158645213101163
867 363 0.14002357633548501159 0.13941664040510901024 0.17001240179252999352
875 371 0.1400379650878710025 0.13940500801100100259 0.16999022534523600125
887 383 0.14006014878881400954 0.13939598804200101223 0.16998542520365600428
892 388 0.14006762700072300509 0.13939414415336098818 0.1699813479901640112
882 378 0.14005827240422100144 0.13940742085162000086 0.16997855143575599235
881 377 0.14005461763412099807 0.13939944905876100467 0.16996615102319900803
881 377 0.14004250094218098632 0.13939000402643000887 0.16996572714914601199
885 381 0.14004989001012499439 0.1393842976945099954 0.16997077024340198625
885 381 0.14004514938610698738 0.13938697027488300417 0.16996905882595100823
896 392 0.14008562680812999823 0.13940613567156098784 0.16996811835123498691
890 386 0.1400835617126370003 0.13941794878778399069 0.16996103547804400358
887 383 0.1400752792512819922 0.13942954713650798637 0.16996827679268700084
888 384 0.1400662133477630078 0.13942339017291699443 0.16996890364313799182
885 381 0.14007331418266399936 0.13942335968781899291 0.16996848857496099638
884 380 0.14006933419429901111 0.13941712188681801288 0.16996430719096200512
883 379 0.14007105949893600139 0.13942040358950399948 0.16996691707853900377
883 379 0.14007454384292600258 0.13941924551381298936 0.16995939694007300425
881 377 0.1400720766748820012 0.13941195211077800353 0.16995040598337698978
876 372 0.14006935970954301207 0.13941625870104801255 0.16994403203896599197
867 363 0.14005196174381401297 0.1394177318548630029 0.16993199286938401316
871 367 0.1400536914993890103 0.13940733207329300547 0.16992715300362298825
878 374 0.14004484276792300568 0.13939120140855398855 0.16992900889540799025
877 373 0.14005551343634001227 0.1393993490541229896 0.16992190766022899351
874 370 0.14005318660369700523 0.13940598113785498957 0.16991018433190899217
874 370 0.14005466076913100637 0.13941012608504899095 0.16990116913987099445
878 374 0.14006030377056999381 0.13940631006839498962 0.16989133758169999711
877 373 0.14005172589829500973 0.13940947739930700799 0.16988895390114200357
874 370 0.14005286585831999702 0.13941458675149800972 0.16987563718982801042
864 360 0.140048178321962008 0.13942259602531600904 0.16987088325090199392
870 366 0.14004744760963899752 0.13940560321725900539 0.16986878783096401313
887 383 0.14004958464510799954 0.13938199101041198746 0.16986398600398400216
890 386 0.14006335902587599418 0.13940615980677101282 0.1698886479119069981
873 369 0.14005892056498100984 0.13943771525518799947 0.16989551385333501177
875 371 0.14005838967395600747 0.13944235530332199646 0.16990094030318500518
888 384 0.14007857200640799755 0.13943443384143400232 0.16989674146712899216
893 389 0.14009272031416999948 0.13943535626598499433 0.16990492325018399788
871 367 0.14009288246607098927 0.13946992132426400124 0.16989635999347399431
874 370 0.14010203404974000407 0.13947000526812999843 0.16988939103869399316
871 367 0.140098499314190994 0.13947476439414299709 0.16990920209771098737
880 376 0.14010275858328100074 0.13945633908432700232 0.16992071968647398661
882 378 0.1401142497726380054 0.13946317147544098902 0.1699316628699840126
884 380 0.14011480989751501358 0.13947119474850500076 0.16994833022690000734
889 385 0.14012309701818301266 0.13947353720651700648 0.16995392086369198736
889 385 0.14012604651422100321 0.13948405107762099076 0.16995238380742400119
876 372 0.14011272607122798872 0.13949936236983501159 0.16994018497280999336
877 373 0.14011477104571198882 0.13950312765946198956 0.16993953413902498917
874 370 0.14011318777840101046 0.13950372064952498707 0.169926652890253993
856 352 0.14008010702896900312 0.13950575246321100797 0.16992254395829500813
863 359 0.14008093161991000408 0.13949156912259200181 0.16992412048729299556
864 360 0.14008039306910399779 0.13949389269671799707 0.16992696156163300536
861 357 0.1400820416132929902 0.13949482524485198875 0.16991343329072000623
861 357 0.14007891769982500074 0.13948565026825499036 0.1699034323715999939
856 352 0.14007365263152898871 0.13948984149367499308 0.16990391165370100079
863 359 0.14008035594985399075 0.13948130121077800814 0.16989984716853800961
872 368 0.1400806822660460027 0.13946402062632501373 0.16990614623899299995
865 361 0.14008363631109199687 0.13948255312124599459 0.16991053879118001024
856 352 0.14007292664830800488 0.13948315382122000727 0.16990095349571998629
855 351 0.14008667100061300559 0.13949325565660700144 0.16988894135018400844
859 355 0.14008097165963198649 0.13947562254150200345 0.1698991975607060112
861 357 0.14008441412063799003 0.13946897864074600526 0.16989006076273599488
862 358 0.14006643402441901203 0.13943551130629300294 0.16989187804235700296
855 351 0.1400494116247499865 0.13943256048296601146 0.16987927371640498819
852 348 0.14002381225115800856 0.13941714180397499212 0.1698581273463249941
869 365 0.14002936148954300832 0.13938907805105099635 0.16983483760036699461
873 369 0.1400395243182049887 0.13938910533660700541 0.16981649255500000373
875 371 0.14003545925425300855 0.13938413988467099336 0.1698091026370600054
870 366 0.14002715366290699461 0.13938435511721700144 0.16980721466087100868
878 374 0.14004497371743299117 0.13938619186938200345 0.16981043442901100349
879 375 0.14004140280001201035 0.13938004780138998906 0.16980793137851998842
877 373 0.14005393824592599072 0.13940327434051200117 0.16979405547875900395
889 385 0.14006214027374300213 0.13939390231937900944 0.1697919672415240111
888 384 0.14004981051205400711 0.13938534221112200417 0.16978636328415000478
888 384 0.14004693469210499623 0.13938565523900300902 0.1697759787812669896
893 389 0.1400511844018990093 0.13937351752473400857 0.16977284689111898919
889 385 0.14004457350125701365 0.13936002441849901223 0.16978173652281300376
884 380 0.14003292549054899285 0.13936115037649698944 0.1697848603955300073
883 379 0.14001755120087600037 0.13934276270558598743 0.1697794646812429975
883 379 0.14001405013351700402 0.13934016546628999467 0.16978870134312498696
876 372 0.1400143675242400132 0.13935363340040099467 0.16978361598598498694
876 372 0.14001691618347400503 0.1393590526853510092 0.1697750135996909937
877 373 0.14003835611966600205 0.13937994749690699181 0.1697835873733569978
877 373 0.14003805293747201288 0.13938167491572001078 0.16976678637241399139
875 371 0.14003621207121699777 0.13938278635835199548 0.16977881724411800213
882 378 0.14005101008028000842 0.1393919504741490123 0.16978617208308999231
867 363 0.1400411516802790024 0.13941222324554899958 0.16977716948950100084
858 354 0.14004141406351200416 0.13942847660514198771 0.16977140203295698617
870 366 0.14004947773473599981 0.13940666310668700656 0.16976298735430001008
867 363 0.1400522026526790087 0.13940165756996300561 0.16976648276653599767
865 361 0.14004450151809899605 0.13940848678785600079 0.16975415285060099779
876 372 0.14003838492667100568 0.13937933805994298653 0.16976266065626799406
875 371 0.14004352974134298693 0.13938204923232599963 0.16976028534414000504
886 382 0.14006717579385200012 0.13939370707784398684 0.16975749505692400154
879 375 0.14005686340463099904 0.1394046085065220042 0.16977074330452099349
886 382 0.14005772046430101097 0.1393981537466449927 0.16978441625693699302
882 378 0.1400404998467369988 0.13939522140267698869 0.16978671028600100801
889 385 0.14003971359508599059 0.13938405468776998708 0.16977245682582201014
883 379 0.14003925338109998733 0.1393802549331689955 0.16977291296858398884
880 376 0.14002431989681099478 0.13937196027053500025 0.16977086369374799757
881 377 0.14002105398470798825 0.13936026279416199869 0.16975117836673200844
899 395 0.14005232711042300831 0.13935880562197600074 0.16974743648720899691
895 391 0.14005290240721998685 0.13937280830336198911 0.16976929611901500627
899 395 0.14006414692385599219 0.13938870765342201152 0.16977774476763798917
883 379 0.14003247990027500869 0.13938383376245200296 0.16978245647808398733
885 381 0.14003907619830699427 0.13938619695176299174 0.16979162697782901326
890 386 0.14004686655022099973 0.13939493561240198782 0.16979237443536898677
882 378 0.1400406756315729917 0.13940987074991501027 0.16979306379556000084
887 383 0.14003769175954899895 0.13941034873586799492 0.16978604539384900551
886 382 0.14002571480532899351 0.13940375346254699207 0.16977865660885999022
882 378 0.14000827422431100233 0.13939376964338900944 0.16976559499406901343
898 394 0.14001142624252399527 0.13936691395520900416 0.16976571216048499946
895 391 0.1400185285752560127 0.13937894356021299225 0.16977930898024701234
887 383 0.13999964078066298723 0.13937326080544901186 0.16978055011258100238
880 376 0.13998396285098199665 0.13937380324351800187 0.16977913440473499374
880 376 0.1399669859089240076 0.1393668698332370115 0.16976644418487898958
875 371 0.13996751985146799191 0.13937127241509700282 0.16975244933047201057
874 370 0.13997175788231899785 0.1393769625676329893 0.16973143646491001268
877 373 0.13996699492553998923 0.1393665248535090051 0.16973893673935899762
883 379 0.13997007477299400202 0.13935516766091099461 0.16974599982060700754
874 370 0.13995847602201100246 0.13936345140854600189 0.16975709178903999885
882 378 0.13996330669098300259 0.13935765267212399388 0.16976708562590300811
879 375 0.13994973626411300049 0.13934867995795899298 0.16976328007698099354
889 385 0.1399693003617240028 0.1393500628147920084 0.16975158667917800148
892 388 0.13996598200630699926 0.13935217748926201353 0.16975199207819799407
883 379 0.13995913428129899692 0.13935435441371299414 0.16974602720779899401
879 375 0.13994928095113098876 0.13935578121622799186 0.16975062732594900505
868 364 0.13993860568692101376 0.13936832916688599027 0.16974848586710000742
870 366 0.13993697300031898711 0.1393641237961039947 0.16972616657976399845
880 376 0.13994718003108200244 0.13935342452694099435 0.16971194524624499955
889 385 0.13995694363070498856 0.13935507642542599438 0.16971871991997500295
897 393 0.13995672827783300907 0.13934595020545101351 0.16971751524252701171
891 387 0.13995496929067699488 0.13934669548049999355 0.16971255867773099579
880 376 0.13993349390135501054 0.13934063064924401276 0.16970415511791200891
893 389 0.13993957226615899581 0.13933180046907400751 0.16968520551908899963
896 392 0.13993667862797098955 0.13932077589450100885 0.16966898145844799828
896 392 0.13993106727325099747 0.13931408526899100031 0.16966964743221699119
889 385 0.13990779557249199971 0.13930547631757700389 0.16965507849066899237
889 385 0.13991123129108801182 0.13931058976709401187 0.16963929911484901258
898 394 0.13991411236281600661 0.1392971246003640029 0.16965000492934098619
889 385 0.13990647304919501259 0.13929816746107701042 0.16965675859959100658
889 385 0.13989278376457300879 0.13929300412143799659 0.16965129930487399257
891 387 0.13990212123091999574 0.13930200316635199531 0.16964816601349699821
889 385 0.1398909639250240089 0.13929973190743299982 0.16964323490356000845
891 387 0.13987608056111600074 0.13927870890795199244 0.16963567451239100481
896 392 0.13987449301238399912 0.13926977902991299896 0.16964536720470399511
887 383 0.13985834147999398613 0.13927352132414200225 0.16964147990351000073
894 390 0.13986857827884299765 0.13927497254549500716 0.16964610130061100191
899 395 0.13986766863005301031 0.13927112786651899001 0.16965354911898300472
900 396 0.13986965256992200946 0.13927006955429499513 0.1696688992509839955
887 383 0.13986571605992101364 0.13928480354628500204 0.16967069000835499626
886 382 0.1398621391921439916 0.13928647054644199832 0.16967653031605101077
888 384 0.13986744907958201245 0.13928704411362799465 0.16968609918167801287
881 377 0.13986661110399001284 0.1392933673366719971 0.16969556332957400069
876 372 0.13985936039458099489 0.13928662320600798674 0.16968874900650099402
878 374 0.13986674145900299115 0.13929802109783900876 0.16969702305128001041
888 384 0.1398942778777829965 0.13931450745353998744 0.16970796140029001386
877 373 0.13988273630871300712 0.13932666856912301334 0.1697129315187320131
877 373 0.13988197458367199189 0.13932563633103600687 0.16971830504385299054
881 377 0.13986541837304500291 0.13930834068920000535 0.16971928892760199115
879 375 0.13986388881821901209 0.13931698175792900374 0.16970935406794099287
875 371 0.1398688607641540016 0.13932077003041801189 0.16971501696148499905
873 369 0.1398655741725179924 0.13931784100609900801 0.16969633748755100222
875 371 0.13987171126246700226 0.13931681570446899365 0.16969501494263100616
880 376 0.1398841141422390022 0.13931924128083100767 0.16967937298550600511
877 373 0.13987911177466100243 0.13931518424888900132 0.16969591358306199136
886 382 0.13988111436786099251 0.13930320179952498938 0.16968921496110800362
887 383 0.13987246345246401313 0.13928174764468401192 0.16968824613512800692
898 394 0.13988716584263399811 0.13927345899205900714 0.16968495134761299448
898 394 0.13987561435765200057 0.13926084835880001012 0.16968046396689301369
890 386 0.13986259562692499037 0.13926255967591499862 0.16969579256581199256
881 377 0.13985269477772399593 0.13927149399420499232 0.16968784549408100215
883 379 0.13985830999265400076 0.13926973421216601312 0.16967510776525199234
882 378 0.13984435692104199567 0.13925881967326000921 0.1696596721042749889
888 384 0.13984555625667599577 0.13924813720674200646 0.16965533686012299053
877 373 0.13983068889541400148 0.13925377414028000667 0.1696448467020389983
888 384 0.13984241854427700846 0.1392436929223259956 0.16964587467070899041
880 376 0.13983534225041299726 0.13925023274151598907 0.16964609795954899152
885 381 0.13983542180382799169 0.13924900413409699307 0.16964134553694701357
882 378 0.13982831490511798966 0.1392501261776329935 0.16963278188231101229
888 384 0.13983612064644299067 0.13924473891705299589 0.16962734155862699281
886 382 0.13983059842459300004 0.13924092205186100468 0.16962601249023701033
892 388 0.13984244191851299965 0.13923554457043699206 0.16961908964232999542
901 397 0.13986527650293500979 0.13924781092378499259 0.16963288736258799738
881 377 0.13985212191725099329 0.13927244528266299883 0.1696449672747029902
874 370 0.13983879199903700985 0.13927906909456699847 0.16963342203693798638
865 361 0.1398257448001810066 0.13928524625521399027 0.169627231024084002
879 375 0.13984914663920300359 0.13928061655907300609 0.16961790722142600085
880 376 0.1398419829825139904 0.13926668104218101196 0.16962944705875099283
884 380 0.13985489693964800462 0.13926895824406199109 0.16964017644733001
876 372 0.13985980392506799919 0.13928067904425400769 0.16964082183042100693
882 378 0.13986459883777799251 0.13927958965498399291 0.16964708890874399816
878 374 0.13986938894578199166 0.13928754657206598999 0.16964705271850799573
889 385 0.13987823994723599941 0.13927690017738700301 0.16965410858891699641
880 376 0.13987184822752798952 0.13928589940212099396 0.16964710851684799975
871 367 0.13986393358061000036 0.13928883908672098912 0.16961964829036998981
882 378 0.13987327098407600912 0.13927041342700999249 0.16959525364606500841
881 377 0.13987321165200300443 0.13927013287710698908 0.16956515904146599039
879 375 0.13987996668905300357 0.13926951137242599144 0.16954985805196601256
888 384 0.13988641929926701191 0.13926971682206099046 0.16953729906754100298
889 385 0.13987614843800899589 0.13925596422966599053 0.16953615885604900182
889 385 0.139870592845065006 0.13925418877889400582 0.1695315168602750111
884 380 0.1398780296745930074 0.13927068991865698688 0.16952011889421200741
893 389 0.13987381414293700854 0.13925756313095000172 0.16951876053866099525
893 389 0.1398808671767509948 0.13927426534336301289 0.16950998705321498883
901 397 0.13988806055538599571 0.13927074481770698733 0.16951913995073100705
901 397 0.13988498163721899137 0.13925995484197800645 0.16952982042153599829
911 407 0.13988652801229700673 0.13925603437065600665 0.16955420393543799151
900 396 0.13988006796629900985 0.13927509672914600847 0.16958331545278398922
886 382 0.13986055261046900777 0.13928731403711300252 0.16958982947115300299
886 382 0.13985517589156298834 0.13927610033750900675 0.1695934178583559937
881 377 0.13984170371062398797 0.1392763972195769917 0.16958520255153000655
893 389 0.13985858428353900584 0.13926833306977801086 0.16958110847760898832
891 387 0.13985268462853800431 0.1392614800453149948 0.1695818416546999996
893 389 0.13985990077544599441 0.13927208492633000314 0.16959061546974499302
882 378 0.13984702333351700654 0.13928727549151501131 0.16958795859324599098
887 383 0.13984778652897500439 0.13929285886597700395 0.16960319360351100437
888 384 0.13984133336088400146 0.13928713848932000596 0.16961393799936599902
887 383 0.13983814739593300458 0.13928082022756799185 0.16960246012483801148
897 393 0.13984390839112700866 0.1392660324202729949 0.16960472365930900907
900 396 0.13983807584841700944 0.13925399510019201288 0.16960417379810399652
902 398 0.13984307712666499413 0.13925761113443199668 0.16960534259893500497
895 391 0.1398380044384359977 0.13926448469575899991 0.16959827201530000562
900 396 0.13983153419594898659 0.13924537161483299674 0.16959606997220899594
902 398 0.13982167396591199671 0.13923621822202000842 0.16957859947058098737
917 413 0.13982807481553000128 0.1392211349476500104 0.1695742621744200096
911 407 0.13981055183926399677 0.13920362699270200091 0.16956916009700900849
901 397 0.1397978753121350004 0.1392037884955449889 0.16956713643139700864
896 392 0.1398004252610909881 0.1392181750868120016 0.16956766127073499839
899 395 0.13980881329568001226 0.13921828126065199926 0.16956925709154599402
910 406 0.13980894361020498873 0.13920398254026800089 0.16958123301760300028
907 403 0.13980157803088999469 0.1392088698920140033 0.16959527724384199088
901 397 0.13980193470485099971 0.13921661783698999204 0.16960902177637898758
906 402 0.13980556941032801221 0.13921636615785099034 0.16961327893417799118
904 400 0.13981717171120799925 0.13923201820285799335 0.16963162877433798914
893 389 0.13980484300723799995 0.13923986286101200371 0.16963191166014499056
894 390 0.13981467558803900575 0.13925832525638801029 0.16963847938286000239
890 386 0.13981213601326400453 0.13926934197109600011 0.16963927092243699657
869 365 0.13978064566982700834 0.13928149049237600887 0.16963273303694301197
879 375 0.1397938461651339892 0.13927666644087999259 0.16962753570600400121
882 378 0.13979942897635999621 0.13928499642115099721 0.16962414603178299632
882 378 0.13980109577302299306 0.13928167075642700068 0.16962184096780499876
877 373 0.13978117784614998986 0.13927293268473800447 0.16961268362342798999
871 367 0.13975936565117999533 0.13926049865293999019 0.16960634869994301033
874 370 0.13974993634172400148 0.13924933488547400207 0.16959970146131100877
875 371 0.13973930700176900865 0.13923234624973399032 0.16957552231460498726
872 368 0.1397143685522209966 0.13921845556724099513 0.16956635370077099978
876 372 0.13970633604359600222 0.13919635434973098853 0.16955587493137599941
887 383 0.13972224869760399568 0.13920106300328599636 0.16955834928889901292
884 380 0.13970444012280500146 0.13918647174885301343 0.16955790521286301376
876 372 0.13969632694493500091 0.13919146819806199611 0.16956220116703099587
878 374 0.13969681191525901154 0.13919444724747198627 0.16956568464811400121
882 378 0.13968875151764900688 0.13919292798497401309 0.16957747373439199801
874 370 0.13967363742105801117 0.13918801080734100051 0.16958496519965698957
872 368 0.1396644296550189901 0.13917598886162999006 0.1695889242563060062
876 372 0.13968850067873500587 0.13918895979469500523 0.16958212853262799591
875 371 0.1396863048842829913 0.13919509539197499892 0.16957671316385600213
865 361 0.13968420582428900389 0.13920250177953799597 0.16957441455193800195
867 363 0.1396955553610050027 0.1392114091769310058 0.16957339791340400592
881 377 0.13970767334208500365 0.13919511445807700167 0.16958016240829901222
887 383 0.13971212726587900477 0.13919487543080499847 0.16957012121907000246
882 378 0.13971913138755098771 0.13921194398533601189 0.16957400934228100686
880 376 0.13971265392187701138 0.13920941561434099776 0.16957081999935899597
872 368 0.13971003088226799371 0.13921100753731799338 0.16955895472439799776
873 369 0.13970615515872100709 0.13920006538240600746 0.16956057705421201387
889 385 0.13972138421546900777 0.13919023544304701123 0.16956336053610199244
885 381 0.13970517373003099593 0.139185302031847008 0.16957844350926801202
885 381 0.13969608894642598917 0.13917774372912899983 0.16957727195553398691
876 372 0.13969417306712100801 0.13917852613754699842 0.16956398388983198733
889 385 0.13972018575286901387 0.13917168535135898688 0.16956748586489400754
896 392 0.13973318434157300238 0.13916578689014999504 0.16957539457933598626
898 394 0.13972698492510798873 0.13915949273324199065 0.16959486109269400478
877 373 0.13972225970336998868 0.13918459565607599338 0.16960369137811298623
872 368 0.13970103258464100504 0.13917593464270699988 0.16959307208728199856
876 372 0.13969374300535999933 0.13915864784644699226 0.16959648809733798847
883 379 0.1397015255971059966 0.13914552213959599514 0.16959028657651400995
878 374 0.1396968198555320062 0.13914745862858499126 0.1695868727436420087
884 380 0.13971823608905500902 0.13915729154718201044 0.16958316521864799653
892 388 0.13972195699192299645 0.13915578723967500507 0.16958495490350000701
899 395 0.13971766838722399218 0.13914321760019199292 0.16958192582354800204
901 397 0.13970845502498999147 0.13914136851511399451 0.16959533969395099162
902 398 0.1397246406152519993 0.13914727539389601385 0.16959317103906298985
895 391 0.13972771594123900574 0.13916326699732201044 0.1696049304239319877
883 379 0.13972592159389998767 0.13917945205958198729 0.16960339442497199269
890 386 0.13971518056673498664 0.13916480507553899426 0.16960517039194900057
902 398 0.13972663139304100643 0.13915752842607800877 0.16959523235623200077
901 397 0.13972338112561000223 0.13916303252682599156 0.16958955704218300897
916 412 0.13973746228197200803 0.13915443676259600658 0.16959557208308601028
904 400 0.13971270799291898856 0.13915017661003900584 0.16957145258879499639
896 392 0.13971062862146998995 0.13915714411583599008 0.16957910318365901348
897 393 0.13969550441907199745 0.13913555710901900908 0.16956475048928298932
911 407 0.13970258193444501371 0.13912821763900198868 0.16957826074974599595
909 405 0.13969756122546700405 0.13912943035802399772 0.16956459142775801019
897 393 0.13968284183065199366 0.13914103233702798668 0.16956387437850700683
895 391 0.13967417652252600568 0.13913933900682701195 0.16955433865409300087
902 398 0.13965692844696300789 0.13911486341713899528 0.16954221934040900055
902 398 0.13965636040278400776 0.13911786237163401014 0.16953893837453601345
897 393 0.13963824893606699429 0.13910962813338900723 0.16952968958563899293
901 397 0.13964159721841701289 0.13910769793355398649 0.16952429379342298654
896 392 0.13964167859098999824 0.13910824952320399728 0.16952102535678800765
898 394 0.13964137357289299612 0.13910606769133398997 0.16951579316687601096
907 403 0.13964492941232500844 0.13909394839596100901 0.16951875418390599526
879 375 0.13963140444323399181 0.13912157944851599733 0.1695137748426250035
897 393 0.13964475264023298862 0.13909902678814800581 0.1694964588057480126
891 387 0.13964682613373799458 0.13910110310850701265 0.1694835800639049872
893 389 0.13963855728703200576 0.13909756622062699472 0.16948052421603698736
905 401 0.13964375386605398788 0.1390885193218469873 0.16948031298022100954
908 404 0.13964395673916199514 0.13909137095559401254 0.16948521174592900973
893 389 0.13963376062446899994 0.13910897306362798864 0.16949411765761498994
890 386 0.13962505496237201386 0.13910898204439101078 0.16949093936662498749
887 383 0.13962475914058999904 0.13911514338114400191 0.1694689259368880041
899 395 0.13961956590771099074 0.13909444374739499128 0.16946523801629401196
888 384 0.13961843072124499598 0.13911226584760100211 0.16947199592883999131
891 387 0.13962589907156700009 0.13911983814760101041 0.16947115821277100589
896 392 0.13963336046336699559 0.13912453095957599825 0.1694580574170350129
879 375 0.13960917186809398971 0.13912809960818001143 0.16945634981477000758
888 384 0.13961427637403900359 0.13911862218037598926 0.16946263829046198657
881 377 0.13960405359878300113 0.13911473430583298772 0.16946592430792001283
883 379 0.1396078104951679888 0.13911886913117499365 0.16946714997719100615
879 375 0.1396055451558750049 0.13913391560107699063 0.16948688893281799173
890 386 0.13959600999284199618 0.13911223523550400594 0.1694714378710029945
890 386 0.13960665833024998861 0.1391145413908209949 0.16946532692951898902
886 382 0.13960620279338900596 0.13912408046149399299 0.16946415729254499238
886 382 0.13961758695611301007 0.13913747780753799033 0.16946674358574201347
887 383 0.13962166102477099883 0.13914223601224701143 0.16946473261922501141
902 398 0.13963571566390201029 0.1391306860976989912 0.16947080855753898776
900 396 0.13964497468071399022 0.13914908675938900129 0.16947843966223599677
895 391 0.1396523017706740033 0.13916516422189800783 0.16948676777316298847
894 390 0.1396358672060049877 0.1391607886996210075 0.16947257975884000292
893 389 0.13962823886869599188 0.13917250632027999835 0.16945371255417798761
900 396 0.13962589379187401173 0.13916628212128501207 0.16946894598589098968
901 397 0.13963087393143400194 0.13916615617430200258 0.16946585655015000693
891 387 0.13963108042249100516 0.13918132867485599746 0.16948372577627598967
894 390 0.13963475882664999617 0.13917980436534199695 0.16948598740719200695
886 382 0.13963667844904101289 0.1391975730703330083 0.16949051898167699637
883 379 0.13963245828505699286 0.13919618143893999762 0.16948850744736698726
873 369 0.1396228582090799919 0.13920298270251899031 0.16947600051041800118
864 360 0.1396022536684189963 0.13920120177293998642 0.16946481485126699273
874 370 0.13961114637208699163 0.13918857998778799701 0.16946225395837999361
885 381 0.13960694495197101261 0.1391658094245629973 0.16946066986043001323
889 385 0.13961753773095100795 0.13916193839404000787 0.16946062276059301044
889 385 0.1396095873484030081 0.13916217500849500932 0.16946472597718101327
885 381 0.13961022109162499194 0.1391679291455379941 0.16945732347937500495
878 374 0.13960602748229400394 0.13917272671857700006 0.16945146106484698656
879 375 0.13962054968413800671 0.1391861804357679977 0.16945263231418400407
866 362 0.13961485802914200272 0.13919996276040400018 0.16944964452892699591
867 363 0.13961839425422600813 0.13920713833177800201 0.16944644797089700172
871 367 0.13963252062113298835 0.13920758429453700122 0.16944326920223498623
872 368 0.13962928319968201385 0.13920074093518200464 0.16945180800971901269
876 372 0.13962832388893300917 0.13920279377809000043 0.16944314614237299121
857 353 0.13961368423092698765 0.13922449599360600669 0.16944498535940999417
867 363 0.13961849791327199388 0.13920890799852300712 0.16943920869364501036
860 356 0.1396102970520350095 0.13921287611992400057 0.16942520877589500872
856 352 0.13960889775394100254 0.13921133142429700791 0.16943382592351100002
850 346 0.1395945818444090103 0.13920662742632800013 0.1694199768509989934
857 353 0.13959910675337000585 0.1391911688698050098 0.16940829789475800315
852 348 0.13959928500895599224 0.13919969217534700068 0.16939565001998499461
856 352 0.13959549235456800154 0.13919342173416798802 0.16938289152362501211
845 341 0.13959624928676500621 0.13921344935022600398 0.16938085522294898944
852 348 0.1395823824127130075 0.13919596380780599465 0.16938340592687600727
861 357 0.13958463147069100074 0.13918832889335200353 0.16939610280441100287
866 362 0.13960177658509601017 0.13919629430790400604 0.16940435772481399201
862 358 0.13958223589085799743 0.13918673302026798866 0.16940626366229000199
853 349 0.13958225848462799124 0.13919251294138901276 0.16940442079031900469
852 348 0.13959118281908100556 0.13919547860513600823 0.16938897628832300102
867 363 0.13961294893912601367 0.13919578998891199428 0.16939458640142698864
863 359 0.13961324685280199209 0.1391905144449719911 0.16939694400521398965
871 367 0.13962070460775799496 0.13918447730902100412 0.16939096141759399372
872 368 0.13963420459466399648 0.13919517765708300239 0.16939665524319200141
870 366 0.13963436631250500386 0.1391990761974999935 0.16940312323650699722
876 372 0.13964821482521300178 0.13920548090686499232 0.16940517289452700078
880 376 0.13965169672820398894 0.13920381652754199031 0.16941209581904501102
881 377 0.1396530440323970057 0.13920358568601701177 0.16940698972562900915
867 363 0.13965804874148898818 0.13921949253200099905 0.16941356231631499174
885 381 0.13968667946557700166 0.1392133509099950095 0.16941988789115700054
888 384 0.13968865967719598653 0.13921812458686000369 0.16940894385207799777
888 384 0.13970077468513700247 0.13922823620785299004 0.16941693003657701255
889 385 0.13971553591197899413 0.13924490739572301101 0.16941482389623999105
898 394 0.13971750009222999589 0.13923809456578900567 0.16940361253901201066
883 379 0.13970652966194999078 0.13925180084440999528 0.16941945053660600884
873 369 0.13970077068858699487 0.13925255387974899701 0.16942442713758901207
875 371 0.13969471960232998642 0.13924906979341800106 0.16941325534845100287
876 372 0.13969403903615298934 0.13924681476760900067 0.16941815763848599996
879 375 0.13969494897629700092 0.13924754747911100017 0.16941926498963499892
890 386 0.1396961934576889941 0.13922104062979198669 0.16941610630760600698
890 386 0.13968750713419500475 0.13920960670249898916 0.16941870364882899436
892 388 0.13968887032025800732 0.13920790651943498739 0.16942699125337701282
903 399 0.13970002491579500137 0.13919873484424699628 0.16943442186444299113
896 392 0.1396966098808929968 0.13920660123485201209 0.1694342091970809927
899 395 0.13969902456445598693 0.13920348311524799456 0.16943097482563901357
898 394 0.13970367904087399591 0.13921109617526700175 0.16943064430195001191
908 404 0.13969793620660100886 0.13919854056826799771 0.16942461946552400676
897 393 0.13968829768212198683 0.13920375347787700138 0.16944697022159499467
903 399 0.13970173909671299017 0.13921009186828700588 0.16945526383123499237
890 386 0.13971001107244199191 0.13923281201803000551 0.16944629636266400619
883 379 0.1397153448032250056 0.13924305509327100649 0.16944468282962799055
893 389 0.13973847207827699846 0.13924624390731699108 0.1694325812156750044
897 393 0.13973939490260101071 0.13924867747057700917 0.16943717512240899503
900 396 0.13974844546396900102 0.139250267536529998 0.16943565758308601343
901 397 0.13974469065447100991 0.13925497626331201362 0.16944101572456299332
901 397 0.13974930434985799454 0.13926054307883500849 0.16943209233585498907
888 384 0.13975025851236300145 0.13929367302576500798 0.16943903169695900823
877 373 0.13974161431764201002 0.1392995484052109989 0.16942794159358401385
880 376 0.13973876728939299552 0.13929263143176801032 0.16942384234822099875
889 385 0.13974859984929299817 0.13928819341469200754 0.16940854034028698938
880 376 0.13975061753730100289 0.13930220760110201272 0.16941980867203199068
888 384 0.13974812695935900919 0.13929399791907801087 0.16941298483968800226
890 386 0.13974479600525999134 0.13929247657560700491 0.16940610947418999199
884 380 0.13974761706889599067 0.13930472996712900402 0.169418116115402001
882 378 0.13974348503754299711 0.13930256478061900371 0.16941299961862699153
868 364 0.13971588214938199246 0.13929705235117900708 0.16939101504438100476
874 370 0.13971273756939900368 0.13928243542103199704 0.16939487728907501318
874 370 0.13970422354317499347 0.1392728903284830011 0.16938576818080200437
873 369 0.13968942871094899849 0.13926289345739001346 0.1693682922758910081
887 383 0.13970447996147400405 0.13926086208998200711 0.1693707167055580054
890 386 0.1396991665465510124 0.13925415184615200226 0.16935779306785900267
888 384 0.13970514353006699415 0.13925581476027099059 0.16936313110920001024
897 393 0.1397181947421869963 0.1392561374296260035 0.16936935999235899764
896 392 0.13972512635854800189 0.13926137555473200313 0.16936480179897600573
905 401 0.13973670688070899404 0.13926000630731100172 0.16935126745438000562
906 402 0.13974433468889299603 0.13927457908934501307 0.16936238331828701309
900 396 0.13974091257936199773 0.13927353312879500735 0.16937219785286100615
895 391 0.13974243557841500851 0.13927763635364098782 0.16938372086970299168
900 396 0.13974134000224600061 0.13927002248721800926 0.16937735960037800242
901 397 0.13973241260226199056 0.13926510738413100388 0.16937462329424698981
901 397 0.13973486391129300022 0.13926052412786898982 0.16936534347501400188
891 387 0.1397154458920439879 0.13925734483651999729 0.16934210207995400999
885 381 0.13970926734035399308 0.13926678063834799226 0.16934141789580101078
879 375 0.13969789831793100188 0.13925942803461299757 0.16933140664072798831
881 377 0.13969206172524001319 0.13924935168434499078 0.16931784845280400953
880 376 0.13967773432430899416 0.13924340993263500943 0.16931280816415400503
881 377 0.13966746824502498936 0.13922510020232001238 0.16929744100786400796
888 384 0.13966716907869300424 0.13921941317244299063 0.16929901585254500396
893 389 0.13966698539554600611 0.1392213841177319944 0.16929734422857101173
890 386 0.1396580917425639945 0.13922431234102800035 0.16929805680619799957
901 397 0.13967717769292400942 0.13922684644129498799 0.16930166912639199595
889 385 0.13966793248703698871 0.1392307507042229997 0.16930170541287400954
882 378 0.13965585616185099971 0.13923064621773201255 0.16929416195583199545
874 370 0.13963684912277199435 0.13922386233140499057 0.16928342370993398891
875 371 0.13963580725479798894 0.1392181723220849987 0.16925700637475399324
874 370 0.1396208493424959951 0.13921035594235500743 0.16925017776831899341
879 375 0.13961546964331900123 0.13920206812711699573 0.16925180719464000267
880 376 0.1396179871517949922 0.13919754569202599792 0.16924709851560598706
880 376 0.13962245411649701343 0.13919239904964300636 0.16924300109854600871
878 374 0.13961775851598198783 0.13919226793407699083 0.16924534367818799829
888 384 0.13962213793327299394 0.13919091904539798721 0.16925917991330499679
892 388 0.13962755268674201248 0.13917726191288398718 0.1692538044715120038
895 391 0.13963721402502399238 0.13918461269764201282 0.16923767146320001231
889 385 0.13963176556001599682 0.13918890472849798634 0.1692552723511840107
887 383 0.1396384393860919948 0.1391949036564290032 0.16925357710501298669
883 379 0.13963343321272700392 0.13919310574753698817 0.16926017136099599791
881 377 0.13962989953026699874 0.13919293088100900824 0.16924265644176700318
875 371 0.13961561819733700474 0.13918501510219899453 0.1692422569961540002
878 374 0.13960269417658899282 0.13917118212486501161 0.16922224243325900694
882 378 0.13959299154598500681 0.13916576335104799411 0.16921231780433299008
896 392 0.13960192105521798678 0.13914957512858899813 0.16922261728304799355
898 394 0.13961492350216700431 0.13915533603016300157 0.16922819742138101029
887 383 0.13960982585135300882 0.1391565844001370067 0.16922724106725800519
887 383 0.13960441190960498625 0.13915372857330898793 0.16924374832216099174
892 388 0.1396084181089370102 0.1391543864009910092 0.16924611421898599906
899 395 0.13960945123897100517 0.13915650956769901048 0.16923989892095400722
901 397 0.13960768052942598705 0.13914915707125699584 0.16923939759103800995
892 388 0.13958619986726500395 0.13914030228562099256 0.16924396140593800375
896 392 0.13957985961337798786 0.13912710761907801094 0.16924615372827100934
900 396 0.13958730061721699722 0.1391307895374160053 0.16925437198515200232
889 385 0.13957086700314400018 0.13912586931343701169 0.16924743424168300909
882 378 0.13954920013611199492 0.13911600558417400175 0.16923965334938098626
887 383 0.13954529119376399282 0.13910898401200100238 0.16924446828742101268
898 394 0.13955167102410198643 0.13908979523932998856 0.16924873088679701083
906 402 0.13954461304958198919 0.13907477994151198897 0.16923020817593700804
899 395 0.1395305921011290029 0.13907847369745099386 0.16923504707505598876
899 395 0.13952886226305299955 0.13907646205348700441 0.1692350974239689998
906 402 0.13953118577125001032 0.13906593611367099039 0.16923440489698199363
903 399 0.13952005897785998978 0.13905748309894799819 0.16922673123964399045
891 387 0.1395188457433929885 0.13905909355553400242 0.16922804799285601218
885 381 0.1395170051818289958 0.13905911094995898614 0.16922864783044200276
890 386 0.13952058692863900102 0.1390567869329190076 0.16922331500920501091
882 378 0.13952188813644500476 0.1390616864893219895 0.16921337032082800489
890 386 0.13951565408275198865 0.13904730041391599737 0.16919991145598101134
888 384 0.13951872180909499765 0.1390553532457640129 0.16918867334946099956
901 397 0.13951559193697499195 0.13903540169623698763 0.16918126280462900124
908 404 0.13952539859079199358 0.1390338412100290133 0.16918256930882599742
918 414 0.13953786127728398658 0.13903153320308800356 0.16919891366673800448
905 401 0.13952462342843799381 0.13904393488157298919 0.16918646265480299928
899 395 0.13951589826433799524 0.13904011920108999556 0.16917096175029699978
913 409 0.13952357557216099604 0.13902418888773698802 0.16917175110484400369
915 411 0.13952135084656699937 0.13901973629896099971 0.16917796857764000329
904 400 0.13951611818635201168 0.13903464250640298894 0.16917107494693700565
901 397 0.13951616426730700793 0.13902915496512899263 0.1691674764325120095
896 392 0.13951132820875300489 0.13903082248204701177 0.16916406106758399841
894 390 0.1395130567348180084 0.13903940203434200784 0.16914735328964700112
887 383 0.1395163834826909921 0.13905095751164700535 0.1691443879024389918
889 385 0.13952091689751899839 0.13905653943492599089 0.16913044354688999693
902 398 0.1395298532612639919 0.13905577813650998875 0.1691275674902759929
888 384 0.13951547210773398988 0.13906461114957499592 0.16911788771728900049
900 396 0.13953309140112898912 0.13906113683622101096 0.16911864628564998725
900 396 0.13954469861758300731 0.13907061532426701067 0.16911758540469198908
892 388 0.13953503944959499972 0.1390717486306239925 0.16912409334184100307
900 396 0.13954177166872600013 0.1390720486879699902 0.16911538625860000895
895 391 0.13952772657760700858 0.13907565418079700925 0.16911114460844001162
895 391 0.13951901984889200636 0.13905966420860899069 0.16910678948464499816
891 387 0.13951024173685100394 0.13904866460575998621 0.16910616044332699159
893 389 0.1394930804747450126 0.13903089389526199215 0.1691019524662019935
883 379 0.1394744971651910026 0.13902200047462198729 0.16910591129078100803
886 382 0.13948228491665801143 0.13901938860927298691 0.16910155319588199285
900 396 0.13948680814262900962 0.13900978189115600903 0.16908974870881998687
904 400 0.13948740870684800397 0.13900087174034300719 0.1690891161363199946
901 397 0.13948843792331200309 0.13900828791510300153 0.16909470605601800708
910 406 0.1394889620601829916 0.13899794931156100875 0.16909385045752700627
909 405 0.13949769635891601238 0.13900531550245601164 0.16908060269576100088
911 407 0.13949697639701899576 0.13900239573046599406 0.16907571431534598738
911 407 0.13949954647936799179 0.13900517278133800447 0.16906942114726500326
916 412 0.1395126382015069999 0.13901433437979199281 0.16905731474996799069
914 410 0.13952421020400598839 0.13902783420673700543 0.16905617083192300831
911 407 0.13952297762469600961 0.13902508846014199895 0.16905869790815999942
914 410 0.13951367023595501182 0.13901560903843698802 0.16905571412276099164
902 398 0.13950062446830599483 0.13902479586213600804 0.16904101022954901024
900 396 0.13948878681055398854 0.13901855176517899371 0.16902272438225199314
913 409 0.13949393807621499053 0.13900021933736900204 0.16901827390740500889
918 414 0.13949962595499298956 0.13900151316061398754 0.16901368679807898809
923 419 0.139493510541407989 0.13899284397858299722 0.16900773548896899645
923 419 0.13950027180735599663 0.13899012227642498774 0.16900513167751299304
929 425 0.13949265758339798871 0.13897067971610499448 0.16900292727260199377
931 427 0.13949536969545400789 0.13896728406297900738 0.16900343426054900697
918 414 0.13948333741625801308 0.1389751681476399936 0.16899616594021599214
924 420 0.1394735840593639975 0.13895981032611501305 0.16899375852245099305
924 420 0.13946306793254301115 0.13894441527790898916 0.16898641934401401055
921 417 0.13945871230448300682 0.13893855118504300217 0.16898724694817499059
913 409 0.13944190843229400945 0.13892873866740299005 0.16897363445668400761
906 402 0.13943522127058000093 0.13892601021438300002 0.16896938739206099345
912 408 0.13942753903194998744 0.13890216059717899744 0.16895820501889599607
912 408 0.1394136883093569923 0.1388947188374090036 0.16894719444660000196
919 415 0.13941301001064398957 0.13887879428571101026 0.168935423249143013
919 415 0.13939936730342100679 0.13886742356671299969 0.16895195850294600359
925 421 0.13939719685468199284 0.13885693253049999352 0.16896334286874700736
907 403 0.13938678778826399385 0.13886886211419099957 0.16895705369614699709
907 403 0.1393851232914130045 0.13886717526008698909 0.16894523035497999164
905 401 0.13937384935079599746 0.13886031545052798797 0.16893356744221998955
900 396 0.13936431122719999953 0.13886037341606399798 0.16893885646421000213
901 397 0.13935290681868200968 0.13885164626992799186 0.16893107921654801351
888 384 0.13933175229156799513 0.1388447576161890018 0.16892908278477800077
891 387 0.13932747192022801319 0.13883275295705599373 0.16891700601429998629
884 380 0.13932101220367099081 0.13882633548523398703 0.16890770750762901242
881 377 0.13931869218577500047 0.13882503822795699833 0.16889337693817599306
876 372 0.13930377668285801041 0.13881830881725901183 0.16889482553107598717
889 385 0.13931563328846099936 0.13880971429769001224 0.16887574207582500829
894 390 0.13932224801663700697 0.13880878875436999942 0.16887784645065301303
900 396 0.13933815932304000063 0.13881438340626101047 0.16887156785783699608
891 387 0.13933114754075501263 0.13881801639770699475 0.16886370742510101173
893 389 0.13933069614526100155 0.13881267005706099393 0.16884694671910499553
893 389 0.13932186732163900911 0.13880404934605700129 0.16884114716781600807
895 391 0.13932831886493499129 0.13881518894385200258 0.16883478808242000091
909 405 0.13933526120326700237 0.13880989201067600591 0.16882569963387300538
914 410 0.13933808072506601028 0.13880951172239300306 0.16882790362458099942
899 395 0.13932051059798800097 0.13880577470759999925 0.16882186613299499101
892 388 0.13930576783166601085 0.13879790182536799747 0.16882002083375799439
886 382 0.13929028926947401024 0.13879562288493299538 0.16880336811645399453
895 391 0.13929339056219899873 0.13878943634087800851 0.16878897045222598927
893 389 0.13928532946719798802 0.13878620897002200141 0.16877695066400499879
906 402 0.13929477116267599546 0.13877486348236800495 0.16877761919181499817
905 401 0.13929066028956998968 0.13877305101161799272 0.16877187108246299863
890 386 0.13927918614506701322 0.13878352440371199972 0.1687676985026780041
886 382 0.1392742404754629959 0.13878302182289101174 0.16876570196703999382
884 380 0.13927276163516300045 0.1387877315178739912 0.16874666101148899644
885 381 0.1392628734935429935 0.13878138561284700248 0.16872950041117901199
886 382 0.13926812035389399269 0.1387736479327690009 0.16872416580810600806
897 393 0.13927371256049400627 0.13876061798050501328 0.16873253663728399188
888 384 0.13927369975836700888 0.13876980838372898752 0.16872477242751499071
877 373 0.1392865099017699948 0.1388009589201590066 0.16871319944442600414
880 376 0.13928309621272799701 0.13879398979622400989 0.16869975420686100787
882 378 0.13928603922667401327 0.13879795816459400415 0.16870166489490298622
885 381 0.13928844614115198919 0.13879366255883998638 0.16869422981853698928
883 379 0.13928296036535500746 0.13878666465174399614 0.16868099450786699922
898 394 0.1392830658336789984 0.13876870204684899068 0.16868489694380200961
894 390 0.13927974190972500224 0.1387777234801280124 0.16868882569684601203
898 394 0.13929130219753199649 0.13877871613923500882 0.16868325553482899082
887 383 0.13930149901031999016 0.13879841163738398935 0.16869166878280900113
879 375 0.13928350983924200901 0.13879515962417998676 0.16869016684333298928
876 372 0.13928802190679301365 0.1388069934306699893 0.1686847690557710111
883 379 0.13929927078168100052 0.13881341570284200237 0.16868341763911401388
886 382 0.139297751127123004 0.13881061121345700249 0.16867679710832100826
876 372 0.13928820971976799137 0.13881023957395199897 0.16867515730666399199
883 379 0.13929406362846599721 0.13880519245123801308 0.16867017401847900215
881 377 0.13929584407376199851 0.13880096078393100445 0.16865129449824500796
899 395 0.13931397905372999713 0.13879381011565400383 0.16864781542548801241
895 391 0.13931098630282601203 0.13879389480738799079 0.16866480299682601318
901 397 0.1393140429431150018 0.13879374967666099905 0.16868792979437000068
901 397 0.13932437055038598972 0.13880248959148699939 0.16868599731496200511
905 401 0.13932652047383700666 0.1388046738535100022 0.16868434863334599849
893 389 0.13932436092530500749 0.13882523801817200915 0.16869836678415001119
891 387 0.13932538640146599485 0.13883462727762099775 0.16870695942312799454
888 384 0.1393194789209550033 0.1388342016112099897 0.16871609928229400199
879 375 0.13931567506619499386 0.13884420863275401259 0.16871692844438399006
875 371 0.13931688725124599659 0.138852729463550012 0.1687122125980420051
869 365 0.13930567577372299226 0.13884643813556499237 0.16870874329911100808
880 376 0.13930371461540100309 0.13883031296156500556 0.16870591645450000451
883 379 0.13929487715305000073 0.13882153034652100487 0.16870201544184698639
877 373 0.13928570280766500167 0.13881883279375001328 0.16869837918886299022
876 372 0.13927930069593200124 0.1388137691526299955 0.16869352488349600994
876 372 0.13927835117736900306 0.13880920123213599804 0.16869040814852900856
877 373 0.13929136069958800159 0.13881699752735698894 0.16869638443451701049
873 369 0.13927738834217198716 0.13880605403647100493 0.16868084381773598701
878 374 0.13927022657851501064 0.13879396000818799983 0.16867271572541001068
886 382 0.13927670823512000586 0.13878691218071700919 0.16867566576255499378
883 379 0.13926955273222399456 0.13879100592301099604 0.16866872528501100637
885 381 0.13926858724426099956 0.13879304816241500031 0.16869026443624299261
896 392 0.13927678282649100239 0.13879339497276399484 0.16869573442833599164
883 379 0.1392687048699569885 0.13880433946766099207 0.168698594131502011
886 382 0.13926691185035000586 0.13879836724736599463 0.16870149884961499476
883 379 0.13926240767281000688 0.13879973683893401248 0.1687022790743989975
881 377 0.13927682571832400438 0.13881444098983999891 0.16869986697878200377
