# step atoms n_gas iacc dacc tacc
504 0 0 0 0
673 169 0.81785713993622499718 0.28169013952258098454 0.84220907131714195515
744 240 0.77406679612167594851 0.32765957377093701819 0.81390793260146099275
791 287 0.7307189532931780418 0.37362637311315100019 0.76111479710609497573
817 313 0.69758064445808398713 0.39072164908173001585 0.73797840984397500286
854 350 0.66317485845030199609 0.3948247075168410114 0.72276454481735097346
867 363 0.64436860024275199876 0.39794520520688697607 0.69756097538290695592
861 357 0.61606615439098300069 0.40187463362514702636 0.68777777758672797859
875 371 0.5966084272370969499 0.40265035657357300947 0.67790811322631805425
869 365 0.58842443702874402955 0.41335740053548897244 0.67006728876273802253
891 387 0.57590759052148998709 0.41116544400522997416 0.65970324079271702722
889 385 0.56379375214008498052 0.40859030822004799299 0.65225129014909200009
903 399 0.55601516699206698924 0.40847913848974498618 0.64256569273011798771
901 397 0.54458901918610302939 0.40634627220999802732 0.6395577766712770007
909 405 0.53810082047535101601 0.40561224478299001683 0.63526912172304994542
913 409 0.53439298423283299044 0.40767195756410801177 0.63056399410506303038
919 415 0.52737973374427304929 0.41006477319131401371 0.62676405042996197192
927 423 0.52330610270944100115 0.41091079362891297366 0.62413913848206603596
945 441 0.52221214856704201157 0.41244188611635101971 0.61933634653077496157
937 433 0.5163020161912690309 0.41357636697809002646 0.61745948765107605549
940 436 0.51124620050430702456 0.41524074802721000488 0.61410499047573396947
959 455 0.50719631538913900748 0.41596958166996800266 0.60974451509072602473
973 469 0.50429223735081396551 0.416122004281750002 0.60860488330683404357
952 448 0.49991244957101899082 0.41672437665915401661 0.60566316332791902965
943 439 0.49579973109949598831 0.41692946051171297928 0.60076519998330202288
949 445 0.49370967733972398461 0.41742460500759098752 0.59834038134538103382
970 466 0.49195046432013200821 0.41627014575345000491 0.59562380033814799063
958 454 0.48946345830377202546 0.41607669610382297387 0.59376154922065504937
952 448 0.48838551428532900323 0.41760272992782598855 0.5911228269741289898
970 466 0.48774373252259800582 0.41841234834365897965 0.58960450421658805453
982 478 0.48511383531118001944 0.41628898954728199566 0.58766169150330604953
983 479 0.48247556996971002752 0.41434262942882099656 0.58588522898958494967
999 495 0.4791981845084219982 0.41288872231636197796 0.58358757234396396729
986 482 0.47756997916176902041 0.4128993369001929814 0.58151779226691402425
987 483 0.47634854766136902615 0.41349865476505998085 0.57863187584751796244
966 462 0.47385395064802399157 0.41448189758092401913 0.57622665216335000604
981 477 0.47249552767525798691 0.41384258743637897249 0.57448463629635604377
980 476 0.47056262917939201129 0.41416424492367198695 0.57316414683730199098
998 494 0.46925600587689098031 0.4128680707939990091 0.57018097640097997747
1002 498 0.46882741531081500996 0.41332788221450000865 0.56795370746784301641
1012 508 0.46571629349807097675 0.41268731264608499165 0.5655299814985510487
997 493 0.46375674345622802663 0.41260717065348700983 0.5635071320498750147
1004 500 0.46279648044540999674 0.41300209400218901301 0.5620781442835780517
1007 503 0.4607266273969620185 0.41251513172432102694 0.56087037206268597345
998 494 0.45960010951706398163 0.4125772446008200145 0.55904368731302300777
1003 499 0.4574487064712359774 0.4124198146460780201 0.55725427632024904234
1000 496 0.45661265024772501597 0.41350762523629597256 0.55560376619275397836
1004 500 0.45581712722144201999 0.41299343504024299545 0.5544655369875369777
1016 512 0.45484921890779000941 0.41156349070485898078 0.552759638957169952
1029 525 0.45274850931530302711 0.41060469679972100288 0.55074176717677103543
1019 515 0.45144504039296701192 0.41067564315054300161 0.54889741129159097532
1014 510 0.4498587570268470226 0.40996860279356600598 0.5477347546422739466
998 494 0.44937148141826399605 0.40994695976555101113 0.54741776819292098377
1010 506 0.44855500072260900968 0.40968497390574298844 0.54597852700900395551
1007 503 0.44634779381191297398 0.40944180519526102158 0.54457715488131597237
986 482 0.44531990950278499408 0.40914052831605102201 0.54333623691407795242
1009 505 0.44391254641012301008 0.40876539670518702296 0.54258202565825297548
999 495 0.44226319845458400559 0.4090493279565790008 0.54171632894406096526
1017 513 0.4417325541119470067 0.40851299057431500472 0.54052375528618401557
1010 506 0.44118045211579898224 0.40792509157226697347 0.53896500269469005406
1017 513 0.44066102482570401744 0.40672089609236400376 0.53795632603640797242
1007 503 0.44028824104551000929 0.40736373162949701676 0.53654294245228095761
1017 513 0.43950028975210897464 0.40643915000602498511 0.53631104358177494884
1007 503 0.43779707203005302496 0.40656341244086802167 0.53567229159005702588
1025 521 0.43725074772948302471 0.40561973147639002191 0.5354604377200280485
1008 504 0.43682465616178600687 0.40573217132651701045 0.53498056633552404371
1015 511 0.43653625201447998627 0.40541520606760500511 0.53391864384561404933
985 481 0.43608394941354100549 0.40638753417352302399 0.53324953610662495507
979 475 0.43637539689307397461 0.40691271233702902554 0.53227803323510602951
969 465 0.43571180351930299812 0.40759990757636899161 0.53172758438806100312
975 471 0.43582277033026001201 0.40714001475714101108 0.53173807134169004396
991 487 0.43542123921236902673 0.40657245399245300899 0.5313991920525610313
1012 508 0.43499028045348597793 0.40520055322792797314 0.53045657014113400951
1013 509 0.43422495064491201111 0.40483862157146899285 0.52934558922954200177
1009 505 0.43421835286680299237 0.4053107831301669961 0.52884329063834600859
1003 499 0.43380822792626799744 0.40525756768957699183 0.52844051402579694798
970 466 0.43361991663940002706 0.40585095245939700748 0.52745630452304204105
988 484 0.43354315141062599315 0.40560090935178300109 0.52663769095264201248
991 487 0.43369967130065201211 0.40550318469271301458 0.52620620516345295581
988 484 0.43339587239828597509 0.4053999698121880102 0.52612338155556903629
1002 498 0.43349679741625801732 0.40535173507395400039 0.52566899905886999012
1007 503 0.43290663764973502659 0.40472572182927002427 0.5245491478268790031
994 490 0.43318986596726999361 0.40455468521397597303 0.52385496181924395831
1019 515 0.43371340224013399389 0.40455132187194398075 0.52318472875381905052
1026 522 0.43351000332170597229 0.40454803326377902772 0.52244362246694997509
1031 527 0.43213309452200299177 0.40407724316621901339 0.52234933363551494523
1034 530 0.43161179153208201198 0.40397595929708801643 0.52190129844693300409
1038 534 0.43149265415044002481 0.40384879094922299103 0.52156185209579397632
1033 529 0.43090429401242197338 0.40439480940433197853 0.52092302784753796718
1024 520 0.43049307178196399848 0.40464159547445999188 0.52023238531558402276
1013 509 0.43023877403642901696 0.40448295678834200739 0.51984065162531201132
997 493 0.43000572458364499928 0.40505001964068598763 0.5195814977859120054
1009 505 0.42955999475869099946 0.40490293569091201364 0.51884777965488204643
1006 502 0.42957443140809897786 0.40483009188267399248 0.51844187198433999697
1003 499 0.42903418291582001709 0.40460985407466198982 0.51764655704438500283
1013 509 0.42919812711734101063 0.40499434363744901688 0.51712141018603496878
1021 517 0.42876803734970497795 0.40499398563171501442 0.51672823658471100927
1004 500 0.42876599255349701068 0.40558608808114199329 0.51632636189724001596
1009 505 0.42950055219742699908 0.40549312343683302506 0.51578602976206899822
996 492 0.42883751061145697347 0.40535441918578501985 0.51499321710269496677
1030 526 0.42880615555529200122 0.40461324317341001988 0.51446835797133505519
1011 507 0.42828202580225299689 0.40425699333500197952 0.5138271702802369445
1008 504 0.42813311303484602455 0.40437882268867597624 0.51330805946859503486
1009 505 0.42761927032945001859 0.40388993939706402392 0.51301744083309597233
1019 515 0.42738044693244098271 0.40374760992719899155 0.5126393407806429936
999 495 0.42695898376083002423 0.40343510004905097643 0.51194903777322697813
998 494 0.42694115861287001978 0.40342463185569199524 0.51132521015374798878
1026 522 0.42685581323925297914 0.40321022514664500713 0.51081586825391400719
1027 523 0.42670186264539899934 0.40316525578199602364 0.51057793928558403707
1011 507 0.42632316082757198972 0.40306122447510700502 0.51025207612790701717
1023 519 0.42587591239321598291 0.40265790327533601545 0.51020779834799001584
1026 522 0.42542654712169497566 0.40277180918196597847 0.50956471521494295374
1054 550 0.42529188452026001066 0.4021519122047459982 0.50927267198688597194
1052 548 0.42479948894794500314 0.40209814826437700885 0.50889818490306104604
1028 524 0.42414435961785001972 0.40209168553592200546 0.50889498293940704787
1028 524 0.42371522207573697472 0.40194248581494701478 0.50845153869395898205
1005 501 0.42312614574303497594 0.40205620286490600934 0.50783125247357396859
999 495 0.42286321853399400084 0.40207936938019600559 0.50731014174301003461
1025 521 0.42294357578440000545 0.40173877879762298626 0.50684164062700598485
1012 508 0.42270857218511098674 0.40185104746560701416 0.50640389113374295604
1046 542 0.42296506767765501555 0.40139864773958000566 0.50610051240121300964
1042 538 0.42244093182150499466 0.40151266029590598761 0.50590104777935396285
1030 526 0.42195715035416797578 0.4015455345657980013 0.50542701849775195644
1055 551 0.42173856378138502299 0.40101604968932802464 0.50506481661609903266
1039 535 0.42124482935557000518 0.40111670890475498163 0.50466127024857998506
1045 541 0.42098345940437897905 0.40095526188820401758 0.5046875751133079735
1027 523 0.42052685160280800503 0.40108050042963899751 0.50411659990297996714
1029 525 0.41994891361294400811 0.40116661961297200856 0.50353301156898000457
1038 534 0.41954454453142098203 0.40094648026398899132 0.50334047845503504526
1042 538 0.41931578292501797689 0.40056212742377100833 0.50287994285909398684
1031 527 0.41915890730655597229 0.40025728198718901751 0.50231834495583105316
1039 535 0.41882093797476599439 0.40011557879432702034 0.50185680445477398592
1023 519 0.4184513502713190225 0.400048285840171991 0.50138751989534602327
1027 523 0.41821964898322699922 0.39972445188691402285 0.50096313016552396213
1015 511 0.41794081564232199444 0.40012488105375498826 0.50056014458451403293
1027 523 0.41763919820586098419 0.39974611795478098841 0.50009636624364195434
1018 514 0.41723650081297902759 0.3999061941078210225 0.4996100589988139995
996 492 0.41692771612211498855 0.4000407343710890018 0.4993720244107339723
1019 515 0.41679016649473199507 0.39945691422135198856 0.49897056690591601313
1033 529 0.41670992673424700481 0.39935735596742699682 0.4984597667986400138
1038 534 0.41679546624257801657 0.39948739853625298002 0.49819148783367100952
1043 539 0.41653874579519800658 0.39899361111553699466 0.49802691346102101466
1038 534 0.41577060930726200683 0.39865225325288100588 0.49766039011588597551
1030 526 0.41565032101338400539 0.398445119391465985 0.49738263862921100467
1028 524 0.41582669709818398385 0.39862790117572699522 0.49705992742959698161
1039 535 0.41590594742971198627 0.39802360690645000041 0.49687931509946298148
1047 543 0.41572632676013199227 0.39797726466215999075 0.49669382938929601545
1056 552 0.4154156335881150075 0.39783956465338699005 0.49644220282856499349
1050 546 0.41502949611909301098 0.39796055639685901095 0.49625739383997802268
1056 552 0.41483671548407902163 0.39775491112126798443 0.4958859908510909742
1048 544 0.41465042994139200694 0.39773300415710399758 0.49565321901505499103
1039 535 0.41422205717430798932 0.39764817547991898605 0.49539604616564397732
1052 548 0.41410202359785802662 0.39733850263537101588 0.49522893217050301118
1034 530 0.41382198951796300701 0.397491934634262023 0.49498454768614802424
1043 539 0.41331080201707198762 0.39716073643987498398 0.49485448134349602212
1036 532 0.41318556407003098618 0.39724584434916998532 0.49468772618531298146
1027 523 0.41292127620285601353 0.3973144767978630254 0.49445214978560597663
1045 541 0.41282953443442899077 0.39682056741977100867 0.49418537855043997986
1046 542 0.41272897716150097613 0.39681499772219902544 0.49393113069320898623
1036 532 0.41234648680258800812 0.39689056905097497285 0.49370280253030501827
1039 535 0.41217365208532097398 0.39679024632005999162 0.49328505925066701288
1049 545 0.41195905995896198171 0.39672488001789102396 0.49327689242413802484
1033 529 0.41195209284079598033 0.39710401454391702769 0.49298510416572199899
1035 531 0.41165496586941802137 0.39700273810881597791 0.492748100979710002
1028 524 0.41126554497899897589 0.39712279166005398645 0.49252801231084797351
1045 541 0.41125027252570900416 0.3968943949287139783 0.49240693944391600301
1052 548 0.41107071484335200307 0.39677775642535600964 0.49213344763288502381
1049 545 0.41064374804504000238 0.39649533267131797931 0.49192483981075701971
1059 555 0.41046569734644200445 0.39609927394305299853 0.49178704774496601049
1052 548 0.41012059587585397713 0.3959173089975739912 0.49142809685370897332
1071 567 0.40985571273182602736 0.39562036949274098641 0.49084840907976001745
1076 572 0.40985444944490201369 0.39565896532311400913 0.49059833067041902499
1073 569 0.40971383442326197999 0.39556008712064799626 0.49030235214012302114
1086 582 0.40952007201437001793 0.39560996978636397969 0.49016336461024001547
1057 553 0.4091744383606110147 0.39556309299180497652 0.49000368527167398325
1066 562 0.40913865545284200387 0.39534830743096799344 0.48972626273634500826
1045 541 0.40867196366836200383 0.39542098826044197457 0.48950929469097997915
1045 541 0.40878401263613500793 0.39532685034226300314 0.48940435604433701888
1066 562 0.40886644219059797845 0.39527541423208101268 0.4893906971450679988
1048 544 0.40848782666052102508 0.39503094526926801899 0.48919518093325398134
1056 552 0.40843600842694099962 0.39530402037002299043 0.48895445940887499736
1062 558 0.40812003529549600866 0.3953365363336859839 0.48894868557472398463
1067 563 0.4079917493108050075 0.39516076006760997297 0.48876113698650097694
1071 567 0.40791828538111801761 0.3951982205853900032 0.48873242520598397798
1058 554 0.40766943726192700348 0.39535488906825899669 0.4884868420999419758
1051 547 0.40724753414613201752 0.39529665587065199173 0.48820910557656499451
1042 538 0.40673347208534399444 0.39543522135965497588 0.48807946305885302474
1048 544 0.40676229507328498514 0.39536125407608702087 0.48800480021763897875
1041 537 0.40670191755522899779 0.39529007049190301171 0.4881631260806870154
1042 538 0.40674921814709802392 0.39519705993335901839 0.48812678892729599589
1034 530 0.40660865177604099685 0.39516078216388700328 0.48818224963889500501
1029 525 0.40627352571295999306 0.39493972378674702117 0.48809761112405902761
1024 520 0.40602895896633900419 0.39488234804201199912 0.48795708798956499708
1030 526 0.40576501261420799826 0.39474174129874600725 0.487724616162110991
1038 534 0.4058370723993359741 0.39478124870570902027 0.48754389588424401625
1026 522 0.40581283410675700329 0.39492701700421900535 0.48739340387868701487
1021 517 0.40581511439911499561 0.39513615902407200897 0.4871401700964270165
1019 515 0.40577624644495802197 0.39517027612092198163 0.48709549435409199569
1014 510 0.40578979220484601154 0.394991336575835017 0.48688205999750100439
1029 525 0.40569387877122797814 0.39489143291707801131 0.48692586623200101448
1030 526 0.40567412701088800819 0.39481768131343597528 0.48677603952168502222
1043 539 0.40557662899120999755 0.39481731532178698796 0.48664333362762202118
1039 535 0.40559399089927700155 0.39467551446864401754 0.48650472334200101088
1046 542 0.40533737142509501661 0.39436813455964198072 0.48641148702883202359
1029 525 0.40530013895435201832 0.39468486613616998726 0.48618453374780201681
1024 520 0.40528222507098898841 0.39470817119854700872 0.48624068532059799841
1008 504 0.40512094897648598391 0.3949003891426129953 0.48621505103801998526
1028 524 0.40509477986761499579 0.39476930192354797722 0.48597189536316198755
1025 521 0.40504021035287202102 0.39462382083759101059 0.48598941614869500816
1040 536 0.40475735939053997248 0.3944269491288400209 0.48582366655646197495
1057 553 0.40479492390803800683 0.39422949075171898059 0.48563706858217997597
1053 549 0.40483709319810101679 0.39429910781048099766 0.48551034567510198414
1043 539 0.40472740274376201031 0.39452441433070800647 0.48548023987887101161
1050 546 0.40474674058885201644 0.39443768142345797534 0.48545956072259299763
1077 573 0.40484093535962301091 0.39419992539361797812 0.48540569907932801241
1079 575 0.4046951841810390027 0.39409013289044997341 0.48509404227487101791
1091 587 0.40470210171749199102 0.39400657723840698532 0.48469293033858701358
1090 586 0.40453484739164402573 0.39410769456388700105 0.48445947818888501768
1073 569 0.40419693004986900764 0.39389502963923000989 0.48431879444249298361
1071 567 0.40379433398143299572 0.39375774359751902765 0.48420213934643402398
1052 548 0.40345852667482101639 0.39366080979902301484 0.48398566778366802765
1074 570 0.40328891612897299623 0.3935361559918110208 0.48385925414426900204
1055 551 0.40317021505038602713 0.39358281083675700218 0.48382460611868399747
1047 543 0.40291253461265197355 0.39340686843424899077 0.4837170786109230014
1038 534 0.40292212413861500098 0.39334199241333500652 0.483822409385925023
1060 556 0.40312837681523600031 0.39329306098614197351 0.48364852809559599756
1069 565 0.40310405643028002221 0.39313932979906301979 0.48351687388558201031
1051 547 0.4028768133688769848 0.39324915262476500821 0.483411568139572978
1017 513 0.40244798040911999859 0.3934985223845720026 0.48330883711499200706
1007 503 0.40248001531892801941 0.3935142474125999934 0.48308099393261200172
1009 505 0.40264220946266998657 0.39360706860024902154 0.48297135277630198757
1011 507 0.40271711922521197247 0.39362527811115000098 0.48297883431964899748
1017 513 0.40272550737394602338 0.3935309972978259796 0.48270192623455199232
1012 508 0.40272786390795201061 0.39341489251967598495 0.48264391588691302193
1020 516 0.40273305047960000769 0.3932842294998339927 0.48244996738455198093
1009 505 0.40268775239415799394 0.39344456677575301295 0.4822141142049349849
1029 525 0.40272403128913697445 0.39324762096927101673 0.48214027476090198787
1043 539 0.40264131897034599605 0.39303114814030098989 0.48196343549973802434
1042 538 0.40258369356920697957 0.39312791845230699028 0.48205686140152897989
1028 524 0.40218896507328999457 0.39310540265060101017 0.48173404773097600051
1037 533 0.40220985294671102173 0.39297511743450702637 0.48182684909107598159
1032 528 0.4021381170602190136 0.39306855384779498808 0.48177692659576398793
1034 530 0.4022882389725629948 0.39301295664554397602 0.48167096458170599593
1044 540 0.40227619844636697266 0.39281439088938202575 0.48160593101000898075
1041 537 0.40223472825962397481 0.39275565861461397832 0.48160144688850997641
1043 539 0.4022381859876810184 0.39269688495166998887 0.48139685347222099798
1044 540 0.40204713935143598924 0.39270153387011902391 0.48129903599522599889
1020 516 0.40188093852365902592 0.39267978070956699455 0.48125852992395201646
1016 512 0.40188661021213301083 0.39267763949590200889 0.48125045508214797652
1018 514 0.40208136233981600638 0.39276233728223397534 0.48109231847351702216
1036 532 0.40214961031681800696 0.39272512904861500704 0.48102230781189997399
1026 522 0.40210646895341400908 0.39275173748226399617 0.48085099580831097699
1046 542 0.40210399568424098904 0.3927329074632729955 0.48065075852464500539
1034 530 0.40211506589216100549 0.39288132923233498595 0.48051525960776397817
1038 534 0.40209103057303502426 0.39294176721965701216 0.48026336564499100268
1009 505 0.40189536340222598021 0.39303684719828402283 0.4801676548725279936
1021 517 0.40177234148149998383 0.3929155313290320084 0.48003195513373397851
1040 536 0.40189007708900298388 0.39275908603793002749 0.47985522281738401951
1039 535 0.40170265458707998807 0.39278925651156998411 0.47976469856488102028
1045 541 0.40150487232636100643 0.39260034795928200335 0.47973992801207698822
1051 547 0.40127789637978600323 0.39238215035677198594 0.47955344476284800237
1057 553 0.40113798007921297462 0.39238552301167101133 0.4795111872337259884
1064 560 0.40116677582365600774 0.39252322216548601874 0.47954147184720202768
1064 560 0.4010501236717750051 0.39249840681588199498 0.47937071731457797652
1042 538 0.40079527070348497375 0.39244159689938601376 0.47930225316879998543
1038 534 0.40078641697574801661 0.39242811981947300914 0.47923112418600699591
1054 550 0.40069911185188600289 0.39228888921625798547 0.47914609417629000498
1059 555 0.40065759975488501876 0.39225735117749999104 0.47895796097626197607
1046 542 0.4005958143978459729 0.39221289515401197567 0.47879590355499601628
1060 556 0.40064687466950599237 0.39229297378495198156 0.47871515873842102051
1054 550 0.40054995416456401491 0.39221596701401900686 0.47851590053178599815
1048 544 0.40053319978199902751 0.39226625058301500815 0.47852365874235397447
1053 549 0.4004342977815539828 0.39209735356070501977 0.47839485693290001445
1049 545 0.40026899011168498577 0.39210672432870502524 0.47836337196140998884
1047 543 0.40024467325342300006 0.39215943167682498771 0.47832673462615499238
1050 546 0.40008995023140297986 0.39202633715639800815 0.47825643044844901031
1058 554 0.39998554912716799414 0.39199676285977702594 0.47814364512054102763
1065 561 0.39981579287636798137 0.3919849086977709729 0.47804358689873899246
1069 565 0.39978491539432498003 0.39195316535051399898 0.47786646267191701387
1071 567 0.3997799717049370094 0.39203741043671197497 0.47781165067745801078
1061 557 0.39953008187398297846 0.3919612314653370122 0.47782831357319899279
1068 564 0.39940706696172301182 0.39191262107786400959 0.47777611226166299963
1069 565 0.39928210055680601887 0.39191790516076602247 0.47776481633938999716
1063 559 0.39920853987720800182 0.39188255369005497997 0.47772587767145802129
1045 541 0.39914391971932999814 0.3919860627122629948 0.47770345202355202208
1042 538 0.39919416891115999668 0.39194164834462297264 0.47751456802298797299
1048 544 0.39920810851702698274 0.39196260377601399583 0.47739257264334800102
1054 550 0.39910544373047901479 0.39188475122518701133 0.4773402285161790215
1043 539 0.39900884563187499765 0.39204135942240897483 0.47741499724622799006
1036 532 0.39888531736174898112 0.39197326261750098375 0.47741577321760197972
1011 507 0.39867726322188601351 0.3920888558515749911 0.47739169518737800679
1025 521 0.3986518885835430015 0.39204038796054402338 0.47734915515534198649
1062 558 0.3986736350804599982 0.39181854226231799254 0.47722152002749601563
1067 563 0.39861566285817201516 0.39171605694677097409 0.47722293725883002669
1065 561 0.39862291437402802563 0.3916720973119410254 0.4772421792346249747
1063 559 0.39851959909773199131 0.39168854366299898917 0.47718742350152898446
1046 542 0.39840058160132502119 0.39174173363730901976 0.47713242120205001662
1044 540 0.39854255575598501737 0.39182143144580600103 0.47705845804421498357
1036 532 0.39857408472025301904 0.39181952068025399649 0.47690018915741499983
1046 542 0.3985656010824840112 0.39164309727851498444 0.47673622760198097748
1029 525 0.39843708467919797256 0.39154304247897697699 0.47659301267671200231
1047 543 0.39827332794324399323 0.39130089163354997428 0.47647333333015701173
1048 544 0.39833416932339399397 0.39137038406160701287 0.4763961043243269966
1043 539 0.39811392720866300987 0.39144689198815701969 0.47630777380164002199
1038 534 0.39804425335048698731 0.39150633874391099765 0.4762266193191639907
1047 543 0.39781603489644701277 0.39141357967638801263 0.47616416368693298411
1041 537 0.39763318231008698556 0.39131455398550701874 0.47598814488108198706
1060 556 0.39759723915517297677 0.39120090486639902405 0.47589948040602697565
1051 547 0.39756122791530801308 0.39135336883750798664 0.47576920320465498904
1027 523 0.39747573065353197785 0.39138912922257601545 0.4757396295976800138
1059 555 0.39738731679236799499 0.39124331980695098432 0.47567543075798601748
1081 577 0.39758527091573298007 0.39122453432789600081 0.47573178835412499588
1077 573 0.39748777716280297989 0.39122699228949098238 0.47562316361717399404
1068 564 0.39741175272443701738 0.39122558587021799559 0.47554589910415800968
1080 576 0.39740190543344999785 0.39109697932729897696 0.47536857704681401149
1064 560 0.39720518494597301107 0.39110260278165898118 0.47530054505326202463
1063 559 0.39719414122069701678 0.391129083207290007 0.47529057772454097464
1060 556 0.3971277437786990272 0.3910409792661629913 0.47518749406363597343
1056 552 0.39697372046500301046 0.39099481435416799657 0.47506670955965302205
1050 546 0.39692330743954101768 0.39103334334145600781 0.4750342728466270259
1056 552 0.39689791243452998692 0.39098044598136999506 0.47500783551385300507
1055 551 0.39661934074170202003 0.3907558320324630019 0.47497328942714400757
1039 535 0.39649817483887300762 0.39069513676573297545 0.47481297379157200167
1047 543 0.39644116703582998884 0.39070882883290797283 0.47490870245401001215
1034 530 0.39623778200779202763 0.39064849276095398034 0.47470019749215497384
1034 530 0.3961389961341409971 0.39062903205506799287 0.47467229504261598816
1045 541 0.39602956446892600972 0.39062289376137399044 0.47459733483976701551
1036 532 0.39585210804009202112 0.39059579510132802493 0.47446159885373501153
1046 542 0.39588570317806498489 0.39050356907459099487 0.47434870596864497916
1036 532 0.39589513833751999172 0.39054095075720302033 0.47437522857202002458
1036 532 0.39603207186712402477 0.39057014888765800853 0.47438265603445001206
1025 521 0.39596499463849899048 0.39065743109052197823 0.47437582924606097601
1017 513 0.39606063879111197412 0.39077085939285499672 0.47444113578558400057
1009 505 0.39605749781096499795 0.39077565116814400037 0.47450033421167797654
1022 518 0.39618633954947002351 0.39075127922635499722 0.47441039434846499212
1022 518 0.39624213143738801213 0.3907058234560469856 0.47435966502969401093
1033 529 0.39626492014432201927 0.39060476059857401898 0.47434788057173798981
1031 527 0.39634694553073002155 0.3906949742862980135 0.47427139983771299248
1034 530 0.39625623665212400537 0.39062684591840601822 0.47420405402719201238
1037 533 0.39622818980863200311 0.39070101659315198406 0.47413002714780100311
1047 543 0.39636090789255801203 0.39065894704242298818 0.47418211414440197826
1048 544 0.39621935679503100802 0.39052180429539401496 0.47423013824009802031
1054 550 0.39634871411788197282 0.3905104375800860228 0.4740986105383470095
1069 565 0.39633210914884997589 0.3903736468351720057 0.4740537633123599881
1058 554 0.39623800472397902039 0.39044180808870498911 0.47396980823877099542
1052 548 0.39613375854598698034 0.39042879462542201541 0.47378393615571101627
1053 549 0.39599580688182101085 0.39044969758079300926 0.47372721740619699871
1033 529 0.39587185995571100294 0.39048638199005297755 0.47367538952058801938
1023 519 0.39587605246124202285 0.39044505620107300414 0.47366085578173899862
1030 526 0.39572461202457798191 0.39036888761349297639 0.47354658513325198488
1059 555 0.39582336999389899912 0.39014347954572298205 0.47340401145860500076
1029 525 0.39571621636519199727 0.39020591010460098369 0.47332510457111398594
1022 518 0.39563725323190201966 0.39023892410003502285 0.47331358249502397673
1051 547 0.39574626696641101997 0.39013630450325098575 0.47334730576065497942
1035 531 0.39574861159167101787 0.39018449185359999065 0.47319501792394802475
1043 539 0.39563044088294702094 0.38999212863611798507 0.47307746617824197877
1033 529 0.39557029385290798373 0.3899584029376950145 0.47295972965095500751
1040 536 0.39557149400190400046 0.3897880711751119942 0.47291672517639099516
1045 541 0.39563047304534798565 0.38981161520020302103 0.47282279927143100462
1048 544 0.39562527077779102713 0.38974216492120800082 0.47278537230955497428
1041 537 0.39545112115134001263 0.38970482281177898365 0.47272433558301502066
1043 539 0.39535320502468801473 0.38963939065212999102 0.47262092563116497868
1031 527 0.39533422960356001674 0.38971577252552602744 0.47251761265190900252
1015 511 0.39519062743413801986 0.38972876100414799438 0.4724287244945130082
1029 525 0.39528204678057499155 0.38964243028553302572 0.47232823901708798076
1017 513 0.39516605084943701165 0.38961351336150901181 0.47230812327747700996
1009 505 0.39516375212163501462 0.38964536068562499738 0.47222389604724102075
1027 523 0.39519916506788999033 0.38957268674144202025 0.47215454038617499233
1037 533 0.39516933350250199597 0.38950096510020298934 0.47222373568159098367
1022 518 0.39507854648032697531 0.38957921032573500364 0.4722828980945659727
1030 526 0.39499956873819397352 0.38943349832961898782 0.47222267383944199759
1041 537 0.39502602038197298651 0.38939023996311300513 0.47226050533456398473
1051 547 0.39498852743341600346 0.38937825223550898146 0.47215260147754700704
1035 531 0.39495411862425500171 0.38940003423068497712 0.47204154257753200286
1037 533 0.39489684892800902549 0.38931924882213697625 0.47191932837728300942
1034 530 0.3949796226694299861 0.38935237405676698108 0.47180150655458297226
1045 541 0.39511951767932801394 0.38930690126830097553 0.47181420246177602218
1037 533 0.39513320701974902205 0.38943803576685998014 0.47180548095030200306
1031 527 0.39506824443018700999 0.38960394471074999423 0.47181769004512197352
1023 519 0.3950515898042210039 0.3896775416458890251 0.47177116501215599076
1022 518 0.39498472103671200539 0.38968842573702500154 0.47165004193297899171
1043 539 0.39501015557515101184 0.38971790249832599651 0.47172442096374900267
1057 553 0.39483876355404101677 0.38961486994658300897 0.4716745472363509939
1060 556 0.39475519743074699575 0.38956719389849198132 0.47163332181459000081
1077 573 0.39481935215536900774 0.38961065978354197936 0.47162255994491197875
1083 579 0.39464256129478697543 0.38946592925000300678 0.47144768837198697264
1049 545 0.39451958545174697912 0.38936707288914601532 0.47127344110849600511
1032 528 0.39443093284559899159 0.38949138900238899907 0.47121774849149600239
1029 525 0.39446900379978999673 0.38950011835380199399 0.47120635232001700787
1039 535 0.39447998687259600015 0.38950199673141600032 0.47127360799530398916
1033 529 0.39448171479593302502 0.38956185170754398239 0.47122921538654199969
1023 519 0.39443804004780097516 0.38957656718763800097 0.47126313037084799351
1007 503 0.3944679638484649975 0.38965840343440300009 0.47127588851715002116
998 494 0.39447817874947199712 0.3896123684491730188 0.47120984934019199963
987 483 0.39451399861842600947 0.38979134787456798383 0.47116661155944400408
977 473 0.39450922538655197602 0.38981646183305901365 0.47116038357871398157
985 481 0.39463763733096801634 0.38981291076579799304 0.47112649681419199732
982 478 0.39459318165427098579 0.38983459855824398321 0.47112248709866300089
998 494 0.39462099256531102398 0.38977661420170200968 0.47102011219083400606
991 487 0.39471762292637002645 0.38987273381768700053 0.47096139067655001798
1021 517 0.39493802271108302548 0.38981325294802998682 0.47090119380766298773
1019 515 0.39491866276014098158 0.38977212770017399812 0.4709024852177580156
1008 504 0.39492451330557298839 0.38989144576370399209 0.47089960275492598329
1033 529 0.39486823855364699964 0.38972788710793598854 0.4708321318819619905
1032 528 0.39486844965906797711 0.38969614296908400286 0.47078688459321399451
1016 512 0.39489252612507502738 0.38984805608032202517 0.47076340144503298069
1033 529 0.39489474719265299507 0.38969496059975300417 0.47077427089628098855
1036 532 0.3948667131030790256 0.38962032767203397254 0.47074286107857499228
1045 541 0.39488032890808200115 0.38950819671749897788 0.47065841802685398632
1046 542 0.3949493667139150066 0.38947399244136698959 0.47057498064879799138
1048 544 0.39489986752518002611 0.389468251877920002 0.47054540478764600442
1024 520 0.39472124808973402255 0.3896319608319530059 0.47050822005738202058
1025 521 0.39471439923638201863 0.38966148836200598105 0.4705072777384750049
1020 516 0.39471139901001001116 0.38971874969409797673 0.47047865760253798628
996 492 0.3947091682627790199 0.38975189716808200657 0.47046099050304202027
1019 515 0.39484041068488401338 0.38971981493753099501 0.47050842547211402245
1026 522 0.39480781227127198507 0.38982042249767401287 0.47052250308034798687
1014 510 0.39481521915711598192 0.38981914964538599833 0.47046529058814501312
1021 517 0.39484744855668502117 0.38983067034305401988 0.47043963049911802221
1024 520 0.3949038516476249816 0.38991529380006001437 0.47037641016096798374
1025 521 0.39495774352943702201 0.38997518987452400863 0.47034015552468699806
1007 503 0.39505435091538099179 0.39011301577300000476 0.47032869748755201655
1015 511 0.39499058486960797465 0.38997446325177398396 0.47022873939061299309
1029 525 0.39507571465961399682 0.38979917178038298031 0.47019638499765398221
1037 533 0.39514404919621398671 0.38984885274540398425 0.47016311617374101361
1020 516 0.39503411461388399095 0.3897854762203469825 0.47010783717166698681
1026 522 0.39508673229821800188 0.38978288154596402171 0.47010179313757100017
1028 524 0.39507143057251997709 0.38972787080975501706 0.47008282301930898184
1025 521 0.39504409911433102653 0.38974502400233301813 0.47003605037468998429
1009 505 0.39494976768936101985 0.38981222272495802406 0.47005764253930798491
1007 503 0.39492528164134299562 0.38986982379923501574 0.4699746448391530218
1022 518 0.39482071712781602324 0.38972160758066398678 0.46985217872252499349
1035 531 0.39485724320512000096 0.38972231972592502602 0.46983832432339800445
1020 516 0.39479872734454002359 0.38982082288388697489 0.46988230611300102479
1010 506 0.39476492777261201761 0.38983689755631500962 0.46991835377350599234
1005 501 0.39482913751267201263 0.3897927366068429933 0.46988601284327502494
1001 497 0.3947877066789279854 0.38982430453523198022 0.46992254831895402534
1027 523 0.39483641015906800753 0.38973253828026699352 0.46986045700915801682
1021 517 0.39477452008212299273 0.38967593815411699643 0.46969100840659500085
1025 521 0.39474522147768098534 0.38967567174135797625 0.46960546676859998838
1034 530 0.39475260463576100634 0.38967387360888700032 0.46957840654221599808
1018 514 0.39476210312431198046 0.38975797330568001664 0.46962721938990997783
1024 520 0.39484265023089898383 0.38975340289210197442 0.46960799872823100198
1014 510 0.39490744497286101033 0.38984500940759697629 0.46954137902743398048
1000 496 0.39497764141336000332 0.38996406109263298534 0.46952251564848102028
1020 516 0.39499833935894901327 0.3899884316310500143 0.46947578865633399214
1021 517 0.39501164248258102685 0.38999033746922301402 0.46937565148417798033
1023 519 0.39509173942610298358 0.38999330506235202476 0.46925794102406598318
1021 517 0.39516984900966600769 0.39001994941051199017 0.46926699673742500174
1028 524 0.3951665287419349748 0.39004230509092002732 0.46920808028313498728
1040 536 0.39514568277911299443 0.38998909158287298204 0.46918758153138601097
1040 536 0.39513500105950000174 0.38996548977621497967 0.46915620474065500289
1030 526 0.39509828183204498409 0.3900976634901889839 0.46907495234932400363
1044 540 0.39510788575312699722 0.38999894280235797295 0.46908021319207798827
1040 536 0.3950464123848930198 0.38999411004202100273 0.46903244598013599242
1046 542 0.39505934405159198741 0.38999657897395600958 0.4690669214861750147
1043 539 0.39498830721453398462 0.38998048259283901729 0.46900733839931002533
1048 544 0.3951034892630310158 0.39002471550623102337 0.4688739921676680078
1043 539 0.39506506645854400084 0.38994214818089201202 0.46890257774150401193
1043 539 0.39500208898757899201 0.3898287403252210237 0.46889759998398400365
1050 546 0.39500929351542501955 0.389816686472366003 0.46882172831558999171
1041 537 0.39490081548478700446 0.3898382851964309892 0.468832709681269999
1023 519 0.39475618508665000217 0.38982992286159900974 0.4688535396444359904
1032 528 0.3947411568730440079 0.38971729011903399886 0.46884235760228798462
1026 522 0.3947726489804099792 0.38974698566891602391 0.46877833524551298927
1050 546 0.39484130393350702626 0.3897381318147979945 0.46868443161298301014
1050 546 0.3948395173911620204 0.3896696727525870152 0.46860974980453701244
1047 543 0.39482962227323098459 0.38959951466347397808 0.46857049706159498159
1032 528 0.39479235163672199427 0.38965767148066998704 0.4685469441546949998
1043 539 0.39470454893737599855 0.38950718126412897657 0.46849986759066297726
1040 536 0.39473102368832801989 0.38950388807438701688 0.46846255487631199843
1044 540 0.39471339471004501798 0.38949981361288499304 0.46846915816897599649
1067 563 0.39470809872236800597 0.38944324177725098135 0.46834776925522397795
1054 550 0.3946212210791810171 0.38947723724408700452 0.46832189242669297613
1058 554 0.39459172315765600469 0.38939506214094998793 0.46826087691225698473
1047 543 0.39451586847175901251 0.38945563939774602291 0.4682937936947350055
1054 550 0.3945510264019599922 0.38944605631350398545 0.46823570006662101894
1045 541 0.39456506254958900737 0.38947042531323899928 0.46818391769696299232
1028 524 0.39452533683149898502 0.38950769847041299965 0.46820465334349398168
1041 537 0.3944647074992320146 0.38939771486345498008 0.46814719432565998769
1059 555 0.39450167814250902687 0.38936065805237002335 0.46817191919502298969
1048 544 0.39446430055361597633 0.38929872457335701341 0.4680719957012919874
1047 543 0.3943651458444040192 0.38926752515101398222 0.46802729002522902579
1036 532 0.39431536952254797601 0.38929014130741901312 0.46802502767528697536
1033 529 0.39431058834864701756 0.38928836480259498831 0.46800296280163700136
1043 539 0.39421706205332901485 0.38929764784957698875 0.46788388391502400143
1050 546 0.3942359083962159727 0.38934294937293600913 0.46784589769181300634
1049 545 0.39427511611933702129 0.38931053701077500406 0.46784130822632502555
1042 538 0.39413918213585602546 0.38924198178867397413 0.46777318098048098483
1048 544 0.39421088340517901338 0.38920088155751197956 0.46772363683831402748
1047 543 0.39416314475144698104 0.38911697621058100038 0.46760178850034100906
1034 530 0.39407411025840000107 0.38918835418433600504 0.46748183011889998806
1025 521 0.39405144040962097884 0.38915660695426801396 0.46740285166346801082
1030 526 0.39401999821269800828 0.38914529083763199635 0.46736803623101602634
1013 509 0.39399752324669601311 0.389222427819119976 0.46732389113449301909
1033 529 0.39400203484767698514 0.38929038085859801743 0.46733501634273799663
1017 513 0.39390886671399599761 0.38931328433466200201 0.46726742002887799998
1003 499 0.39391721230719700664 0.3893646075958759889 0.4672068398640280007
1026 522 0.39402112834028502064 0.3893151190072769996 0.46710978684203602329
1047 543 0.39404209632002501484 0.38922678019503198499 0.46705291835163498249
1054 550 0.39407945240217101546 0.3892083572903550226 0.46697312361667098202
# step atoms n_gas iacc dacc tacc
1054 550 0.39407945240217101546 0.3892083572903550226 0.46697312361667098202
1049 545 0.39401751011265800928 0.38920198646151699107 0.46693333120028202021
1055 551 0.3940661091167340091 0.38920931416305998285 0.46686925969608300546
1056 552 0.39398154403444801686 0.3891981165753080063 0.46683330281689300323
1056 552 0.39387185303556698779 0.38920019972902097916 0.46678344594006598856
1046 542 0.39393075710840902426 0.38922984451061198863 0.46672533884984002128
1047 543 0.3939053969677580036 0.38929544108632901933 0.46670675834816999217
1035 531 0.39388825361465301667 0.38934148531862600162 0.46663481697430597706
1028 524 0.39394535708072098146 0.38937329485734301082 0.46657971059997099816
1020 516 0.39394391759395702701 0.3893758091695290191 0.4664383076771629888
1012 508 0.39393416657209900933 0.38941656421717002479 0.46637776390652102565
1017 513 0.3938763051172149976 0.38926704229890901621 0.46640263560789302355
1020 516 0.39389157943763597469 0.38935305451887197714 0.46634192491402698399
1019 515 0.39392143714508798258 0.38934435801906497332 0.46627676965332098824
1018 514 0.39385757415112598867 0.38932489975764400514 0.46624894856355997286
1020 516 0.39385750339434000278 0.38940599742177900433 0.46623241858638897472
1016 512 0.39390792124946599762 0.38943546951017199431 0.46620350436021801288
1021 517 0.393974561319019978 0.3893961867650149733 0.46610582878907802495
1032 528 0.39408003459315399386 0.38932315756715002442 0.46605303223332800178
1008 504 0.39404894969825399187 0.38943432229172197934 0.4660421816593229849
1020 516 0.39401352380209697657 0.38940601815285502685 0.46604131623640399074
1044 540 0.39413458216272601042 0.38943277036829299087 0.46600897412077402215
1036 532 0.39398490478990100261 0.38941310619502900181 0.46591571327613301445
1037 533 0.39389512649987801218 0.38929752602377498683 0.4658954804079690204
1056 552 0.39386282965998398176 0.38918877706321097776 0.46584681192175997344
1047 543 0.39373462033358197498 0.38915607639913901705 0.46583488672443401635
1042 538 0.39377438416602300597 0.38914119934086899288 0.46580225917589901385
1047 543 0.39378482184577601188 0.389113759017121974 0.4658717198934190229
1043 539 0.39377386507974898588 0.38910070200625501702 0.46594217181495500846
1060 556 0.39372382406451800207 0.38907053484162301693 0.46588419582783402451
1047 543 0.39353427137656199486 0.38906769376586397557 0.46586651761259800786
1048 544 0.3935083028926950055 0.38900716956140801717 0.46580371816539600793
1065 561 0.39344521016064998298 0.38897191909644701635 0.46570925481227098963
1065 561 0.39338433843089298803 0.38895469129217502546 0.46571329858171800486
1061 557 0.39340935807961302517 0.38893876817809197588 0.46571286137663697735
1073 569 0.39330897243038598354 0.3888449071624650033 0.46571637016493400152
1058 554 0.39316640934123098239 0.38876176704861298283 0.46567821929912700529
1053 549 0.39312511165073898978 0.38877813648043801908 0.46555465248762001318
1074 570 0.39306512954307498697 0.38871561812816601833 0.46552814909469797389
1073 569 0.39305364001428799714 0.38868464354782500392 0.46549713249760199529
1041 537 0.39300863925797802079 0.38870520359193200255 0.46549806468662202619
1032 528 0.39299570637545200302 0.38879494317433199724 0.46546314317045900388
1025 521 0.3929364382683879775 0.38876073257626997393 0.46543623913016102245
1007 503 0.39283584287160600024 0.38876873960668001384 0.46540555885141599024
1015 511 0.39286632815483601977 0.38879711006564898756 0.46535353089083697498
1023 519 0.39280763390964601456 0.38867310595227200221 0.46529295719630497929
1030 526 0.39276693875769397302 0.38858614156586801514 0.46525042721708098625
1014 510 0.39275222519114899589 0.38864756342114498144 0.46516803754089697254
1019 515 0.39278212159825498517 0.38866016191157598536 0.46513412481605098669
998 494 0.3927307675477059723 0.38874341741301698949 0.46505088083865797621
1012 508 0.39279952325988898298 0.38869812046441198916 0.46503380653824299973
1022 518 0.39290843936053398977 0.38867998347795901237 0.46502862335133099414
1038 534 0.39294015422763201029 0.38858957020770901192 0.46501679861088501822
1024 520 0.3929632547990469793 0.38859456650122298216 0.46503887788156300642
1016 512 0.39287054408722099641 0.38862067474391698285 0.46508845366768197804
1009 505 0.39279283172426898707 0.38862634240097898575 0.46511367777477702345
1039 535 0.39283069600632097851 0.38849277297612200277 0.46515246471857202293
1027 523 0.39273181338390700246 0.38851576555311301275 0.46513266700055699854
1036 532 0.39268013178346500291 0.38845245760614999231 0.46513405835948101741
1035 531 0.39257961896992099593 0.38838938204497397422 0.46512927821882299462
1044 540 0.39266959673226498051 0.3885035182371829876 0.46517392470548102335
1054 550 0.39262265897320597352 0.38848204054921997574 0.46514127380135900092
1035 531 0.39249612579159998127 0.38845082828695698396 0.46515465828159602291
1037 533 0.39244916204009999694 0.38840004253987697735 0.46518306070069698199
1045 541 0.39245034425812197476 0.3883375568017590207 0.46512214353031700043
1057 553 0.39244274431054598784 0.38826081426460001822 0.46511042485661902024
1060 556 0.39240086395250800555 0.38821330323489999792 0.46506887130174201506
1055 551 0.39234503702487799615 0.38815080789672901096 0.46503370500535201604
1045 541 0.3922960066364319931 0.38817990161357601719 0.46504229067889002458
1050 546 0.39225363483552999622 0.38815069453916001274 0.46502874807507599275
1065 561 0.39227475630589597744 0.38810140765888301306 0.46496244406867598409
1072 568 0.39233201359565500477 0.38813075879540198665 0.46490877192819302088
1069 565 0.39224517155870097795 0.38807240854451502399 0.46487418034921001997
1065 561 0.39218159768896299067 0.38809047781323402493 0.46481261954804597991
1066 562 0.39212835087495301334 0.38806437254577502705 0.46473239062812299327
1040 536 0.39205295253169197833 0.38817917991315797899 0.46470932582385099385
1062 558 0.39202556477223898801 0.3881306707488810237 0.46474738057639497502
1074 570 0.39196463164615097385 0.38812033300999898566 0.46471619814746700783
1050 546 0.39185875428861199898 0.38814353220501701669 0.46465822942612000634
1049 545 0.39181399453628401597 0.38811229802431501668 0.46465142837207001891
1050 546 0.39178436716781100957 0.38808497748627901469 0.46461959413079600978
1060 556 0.39176709862447101074 0.38804010913597597465 0.46458637255451801229
1064 560 0.39181635494199801295 0.3881193009873949995 0.46449278356034601201
1072 568 0.3918029756294509891 0.38802555971544600011 0.46444922594500398505
1078 574 0.39171354169958699787 0.38797335922383502371 0.46440004528966000175
1050 546 0.39161464196505602064 0.38807732739642497588 0.46441575523662498304
1041 537 0.39157233732178498009 0.38809204205269798305 0.46435716361860901458
1029 525 0.39160563341703502616 0.38811462307841698705 0.46432229080025000378
1030 526 0.39169427546985902122 0.3881785774884520257 0.46425881558924197989
1026 522 0.39164881936460199663 0.38815570964483298022 0.46431864344342799189
1016 512 0.3916992061908000089 0.38818967966933098923 0.46430063339345400975
1030 526 0.39168941010895397259 0.38818323086015699142 0.4643004861627449964
1052 548 0.39174937964996398021 0.38824537377209700217 0.46425126495366897394
1063 559 0.39185132333276001537 0.38825589225327800103 0.46427605968701202155
1040 536 0.39180543795013800246 0.38829476174531102339 0.46421161650592501768
1041 537 0.39170540919226598531 0.38825913919780197237 0.46422822272506597541
1029 525 0.39171439096827298521 0.38825247531125101075 0.46421522974920498283
1032 528 0.39170583947688897286 0.3882661387384069851 0.46420168292715402458
1015 511 0.3916598801089969939 0.38829545757745398404 0.46414281214029201594
1033 529 0.39172963392108300917 0.38832641253881999832 0.46418259499127001444
1034 530 0.39175388054376397706 0.38829737678914300059 0.46419637638652699874
1033 529 0.39175285122855801889 0.38826999342096402135 0.46419640296730302342
1033 529 0.39178443764786202719 0.3882813277156990095 0.46417777304224600021
1053 549 0.39182362871732401288 0.38827120843643697645 0.46416252965533499886
1054 550 0.39178855393955197561 0.38825606071367901873 0.46409875330759897682
1041 537 0.39183598054418999901 0.38834112087597799645 0.46403672337749102272
1038 534 0.39178959435251797805 0.38824071938872700693 0.46397418177095600678
1054 550 0.39179624805699098111 0.38817083357743997762 0.4639748333818670134
1059 555 0.39174804142139302288 0.38807283424241700853 0.46393237319822100417
1054 550 0.39169594629770998484 0.38810842701899000984 0.46385853380695901693
1051 547 0.39168935546107297441 0.38810170489618001088 0.46386323842784699112
1048 544 0.39162255766587200645 0.38802205843664699936 0.4638104170887509814
1049 545 0.39154995727104502379 0.38796196041856600978 0.46378178364862798766
1050 546 0.39150028002193598686 0.38792946263194499901 0.46380583108146400395
1065 561 0.39149940507284397562 0.38790732154333201764 0.46379152796663497549
1033 529 0.39146919431025500868 0.38799449514827999419 0.46376627438563400307
1030 526 0.39147286821451698913 0.38812646263499600563 0.46371362499320600836
1047 543 0.39151761447213800915 0.38809921420645399071 0.46365926993686601421
1033 529 0.39145914371492102068 0.3881162267637709995 0.46364738449020898026
1026 522 0.39141458127444900272 0.38810207439179200684 0.46362553720142002378
1034 530 0.39141832140465798728 0.38811220347905500683 0.46360990045759897793
1046 542 0.39145589360451499283 0.38807515904470002432 0.46356001083567599519
1038 534 0.39140595406755701591 0.38803737117290199032 0.46359812692681101609
1022 518 0.39126979039554299344 0.38804152000418001833 0.46357916126622200625
1007 503 0.39119862290257800819 0.38809906351569201099 0.46361546807938297521
997 493 0.39122183741810800939 0.38810891639313099821 0.46362147488241201021
1002 498 0.39123362124809402118 0.38807903080473798996 0.46362638522954602305
1020 516 0.39132594573690399065 0.38813367137386400874 0.46360040639089200587
1035 531 0.39139391164777498355 0.38817086667013400714 0.46362290825194901744
1035 531 0.39135706078881199455 0.38812936163481198681 0.46361233199419199513
1028 524 0.39139666362189801108 0.38814930330792402069 0.46357137860052699541
1017 513 0.39135276735241697477 0.38819761774921701658 0.46357462399720700263
1027 523 0.39133977638562700285 0.38822005245117602312 0.46356215624902602501
1018 514 0.39131696118621500657 0.38824917502957101423 0.46355243126073797377
1020 516 0.39138922298731498861 0.3882767961171170179 0.46351760445289502677
1013 509 0.39140358267643698964 0.38837656945632997862 0.46348880861724200964
1018 514 0.39143072383456900543 0.38837945458184097713 0.46348254444060499324
1042 538 0.39148530738898101866 0.38825904838102098804 0.46348604349703897975
1025 521 0.39142706937958299251 0.38826600559412899338 0.46347459942016699941
1015 511 0.39140568371871697906 0.38829514630824402133 0.46350348944242997229
1039 535 0.39149775090686400603 0.38824960998197699524 0.46347464338448102206
1058 554 0.39154945369584298609 0.3882000348902859832 0.4635220361639900144
1065 561 0.39152527614444498916 0.38818098105828502398 0.46348738813928702651
1074 570 0.39153271619641799584 0.3882107381775770083 0.46349966973521800062
1073 569 0.39151484344246700875 0.38820902465257700609 0.46343534769561400832
1060 556 0.3913350206977320167 0.38817773648931297448 0.46337114670034901254
1045 541 0.39128231746260799806 0.38823442108733402511 0.46334572767246900993
1045 541 0.39132688000646997928 0.38828861090633398634 0.46338298998775900861
1045 541 0.39137265048643499199 0.38823587423253197448 0.46337496908093200876
1059 555 0.39137495155781498735 0.38819749621239002524 0.4633388176665649838
1070 566 0.39140100593619597813 0.38820637310396599595 0.46331660769400900834
1074 570 0.3913960561145429784 0.38817949205448698535 0.46322563172864200665
1065 561 0.39128465356901198646 0.38815954715911099582 0.46315873581585798036
1063 559 0.39122117576355597279 0.38817958803895602493 0.4630947851579449992
1055 551 0.3911722168293499946 0.38812241582300799347 0.46306304650066199002
1055 551 0.39123678356810798196 0.38816993144934397453 0.4630551213843109859
1033 529 0.39123238322182402049 0.38820700151970599645 0.46306861565197099395
1048 544 0.39125969945864502719 0.38815225519106000274 0.46300870275700301004
1058 554 0.3912663596459500237 0.38810980791877297547 0.46295647937995498822
1059 555 0.39126747081145002438 0.38810493647325600142 0.4630247170640380272
1049 545 0.39129487784277000584 0.38807966256338599642 0.46303316528476501368
1049 545 0.39119667051004697322 0.38800306931714900749 0.46291750015013999331
1072 568 0.39125845867826697377 0.38794975747250198816 0.46290378225124600986
1059 555 0.39118337849809597939 0.38792044140090198301 0.46290801186803698375
1053 549 0.39115662621386698694 0.38792522734694301345 0.46291055448475798562
1031 527 0.39113278598692402532 0.3879163839206120068 0.46290394486209002212
1045 541 0.39112158499201798989 0.38788910943104798479 0.46285908498794497978
1061 557 0.39109998742363599744 0.38779738557945497845 0.46281292042913102502
1089 585 0.39115593390330299917 0.38772593828058099508 0.46281452693750102512
1091 587 0.39117250271372600023 0.38777033401170402094 0.46288622754352398703
1089 585 0.39113797296097602141 0.3877227392206569756 0.46285505864065601411
1080 576 0.39107405357239599653 0.3877221805517589992 0.46283498368416298163
1087 583 0.39102068948893597966 0.38772477336669497472 0.4628305368163460054
1080 576 0.39099426238516798993 0.38773995939603400629 0.46281960850703202093
1071 567 0.39091614676601998957 0.38774288389949301825 0.46271637222571698755
1066 562 0.39084498710163700919 0.38773372160929697738 0.4627468435172690242
1061 557 0.39083358929901701462 0.38771059987124500967 0.46275878621091998122
1069 565 0.39087300416777698286 0.38769597516779802371 0.46272922546950800982
1052 548 0.39081502246543997625 0.38769270645945802523 0.46270032619349898972
1057 553 0.3907833071639539857 0.38772988809825198464 0.4626613367148150191
1067 563 0.39080061540400201636 0.38766530175604602126 0.46267456485679098188
1062 558 0.39074474759506100385 0.38762964005591699079 0.46265592507812802747
1050 546 0.39068419357443201489 0.38760293790113498069 0.46266017780592000319
1043 539 0.3906985446719479782 0.38766939808982897597 0.46260117301917097477
1043 539 0.39067526931719498418 0.38763447768115699699 0.46260654667128497941
1037 533 0.39062199394626800908 0.38763894234468398992 0.46257423310595502386
1041 537 0.39058479736188900233 0.38760096201214999656 0.46252310279551100969
1044 540 0.39056604870221800496 0.38752144206781502511 0.46251399384136099302
1035 531 0.39056277357628499391 0.3875386116056179775 0.46250851483630400773
1041 537 0.39063795252085098397 0.38758116882892201804 0.46245367207690801781
1038 534 0.39056874616307302173 0.38756759260106998788 0.46240435635612997523
1019 515 0.39056592866413897269 0.38755527296674902038 0.462433877768546997
1030 526 0.39058828962258101969 0.38747583181607697655 0.46240275076276299293
1034 530 0.39061815498610502617 0.38751174303983398906 0.4623752561336200162
1013 509 0.39065216139762498626 0.38759738989108699636 0.46238787360899097356
1010 506 0.39067781022008901681 0.3876534271112739849 0.4623549008067269761
998 494 0.39066141605497800571 0.38764315714358399401 0.46232094246429700224
998 494 0.39073060276654097978 0.38768763606973899449 0.46231053259065801875
1006 502 0.39075485953481897683 0.38770396136812801391 0.46229598512366498753
1021 517 0.39073725844117301875 0.38762054938304102425 0.46228320759504099025
1030 526 0.39083982535518702051 0.38764974329499302108 0.46229165772361502373
1049 545 0.39089624200477102178 0.38757817750773199128 0.46224555107133602494
1034 530 0.39087380629664797427 0.38759284324767900864 0.46223733920633297556
1030 526 0.39084869254635701274 0.38758611289159000668 0.46222469156776302412
1029 525 0.3908328415104709852 0.38759619583181997848 0.46217253614170300535
1048 544 0.39076949229153001841 0.38753108166825700476 0.4621287670207829823
1053 549 0.39079289096891500765 0.38752424960331000037 0.4621063383065819874
1063 559 0.39078186882191001672 0.38751200225706000646 0.46209813826717599516
1077 573 0.39081983862556701759 0.38741843243421097975 0.46209645705360402612
1074 570 0.39081560782988700176 0.38743361137019699525 0.46205067067321098362
1060 556 0.39078228478930299161 0.38748593925541302552 0.46198483963568298671
1060 556 0.39076319663528902293 0.38746040304426199175 0.46198527298922797968
1062 558 0.39077292598255397582 0.38739582515233700333 0.46194244179211302326
1078 574 0.39071237266834002444 0.3873377878072030156 0.46184185022020401989
1084 580 0.39065655859014397633 0.38732918281626799173 0.46187572231505402698
1088 584 0.39066210032688397646 0.387306321702094003 0.46186147489190598758
1084 580 0.39060765157595200847 0.38727221004151501926 0.46181173284867399476
1084 580 0.3905742477149289904 0.38723278637175800876 0.4617864375991009851
1075 571 0.39054693150620101161 0.38726867174117202142 0.46176912798726399423
1068 564 0.39054530098575002128 0.38723938373828298287 0.46177139163928698773
1088 584 0.39058694289032602764 0.38723078544154698744 0.46177128422985702638
1087 583 0.39052562767084797457 0.38725294690913697471 0.46176006489409598954
1077 573 0.39048651758527902489 0.38725861677727602128 0.46173137475077502545
1089 585 0.39048066298126798968 0.38717375093000200303 0.46166525840327499175
1072 568 0.39037052566320401548 0.38717275465073297536 0.46161656402552497802
1093 589 0.39034602056847200746 0.38712254353517400185 0.46156290058662202691
1084 580 0.39027892391268997896 0.38713919425799098173 0.46151278401126299977
1091 587 0.39026038604393298304 0.38707975689156298715 0.46147213812771797903
1075 571 0.39019103176697400581 0.38702136765994499257 0.46144176310110401884
1061 557 0.39011799005666497608 0.38704003068533299192 0.46137533581163298058
1029 525 0.39007154312901298754 0.38700288326127701977 0.46134791267628999512
1037 533 0.39013256799021400756 0.38699878161172801549 0.4613281613811370252
1032 528 0.39011393973592300988 0.38696724352188299756 0.46132171220065198991
999 495 0.39011821929248302609 0.38704756923804800595 0.46128922982652198481
999 495 0.39018745030339402335 0.38706588910921801983 0.46127446433414598381
996 492 0.39027534513119799264 0.38707487057820799681 0.4612427703921589961
1022 518 0.39039957413311299206 0.38707280025828899594 0.46116594660940402051
1028 524 0.39036006031530801064 0.38702442670964198879 0.46113968520370601789
1035 531 0.39038076152093198479 0.38708542985236699119 0.46117382102224702134
1027 523 0.39036831485868200842 0.38705982776482200647 0.46111865334411500372
1048 544 0.39041332670532197247 0.38702750531229701547 0.46116063454825101386
1036 532 0.39038728083447699069 0.38710268289846400114 0.46119975456615097675
1056 552 0.39038971110757197946 0.38696038085808098783 0.46118959368607398419
1057 553 0.390428861852107012 0.38698847215597997895 0.46116017988163898744
1056 552 0.39047578123950998918 0.38701821205167502571 0.46113024256284601554
1069 565 0.39044262787294897743 0.38695125740468000464 0.46111197749893501063
1053 549 0.39041778253674097598 0.38703567969918101221 0.46106335613095800197
1075 571 0.39045184202435501142 0.3870024952025439835 0.46103364952554598544
1067 563 0.39035071322696601737 0.38701742215849599393 0.46110599226335502454
1060 556 0.39027551118156100785 0.38697593622574399941 0.46107547361483397497
1016 512 0.39015958579926002248 0.38699739820062600826 0.46104772158234602619
1017 513 0.39017877564273500957 0.38705272218887398772 0.46101572817742297872
1030 526 0.39022952177885900094 0.38708393478609198768 0.46108119486057802527
1031 527 0.3902369155337749862 0.38707779714978501895 0.46107484879244897691
1040 536 0.3902477788882520171 0.38703496895618699769 0.46101556188490899757
1058 554 0.39022816121846298776 0.38696991960386001308 0.46099253133055601017
1067 563 0.39027985439123502598 0.3869843850608289948 0.46093578132290902172
1072 568 0.39028520781029302222 0.38699865041337899729 0.46097848932815299605
1069 565 0.39018620187998498405 0.38691165631048302087 0.46098248322487100914
1045 541 0.39011466067286099113 0.38695023528280497738 0.4609996673395679867
1031 527 0.39010636732258002768 0.38700327648288801452 0.46099855511020998433
1023 519 0.39009273302445002241 0.38706226598922299775 0.46100512172200197591
1019 515 0.39016297196929200508 0.3870981256755099964 0.46104469840681100434
1027 523 0.39013408306558500227 0.38702101618116901971 0.4610346810627239944
1044 540 0.39011575017833000079 0.38696685558864901688 0.46103894400743500315
1062 558 0.39010828364473099095 0.38690609723447799695 0.46101642530177400214
1042 538 0.3899966627712019851 0.38685644621611298133 0.46096337258761599376
1057 553 0.38998177557724600373 0.38683442343814600228 0.46098279109625200922
1068 564 0.38994799791788897769 0.38677171410403898832 0.46090967676167798883
1064 560 0.38988667171992097416 0.38670701135921098368 0.46087303179491601046
1074 570 0.38988298997743897623 0.38669396640894299066 0.46090830548756400731
1068 564 0.38988810608998197837 0.38673604100133701644 0.46085939631641797964
1077 573 0.38979797718311498533 0.38664157070191101928 0.46086308828523997461
1068 564 0.38981842232883501254 0.38663238012420297895 0.4609136055890930006
1050 546 0.38975878120831397577 0.38665759019541900976 0.46089830868111197892
1047 543 0.38973468293688801056 0.38666515594543598988 0.46092812823045298254
1036 532 0.38977056876301802157 0.38666975237014800104 0.46092354089301901254
1019 515 0.38971888623637801485 0.38672926383068600975 0.46094676692230901471
1040 536 0.3897848220179300216 0.38669730888596998142 0.46093027687735599329
1036 532 0.38976028714067600944 0.38671516765946800653 0.46088376758542898282
1033 529 0.38974605824227798179 0.38669258908502401884 0.46090570923470697284
1015 511 0.38971738930114602217 0.38671837080664200892 0.46094160934050198986
1014 510 0.38975110856616801414 0.38666768712492100013 0.46092112478165697675
1024 520 0.38982194785781398849 0.38670342325251599869 0.46091302745413598174
1030 526 0.38983689919754099806 0.38666028873504998398 0.46090790583426399785
1011 507 0.38980445647660399988 0.38665331761065502292 0.46086574738110902549
1028 524 0.38988978811465502261 0.38662261000011899359 0.46079603537251001555
1011 507 0.38988713272242198071 0.38665139335009401922 0.46079557172529800324
1009 505 0.389894021599361984 0.38667058132511300528 0.46075953229700600255
1032 528 0.38992182119946799945 0.38668250878283599858 0.46074992570726597263
1043 539 0.38992171221456400909 0.38660337818877199556 0.4607503684357709961
1026 522 0.389837613958684992 0.38661717536267897755 0.46076188594141098687
1033 529 0.38988104246556898325 0.38657459871172100696 0.46072783120555199643
1021 517 0.38976919472392701493 0.38654117978266200328 0.46075527769378299414
1036 532 0.38979434718748401378 0.38650670444474699572 0.46071374488804001102
1036 532 0.38976108871785097865 0.38647573268379697975 0.46069828818198399478
1024 520 0.3897023023737020142 0.38644631743324697748 0.46071967150678699854
1027 523 0.38966084192812999731 0.38640776698835699321 0.46066243216894597889
1031 527 0.38967554576211899109 0.38636749872348902235 0.460664366394801017
1044 540 0.3896589658946409962 0.38632505940658201649 0.46064076325653402488
1055 551 0.3897171568828339816 0.38631490770372900467 0.46060281191882201934
1056 552 0.38969590549729798967 0.38634292117850199677 0.46052516378420998988
1036 532 0.38966649558571497813 0.38633605252493902205 0.46055816904847302062
1053 549 0.38969285586126900522 0.38631485860581898928 0.4605956563386779945
1040 536 0.38967119814901901576 0.38635405036404202317 0.46061202621430702431
1044 540 0.38965977748569097239 0.3863172293460619966 0.46061358732193097287
1016 512 0.38962468574862202386 0.386338778881691991 0.46062326608017400975
1016 512 0.38965329370782697538 0.38632330771131001557 0.46062539568141702695
1025 521 0.38970508216152899283 0.38632526730253902159 0.46057669417438601434
1029 525 0.38965786379565897635 0.38634873205633701865 0.46055672099688499399
1024 520 0.38964729563527900069 0.38637079935199597491 0.46060681022533200846
1018 514 0.38967196309392798659 0.38639605694026202265 0.46066224969130398215
996 492 0.38966070654764700665 0.38639969739800100745 0.46064055780376500504
1004 500 0.38975866884138499202 0.38643555564088000187 0.46063711030662701784
991 487 0.38973228098763001981 0.38644270440123901222 0.46060264478399298715
1001 497 0.38971511536459302327 0.38642247813321800587 0.46063593121898499527
1016 512 0.38976275736201798638 0.38645574137346000443 0.46060681947523102187
999 495 0.38973315197523400455 0.38651699657047899894 0.4606481481470189876
1018 514 0.38975215980420202522 0.38644742231656598053 0.46064993974669399268
1018 514 0.38972759531045297887 0.38639839465216002656 0.46063790492711598201
1012 508 0.38977026736943598539 0.3863817658255849774 0.46064256046796797639
1027 523 0.38981928326707299126 0.38632609836005299409 0.46058677546684900772
1033 529 0.3898135268407060261 0.38633496370295100641 0.46055383055460902275
1024 520 0.38977278799672698817 0.38629325760288901748 0.46056045919373000963
1032 528 0.38982475206983802085 0.38630522846211501342 0.46049461063463797972
1041 537 0.38984775508828500845 0.38631727524780101746 0.46044425230854701958
1034 530 0.3898348563444309911 0.38629363201667399341 0.46039411830229198808
1025 521 0.38979486261940698988 0.38629360107450999573 0.46038759689810998532
1005 501 0.38980889873907997867 0.38633517637126801869 0.46038194183901098855
1014 510 0.38982200569007902091 0.38631651360513802329 0.46034860651526299247
1014 510 0.38981050075216799877 0.38626448599741397549 0.46028321035993802202
1027 523 0.38980938310391399781 0.38624976002886202142 0.46030406830457898382
1022 518 0.38978349900791298133 0.3862464046002579976 0.46027339875275602443
1019 515 0.38976614223319600017 0.38624959301138500622 0.46024734344943801778
1011 507 0.38978962562093399935 0.38629136000656899563 0.46021692869967600892
1022 518 0.3898204424501540144 0.38627201864474902671 0.46021864451802901863
1022 518 0.38985921152528102418 0.38630194493688002622 0.46019331866799800812
1043 539 0.38992833253516501202 0.38628999980757100507 0.46020812590837201217
1042 538 0.38995103419783899712 0.38627365134776397992 0.46019171467391700725
1040 536 0.38996091142916400329 0.38627343805515201858 0.46020414254053598757
1037 533 0.38994195818327698211 0.3862344949354339918 0.4602238852231450017
1053 549 0.39000775145689398071 0.3862324990380749945 0.46018103858870801348
1026 522 0.38996124325371400721 0.38634243364010900645 0.46023350488004699521
1049 545 0.38998833094391299747 0.38631826911068600783 0.46022624649351201453
1048 544 0.39001762598605999033 0.38633077889620798251 0.46017707517277800511
1060 556 0.39004434096457002434 0.3863582734745369951 0.46016847286093198743
1074 570 0.39005392733567700869 0.38637017202101398006 0.46017011764151199982
1078 574 0.39002582295746002217 0.38632757134804801558 0.46018959139350601451
1068 564 0.39001226067909999795 0.38631970539777998885 0.46010871388202101429
1065 561 0.38992605849201800172 0.38626702177948901706 0.46009377484960400917
1052 548 0.38982205769418298846 0.38626148316871600219 0.46007801727585301288
1047 543 0.38978288753287798629 0.38622816225356998432 0.46006182183619798165
1029 525 0.38979295842557398766 0.386195793590299985 0.46003663494508301168
1019 515 0.38982081407050300781 0.38631422947818699898 0.46004354146547299376
1018 514 0.38984336587581702727 0.38635461562347300779 0.46000863257940599604
1006 502 0.38986744992942301558 0.38640804771740500101 0.45997286613618998397
1008 504 0.3899223574900729794 0.38641614189185402584 0.45996919807216501974
1022 518 0.38992035014026199535 0.3863729412841430122 0.45993075345833001055
1026 522 0.38993684308471399103 0.38632793984894697736 0.45995512040559799471
1035 531 0.38993663843691100945 0.3863224931979800103 0.45997243257886000212
1033 529 0.38991602109056400227 0.38635130686196700323 0.45995243164562699123
1047 543 0.38996433082972598028 0.38634426927814302655 0.45993382414427502747
1054 550 0.38999522212299997381 0.38637215218972398301 0.4599114929053479961
1048 544 0.38992105116667302722 0.3863659467484250043 0.45991178177490399381
1070 566 0.3899089361053990066 0.3863210464593950233 0.45984314780267798728
1048 544 0.38984923136472898753 0.38636342679926199972 0.45985546856798098503
1060 556 0.38981399836393398894 0.38633579277831697762 0.4599194479327359808
1040 536 0.38980659085069702119 0.38635307754759101728 0.45991399330233800891
1026 522 0.38977999299630700092 0.38634494608460601128 0.45987679254278701624
1034 530 0.38978582437879999434 0.38631993869217001736 0.45990842271158199894
1049 545 0.38982435500147100127 0.38631134090377799994 0.45987205114163798303
1043 539 0.38980856631138999235 0.38628965428654898906 0.45983102971480299681
1048 544 0.38978605555223999612 0.38627508368674801087 0.45980589930001597443
1038 534 0.38976118281656901843 0.38629262142132497759 0.45975170387943198325
1049 545 0.3897434958848169928 0.38620195576309002128 0.45973747361222500052
1040 536 0.38971051981943000131 0.38620183586416900745 0.4597447732070030213
1039 535 0.38966664688493202195 0.38620739890743499556 0.45972387706318101896
1035 531 0.38970809509301701512 0.38624788547762600732 0.4596504132258659725
1033 529 0.38968083361999900083 0.38623026471000598825 0.45962479236154502038
1020 516 0.38968199808748599233 0.38624331423263402741 0.45960082869990198651
1002 498 0.38960667136090498808 0.38625868405493302138 0.45957586297847502488
1029 525 0.38967517611850099879 0.38621045531938502648 0.45954863282255797863
1023 519 0.38970854945595700958 0.38625553847370397431 0.45952692450857302031
1019 515 0.38971160987450997881 0.38628768583073097576 0.45950557229358102163
1017 513 0.3897931670931660264 0.38633636748916799775 0.45951764743105000255
1017 513 0.3898367885463249749 0.38640828316878800264 0.45954254461715798863
1026 522 0.38984527334264701404 0.3863591359118530022 0.45955436768406099368
1042 538 0.38988652091996101046 0.38636700819406299967 0.4595655492958820032
1067 563 0.38991957635567497942 0.38633883462271800813 0.45960189599017298168
1062 558 0.38987571800451698012 0.38631102976625997236 0.459571524182135982
1048 544 0.38984748770068100576 0.3863934727363759758 0.45952346648313502353
1044 540 0.38982951970063900449 0.38638845623473200286 0.45950923142200700289
1063 559 0.38984752462647598303 0.38635855618864700656 0.45948526042359000288
1048 544 0.3898014460618730026 0.38637134946688200809 0.45945545720625202701
1037 533 0.38978032986123101189 0.38639273113138300486 0.45943886526881400068
1048 544 0.38980620258758502672 0.38636100342919199591 0.45939811249695700068
1039 535 0.38976530807882098228 0.38633986549767301844 0.45933914085525501259
1015 511 0.38974633319785201291 0.38637101183662697634 0.45931929700640899972
1028 524 0.389762359571339978 0.38639855760946101304 0.4592702488639680003
1043 539 0.38974970202448799839 0.38635768816007398652 0.45923154237423802204
1065 561 0.38976101634510601501 0.38635940615827002453 0.45917013556427799248
1051 547 0.38973002715530197237 0.38638204813612497812 0.4592118750142650252
1037 533 0.38967077879016798203 0.38634052299548798937 0.45921034805083599251
1031 527 0.38969946818937101218 0.38634456564772201581 0.45921013806175398075
1042 538 0.38967208836146099982 0.3862704872812909862 0.45917281969814099929
1030 526 0.38968190134261798674 0.38624105474501102542 0.45917721378793502351
1033 529 0.3897286034626910034 0.3862459012768810207 0.45914876963081402428
1037 533 0.38975046410241698247 0.38622166147021297355 0.45909406156993298742
1025 521 0.38975935722703697328 0.38624108616825497675 0.45906536612385900886
1021 517 0.38972810996876000589 0.38620753177545802393 0.45903976903225601758
1038 534 0.38977724251736300953 0.38620958590031101432 0.45902209542074401405
1028 524 0.38976747861650801186 0.38623065039022502765 0.45900211767864701473
1023 519 0.38977653998644901101 0.38619942038445898014 0.45899583060471799145
1019 515 0.38979776028990997805 0.38622827700468898016 0.4589586953840399941
1032 528 0.38984170885988400634 0.38625647199262702625 0.45895142907141200928
1015 511 0.38985481268874200289 0.38626987134915502509 0.45895533825727902189
991 487 0.38985811669283998437 0.386364724259744996 0.45893991356131397241
996 492 0.38991938298147799102 0.38639426211525101929 0.45897473990435400104
1016 512 0.38998427008226599355 0.38644160536227301073 0.45897303277998102722
1020 516 0.38993880411052700419 0.38640465035404097938 0.45896461068162902608
1013 509 0.38998830287127500549 0.38642065716953399868 0.45895499638442699419
1025 521 0.39003922283876901744 0.38643171272081500156 0.45893338379421400042
1035 531 0.39011024769768398723 0.38646327859329099308 0.45894180606848400394
1034 530 0.39012391697090298415 0.38648663824400397715 0.45891154218347202098
1040 536 0.39011676487100399591 0.38646267484538199266 0.45886711949411501665
1043 539 0.39012039231119499672 0.38647755237325298605 0.45887071797737899459
1055 551 0.39009861643093102224 0.38647646686335501709 0.4588404542986290191
1051 547 0.39007900039094600686 0.38649657640132401015 0.45881246960838800719
1041 537 0.39009073080153400248 0.38652660522701298706 0.4587881011992510083
1029 525 0.39003901035802501784 0.38655346764820197603 0.45875343918895800099
1038 534 0.39004172581240598161 0.38648115593883097807 0.45873357742739900855
1041 537 0.39001198767550798729 0.38648580349596500794 0.45870805614504100989
1044 540 0.39002635487054299057 0.386451149177748976 0.45868203759245002038
1038 534 0.39000055738085898094 0.38644017093851901201 0.45866495479400898327
1041 537 0.38993635265429998915 0.38637527963085799287 0.45867164211014899156
1042 538 0.38994805883645800026 0.38637168065951199569 0.4586472769642490066
1040 536 0.3899033756537850226 0.38638425852789498594 0.45864383274238501587
1038 534 0.38984324305697398705 0.38635299724920901809 0.45862496525972501482
1041 537 0.38985530114509597821 0.38633774316255298231 0.45853878333637598796
1019 515 0.38978689320635900861 0.38637956297217601609 0.45851241502631401303
1037 533 0.38988424546604000254 0.38641223187454898369 0.45841749980725099434
1040 536 0.38982719408085597657 0.38635294516349399929 0.45838885317546901321
1030 526 0.38977847415791000429 0.38636700377872301715 0.45844355229597399948
1036 532 0.38977961011694001181 0.38638901106173501043 0.45843068949305698645
1039 535 0.38973220526951202203 0.38640809514592600049 0.45840017314597297782
1060 556 0.38967793812522899533 0.38630636562625797481 0.45837934535306801287
1083 579 0.38966858302168699835 0.38628696253400501837 0.45837461995041700602
1083 579 0.38964241676777500167 0.38628397620449600458 0.45836858312650502478
1080 576 0.3895928594310930082 0.38624915308995799723 0.45837021949901401996
1078 574 0.38953963612297598518 0.38623417787872699192 0.45838108685874001669
1057 553 0.38944240296502802279 0.38619623915382600421 0.45833447539272798021
1062 558 0.38942428982125998349 0.38618982695171000241 0.45832218821842102274
1073 569 0.38943022503553498259 0.38620019110360698233 0.45830159858854002675
1072 568 0.38938331591835700918 0.38614450012607798302 0.45829567951213601162
1066 562 0.38932155222115899518 0.38610813704335300578 0.45828032297383197724
1064 560 0.38930974844579602223 0.38606738192960099454 0.45825635261232899875
1065 561 0.38929908594453199733 0.38603498140590897236 0.45821654076017098722
1066 562 0.38924270156712897917 0.3860359421240630029 0.45824195600399597605
1072 568 0.38922655623668700464 0.38602878386942701683 0.45817890685819101515
1079 575 0.38924055911233501615 0.38602827966582897723 0.45815635715055197386
1080 576 0.38920708974490597631 0.38602143385524201324 0.45812412256543699751
1070 566 0.38920144812787998978 0.38604293841457598679 0.45813953488276598636
1063 559 0.38913368805957299079 0.38600282913435102206 0.45813600567791901153
1066 562 0.38914335308441400096 0.38601609574405099101 0.45809271693851100204
1072 568 0.38910528433370600299 0.38599018816209801352 0.45807920495808301942
1067 563 0.38906040852362699933 0.38595475412388502434 0.45804861144160097242
1059 555 0.38899928792459897986 0.38591076791980799543 0.45802420767345097818
1058 554 0.3889932086443390058 0.38590220365617400322 0.45801264331306601463
1068 564 0.38896875955188897622 0.38590060242046697603 0.45798382775994800342
1065 561 0.38890356125783498431 0.38590536293037197568 0.45796851073759797801
1073 569 0.38890262903903199954 0.38591769547166299148 0.45791924888737500776
1071 567 0.38884473962526699964 0.38593166054596800274 0.45788290610534299052
1058 554 0.38884021307505500786 0.38594538651876697521 0.45785967095220497791
1044 540 0.38879186715761998583 0.38593065423776301559 0.45788337377472498879
1038 534 0.38874089276392498338 0.38595966343690302214 0.45788872029479599224
1036 532 0.38869821587306202515 0.3859343844793219902 0.45791006518885801757
1062 558 0.38872436377776098393 0.38591396045966597228 0.45790264139390701725
1055 551 0.38863635433598098246 0.38589565991857599503 0.45789862053322000213
1064 560 0.38864296837480499791 0.38586199999026099539 0.45787005753740400715
1057 553 0.38862777925074598606 0.38586389142476101854 0.45787898684474798161
1060 556 0.38856891122228898183 0.38584768826948001585 0.45785655905096500629
1055 551 0.38850313358113297557 0.38580824772322297456 0.45784667137415702154
1036 532 0.3885048486757189945 0.38582696373237201914 0.45784921065309597266
1015 511 0.38847630512783498657 0.38588168396098398993 0.45785760991027502076
1021 517 0.38846541411882201666 0.38584581424351299672 0.45780911393857298686
1031 527 0.38845434139174400689 0.3857953002298979972 0.45779414813727997702
1028 524 0.38847050712578401477 0.38576038937481199609 0.45780130610560598736
1017 513 0.38846956345431599145 0.38575351995734502575 0.45779016598208799316
1028 524 0.38844480420767601991 0.38569333155384599721 0.45781706610154299097
1028 524 0.38839426505750102026 0.38563787918386299713 0.45780754303576398634
1043 539 0.38842010445500202431 0.38559342538072799433 0.45782274814903500815
1048 544 0.38840847553904900291 0.38560959199222599736 0.4578361691715969739
1043 539 0.38837244926596797834 0.3855918730388530058 0.45783558066175100709
1046 542 0.38833829338954500843 0.3855578161800650161 0.45782398922447098411
1073 569 0.38837353371687899362 0.38550151829025297578 0.45782438442604700413
1070 566 0.38834389605640601273 0.38550378015543801391 0.45781360355500599901
1059 555 0.38834666912751197865 0.38552101497049501289 0.45778521115343301373
1060 556 0.38835702969744201329 0.38549783376290097658 0.45778764989675602148
1044 540 0.38829237413605799389 0.38550954203662601838 0.45780823951609900258
1043 539 0.38828431117341699608 0.38554375756646602769 0.45782055496224199898
1038 534 0.38827824181468800768 0.38560037691849702313 0.45783962358502799939
1034 530 0.38824206065340799432 0.38562459113020902679 0.45781002158163097704
1015 511 0.38821276086194400623 0.38565206476062602325 0.45775226250355599555
1039 535 0.38825400494908601789 0.38564035192330198276 0.45774784252493300185
1041 537 0.38824841208056798392 0.3856216168904409991 0.45771280202201297671
1037 533 0.3882498975520760065 0.3856138775527320206 0.45772588363171401449
1031 527 0.38825848658248002243 0.38564278427904097324 0.45774339541439101886
1034 530 0.3883034062104869788 0.3856720253139219734 0.4576948157799829997
1041 537 0.38830044668559599019 0.3856255496470930022 0.45774080017704898982
1068 564 0.38830061266876797488 0.38555976395843699622 0.45771469048090401843
1074 570 0.38823124188235097476 0.38548466815450299627 0.45770458919536399778
1067 563 0.38821714624586900477 0.3854886748762200166 0.45770571916720698136
1075 571 0.3882085630158729761 0.38545263681164998459 0.45770875614596301384
1069 565 0.38817064649557198042 0.38546701888425899396 0.45770683191919797617
1049 545 0.38814346790198200887 0.38546795119071197711 0.45767908117045297267
1047 543 0.38816061655422201548 0.38547584947675700429 0.45766368798068501889
1051 547 0.38811146144397601354 0.38543484755418699894 0.45765797359480597795
1052 548 0.38813683307879098816 0.38540410843094402571 0.45760666972298502664
1055 551 0.38815546492378399934 0.3853924341612680049 0.45757476252276901851
1066 562 0.38813855362422500228 0.38536698164450799986 0.45750929134263401687
1053 549 0.38813929505351102422 0.38543795763191401882 0.45750741292300300955
1034 530 0.38810016296701399519 0.38544103266033502564 0.45749932364256701289
1022 518 0.38810567514525201593 0.38546876953707098767 0.45750064630263898025
1013 509 0.38810440903162302106 0.38544476497786400726 0.45753131444268402284
997 493 0.38808081044711401075 0.3854619623488870217 0.45750411433262300198
996 492 0.38807770218693299347 0.38547583981896199612 0.45751558689225302334
995 491 0.38814322035068798966 0.38548899336649800063 0.45752409191904802599
979 475 0.38816430201876100936 0.38554938240255698378 0.45756828657371900748
986 482 0.38821560614754502261 0.38555349277835598842 0.45755642786957001489
972 468 0.38820350317701302068 0.3855683462712840015 0.45756381476219498694
981 477 0.38827925621642100928 0.38558466374272598598 0.45758867839368799757
993 489 0.38839710179648001542 0.38564629985871801132 0.45759654885792100387
1001 497 0.38843484666231797853 0.38564824664750901873 0.45763191837991801236
1006 502 0.38845123009082999088 0.38566299655512398248 0.45762143664006499355
1042 538 0.38848113656349897438 0.38562823383896199791 0.45763584657558098456
1049 545 0.38848968137549999557 0.38558864372633200324 0.45764747520958698468
1059 555 0.38849757099566500917 0.38556222686239099984 0.45766287966524099584
1039 535 0.38848915312023402091 0.38562023561875097277 0.45769127573691598121
1035 531 0.38844583890475797849 0.38558911317471200597 0.45769673548873601732
1027 523 0.38841950415365000815 0.3855739745910070071 0.45771204660429198885
1027 523 0.38843280423945197866 0.3856271379032100155 0.45774768515311797801
1017 513 0.38843305521992699259 0.38568190447551398137 0.45776256585690500156
1033 529 0.38849086594796600203 0.38566759518452597977 0.45778080018046501953
1039 535 0.38847632125912601175 0.38563127310998701613 0.45776366999996598306
1029 525 0.3884481542786190067 0.38564391273603398913 0.45777480406654502687
1058 554 0.38844414837466800794 0.3856322300295960126 0.45775573133040098339
1065 561 0.38845051998520402359 0.38561010995576699978 0.45774360877855002627
1073 569 0.38842908890676497435 0.38561248779149798205 0.45773853670384301306
1064 560 0.38840466836790898952 0.38561600762120801233 0.45775570373338198005
1070 566 0.38836891767016601396 0.38561750514900899889 0.45775444526809400125
1069 565 0.38833109155814699021 0.38559052811248800685 0.45775635674694298283
1068 564 0.38832667047253599524 0.38555398439847998748 0.45773634331709200929
1079 575 0.38827462659170697279 0.38552308755578901245 0.45771148063460298516
1088 584 0.38826511032183802508 0.38554070565945802729 0.45769751830167298978
1068 564 0.38819947689742501096 0.38552431063486797269 0.45769082552871998004
1074 570 0.38821048799209600944 0.38557803752685199106 0.45766877681055001537
1069 565 0.38814423615910198517 0.38555238113111600651 0.45764609808185302553
1071 567 0.38813229571837498666 0.38552795735365197327 0.45757854527884600504
1089 585 0.38809965855190298178 0.38548823926997199951 0.45757375189020899064
1090 586 0.38807120406042899807 0.38545259677870402637 0.45754882734925300669
1082 578 0.38804511107777400758 0.38543147227114199493 0.45751220718245300123
1052 548 0.38795281588546398632 0.38540807448358199716 0.45749477205314997841
1062 558 0.38795662788448698199 0.38539694963710502407 0.45746999549681399699
1039 535 0.38790559361443999187 0.38539125204268598335 0.45744774953568401177
1054 550 0.38792763046414502348 0.38539694702220100853 0.45744986885437299851
1079 575 0.38792164170547299706 0.38533277289334399995 0.45746271460149201538
1081 577 0.38790899843330500785 0.38532230487587199041 0.4574606433298539776
1067 563 0.38788115158165298313 0.38533921193156400742 0.45748653877795797396
1064 560 0.3878377568286159871 0.38532532419998399842 0.45744029278969999819
1055 551 0.38782278016555798983 0.38537097901823097468 0.45740922326014499255
1053 549 0.38781897866848702439 0.38536106119835000783 0.4573695004730770064
1055 551 0.38781747128696697491 0.38533133800176400108 0.45734143475844701854
1070 566 0.38781146892257600811 0.38530057680476498261 0.45732866806539301807
1064 560 0.38778204109796898802 0.3853346695014869816 0.45730734239053300039
1056 552 0.38778118037870301649 0.38533424639037200388 0.45732411470549100274
1023 519 0.38772752652005298968 0.3853495488179130013 0.45734095785277101287
1021 517 0.38776056678361497942 0.38536771998237301373 0.45733237652870400991
1033 529 0.38778148906223802728 0.38536788118404302628 0.45732546541542001828
1025 521 0.38779411382464801239 0.38542821443391500624 0.45731671107925098152
1046 542 0.38779687412949298553 0.38539984293593998466 0.45730023972816402633
1019 515 0.38778829588044799737 0.38544465415645101647 0.45729368291310701355
1010 506 0.38779899169971698836 0.38546372771428200066 0.45727848101181201024
1001 497 0.38781578334096000749 0.38547168278073301595 0.45729013935464701834
997 493 0.38785343718910098021 0.38546344091036899293 0.45727770645252602266
1003 499 0.38788650753950298933 0.385463553819041016 0.45726006768916999112
1004 500 0.38794594933437098749 0.38547294684247102037 0.45724741887821301889
1006 502 0.3879813044137059852 0.38544610267137102699 0.45727073471633999935
1007 503 0.38801633566785098672 0.38547839256427302024 0.45727635252054699144
1018 514 0.38805108036074098532 0.38548495499026602662 0.45726315015267698927
1013 509 0.38803677035293498987 0.38551551044529497325 0.45728838901693502628
1037 533 0.38806627886337302646 0.3854521058174509851 0.45730628633423597851
1038 534 0.38806293249437501247 0.38544036041834500717 0.45729769965026800804
1032 528 0.38804596858304601925 0.38545200376056099056 0.45732529343585198722
1024 520 0.38804384849929801637 0.38546305436589001214 0.45737923613581699112
1037 533 0.38806155827477301079 0.38545269917198299314 0.45736101029483300362
1030 526 0.38808256437861698984 0.38548733800573897756 0.45738402327762001098
1030 526 0.38814818602742501286 0.38552130238861898048 0.4573745690913250117
1011 507 0.38812440474094000997 0.38560032055811699347 0.45741276604971997655
1002 498 0.38808555010942402674 0.38558237886604901368 0.45744461871031000255
1027 523 0.38812439445343199784 0.38560425333697401218 0.45745536607920800343
1014 510 0.38812787049768099346 0.38560244137114502161 0.45742926393682298292
1025 521 0.38818853832838901008 0.38558191696559901418 0.45744572622316698185
1010 506 0.38817828119580100044 0.38562845155980401968 0.45748766666704598904
1014 510 0.38820933119283002055 0.38564850206191098048 0.45741920392460000411
1029 525 0.38818964735604000182 0.38564963979152999674 0.45745160735068701729
1059 555 0.38818611255872798038 0.38557777166775597522 0.45744068520540698275
1033 529 0.38817904094374999779 0.3855845699674240179 0.45740538800464902724
1042 538 0.38817871155409600092 0.38559458181114497632 0.45739079844968200117
1046 542 0.38820184327994200491 0.38561256952270700493 0.45739382528542699147
1035 531 0.38816653912099802204 0.3855858452986949958 0.45741586063650802041
1038 534 0.38818000836571397993 0.38559218295318997693 0.45742487909217499631
1040 536 0.38819205476844198532 0.3855910102969150044 0.45744669359808798337
1020 516 0.38813783270848900564 0.38559153000907198106 0.45743448623094401517
1028 524 0.38818510765195501921 0.3856442665025019978 0.45744613941403899915
1051 547 0.38820515215947298815 0.38564094100456097758 0.45743519585688402485
1050 546 0.38819656121844298147 0.38560772520051200818 0.45745020520538998143
1025 521 0.38817861575519202466 0.38561663211054097999 0.45748762919588897846
1018 514 0.38818802818276598732 0.38566307474210498318 0.45749218388993800888
1044 540 0.38820403939724701381 0.38564376431928998334 0.45749157345503099759
1048 544 0.38818938196039398658 0.38564479492426401164 0.45752195938013701104
1018 514 0.38815422664945797848 0.38567483283361397861 0.45750274135453800062
1016 512 0.38815958631978597637 0.38565908053706898784 0.45749950041312598126
1042 538 0.38819793784869899289 0.3856400977354350057 0.45750290575293300899
1041 537 0.38817893081958898538 0.38561865887415597287 0.45748614336723697482
1025 521 0.38811864968005599374 0.3856492675281409932 0.4574717020742189999
1037 533 0.38815433662439102758 0.3856198470394420208 0.45744338497071201921
1039 535 0.38812856807557299943 0.38561952320479797596 0.45742002987862201424
1052 548 0.38812553492842799541 0.38560420426885999579 0.45736233231848000269
1051 547 0.38808067331710099923 0.38556654277853902313 0.45731790574906699964
1043 539 0.38808785208945401068 0.38558230088359102261 0.45726611567238500955
1021 517 0.38804759425019197394 0.38559611256171999472 0.45724147697019601466
1017 513 0.38808231105059098898 0.38561560341188400036 0.45719581145455301385
1037 533 0.38815159005340299503 0.38563404447477800385 0.45720883881761997802
1045 541 0.38814359959868099947 0.38561909364314500559 0.4571455807475390265
1057 553 0.38813372066208001732 0.38559380275399002258 0.45714643515971797871
1054 550 0.38812049484282901135 0.38560567913184201627 0.45714945307779697448
1060 556 0.38811802345110701928 0.38559647036335797932 0.45715618782601702419
1065 561 0.38811134656270201981 0.38561806600255299493 0.4571340109694549958
1066 562 0.38809602520771402379 0.38560962074619198336 0.45714135058097998821
1050 546 0.38808807612699697254 0.3856300663214179969 0.45714521527407298018
1045 541 0.38804628693268999884 0.38563379392665197987 0.45715904883972402484
1091 587 0.38819163340048901123 0.38563751523763800666 0.45718207347648498473
1077 573 0.3881698157500210189 0.38565873157415198058 0.45718634082016501585
1095 591 0.38816757006461000135 0.38565118092751599077 0.45717095397413898272
1086 582 0.38813980337827297395 0.38563276830100901016 0.45716278752557798493
1082 578 0.38812783791867300209 0.38563832572684497713 0.45719051861088000344
1088 584 0.38810973906105700193 0.38565278969523097974 0.45716649272328302445
1086 582 0.3881166216551589776 0.38567280914720097895 0.45715262193266598123
1073 569 0.38810142997445401525 0.38570776875716700216 0.45716829361273297883
1071 567 0.38805517923364801769 0.38571781480483902094 0.45719254390160901647
1054 550 0.38799420971546899617 0.3857112562692350255 0.45717769131821500705
1050 546 0.38795830812634102269 0.38569399146118099608 0.4571811371436420024
1072 568 0.38798172944862502343 0.38565648012414799339 0.4571722745314110159
1058 554 0.38799173998164698807 0.38567817853257302385 0.45715931288281297373
1064 560 0.38799288436263401625 0.38564178949240301986 0.45714082671135597424
1061 557 0.38796568355559102326 0.38560017166416699075 0.45715186212597802573
1062 558 0.38792882611421097838 0.38558204031251902544 0.45717701734849097717
1053 549 0.3878947186373329914 0.3856091493318170027 0.45717693836899098159
1035 531 0.38787470412278102216 0.38565870733536000703 0.457180908028589017
1054 550 0.38788841320125699852 0.38563667408155899441 0.45716923660947400565
1038 534 0.387858801125990027 0.38565751880732401791 0.45717576626952399765
1038 534 0.38786757103137797786 0.38567222767286202245 0.45713316001485598816
1041 537 0.38786501377276899616 0.38568248517849401669 0.45711929962792402504
1024 520 0.38781570435487000559 0.38566812196917799049 0.45713253882189397448
1048 544 0.38784728667647100364 0.38568287991073901821 0.45713956788963000522
1048 544 0.38781271895345498235 0.38568334631740297525 0.45714526061268401236
1046 542 0.38778927718317501849 0.38567661270001901697 0.45713981855123397846
1042 538 0.38778113000415598277 0.3857356287165710218 0.45712850992572701125
1072 568 0.3878229060331009892 0.38570039576439701934 0.45711790392934797955
1044 540 0.38778059556800897889 0.38572127339948997227 0.45710384664003700372
1048 544 0.38781114177228898088 0.38571081940861901005 0.45708053255209402099
1045 541 0.38782176120351602444 0.38574009007492998657 0.45709376190243600213
1059 555 0.38785660884779799007 0.38571706371683300851 0.45705762285995199523
1061 557 0.38786111395208600072 0.38571399354966701134 0.45704872858156297966
1037 533 0.38786757187712900263 0.38574863268747100475 0.45702500741046497845
1053 549 0.38787699243584600195 0.3857291117260640001 0.45701022398729201912
1065 561 0.38785785972957298462 0.38571962870903497844 0.45699075609450201529
1059 555 0.3878579174401349805 0.38569327295633998309 0.45698729212401101307
1067 563 0.38786178411533700494 0.38563511160606100958 0.45698897344652400498
1059 555 0.38785400369779998719 0.38564724392230298466 0.45694009225894299808
1068 564 0.38781537251206998906 0.38562193369885300331 0.4569328069397449732
1066 562 0.38774086018459902325 0.38560449605448898769 0.45695737740379699376
1078 574 0.38774598403637999811 0.38558651204827398828 0.45694162878851601883
1079 575 0.38772100699245298783 0.38556517741728801862 0.45693663412461998918
1093 589 0.38769834833486199743 0.38554916808959599495 0.45692156962033697587
1080 576 0.38764644316017499159 0.38553773673920599396 0.45690589271713000219
1068 564 0.38762780875530000735 0.38554834358801098881 0.45689105644912897386
1055 551 0.3876092056288499843 0.3855480132716210262 0.45688639806348602113
1068 564 0.38762287380615800814 0.38554699465010100479 0.45686929466791298404
1080 576 0.38762545969513600985 0.38555768952501801028 0.45684507288572501205
1069 565 0.38761623645878801048 0.38555476024724300022 0.45683037882696497789
1084 580 0.38762499454042098623 0.38555507425820900735 0.45680795324703299398
1102 598 0.38762866530278000665 0.38553630686817197404 0.45679588193370401772
1088 584 0.38757649425639201235 0.38553033426736299516 0.45680171404928099355
1078 574 0.38754443509916397526 0.38551149875605200679 0.45675294022976298258
1069 565 0.38746208900334300207 0.38544169516579701584 0.45673765750248301876
1083 579 0.38749502456646800486 0.38541140753441199829 0.45671864442985599108
1080 576 0.38744489637548501504 0.38538715453979299763 0.45672780498487497436
1073 569 0.38741088273959400912 0.38537956450348198612 0.45672222889961300307
1069 565 0.38736445230260102557 0.38534943681057298726 0.45673659961323598289
1053 549 0.38732305148130902195 0.38534883255775398414 0.45671971146398199215
1064 560 0.38731833731254999842 0.38533106011033602112 0.45672538090348402395
1054 550 0.38728412195877898183 0.38531252391169601434 0.45674008106790897621
1043 539 0.38728665877247397953 0.38530832311057000572 0.45673690003265898785
1049 545 0.38732724330195100748 0.38529980272075797787 0.4567048688222620223
1046 542 0.38731367815543499278 0.38528624098472702419 0.45671564006138298808
1039 535 0.38729840649350100179 0.38530865875811898258 0.45669060214514400897
1063 559 0.38732613797455800464 0.3852854156231130256 0.45666701463550701812
1062 558 0.38730619288337497785 0.38523466827199798201 0.4566301822996630122
1066 562 0.38727740252907399965 0.38520336443401198556 0.45660308689894502088
1072 568 0.38729846975761100802 0.38521786546246600258 0.456588684708710002
1069 565 0.38729297647906502089 0.38522143413643600285 0.45654554373117101074
1054 550 0.38726087315214202667 0.38521634416989097849 0.45652920111481298804
1060 556 0.38729404779447701435 0.38520340050043300195 0.45651707921859602246
1033 529 0.38726422401021998176 0.38524900618065799351 0.45650948991621098649
1035 531 0.38725144735068001145 0.38523128159098202206 0.45650649414710797735
1060 556 0.38732551940958798165 0.38521711681369602553 0.45651473084388799473
1063 559 0.38732841243358501204 0.38519538205657000152 0.45648561901196499369
1074 570 0.38732706706270297881 0.38514567090558798901 0.45645277293297398247
1043 539 0.38726323736865297942 0.38519419943652399851 0.45646370895556498404
1060 556 0.38725769949691002392 0.38518647200990802082 0.45642630453809002189
1062 558 0.38725438791835198327 0.38519103169434498746 0.45642929916616697961
1065 561 0.38720957644528397612 0.38515709110536400228 0.45644086632101898982
1044 540 0.38717381631511499362 0.38517903327463598462 0.45641832391050901618
1039 535 0.38711006070226799958 0.38515974947027298292 0.45641439574837100457
1034 530 0.38710741641905899169 0.3851610754894119748 0.4563905318674300049
1026 522 0.38712119975721798193 0.38518619996677799788 0.45637379164920199859
1026 522 0.3871058209672689765 0.38517494915659000743 0.45638921759352402141
1031 527 0.38711022775280301556 0.38517223188167099002 0.45637650568977300436
1054 550 0.38716188280973901081 0.38514696217314897675 0.45637410226416197379
1048 544 0.38717074662082401337 0.38519580496750599474 0.45635976323589100279
1060 556 0.38720632826110201741 0.38517404564655199906 0.45634702691737299984
1036 532 0.3872002805974830153 0.38518605058581700806 0.45634756349924698871
1053 549 0.38719673444893099035 0.38516289491393901345 0.45634498332242701135
1053 549 0.38720460123270000752 0.38518240110297602419 0.45634822864182500446
1039 535 0.38716062340532397812 0.38518168397482199783 0.45633044551374801756
1048 544 0.38717142847769697722 0.38518123149955502127 0.4563321109402659892
1035 531 0.38715425437180600587 0.38524145064197701238 0.45633953592844700431
1022 518 0.38714607932351302599 0.38523568392781198932 0.45633283027818299926
1026 522 0.38713010348098397806 0.38519842665398001946 0.45631220009871897858
1025 521 0.38713444632506799348 0.38518649859639197963 0.45634564037129798919
1033 529 0.38713493268228899025 0.38520017008212598109 0.45635671024070700863
1015 511 0.38714903155451202421 0.38525637518101202295 0.45638163352347899115
1036 532 0.38718625305577597517 0.38524993487386599567 0.4563986100082950137
1031 527 0.38718338708567501261 0.38523731482250300751 0.45639675598931500611
1019 515 0.38714154898906899538 0.38524671754915201793 0.45640779257433899962
1017 513 0.38715249350533398331 0.38525436997745898804 0.45642272167463798782
1021 517 0.38712947191705199268 0.38528818623854099723 0.45642095131073001646
1028 524 0.38714236724156997349 0.38530737514413199163 0.45641190048657298561
1018 514 0.38714212515087698119 0.38531590302239598911 0.4564079483089880096
1017 513 0.38719463413573601551 0.38533351243352398363 0.45640282058841802337
1005 501 0.38719455653418100027 0.38537079527682499558 0.45641063364262302038
997 493 0.38720581751136701198 0.38538194311280998816 0.45641600061285997336
1020 516 0.38724155432781898201 0.38542584012844299801 0.45644701107491997272
1015 511 0.38723155876797799024 0.38543695820470902369 0.45642927794190302215
1026 522 0.38723895175842099059 0.38544271737518598364 0.45643254065596400304
1028 524 0.38723637324616400068 0.3854364296161409964 0.45640757724587099897
1018 514 0.38723431334991997854 0.38546268818005102741 0.45642808146614799458
1017 513 0.38723595019652801152 0.38545050055494900487 0.45642673807944300624
1013 509 0.3872487507016479924 0.3854627439138009759 0.45643468698879302581
1026 522 0.38724401051132101292 0.38544889184907799029 0.4564365821235940035
1006 502 0.38723591856289202306 0.38546402145465802347 0.45644968592802698248
1012 508 0.38724603141782798499 0.38545042176929700251 0.45642599632754998762
1005 501 0.38724970152486998254 0.38544706440770498679 0.45642404206005199319
1017 513 0.38726417780917998801 0.38543841005861900761 0.45643014292651601371
1031 527 0.38726506968738999559 0.38541228821338502364 0.45642468437535999026
1039 535 0.38727074546107698172 0.38539538379311599758 0.45643297124851600621
1043 539 0.38729677684001900806 0.38541272245239999172 0.45645102714238500186
1027 523 0.38730659432396802311 0.38545134685108500827 0.45640666392060502687
1021 517 0.38729768489941401866 0.38544823371412600954 0.4563645278406899819
1024 520 0.38728289110971597653 0.38541581422164100657 0.45637649445940098314
1016 512 0.38727727040871101627 0.38541129407499602477 0.45635843882648202685
1027 523 0.38732075471576299375 0.38538524383991501487 0.45635302629851498546
1039 535 0.38733830400139701577 0.38538850635222798857 0.45635950987285300862
1024 520 0.38735251084657601472 0.38540764722739201398 0.45633737785481798266
1033 529 0.38739239013005000167 0.38542803044431500625 0.45631453409839600743
1034 530 0.38742088285054498975 0.38543314362199498913 0.45631844353219397359
1023 519 0.38741953167706999483 0.38543753129573898875 0.45632544985866702048
1012 508 0.38743484997765698097 0.38544406120203300592 0.45629956885008698952
1030 526 0.38745405920962300295 0.38542421818243199905 0.45629787679957900526
1039 535 0.38750156269412600052 0.38546083567913702606 0.45631113486878799312
1022 518 0.38748653248477599176 0.38552092953477801185 0.45629028504600899208
1013 509 0.38749247182861201733 0.38557086736800699756 0.45632704272888902075
1006 502 0.38746983293405501403 0.3855811678488090255 0.45633187432390598381
1009 505 0.38753898351433502256 0.38561841261420498617 0.45632957447499900017
1013 509 0.38756164076388599504 0.38560009952295098978 0.4563412606220340062
1010 506 0.38761066902142299329 0.38563828134105998524 0.45631962163100298069
1019 515 0.38763482639523899609 0.38562525811009601417 0.45631561519053398523
1028 524 0.38760703537132701335 0.38561069377224999055 0.45633681607271098235
1019 515 0.38760012289276402075 0.38562012475543000489 0.4563714738522899883
1019 515 0.38761163482886501486 0.3856188295925930265 0.45638419814140002151
1029 525 0.38764172019301601502 0.38561112331921199026 0.45637631742024697967
1021 517 0.38762651672888598364 0.38561509317131198449 0.45638181553420598124
1042 538 0.38767107184278798426 0.38565004404077901645 0.45636802854821700848
1056 552 0.38767587349352200521 0.3856537973322899937 0.45636552292488802296
1056 552 0.38762620413060799862 0.3856497813320439727 0.4563650129008259837
1051 547 0.38762529626583902553 0.38568247565001401167 0.45634238145306699197
1042 538 0.38760890012678600458 0.38568809035737999791 0.45634400308452499617
1036 532 0.38760901050695600878 0.38571287793282399425 0.45635392839236399443
1027 523 0.38760957315996297234 0.3857569687391009805 0.45640219952796901026
1017 513 0.38758826515580002692 0.38575469667501199877 0.45639818085208100351
1020 516 0.3875617944354650124 0.38575484394181197567 0.45639196026195799627
1026 522 0.38756927462739898527 0.38574051445049900577 0.45636453598545700938
1037 533 0.38755935335037600131 0.3857493480583349954 0.45637676641818497592
1037 533 0.38756218600166997268 0.38572746752710501683 0.45638315010938701466
1032 528 0.38752198990950398327 0.38572054368052499651 0.45637792764615997543
1031 527 0.38750467020564999254 0.38571122470725799358 0.45637220959162400069
1014 510 0.38750030600385698687 0.38576733203119301097 0.45636872962105001772
1024 520 0.38753157163968399157 0.38576104796221799553 0.4563713426089610059
1014 510 0.3875043156509609954 0.38577872519649197836 0.45635859530639599768
1022 518 0.38749965654924001246 0.38576398425223301647 0.4563902918812550169
1014 510 0.38747654712574597369 0.38573942104969000111 0.45641531202049800964
1031 527 0.38750339134319300438 0.38572991288279501187 0.45640432098695798979
1035 531 0.3874784886453940258 0.3857107625969020126 0.45642004016741299921
1003 499 0.38745906329396700984 0.38575126932776299116 0.45641948633076401265
1016 512 0.38747977567610797367 0.38575137251446800501 0.45641556228343699297
1025 521 0.38748123522251098905 0.38573624290613400811 0.45641722693989100756
1024 520 0.38748075562334299837 0.38574476932719697908 0.45640139039053601033
1018 514 0.38747822814959798077 0.3857476493770530257 0.45642022873693899321
1026 522 0.38749935568260401864 0.38575987828009900005 0.45642182352050997274
1009 505 0.38747061104664798359 0.38577459584738299503 0.45639685575894900493
1007 503 0.38749504239954601914 0.38576896890722200961 0.45638449980543499551
1031 527 0.38752389825879202112 0.38575929655114199468 0.4563611101855010177
1016 512 0.38751930930750200233 0.38578378051611700306 0.456385795798420979
1020 516 0.38755381013401501988 0.38577941487157502154 0.45635837495114400797
1023 519 0.38757527733638902356 0.38577919100139401731 0.45632258366446598608
1012 508 0.38757066236994902608 0.3857694498943869954 0.45633165700180300384
1019 515 0.38756902413618099512 0.38575047364769599056 0.45634051278889598002
1036 532 0.38759867360866800956 0.38575474736291898159 0.4563635432259660063
1024 520 0.38759393631023997262 0.3857596126362439759 0.45636097569719702438
1028 524 0.38759037158997600159 0.38575464326385200398 0.45639223520564797809
1045 541 0.38761343830642597252 0.38574895040516499201 0.45639579456182899353
1051 547 0.38762629674552201431 0.38576264269050797306 0.45638925732860802231
1056 552 0.38766055885316397234 0.3857705305378980043 0.45638227612431897517
1044 540 0.38766050961217601856 0.3858148335683869723 0.45640083394510899684
1050 546 0.38768240767531497726 0.38579589001608999288 0.45638466092544599517
1033 529 0.38766027895832499972 0.38580053011557902121 0.45639030293159099649
1032 528 0.38764441572467300823 0.38578560325126798336 0.45635451555000400292
1053 549 0.38766938600911898805 0.38573301908939600091 0.45632635970681401094
1031 527 0.38763804954582098405 0.38572613909616698669 0.45631282678828000154
1056 552 0.38767615198281901723 0.3856934088864130139 0.4562985018456929831
1076 572 0.38767213584038201502 0.38567273073965302466 0.45629283242670298781
1085 581 0.38765486554113098849 0.3856577834419839812 0.45627796505986101261
1051 547 0.38760405652815999034 0.38566820029526099889 0.45626267276232201908
1063 559 0.3875931156184619919 0.38565858619990400769 0.45626051358324298812
1064 560 0.38757497628299797388 0.38565162348547199489 0.45625077168575600695
1065 561 0.38753558248186698032 0.38564174140171797456 0.45620750448114000264
1075 571 0.38748964546556802224 0.38560770627712198655 0.45618587710617797271
1076 572 0.38747259463081001885 0.38560058359067400646 0.45618508881363301066
1086 582 0.38747183683034702728 0.38558986774497000516 0.45617992859861500321
1065 561 0.38742531112227401868 0.38558522812960399628 0.4561722814239360102
1051 547 0.38737874710906100573 0.385603200339724006 0.45617282944916898169
1074 570 0.38736441698078399876 0.38555068319671698118 0.45612030769436501254
1058 554 0.38732340249338698124 0.3855446960374350196 0.45612366828485201298
1037 533 0.38732019966214598083 0.38555347922623200985 0.45615354718703798875
1046 542 0.38733184187266500587 0.38553417189672500864 0.45614081719981697249
1011 507 0.38730477103344201906 0.3855341073538379737 0.45614040265061600588
1029 525 0.387365293464560001 0.38551892530201398168 0.45614213572124900908
1035 531 0.38738104564846498334 0.38553546674244698611 0.45614474517768099915
1040 536 0.38735851388701297848 0.3855212270035570099 0.45613288594291800937
1034 530 0.38733498216267198133 0.38553597197249800388 0.45613570493231497816
1015 511 0.38731566542536599584 0.38554315937123401214 0.4561213163671890003
1011 507 0.38730820620380501662 0.38555896292052999064 0.45612310856404297832
1011 507 0.38728768055657897262 0.38558173905790499303 0.45610267055538900038
1056 552 0.38730208055328801953 0.38555498571210899961 0.45607219979277802135
1043 539 0.38728559082339797381 0.38554502647125099557 0.45608626626551002081
1053 549 0.38728279705755197515 0.38553578743961597342 0.45610303467040502756
1053 549 0.38728492783524598453 0.38551550114358601462 0.45609553658016399602
1060 556 0.38729156619349902613 0.38555378613997498549 0.4560873571954769945
1059 555 0.38732326492113600125 0.38557731049633098275 0.45610993601811400389
1020 516 0.38728478908560798333 0.3856223451419449888 0.45611836348883100234
1032 528 0.38729603219625402533 0.38558860054575999632 0.45611832761314902163
1030 526 0.38730303056683701435 0.38557684185271701161 0.45612891179913500617
1048 544 0.38731565827066100072 0.38555626710023399584 0.45614480028385201438
1052 548 0.38728564236609702709 0.38553950514464102595 0.45615289718960799759
1040 536 0.38726326900205199077 0.38557687556026098985 0.4561040926814109997
1047 543 0.38727129561989598328 0.38557817991580600747 0.45610802210058398742
1041 537 0.38725918613148102576 0.38555444294371998826 0.45609685201805599819
1042 538 0.3872369810696379977 0.38554174932887397276 0.45608327911449697556
1031 527 0.38723406722644998501 0.38561002191167198516 0.45606883400651898608
1062 558 0.38728079197252501809 0.38556251339481800722 0.45605532618922400845
1073 569 0.38726665276893601497 0.38552891698321600789 0.45603917096367302397
1063 559 0.38725188123168402532 0.38552533774389702304 0.45599623515717302435
1077 573 0.38725810461447901512 0.38548461211556200867 0.45598328381986702462
1046 542 0.38723469408277999548 0.3855174664218289915 0.45596558455577201885
1028 524 0.38722323258454699468 0.38552138034397398503 0.45597751477513898122
1037 533 0.38723244677670598524 0.38550475591747701554 0.45596952530515000301
1048 544 0.38721997394190399433 0.38551859663570398062 0.45596494164571099716
1071 567 0.38724301407154598786 0.38550556879978398195 0.45592997937959700572
1040 536 0.38722537080047297886 0.3855250097093049777 0.45589701618926498083
1055 551 0.38723045686335699767 0.38554604839340800293 0.45587595791857399297
1029 525 0.38721339931719600536 0.38554504139480499925 0.45589259504351997698
1033 529 0.38719811618646499118 0.38555942791086400545 0.45587922327351099172
1034 530 0.38717786112012297917 0.38555855183778298123 0.45585828439329900696
1049 545 0.38719343470582301414 0.38554113248977800454 0.45586007555578800243
1047 543 0.38718227168292601581 0.38556453530401701979 0.45586289820321401756
1063 559 0.38721730242195201432 0.38558480151508001121 0.45581152598105401097
1050 546 0.38718768149624699371 0.3856023848202639881 0.45577440814454101004
1040 536 0.38714602244189200153 0.38558825379108602194 0.45575557645901998427
1015 511 0.38714875501667900259 0.38560174129527302611 0.45574186126637600269
1015 511 0.38712071899120897855 0.38559688519473100943 0.45575882357081298757
1025 521 0.38712834001749601986 0.38560788240184601383 0.4557216844655420096
1017 513 0.38714579371462998214 0.38562164165167100993 0.4556953712342480256
1026 522 0.38715182318190999311 0.38562182733776900756 0.45570349826669398485
1040 536 0.38715132466623597418 0.38560122978710498209 0.45570109285969101487
1039 535 0.38714935988510101872 0.38559549852107299905 0.45569261408169897676
1017 513 0.38712594003557698752 0.3855840541674300237 0.45570495975701502678
1032 528 0.38714516665088699598 0.38557817409029698785 0.45569310557147901797
1041 537 0.38715282706972897753 0.38555478909473900329 0.45570260785204902421
1043 539 0.38714738878911397757 0.38554914114583999085 0.45571853255300998065
1038 534 0.38716509914004798576 0.38553728495878297755 0.45577527400870398999
1033 529 0.38716267524909797615 0.38555343105903100431 0.45578263132673302316
1030 526 0.38717221968851600611 0.38556713287198002282 0.45578922602380000928
1045 541 0.3871832089784110198 0.38554448611874198027 0.45577135799676798955
1029 525 0.38715915902221398337 0.38557012832725001683 0.45578852316024098812
1041 537 0.38717442343279101502 0.38558317820786697228 0.45576733226343302263
1068 564 0.38720041558449602714 0.38555257586341401543 0.45575089286785597231
1076 572 0.38719770236763501048 0.38553390992224101375 0.45574888778976702097
1095 591 0.38717198371509198296 0.3854927830390579846 0.4557349147292639735
1101 597 0.38713566933061999142 0.3854679351903340101 0.45576175359309301083
1080 576 0.38709795475870401038 0.38547748680968202395 0.45575002360516997379
1081 577 0.38706837137885702349 0.3854669236060220272 0.45573410323152502288
1090 586 0.38708172037460797377 0.38541265499578197806 0.45571061453393302276
1060 556 0.38702708473105701392 0.38543261411122997639 0.45567718998158301957
1045 541 0.38702115414200899401 0.38547202173810901638 0.45568184692634799982
1072 568 0.38703008098726998654 0.3854572284616569755 0.45566701353862598678
1057 553 0.3869968519509570104 0.38549312280160802358 0.45567335826539201449
1035 531 0.38698363429461901664 0.38551985745555200635 0.45567600162608401515
1029 525 0.38698145006302697713 0.38549980543495399044 0.45566870751190702293
1029 525 0.38698595646957101302 0.38550216239394902162 0.45564555657256400334
1000 496 0.38698558333295002276 0.38556988634032302032 0.45564977167416198522
1030 526 0.38703955124121597331 0.38557013794498501413 0.45563219162309598342
1029 525 0.3870401335447800073 0.38559827138948798986 0.45563918810832299
1016 512 0.38702451488973599325 0.38561345756741199908 0.45566457746729899236
1033 529 0.38705684928725997418 0.3856069581690599879 0.45565887513246799978
1044 540 0.38707637623643498248 0.3856183293715559901 0.45568012093578502686
1070 566 0.3870717226280009915 0.38556494383166400874 0.45565719828351697318
1055 551 0.38706088194852500406 0.38559147562768297801 0.45567437863850601687
1060 556 0.3870179544830980034 0.38556029149564302605 0.45566771871753297685
1071 567 0.38698306704188001337 0.38551304492682697544 0.45564761737819098331
1089 585 0.38696971295065701879 0.38545498971157798884 0.45562510075034401424
1088 584 0.38695862019120802477 0.38545204323881399056 0.45563258424718500184
1075 571 0.38693368442828102172 0.3854482039669480109 0.45561043715700300094
1078 574 0.38691092805556598355 0.38544702922456902661 0.45559253865826798702
1081 577 0.38688517330318200615 0.38543218353780400731 0.45561325677348701868
1088 584 0.38686311061342998352 0.38542911851843597582 0.45562055603042500573
1062 558 0.38681156496132901301 0.38545578223661697281 0.455636427551578016
1062 558 0.38681113507763298376 0.38543497242286600679 0.45564147496095497303
1059 555 0.38680268616319901653 0.3854133590294380185 0.45565503668054002651
1061 557 0.38680975588122901154 0.38544147146933099846 0.455648770192294994
1064 560 0.38681785732882401074 0.38543263662828697314 0.45563957925823000972
1058 554 0.38682729728953202386 0.38546704030887402048 0.45563834277155101926
1056 552 0.38683200065953698976 0.38545796986412500518 0.45562742668369898835
1065 561 0.38684832330594498551 0.3854387659344900019 0.45564293978230402393
1057 553 0.38682144545618102338 0.38543058740606600532 0.45563391719112700251
1068 564 0.38682740984184799116 0.38544231445550097837 0.45562192845693499921
1088 584 0.38680291377680398046 0.38541686691295401479 0.45563819449059000943
1057 553 0.38674712013058998306 0.38546615181423199425 0.45563945095078600689
1051 547 0.38676768064273997494 0.38546911508104997335 0.45561424363237401636
1062 558 0.38679397739087800767 0.38547781523093099798 0.45558483386515902236
1049 545 0.3867918072845780153 0.38552378969979600454 0.45557864550857801733
1039 535 0.38675689425869502758 0.3855286818045620123 0.45558500619770897488
1041 537 0.38672891473949100316 0.38550450334534397401 0.45555654417590502048
1043 539 0.38675155895237600667 0.38551836100954001152 0.45556733538012000873
1056 552 0.38675684306090202247 0.38554279392981599672 0.45558666396836100532
1064 560 0.38677423577822100942 0.38555604688256300827 0.45560780220648700034
1069 565 0.38681515763432000599 0.38558627367971298749 0.45563088213951502548
1043 539 0.3868174550634049802 0.38564345235231800579 0.45564565637872600501
1043 539 0.38684871696354100612 0.38566287935433501977 0.45569073216156502637
1011 507 0.38684262788232598451 0.38568788159963801609 0.45570204835562599932
998 494 0.38682366758909597637 0.38568925932671999091 0.45569491013133300861
1014 510 0.38683210306434001602 0.38568857619659902003 0.45568423444012601253
1005 501 0.38684076197818401122 0.3856899137189879756 0.45565612459018600688
1000 496 0.38682851786127697702 0.38570358184053099571 0.45567762979968601256
1003 499 0.38685939410595998611 0.38573126132571800007 0.45567905206748399172
1000 496 0.38686155121711601756 0.38569937510908902656 0.4556719884513609764
998 494 0.38686817263479600371 0.3856860731912929996 0.45565683311646698606
1010 506 0.38690717799573798308 0.38568822042006900563 0.45565895085921398477
1024 520 0.38694088376768098758 0.38567440199437902359 0.45563883916783498584
1021 517 0.38693785115196599467 0.38566052833511998976 0.45565338345090899974
1059 555 0.38695565289142802579 0.3856422642967149983 0.45567129911264797615
1046 542 0.38692318694589100669 0.38562908525303102314 0.45566329398476901336
1052 548 0.38691261140895899517 0.38563237773926301033 0.45566868315807501633
1048 544 0.38688535193095902054 0.38558452657839897837 0.45567300516653802545
1035 531 0.38688278213549498474 0.38557410969650901533 0.45565847797325398361
1051 547 0.38689327573806198135 0.38556847583379200151 0.45566783286462297919
1047 543 0.38687813838796197841 0.38555665867473398745 0.45568334859605702514
1025 521 0.38686266762251597662 0.38556383942510902285 0.45566741137458499633
1053 549 0.38689497716791099169 0.38553427012981100752 0.45566703877492498176
1060 556 0.38688290493572202733 0.38550017989081497571 0.45564124827560198439
1079 575 0.38685857287978198116 0.38546205860151999678 0.45564466842741802033
1067 563 0.38683427591094099451 0.38549884426130498483 0.4556301578005880204
1060 556 0.38681104998316101495 0.38548086301222500571 0.4556153563402249862
1059 555 0.3868074274125130052 0.38547867511685901531 0.45560837240915197377
1066 562 0.38678251007017300234 0.38545137299821097265 0.45559424025144901194
1048 544 0.38676725739556599981 0.38544379964061298294 0.4555958196169869745
1058 554 0.38677652389398198274 0.38541794722307798349 0.45559925619663199647
1041 537 0.38676260529339101524 0.3854225085046880106 0.45557960483949100361
1039 535 0.38675009004819499436 0.38540079366035501218 0.45558099951040398334
1058 554 0.38676314926348398515 0.38538469128851299272 0.45559549145575001239
1049 545 0.38675999967921398381 0.38538787715543798562 0.4555692831519839725
1049 545 0.3867376392636099891 0.38537260959786601155 0.45556909636790698936
1056 552 0.38674166930438902412 0.38535384451498300162 0.45556931006347400892
1059 555 0.38675544942178602392 0.38535233444407601677 0.45554900109530499508
1070 566 0.38675301689785801518 0.38530725069002397243 0.45554471743724500588
1065 561 0.38673458006366401296 0.38530309348345598286 0.45552377114633302302
1063 559 0.38673046404262301223 0.38532572775358797657 0.45554668073582399446
1074 570 0.38674159150655001982 0.385330153769227024 0.45553976518029098974
1073 569 0.38670182458920399071 0.38531134851314802203 0.45552377476131600265
1086 582 0.38666221773696102249 0.3852638159993400091 0.45550747975140598589
1079 575 0.38664013147519998848 0.38524279863614202535 0.45554987035925997851
1050 546 0.38663778625750999662 0.38529974312543102677 0.45557318892163900514
1035 531 0.38664925824705298485 0.38533749613270601442 0.45557794346536301111
1037 533 0.38666973060962800401 0.38532602091123802079 0.45556571310576898792
1064 560 0.38666884858108602208 0.38530976488657497914 0.45554772579077301708
1055 551 0.38663610393687697364 0.38529144811034898854 0.45554608692145398541
1052 548 0.38662304865538099641 0.38528309747268901786 0.45554037193214197421
1049 545 0.3865767144604410066 0.38527804276344301826 0.45552349399676300701
1049 545 0.38658860199552802506 0.38529788208919002468 0.45553577785628801555
1033 529 0.38655294160877801124 0.38530615467519802042 0.45554564416164000651
1025 521 0.38654134349839197604 0.38533871667639302272 0.45552592943656999847
1033 529 0.38655799985710798117 0.38533518378231601531 0.45554972175338298568
1030 526 0.38655762237844298879 0.38534457171723701663 0.45554553153823101885
1047 543 0.38657913931335502467 0.38531014425701498594 0.45552375019325602734
1052 548 0.38659580269859900037 0.38533070316620599005 0.45551449052598802503
1041 537 0.38657331589892501844 0.38533384712476698164 0.45551792933210499825
1036 532 0.38656056309159797513 0.38532086058698400421 0.4555255322212889979
1052 548 0.38655983336415900009 0.38530128619535297663 0.45556767356809402258
1021 517 0.38652357080555099778 0.38532676515345998247 0.455590605643981017
1017 513 0.38652477635711002257 0.38531097964172800197 0.45556922915734199275
1029 525 0.38652960165380001456 0.38528521938042997741 0.45556924896389400237
1018 514 0.38653744760053798668 0.38529841783618301587 0.45556691568833002082
1031 527 0.38650887635600800207 0.38526388848924497665 0.45558701443550297938
1012 508 0.38652371344608399406 0.38531801493495398958 0.45560235756736000567
1011 507 0.38653480925992600437 0.38529929852621602748 0.45561707074825702479
1019 515 0.38654132030130400333 0.38527979584827898307 0.45560799153894199209
1027 523 0.38655739837297797834 0.38528996934442599764 0.45561893442638301543
1024 520 0.38655667551383099401 0.38531193924951201435 0.45562511639841501987
1008 504 0.38652774349346802341 0.38531330405077002244 0.45561809816889697888
1024 520 0.3865501267180119771 0.38530990093251998863 0.45558601746327198612
1039 535 0.38655719497727697442 0.3853048827962899936 0.45558510223438497544
1033 529 0.38657109663399197297 0.38534016473082499665 0.45557202214747999358
1026 522 0.38657025864202898546 0.38533727381037702342 0.45558541017594000877
1018 514 0.38656230493589199826 0.38533381693726398431 0.45558600990708997269
1025 521 0.38657765721078402033 0.3853357809937230094 0.45557161467557300005
1023 519 0.38656288236731001229 0.38533494110484700634 0.45560013109207797566
1016 512 0.38658955592281701863 0.38538145838783000041 0.45556821270863101514
1019 515 0.38660568948043699811 0.38535768464315400816 0.45558540948916698143
1035 531 0.38665423823244299273 0.38536872607713501537 0.45558474398726900301
1018 514 0.38666184989643098691 0.38539817070553400447 0.4555687196131549821
1036 532 0.38667711881570898669 0.38538477608684301723 0.45555997427899497243
1021 517 0.38662622910168098489 0.38542018398657201805 0.45554751203565702067
1020 516 0.38665118111556101566 0.38541071014505501324 0.45555940994278698586
1044 540 0.38668402875969098975 0.38541537954511800868 0.45553708357438599252
1059 555 0.38667866786579202509 0.38538617080839498996 0.45552756440910102675
1058 554 0.38668109308280701475 0.38540884642578099317 0.45552422224766397907
1031 527 0.38662865361795201169 0.38543446588745700065 0.45551724093520501446
1033 529 0.38660509624343397661 0.38540155357158500937 0.45554721501649697579
1071 567 0.38663499790856298288 0.38540407501126600076 0.45553817142916097627
1071 567 0.38662671478564697436 0.38542628500978398653 0.45554337444613002273
1076 572 0.3866123297907130274 0.38544830927434997614 0.45555659611203702664
1066 562 0.38662782511989901568 0.38544671171510902496 0.45557055618961400656
1069 565 0.38662928275491498242 0.38545210648422800759 0.45557443297219901712
1060 556 0.38662034125266098172 0.38545213602740002745 0.45558123603432199022
1059 555 0.38660211289997198358 0.38545989133809999139 0.45556067411358597274
1029 525 0.3865847897958950008 0.38550415068594201529 0.45555862471072500197
1019 515 0.38657085477816699459 0.38549374677537501244 0.45559072848808801481
1024 520 0.38660515504044301593 0.38550023475517597449 0.45558204967354898329
1026 522 0.38661542343107102582 0.38550711333036097317 0.45556829088920097748
1011 507 0.38659952675946401834 0.38550259291722899224 0.45557749511403999865
1023 519 0.38660747694378799766 0.3854836245087719937 0.4555851718140889739
1040 536 0.38661789469837198885 0.38548390380875602323 0.45560070828869697612
1023 519 0.38661080633008099161 0.38550211498399999943 0.45559019772288200656
1026 522 0.38658482987689801735 0.38549570778804198579 0.45558306530354897301
1032 528 0.38658417073208800607 0.38550204006873400875 0.45556179975225197243
1026 522 0.38656016563721301571 0.38548117229076900303 0.4555498095993459895
1035 531 0.38656811035504001772 0.38545131620580902476 0.4555468784715779873
1038 534 0.3865937190357670028 0.38546714030973100451 0.45554512113040102061
1050 546 0.38660710215519500377 0.38546156711497897573 0.45552820442523200839
1035 531 0.38656225718750797382 0.38545344037180501173 0.4555403608779309832
1034 530 0.38655294263364597951 0.38542681645870902063 0.45554466305383201075
1029 525 0.38655995388939601298 0.38541887968176702373 0.45553287014535398525
1038 534 0.38654179919211800742 0.3854118218024270015 0.45554095266709299095
1028 524 0.38652763400311401787 0.38540216789885101134 0.45554273174139697788
1029 525 0.38655220445638899252 0.38537717035047397429 0.45555586436149597684
1055 551 0.38660274773950298322 0.38536290017309898781 0.4555453712184899806
1042 538 0.38658770161192901327 0.38538336644349702187 0.45552995624226499949
1042 538 0.38658120411432500552 0.38538735011455199642 0.45550503369187600455
1037 533 0.38656447817070899164 0.38536746265853899507 0.45549872154934401003
1036 532 0.38658100350571600323 0.38535614442454702022 0.45549923494870597773
1025 521 0.38656865012624197497 0.38535471524357600703 0.45552595247536697975
1020 516 0.38655641651745598075 0.38533643274389600686 0.45551906685006099407
1033 529 0.38657580611855801855 0.38533462589310901736 0.45551424283275898652
1006 502 0.38654996147929199246 0.38535405126512400908 0.45552035494219700329
1035 531 0.38658250323415599414 0.38530784646582799668 0.45553207969682801837
1047 543 0.38658890812984397778 0.3852975753297219752 0.4555333067345480047
1048 544 0.38658170970771899011 0.38529156834061001335 0.45552960116699997561
1047 543 0.38658230129154502741 0.38529650324344799639 0.45552447832807602124
1038 534 0.38657278286982599269 0.38532188132414002535 0.45552385794627597848
1052 548 0.38660197135611001906 0.3853004565469739795 0.45552700644362997817
1059 555 0.38662549589694700236 0.38529865924315698233 0.45550435650491999384
1048 544 0.38660235236450801732 0.38532882168491200403 0.45551872323454201119
1053 549 0.38657667884981999906 0.38532130699022298925 0.45551504067878201276
1048 544 0.3865367065115060119 0.38529361880341300717 0.45550331699538398889
1057 553 0.38650453503342302453 0.385273464665873977 0.45550727187150402697
1035 531 0.38650100487774202707 0.38528798511214901179 0.45551673748621601678
1045 541 0.38652473443610402271 0.38528565311249501901 0.45552349053443602633
1044 540 0.38652322616656498155 0.38528352868780102458 0.45550259134401799299
1042 538 0.38651850194432302299 0.38526819904221798474 0.45550479665341098157
1033 529 0.38652988004157601276 0.38528156816261799333 0.45550212220304298061
1034 530 0.38653440270060202 0.38526621634949498318 0.45551274562142801683
1042 538 0.38654090016754000247 0.38525265561306099027 0.45554339712107300153
1043 539 0.38656366634744898647 0.38529290664295801072 0.45554798354956299589
1052 548 0.3865750321562119729 0.38528848918627800479 0.4555632606826490183
1048 544 0.38654804481907900637 0.38528655445851400785 0.4555712043475950157
1062 558 0.38652125916333002209 0.38526599353181101293 0.45556458647156300446
1062 558 0.38652649805111199965 0.38527585805778402639 0.45557005693454899475
1047 543 0.38650067118312197989 0.38525354282326701449 0.45556391554266101318
1044 540 0.38651457202904898613 0.38526036415301301297 0.4555484375226250271
1049 545 0.38648428433770398716 0.38524612432202398615 0.45554837330139402729
1045 541 0.38645386868314901552 0.38522350594859500195 0.455537219482227973
1048 544 0.38646294670503700264 0.38523831958878901327 0.45552572292632698137
1057 553 0.38648562064026598106 0.38525101379155901604 0.45553478789168500018
1040 536 0.38649103967275200144 0.38525722985412097499 0.45553203372784800695
1034 530 0.38647059981788201011 0.38525324745574401897 0.45553365040974902467
1026 522 0.38646835539475699051 0.38526098745531600631 0.45553718031228901397
1024 520 0.38646516350524401373 0.38524922727278598789 0.45553914691420499539
1026 522 0.38644779097128800771 0.38523051213903197754 0.45552834799492897266
1007 503 0.386423912615451004 0.38523883555139998291 0.45553027761026898546
1007 503 0.38642967936917999028 0.38523203954653600922 0.45553053947469202001
1001 497 0.38642936159575902444 0.38522730338830801777 0.45552759501073397663
988 484 0.38644214056402897972 0.38521216696763299625 0.4555372626759159882
996 492 0.38645406613127797346 0.38519106446785100761 0.45552728855375801409
1005 501 0.38647671844603598279 0.38519336421321198616 0.45552933507754000964
1025 521 0.38649321920160700783 0.38518059966531098537 0.45551348677226599637
1019 515 0.38645756403327202744 0.38517743260596798427 0.45552504240374802613
1010 506 0.38645967499410599499 0.38519570274984599179 0.45550942034690400373
1022 518 0.38648510014561199277 0.38518220007721498677 0.45550748019891501572
1035 531 0.3865204251507740052 0.38518091816117300263 0.45551443194393897995
1050 546 0.38657106401363600101 0.38520235162006899454 0.45553535918223497792
1054 550 0.3865716472993919739 0.38522507850347798009 0.45556016445587199648
1039 535 0.38656127637810300257 0.38523705452440398789 0.45555357761150899742
1042 538 0.38656481262675201904 0.38524813714414501975 0.45554882677506097766
1040 536 0.38657288535627598591 0.38523275650088900646 0.4555463277766280128
1023 519 0.38657183305428099995 0.38522598766914700752 0.45554150607405402562
1042 538 0.38662420382071599478 0.38521046146124798826 0.4555324875603640189
1041 537 0.38664000563577899383 0.38522298624899398156 0.45555520441025598721
1053 549 0.38664105733110898377 0.38518638990679898715 0.45554243621271900411
1056 552 0.38663790279237697511 0.38517314573258498722 0.4555472729827749756
1035 531 0.38662010258555201681 0.38520339513038398538 0.455524926230228
1033 529 0.38661311784444202244 0.38520770991995600951 0.45552211586675500632
1061 557 0.3866308502434649963 0.38517531964261597643 0.45551591504487998208
1047 543 0.38658975265095202323 0.38516155886302499978 0.45549696369214098812
1034 530 0.38658566679637601515 0.38515990790449700087 0.45549022123506599513
1036 532 0.38660025629152899862 0.38517612595317501922 0.45546359378271500384
1035 531 0.38657033779445598709 0.38519143015104001515 0.45546600062567599299
1014 510 0.38654891960457998801 0.38522526176432297929 0.45546554546662598728
1020 516 0.38655752184532599092 0.38524346900716999187 0.45545654326299200854
1045 541 0.38658808038280301211 0.38525831468384602596 0.45545953604055799957
1055 551 0.38658520419751901676 0.38525907840827999795 0.45548209539099798748
1044 540 0.38655972252237297271 0.38526461831857899965 0.45547967495298702367
1030 526 0.38654351656511698465 0.38528662696275700617 0.4554817539872659804
1037 533 0.38656040336979402561 0.38530602621717602307 0.45546906226017702668
1026 522 0.38657636148905799578 0.38532502722793299244 0.455463341506121
1012 508 0.38659442054836601343 0.38536820960270301573 0.45547427175188798243
1022 518 0.38658549763964700219 0.38535080030166501963 0.45549520536367699153
1038 534 0.38660554642125799507 0.38533596382500201472 0.45548666179031499501
1044 540 0.3866213804607619986 0.38532057278456899319 0.45549253107894799308
1067 563 0.38662214412840301136 0.3852928837685090091 0.45550973505621300541
1042 538 0.38658377355233697337 0.38529116525904999468 0.45551711488750001866
1039 535 0.38658908881852599437 0.38529333598208798106 0.45550345395982799745
1018 514 0.38655942797430298263 0.38529899477555301646 0.45551060286176597858
1018 514 0.38656816719626502232 0.38531035076383601812 0.45551384669085998036
1023 519 0.38658912894258901094 0.38531178226413997923 0.45551096260914697433
1016 512 0.38659079616159597315 0.38532627259237300921 0.45549568025339398636
1001 497 0.38658539787949902644 0.38534271623471599844 0.45548568186514298839
1012 508 0.38659734781333898734 0.38537242925899400925 0.45547990173437502559
1026 522 0.3865887447116870268 0.38536430662899401334 0.45548617689039599954
1017 513 0.3866064875263640066 0.38539869405560900351 0.45549774424561501052
1007 503 0.38659226658191497839 0.38540443601785900896 0.45548582207143500922
1007 503 0.38661426881339200357 0.38540414582909399144 0.45548188265949401954
1006 502 0.3866064971634700087 0.38541413910643201879 0.45547838422540498637
1034 530 0.38663870880224199267 0.38539977651414497606 0.45547643373714902237
1029 525 0.38661927322574801691 0.38539659306022000518 0.45547315456530401701
1030 526 0.38662101096262502242 0.3853856967799579869 0.45548244233221302224
1015 511 0.38659436626311299845 0.38539360240263398349 0.45548559602811200531
1008 504 0.38659083524361798068 0.38539915044508998854 0.45549938889032598466
1009 505 0.38659678963794197326 0.38540982712715599057 0.45552705447841801423
1025 521 0.38661060112434297853 0.38536997905776998463 0.45552022357464799773
1058 554 0.38663955150998902122 0.38533437186956698284 0.45554627671806902089
1051 547 0.386631332370189984 0.38532155675922097338 0.45554696628308299911
1061 557 0.38664771786691998212 0.38532878059762798451 0.45556015664692101064
1036 532 0.38661602852912302364 0.3853450802074330217 0.45556029839644701651
1046 542 0.38660916309539899993 0.38535178532111402649 0.45556977536971798859
1038 534 0.38657467509385601279 0.38536153537360900989 0.45555951852253001588
1046 542 0.38660344644472000031 0.385387617199678012 0.4555680274391810114
1042 538 0.38658663661519399035 0.38538461356991499107 0.45556754843793001442
1039 535 0.38657901557365098588 0.3853756477590620233 0.45556403058975397657
1025 521 0.38655084230810399237 0.38539569039941101725 0.45553857627720001355
1043 539 0.38653858372876098715 0.38536899986727402023 0.4555209757390339953
1053 549 0.38653885050027397829 0.3853727508836830018 0.45553633421541001036
1040 536 0.3865153538041650183 0.38538590319880799973 0.45554287999193698866
1048 544 0.38652978763299500331 0.38538401161743701673 0.45555756676713599074
1034 530 0.38650877126989402477 0.38541466049654599102 0.4555476721315370181
1042 538 0.38649215593247399081 0.38538441495551700733 0.45553511534836499397
1031 527 0.38647758771818602197 0.38538993182378300517 0.45552533766289998729
1042 538 0.38650101132168801499 0.38539996060797099275 0.45553029352497298454
1057 553 0.38649736252731997643 0.38537536439642400277 0.45551969662825797514
1064 560 0.38650302440030098738 0.38538068260238600438 0.45549966327941299182
1068 564 0.38649617875875402762 0.38539138331671002335 0.45549702673543202014
1067 563 0.38649918057033499919 0.38538927926404797919 0.45547671554953700346
1042 538 0.38648466141465398493 0.38541759202457098743 0.45546351130882800629
1062 558 0.38650401302010700677 0.38540167473415098964 0.45548114485182700228
1037 533 0.38648027352092501063 0.38543065222935701808 0.45546606933001099193
1026 522 0.38646902407075400809 0.38542405630347298384 0.45546902720920900975
1031 527 0.38645794479581702108 0.38539110965906697714 0.45547091897387598225
1046 542 0.38647419529106802338 0.38538204431260597582 0.45546329782095801297
1056 552 0.38646704077028298796 0.3853593991679279962 0.45545978015881499745
1047 543 0.38645105891735398451 0.38537041908800800938 0.45545926483104898219
1040 536 0.38644640938368002292 0.38538716950486601176 0.45546031690559102278
1046 542 0.38642729138442699632 0.38538158849377301962 0.45546926703034001926
1055 551 0.38641352700456399472 0.38537618312571997325 0.45546479878407597486
1054 550 0.38640990818357001668 0.3854095519521950064 0.45545475773036997458
1028 524 0.38641557941248499963 0.38545016357041600452 0.45544871720395502246
1038 534 0.38642298255532897544 0.3853937537695820148 0.45544472885956299724
1050 546 0.38645834781833898752 0.38539383946723099195 0.45543460235568200556
1047 543 0.38644655129591498621 0.38539588069837299456 0.45542103323289900851
1051 547 0.38645134257229901698 0.3853991740179940062 0.45540378685505700229
1046 542 0.38646223042715899254 0.38540439312584801046 0.45538172295656698108
1042 538 0.38641708385754297561 0.38536015454109301404 0.45534999421444499745
1055 551 0.38640822920019901598 0.38532986191307599944 0.45534236881215300885
1057 553 0.38636626094097398232 0.38531864149738098702 0.45533433951396401485
1040 536 0.38635177995081798619 0.38532531751020199229 0.4553486969984659738
1042 538 0.38637223508912699188 0.38533109594295700262 0.45534573335173900155
1038 534 0.38637285915780600343 0.38532285745832700607 0.45533625292406498808
1042 538 0.3863934887098949833 0.38533487031611501905 0.45531975242540601023
1033 529 0.38639080374965401043 0.38531706350397598726 0.45531793286258198661
1004 500 0.38635913725942899744 0.38535278987262400197 0.45532262355369601536
1028 524 0.38637623616520799796 0.38536763876557200703 0.45532228360905202535
1048 544 0.38639320970819801548 0.38536670646141901742 0.45532695659123600951
1041 537 0.38638473273935197705 0.38535100665189597757 0.45532800927097799581
1059 555 0.38639406109196899886 0.3853382163049959841 0.45533154456451302439
1069 565 0.38638121312312201372 0.385314507072740009 0.45533661476500297827
1049 545 0.3863378340247139997 0.38530966871279997976 0.45535026634491498898
1072 568 0.38633618387638901659 0.38531337805978499444 0.45534991178449502058
1059 555 0.38631886156125999632 0.38532286756931100058 0.45535714285662098888
1051 547 0.38631139358661698013 0.38531132728109201979 0.45535335757823597325
1069 565 0.38632270937213497586 0.3853076141007309996 0.45534799193308800325
1052 548 0.38627720467247800284 0.3853165657782030018 0.45534461486995797541
1045 541 0.38628525194813101429 0.38532882292443398908 0.45533479742816201918
1034 530 0.3862733587479270092 0.3853408766206399827 0.4553292772426190127
1034 530 0.38628275048023097415 0.38535258116235099335 0.45532457976420298573
1049 545 0.38629358120430001833 0.38534904589694901622 0.4553221323693810163
1035 531 0.38631191539148701519 0.38540164308447000252 0.45531567186781102263
1043 539 0.38631950774752399358 0.38539065226079199933 0.4553248907026640202
1032 528 0.38630219353398898008 0.3854121315584539964 0.4553241453205479905
1031 527 0.38628236092085299624 0.38539943773804902216 0.4553411829035949876
1031 527 0.38627739152503798303 0.38540900552083900976 0.45532881006195602414
1047 543 0.38627584278133197948 0.38540753974036401353 0.45534336551408599592
1044 540 0.38627868453793101633 0.38543701907570498966 0.45533526980529698269
1049 545 0.38625860937366202075 0.38546040680945697909 0.45531703524481798029
1055 551 0.38627166613243502091 0.38546379126522001268 0.45531141939213898295
1062 558 0.38627898430642698679 0.38545302596321101563 0.45530466531664798291
1052 548 0.38625012752267401384 0.38544555758728998862 0.45530011539575099277
1030 526 0.38624504065947901088 0.38547157827794398255 0.45529546915862501022
1029 525 0.38623368094390397864 0.38546989557788602365 0.45529101218671397255
1038 534 0.38624106316295298003 0.38546696181880402143 0.45528865105816601622
1046 542 0.386252745536709019 0.38544959646286297561 0.45527400509162002651
1043 539 0.38625259716536097798 0.38545141796531401379 0.45526728750283701475
1043 539 0.38623653581436701021 0.38545323753939397804 0.45525587054279698096
1046 542 0.38623871442614399196 0.38545519492764102054 0.4552506492532670257
1038 534 0.38622591645458997922 0.38545919577670201273 0.455246589360596976
1034 530 0.38623404159248797551 0.3854663451107709915 0.45523880913731701314
1048 544 0.38624887285755998834 0.38546048711704600231 0.45523770624926102046
1050 546 0.38625543832051101312 0.38545428298739897732 0.45523515694368699158
1060 556 0.38625652711296898367 0.38545069263543202398 0.4552190024518820155
1040 536 0.3862360277512160156 0.38548871875434198575 0.45520909480993498875
1043 539 0.38622966599633801188 0.38551945916887997434 0.45519275474025799877
1051 547 0.38622965115538898662 0.38553747746403799201 0.45517830339993298194
1044 540 0.3862412112218109872 0.38553829335849798543 0.4551829689991719885
1015 511 0.38620667977749101318 0.38555454643464098785 0.45519148897858802139
1032 528 0.38620468370220700782 0.38555459437511002685 0.45518111318736798054
1040 536 0.38620513349422497251 0.38554265567720097385 0.45519536214131001151
1037 533 0.38618627771689900685 0.38555598699023102549 0.45520804698888100992
1049 545 0.38620135105991498792 0.38557741271816498019 0.45523306080151898501
1048 544 0.38619854450454299544 0.38558325467434301226 0.45522809597194602294
1050 546 0.3861805442134749744 0.38558703909025898726 0.455234547046676985
1052 548 0.38618877796199801988 0.38559114210570799575 0.45523589457629998201
1036 532 0.38618445751384100628 0.38561519505170199773 0.45522849818741600858
1048 544 0.38616755888684300979 0.38559677502257100334 0.45522404750404799056
1048 544 0.38619171869089602422 0.3856273448006650173 0.45522754223929301487
1058 554 0.38618309661127797616 0.38560616386997098592 0.45522959924525702169
1045 541 0.38617093144240000058 0.38561471135313601932 0.45523814414753799307
1032 528 0.38617468597483800563 0.38564521961085101998 0.45522873519689499577
1014 510 0.38617762148280099233 0.38566450881717101451 0.45522542023339401807
1016 512 0.38617782120742399909 0.38565278362932997602 0.4552137830488739989
1018 514 0.38618691975432800634 0.38564826574955002325 0.45522210996339101952
1005 501 0.38619948944562598747 0.38563768193311898091 0.4552062505283119842
1016 512 0.38625418097279401453 0.38565883709147197322 0.45520588657411098499
1028 524 0.3862864479319360056 0.3856570568063790172 0.45520612079172700914
1046 542 0.38629966078732197454 0.38563920839713100586 0.45519838350017499673
1042 538 0.38630251877011001493 0.38564873962564200083 0.45516801649289201359
1049 545 0.38630159465744801084 0.3856377663180470261 0.45517240613615200795
1053 549 0.38629976684518202434 0.38564456094395099806 0.45517276579451898533
1049 545 0.38631485448011998463 0.38565949508240598975 0.45517887639402099254
1047 543 0.38631427704769699671 0.38564404066653001912 0.45516160531255900334
1027 523 0.38629871466006499015 0.38565006524827799561 0.45516278760570400008
1037 533 0.38632855518957098795 0.3856513363291649843 0.45518560837512400674
1043 539 0.38633967585211498319 0.38566493228757398049 0.45520123756738301024
1053 549 0.38633100517234497673 0.38566353593763502694 0.45520148108119901087
1059 555 0.38633543937642900179 0.38567641720212697543 0.4551923784759219771
1051 547 0.38632723036307498043 0.38568707518984202132 0.45520214930651797802
1058 554 0.38634003056339599746 0.38568223176183802359 0.45519315550765099276
1067 563 0.38632872334478701726 0.38567269339946702589 0.45520492409228602293
1071 567 0.38633555148698700554 0.38568724435907297821 0.45520956829047298786
1081 577 0.38633842008315599781 0.38569141687786201445 0.45520650772080401003
1069 565 0.38633633303177999929 0.38570081141628698163 0.45519512281053597924
1070 566 0.38631900477777897374 0.38569178753452998398 0.45518914145868100141
1044 540 0.38631917671436399875 0.38569601556619698135 0.45518069345830902694
1047 543 0.38631600683543598773 0.38570356827692198198 0.45517344533735498713
1045 541 0.38630849790788202025 0.38570841148537199361 0.45517298991776400374
1039 535 0.38630618532184801683 0.38572470902548899874 0.45518713499068902406
1041 537 0.38629545155404598766 0.38572599014546399276 0.4551818867554919823
1052 548 0.38631362062078300479 0.38571779830608399209 0.45518920722102301779
1054 550 0.38629169523482898008 0.38572058620158600206 0.45518428175909397826
1048 544 0.38627745472294300333 0.38572572067591598399 0.4551982838089270178
1078 574 0.38631942636120597534 0.38573191501402698256 0.45519223985067902571
1074 570 0.38628600170493099242 0.38571682071127699754 0.45520622208448702217
1075 571 0.3862751655106840265 0.38570915587857201867 0.45521560747930800428
1106 602 0.38625873491851897557 0.38564797692457297718 0.45520082952464702153
1075 571 0.38621636727159802671 0.38566016937205699344 0.45519531062057000392
1089 585 0.3862281002258740048 0.38564667562845400539 0.45516594119242598238
1059 555 0.38618935871292098261 0.38562652650075501803 0.45516075558680002544
1039 535 0.38618836074709100847 0.38564760029085198845 0.45515199273493600618
1052 548 0.38620673128160498688 0.38564972515698298094 0.45514532308756999734
1053 549 0.38622478084893502315 0.38566088431877698639 0.45514956323734401256
1019 515 0.3862265284262049736 0.38568573302938402581 0.45515180771155200334
1025 521 0.38623994500940500574 0.38568132851951897333 0.45515610825430902198
1043 539 0.3862510353455039791 0.38569471994899201528 0.45516417923394397738
1032 528 0.38624516818644100136 0.38571055495019401782 0.45517470946974697421
1024 520 0.38622924190385699017 0.38571733087316500965 0.45516329608081201874
1040 536 0.38623351029342600782 0.38570639720600902178 0.45517757716113899091
1047 543 0.3862132245272060227 0.38569463668300202341 0.45516706596791900452
1040 536 0.38619418759604501323 0.38569858705813397926 0.45517194967425400609
1026 522 0.3861907713102230022 0.38568058150984901866 0.45517387271524001324
1034 530 0.38620858438543897995 0.38567632352378999894 0.45518506591673701944
1021 517 0.38620477663421898251 0.38568758726468499454 0.45518293640982898651
1020 516 0.38620810516598602646 0.3856824943489999824 0.45516673706506499686
1030 526 0.38622356965762999481 0.38565822642177799429 0.45517329470984602136
1045 541 0.38623685660787299145 0.3856343546057169891 0.45516980233854997806
1040 536 0.3862141513277019822 0.38561527379308402352 0.45518807480770201446
1042 538 0.38620549698858097631 0.38560676982466701723 0.45521237941412701078
1036 532 0.38622616876798099295 0.38560488523670799488 0.45522319543093398009
1049 545 0.38624437902281499868 0.38559704554697199486 0.45521399538979601118
1048 544 0.38622298195875798266 0.385569787470188996 0.45520322738263302442
1049 545 0.38622261672816998734 0.38557094254139401279 0.45518884964769101842
1035 531 0.38622180685811802192 0.38559233408072202121 0.45517957163146999244
1025 521 0.38621160203787702203 0.38558817951331497698 0.45515756411091201628
1010 506 0.38620532391289502661 0.38560787844501998034 0.45516094305042997803
1001 497 0.38620916536318500301 0.38558823086129700997 0.45513274355278099392
1016 512 0.3862160855307880114 0.38557151309690601559 0.45512205613457901165
1008 504 0.38619307613249298505 0.38557183438944597764 0.45511988916557999385
1013 509 0.38619702164025199176 0.38557117157309800382 0.455105219623320012
1012 508 0.38620754761428499613 0.38558005851412902043 0.45509702092614101598
1026 522 0.38623668088290302736 0.38560270013701297698 0.45511935229400501957
1035 531 0.38622701233712497526 0.38559723944860702094 0.45511300443860802645
1041 537 0.38622329317186299136 0.38558679515116101033 0.4551224605300029924
1021 517 0.38620366326631400122 0.38560539154658501904 0.45514738023967499236
1021 517 0.38621994090265299171 0.3856145718170519987 0.45514287396951902398
1034 530 0.38620879896249299401 0.38559327477659199879 0.45515959997211402621
1061 557 0.38623112828409300601 0.3855598310161970077 0.45516549391396698976
1049 545 0.38622158423288399653 0.3855482502098520059 0.45518432194280500358
1052 548 0.38622462377239502596 0.38554608340162599411 0.4551691342650309724
1028 524 0.38621790426196400681 0.38556379026266102139 0.45517948498813898262
1038 534 0.38621986956012799297 0.38554391808849697298 0.45519728183024299462
1033 529 0.38623065297522402028 0.38556657027224500167 0.45521206521620999341
1035 531 0.38622965628386501935 0.3855509577228239948 0.45520889648056800381
1047 543 0.38623669377338598618 0.38554263103054398076 0.45520338554911798923
1041 537 0.38622631510536797883 0.38553554534602402226 0.45519414326705298635
1044 540 0.38620328794896402469 0.38552867240309501851 0.45520155520681998551
1032 528 0.38619622315726198636 0.38553929654576601926 0.455193864108425994
1040 536 0.38619442626491301551 0.38551917799394702646 0.45519911857306799563
1031 527 0.38621632871417099775 0.38554091347768698617 0.4552142348446989728
1047 543 0.38623729950272800426 0.38556270308210999209 0.45521397049557599246
1041 537 0.38621374340442099493 0.38554813112415897702 0.45520792962251999114
1056 552 0.38621175113562200565 0.38551955895414097286 0.45521066254572101206
1070 566 0.38619849334000200258 0.3854965881306319786 0.4552147382417089938
1047 543 0.38618023932990297453 0.3855094653304320107 0.45519550253480101087
1049 545 0.38615598909298598507 0.38548619221239199817 0.45518955636102698126
1052 548 0.38615908023327100151 0.38549390300658098463 0.45518689599473999285
1029 525 0.38613894886348099078 0.38551461729432201508 0.4551838516227589837
1026 522 0.38612681087351902187 0.38548791223592798749 0.45520034019386101942
1024 520 0.38613643853592999333 0.38548009466663302192 0.45518385419757301236
1024 520 0.38616491375424399912 0.38548285497992801352 0.45517871767050899212
1015 511 0.38617633092304898268 0.38549652994098199121 0.45517827721636699989
1029 525 0.38618476979105198499 0.38547821055795400413 0.45516920338875999086
1031 527 0.38616852615430302675 0.38546136036911099465 0.45517904223092997551
1038 534 0.38620272582371900638 0.38546249931367498887 0.45518015880499901327
1061 557 0.38619624989124901049 0.38541440470813498331 0.45518603455060102636
1051 547 0.38620341230749499761 0.38542922162673198816 0.45519631336357602169
1070 566 0.38622081121542300997 0.38542653878635502185 0.45520057018461002052
1073 569 0.38622274745898199644 0.38542662159065699257 0.4552183840313400176
1073 569 0.38620811406008598299 0.38541484771198797343 0.4552128851093950046
1077 573 0.38620314475631700724 0.38543839580027999814 0.4552027951735579947
1082 578 0.38617665150158597687 0.38541471811529798286 0.45518132537666999848
1061 557 0.38617941621349999304 0.38542393103425298673 0.45519255990115498056
1061 557 0.38618055832191500176 0.38541251159839001739 0.45519193411737701727
1045 541 0.3861675033792330014 0.38543098329031399985 0.45519959889270300568
1039 535 0.38615512577883198686 0.3854178026450090222 0.45521764518979501712
1030 526 0.38614837911161398187 0.38540444012126201523 0.45522969060537099573
1006 502 0.38612889520407900346 0.38542511139100898987 0.45520782713560598021
1006 502 0.38611508563984497933 0.38541084346097698177 0.4552070935922830075
1003 499 0.3861188238040970111 0.38540993108967097625 0.45520636843604900257
1018 514 0.38614304132516802381 0.38542254905571099455 0.45520366154689800853
1013 509 0.38614419709068997788 0.38542082565907598291 0.45519619237088898567
1022 518 0.38617482278009301888 0.38543951796475500737 0.45519244871433900412
1031 527 0.38617624968625102744 0.38542897832788597379 0.45519305740828902573
1029 525 0.38618810105597001225 0.38544138548440998182 0.45518940528331697237
1044 540 0.38621031725276200319 0.38545847483710898862 0.45520243723558601046
1046 542 0.38621446708092899147 0.38545161135552097331 0.45520958208627698705
1038 534 0.38622608000352598445 0.38545695518724698569 0.45521962766237000775
1044 540 0.38624019311929297382 0.3854477137856279767 0.45521802920337101073
1053 549 0.38624858047233101566 0.38546348592297402513 0.45521862254169398465
1079 575 0.38626348042192298893 0.38546966395864601385 0.45521420064132200878
1074 570 0.38626419516006599286 0.38548200588908698716 0.45523106513442301857
1064 560 0.38625433977228401661 0.38551820046941098763 0.45523713330563497781
1051 547 0.38623142838681201461 0.38551866418104802081 0.45524009530231301923
1047 543 0.38624544954752398906 0.38553256170259997404 0.45524728363218802674
1027 523 0.38622312524539997858 0.38552006524731502468 0.45525551012229997783
1030 526 0.38623534969997702637 0.38551765335377302657 0.45523894065895098571
1022 518 0.38621216702554000966 0.38551621770579397319 0.45523953647416498525
1042 538 0.38623482116531598907 0.38548579929761001006 0.45524697273053998936
1055 551 0.38624161282033397935 0.38546367264190500856 0.45521225926645797477
1046 542 0.38620957769233299484 0.38548176422898200455 0.45520935416358698777
1052 548 0.38620552820445702702 0.38547685992567198854 0.45521221743513001767
1067 563 0.38622040168725901843 0.38548105257636300358 0.45522361829258300991
1060 556 0.38622512180942597526 0.38550461635683802575 0.45522758951283598394
1077 573 0.38624315696645800111 0.38549749208709199744 0.45522892860230901313
1054 550 0.38622029542590602391 0.38551052601071700288 0.45523204564690700202
1045 541 0.38621029435027698362 0.38551307847002902474 0.45522549735645101432
1048 544 0.38620536192507998186 0.38549992265170801575 0.45520386625608999509
1051 547 0.38618944264295101965 0.38549090346774100846 0.45519735424986901284
1045 541 0.38620070762355901417 0.38549502716589600926 0.45521583993558500936
1031 527 0.38619269414579998623 0.38549869847362000508 0.45519591492118599563
1034 530 0.38619516919258400911 0.3854922002507250034 0.45519821694228002062
1021 517 0.38617507732382599928 0.38549601831638802274 0.45520171467195197357
1023 519 0.38619035099171400427 0.38550914750662002017 0.4551948519202960175
1025 521 0.38620308801441499691 0.38552052936503700131 0.45517949265882201582
1017 513 0.38621370339663702032 0.38552732112409399123 0.45518055833633197516
1014 510 0.38623969679426800594 0.38554323215199998165 0.45518650052300702047
1015 511 0.38624711730561900325 0.38553786748710899834 0.45520005580711198068
997 493 0.3862478742795369957 0.38555849929380597851 0.4551947878830440164
997 493 0.38629828958930001459 0.3855713542064380106 0.45520368946917200148
998 494 0.38631334830204100417 0.385583160757352994 0.45520344007377600004
1007 503 0.38630468225703701313 0.38556673593189599858 0.45520471045420801692
1020 516 0.38632441583642102012 0.38556263095782800088 0.45520762980653800556
1037 533 0.38636349702262501316 0.38556104344901798164 0.45519910486122400206
1047 543 0.38636697877268000312 0.38555238940072700249 0.45519319745369102304
1051 547 0.38636191953861998005 0.38553402065147102107 0.45516404991182202178
1057 553 0.38636178131756998555 0.38552206772680802649 0.45516263138982898662
1066 562 0.38636155046269898827 0.3855015195699370012 0.45516221418799501786
1074 570 0.38635969838534600651 0.38550109654636499634 0.45516105865312300738
1067 563 0.38633932664312897742 0.38551352321215998087 0.45517094413565900579
1064 560 0.3863226768153320001 0.38550729954450901893 0.45518153617836998315
1055 551 0.38631159669465298112 0.38552282861703102146 0.45518760783915901413
1062 558 0.38635069045971098811 0.38553002616203502217 0.45516950714051002125
1035 531 0.38633147068075002206 0.38552373200308198697 0.45517260325776898178
1067 563 0.38636640786881398801 0.38550028983070699917 0.45516340135108801501
1049 545 0.386353941097059006 0.38550996263678399822 0.45515598889145297834
1047 543 0.38635431513640700052 0.38551639224276801343 0.45514551546544501637
1032 528 0.3863443579048039811 0.38553340982163397666 0.45515989914421700613
1045 541 0.38635022179594197267 0.3855203307635929888 0.45514988267534201016
1042 538 0.38634262637979399635 0.38552237049702098304 0.4551461652538190128
1027 523 0.3863203943881309832 0.38553564585025201783 0.4551305578588640266
1042 538 0.38633905678412000517 0.3855203876679170194 0.45510528145097300934
1046 542 0.38633051293391701408 0.38552681689560597267 0.45508925026489999155
1068 564 0.38635844044359202165 0.38550906569131998536 0.45507047728524302466
1053 549 0.38634791857852202046 0.38552229774910701243 0.45506607617457800474
1057 553 0.38635885910085898676 0.38550919858181298405 0.45508025824987802244
1037 533 0.38634003644410602751 0.38549221750478002146 0.45508164309075699316
1055 551 0.38635555986224201508 0.3854998848323499816 0.45507990486940297359
1054 550 0.38635579315653201249 0.38549944363700200389 0.45508789149232298232
1049 545 0.386363773894689011 0.38550471899874599879 0.45509450415425201086
1052 548 0.3863475077208080033 0.38551005915171898675 0.45510329661415599434
1039 535 0.3863406927977999783 0.38554855830326600907 0.45510448531634500879
1035 531 0.38632834606422100654 0.38556254282987600934 0.45509906492659701893
1044 540 0.38631459443713600521 0.38554736290667301901 0.45508889757293802258
1042 538 0.38628814687917101267 0.38553464818149002502 0.45507225366558201607
1028 524 0.38629188267344000129 0.38552345073717897428 0.45506256766882102749
1022 518 0.38631051081755801713 0.38555532759604299597 0.45505225289328998795
1014 510 0.3863305797070399894 0.38557324450138902305 0.45505117062626598834
1027 523 0.38635117796159901271 0.38557664292167298514 0.45504433776631797448
1024 520 0.38633608682660497413 0.38558190165858802212 0.45504317036533098451
1048 544 0.3863458116945049925 0.3855779171886860035 0.45505012385384102647
1035 531 0.38633839244464102114 0.38558145321088299617 0.45503973484643200909
1026 522 0.3863393617546490022 0.38559931331634200724 0.45503666731459802008
1046 542 0.38636664062892001059 0.3856162900709110275 0.45504753200322400897
1052 548 0.38636245350850101365 0.38561362101739798947 0.4550472941226120227
1045 541 0.3863365369987710185 0.38563841504610901767 0.45505651725507900718
1042 538 0.38632996134703501134 0.38564668769638899004 0.45508037069643797468
1047 543 0.38633034142091599028 0.38563508941730600954 0.45506337216700099013
1055 551 0.38632286726703801705 0.38561658901320600146 0.45506583972091102508
1042 538 0.38631680669507301173 0.38563299829439201538 0.45506194476234301804
1037 533 0.38632812266056298922 0.38564616623074399193 0.45506740089556102502
1018 514 0.3863217482878020248 0.3856834513692469768 0.45505978553223497274
1011 507 0.38631868964285298595 0.38572164145963699911 0.45506070854862701314
1011 507 0.38631449949608698269 0.38570003789841900144 0.45507242041188100679
1020 516 0.38634141094992202614 0.38570702287716601697 0.45506100636031399098
1033 529 0.38639028400610297975 0.38573036954300599088 0.45506057871002997262
1018 514 0.38638362389643499117 0.38574620979679502542 0.45507751436235599485
1021 517 0.38639572668872801398 0.38575728499288197693 0.45508367634485702435
1039 535 0.38639882803959901825 0.385738703405571981 0.45507724688321299356
1032 528 0.38639303062434998681 0.38574255456593098401 0.45506397701355599805
1033 529 0.3864043892928830104 0.38575608669993100008 0.4550726538654609743
1049 545 0.38639796288905597921 0.38574885850115897545 0.45504601916998099753
1019 515 0.38638933523698898442 0.38577482633502802045 0.45505841056507101428
1016 512 0.38637683975440201278 0.38577700851842000596 0.4550711465701159919
1009 505 0.38638584086152899522 0.3858032773868469989 0.45508081159651098124
1003 499 0.38638204819844901294 0.38581473373549302064 0.45506703342952897762
1015 511 0.38640539127879297565 0.38581077599286200952 0.45506884819665599506
1020 516 0.38639727415116698062 0.38581905056143400712 0.45506688373632397937
1019 515 0.38638008709643101302 0.38582245296317102534 0.45508155831770602529
1017 513 0.3864002514437570035 0.38582013346239202312 0.45510306040130499294
1010 506 0.38641110094585201518 0.38582680280159598052 0.45510117105838798768
1033 529 0.38643140662259001239 0.3858309592386309772 0.45509353105253197436
1020 516 0.38645380579527399689 0.38587248640368898567 0.45509369474335897854
1031 527 0.3864691410627429935 0.38586258794082201051 0.4551063508373540123
1039 535 0.38647970753215799 0.38585921198274297783 0.45510375475010400592
1040 536 0.38647893319802600898 0.38586057891441399859 0.45511558447150002316
1040 536 0.38646481758650502725 0.3858498008117660083 0.45511387163516198173
1023 519 0.38645139059731897779 0.38584429433289701983 0.45510624795480597582
1028 524 0.38645076476115197694 0.38585693007198101911 0.45511133523443497717
1028 524 0.38643427015723097462 0.38584982945831397538 0.4551081884581369974
1040 536 0.38644303720244299605 0.38584819126203001582 0.45510057294507100245
1011 507 0.38641012892969400783 0.38586574801756901021 0.45511674425970000124
1017 513 0.38642796114903399385 0.38587814705418999051 0.45510913819802001345
1024 520 0.38644546264701501448 0.38588750017122097624 0.4550958270736120137
1030 526 0.38642655746828502572 0.38586996025690900591 0.45509243710637897751
1030 526 0.38641818909112102265 0.38588006597473700765 0.45509958892286200838
1047 543 0.38641054540032998554 0.3858355183613350059 0.4550773719529679906
1049 545 0.38641604510798899241 0.38581768963615198365 0.45507693182631597795
1048 544 0.38639995300124102551 0.3858121514889660264 0.45508628733127198807
1046 542 0.38639806771530399443 0.38581143316207899829 0.45507292091112400145
1033 529 0.38639738465345602192 0.38581759490967099113 0.45503946328709399261
1015 511 0.38637759152645101413 0.38580685577732298785 0.45501912289104601284
1020 516 0.38636572413569297835 0.3858066182549230172 0.45499558847363602565
1032 528 0.38637216062185697485 0.38581252615897698721 0.45497013130448998863
1035 531 0.38637273296955498836 0.38581281057737598639 0.45498815078991000638
1027 523 0.38636541043419198038 0.38581987921011101639 0.4549658271848430191
1040 536 0.38636434562046700902 0.3858125473584579912 0.45495657335621697559
1051 547 0.38636314899829699021 0.38580672867566701001 0.45494129311242598179
1040 536 0.3863716521003000004 0.38581136316115699492 0.45493604511618102038
1033 529 0.38635447362144098582 0.38579755193338299835 0.45493027499994598273
1041 537 0.38636129145218101044 0.38577927292213498589 0.45492751744906001488
1040 536 0.38634196834660999853 0.38576067666710400772 0.45493115367825998074
1041 537 0.38634056406650701954 0.38574332454490500854 0.45492052242539499085
1039 535 0.38632970741152300453 0.38574564647010800567 0.4549060055263550173
1024 520 0.38633625815000799397 0.38575088162162901595 0.45489805147711798172
1032 528 0.38634143499337497696 0.38573553285107398114 0.45490264695259702288
1032 528 0.3863505780586170002 0.38574124057233699636 0.45489117391821998204
1046 542 0.38637170579634899648 0.38573248753960098778 0.4549127194149359954
1043 539 0.3863853206731779899 0.38575524791765297694 0.45491042265398301536
1039 535 0.38640086060613398899 0.38576839343780300329 0.45490928106864597646
1034 530 0.38640515633007299634 0.38578496112500498816 0.45490417792353299298
1027 523 0.38641530185776601369 0.38580749459114299649 0.45490435932236800154
1014 510 0.38641949980764500605 0.3858341858078639941 0.45490295240874600857
1007 503 0.3864208349527000208 0.38584712744210797331 0.45489354161114997632
1017 513 0.38643719764655698468 0.38583846074863298314 0.45489038744984500173
1021 517 0.38643795270524700092 0.38585416154713497727 0.45488642882735702555
1038 534 0.38644985821610799981 0.38583945529746899172 0.45486718475735399281
1047 543 0.38644481428347898788 0.38581208541356898367 0.45485921169329202041
1043 539 0.38643745283872799057 0.38580602285736897983 0.45484377339491099956
1032 528 0.38643395600335900264 0.38580766000099298019 0.45483405957069300563
1047 543 0.38644320714337898615 0.38580618017029000288 0.45483980864044598613
1051 547 0.38645240981077499942 0.38580500545842399962 0.45482195308951800516
1059 555 0.38644851262914198253 0.3858031177988650029 0.45482857032622298066
1054 550 0.38642996296136400414 0.38579897165424398287 0.45482248178515199966
1057 553 0.38643281830177100833 0.38579262971884997757 0.45482497247466402435
1040 536 0.38642430723234300061 0.38580301583315501635 0.45481791994287401604
1033 529 0.38640898762281999934 0.38579252639242800349 0.45482093504810100493
1021 517 0.38640774460259297296 0.38579015093009699777 0.45480383849201999613
1045 541 0.38642915446221498543 0.38578058552491600874 0.45480336519606301415
1045 541 0.38644670362503902306 0.38578513412950199424 0.45480989048010500575
1053 549 0.38644906166402898107 0.38577615595066799825 0.45480801739594600708
1050 546 0.38644606099121697751 0.38577327622707002774 0.45481145841289599696
1047 543 0.38644358265989597889 0.3857583618578260265 0.45480138979601697491
1020 516 0.38642194592387002494 0.38576957153686902702 0.45480711224112502222
1029 525 0.38644590427597297344 0.38576992968849799226 0.45481822033611002398
1018 514 0.38643259851942401983 0.38574619888345001995 0.45480902909145198842
1027 523 0.38641929953391701558 0.38574555565907997501 0.45480010917457497355
1029 525 0.38642413996147101374 0.38574173889002200122 0.45481148077623201331
1024 520 0.38640555858132602518 0.38574265456989997869 0.45480457623296499658
1044 540 0.38643424034041201631 0.38573122227247602645 0.45480062813522198484
1041 537 0.38640981377582500622 0.38573498268261702249 0.45478773233162300693
1040 536 0.3864029788924069897 0.38575620603546201259 0.4547990884808930101
1050 546 0.38643144376628801862 0.38577770988211301795 0.45480530568582600015
1048 544 0.38642699422927700992 0.3857552663365039769 0.45480760694902599983
1057 553 0.38641461680737299034 0.38576285284684602717 0.45481979725657301072
1059 555 0.38639411464331602231 0.3857505992544150164 0.45479695032069800131
1046 542 0.38638198379259902637 0.38577677814025801428 0.45479431424854399602
1044 540 0.38640251967231598051 0.38578452944924401802 0.45478112245437901651
1046 542 0.38639359510543297427 0.38578310958700201549 0.45476785188795798565
1053 549 0.38641587780148500819 0.38578576825715499288 0.45476142885653897396
1033 529 0.38640639430732798276 0.38580067836775699952 0.45476539540575300347
1048 544 0.38639920681276801462 0.38578434075524697944 0.45476287153949301878
1066 562 0.38642270387797900133 0.38579302480207999793 0.45475490517520200662
1082 578 0.38640438842254198892 0.38578346533658497419 0.45475411455736902688
1084 580 0.38638721411578097475 0.38576935492986097476 0.45477490240869300475
1072 568 0.38637238231111697973 0.38576292803953499133 0.45478428822902799977
1069 565 0.38637883763026797945 0.38577024860731001787 0.45479926913773199848
1063 559 0.38636806969293802094 0.38576894781078002739 0.45479191222236098335
1066 562 0.38636342125862699337 0.38576475225835099581 0.45479765739952598969
1045 541 0.38635241318822799439 0.38578940788179300059 0.45477445728074100684
1044 540 0.38634231767115800871 0.38577195287665000389 0.45477968399898599516
1050 546 0.38633463823407998561 0.38576486997392900324 0.45477449714694800909
1047 543 0.38631966748462798211 0.38577408865300699681 0.45476742546967102721
1028 524 0.38631410776868502222 0.38577259827917098622 0.45476053365364799141
1029 525 0.38631713265256301115 0.38575648029618297974 0.45475579062134802166
1034 530 0.38632560227990997426 0.38576161442087397724 0.4547544034495890064
1045 541 0.38634499223903001619 0.38575250293029200721 0.45475018270980099855
1054 550 0.38632559507131397636 0.38573312977717899575 0.45475257252239398298
1080 576 0.38634822188823697564 0.38572449839879102695 0.45475582019448501647
1080 576 0.38635161015073099522 0.38571654808021998972 0.45477089609544602
1070 566 0.38632021758084200691 0.38571880841753297675 0.45474996913388998632
1065 561 0.38630800866094699986 0.38571627694889498716 0.45473145780008300543
1055 551 0.3862841002894329967 0.38570925611017498058 0.45472948416369501912
1063 559 0.38626607021955799981 0.3857047415611010166 0.45473204748709100675
1065 561 0.38626338530831100249 0.38571452756966101427 0.45473649158970902429
1055 551 0.3862472608867190127 0.38572833368671699539 0.45472204410319899681
1050 546 0.38620999012701401343 0.38570209662918097937 0.45471862659739897827
1057 553 0.38620802208985099968 0.38570969674924199255 0.45472478111228398223
1034 530 0.38617383119318898776 0.38570438812012497465 0.4547241007956629999
1029 525 0.38617162433583801517 0.38571613559389600345 0.45473144243892199556
1031 527 0.38618946910887702595 0.38572468280752097991 0.45471720236907897661
1038 534 0.3861888321368380228 0.38572127634370800831 0.45470774821832798951
1029 525 0.38618308396188599785 0.38571958637625297639 0.45470366784740201549
1025 521 0.38618232152638598542 0.38574099118433097244 0.45470427501224297551
1019 515 0.38618137759847298573 0.38573268728069198819 0.45468538605179098511
1041 537 0.38619242248326701716 0.38572805449692498803 0.4546810633152579828
1034 530 0.38617619642648198797 0.38571789331839501092 0.45468865167782102077
1040 536 0.3861730174608529742 0.38569793921916600832 0.45469147645103502597
1045 541 0.38616636713567698003 0.38569874749033700168 0.45469149358647298342
1068 564 0.38615815362388999921 0.3856859701128430018 0.45469863853020497935
1041 537 0.38615159153891198685 0.38571633968061602715 0.45469440722942500166
1029 525 0.38615749032223400938 0.38572612342178602685 0.45467677862001598665
1032 528 0.3861775669068089889 0.38573003505021502546 0.45467120604378802318
1022 518 0.38614960099130801741 0.38573815241802200671 0.45465343285376502713
1007 503 0.38617227979202700672 0.3857631136565690122 0.45465329742481702668
999 495 0.38617182166310498603 0.38578062742206398195 0.45464418777901000057
999 495 0.38618653348706499795 0.38578836146233802529 0.45464405883307401623
999 495 0.38618805578972398296 0.38580731129413997627 0.45463817558785202255
1021 517 0.38620177214647899433 0.38578173132657400668 0.45466163888882799027
1011 507 0.38619788185243897338 0.38579662718631202445 0.45468888587202299645
996 492 0.38621161955029897905 0.3858083195806280008 0.45469203033189498075
1009 505 0.38622973323862602735 0.38578744318416202663 0.45469643897109002229
1021 517 0.38624239536075599677 0.38579022318862099539 0.4546815957808030273
1043 539 0.38624873047454999497 0.38576598311146698128 0.45468912691196899933
1056 552 0.3862426805518299755 0.38573961884692398172 0.45467868939701000519
1022 518 0.38622964054709202353 0.38575046535529100566 0.45467205150414402581
1023 519 0.38623916547985398529 0.38573334568630501806 0.45469078265082302215
1027 523 0.38625923411143198161 0.38572910299793400357 0.45471749321676702138
1035 531 0.38626899122670699249 0.38573359251988198482 0.45472347265052698306
1018 514 0.38625974798869100457 0.38573033146431601192 0.45473601018677600738
1026 522 0.38626508739672499315 0.3857296901378389764 0.45473491225366702295
1027 523 0.38628011508573101285 0.38573528188276201556 0.45472776375978601893
1015 511 0.38629638858822501479 0.38575118810858599616 0.45472062725398298966
1020 516 0.38630191074269898399 0.38573987884089500078 0.45470970983874098303
1015 511 0.38630868621373298799 0.38575400327058001482 0.45471987118307299891
1037 533 0.3863256811899110077 0.38575633159498901037 0.45470385365357002261
1037 533 0.38634144364166800312 0.38578448008664101287 0.45470939961178097333
1048 544 0.38633392138232297564 0.38578682074715298089 0.45469331454810002491
1032 528 0.38634615030575497618 0.38580463031822198605 0.45470338959577499827
1040 536 0.38635452120248997554 0.38579782482500801777 0.45469896499743900353
1033 529 0.38634315705004101948 0.38578750289878499524 0.4546885128760029815
1044 540 0.38634609163556798972 0.3857946202163510252 0.45468635813869701101
1036 532 0.3863315696641930197 0.385803570442524002 0.4546768427420440073
1051 547 0.38632991538300198719 0.3857930268637330129 0.45470010335514299271
1051 547 0.38632909719551100647 0.38580522568741798528 0.45470797036004001468
1056 552 0.38631785576622901246 0.38578007012909898421 0.45470931776151102266
1062 558 0.38633829677916398104 0.38577345631795700864 0.45472209570503202558
1042 538 0.38633655816542600281 0.38579521368768099343 0.45472426671324300829
1059 555 0.38632653696769497786 0.38578469767464901308 0.45472518600705097436
1059 555 0.38631444403273701438 0.38577921684964300297 0.45472827427552997559
1067 563 0.38631504963762097749 0.38577672705210097615 0.45473069029732099411
1062 558 0.38631029152074797262 0.38578986125745901026 0.45473985298805097433
1058 554 0.38629652046162299417 0.38579848503920000091 0.45472286632118402716
1075 571 0.38629572159309999435 0.3857759882862630274 0.45470897252664899124
1054 550 0.38627275102095498527 0.38579305146934400605 0.4547041563311570167
1052 548 0.38626536559642599133 0.38579447796601601395 0.4547358447768389822
1036 532 0.38627967759763598421 0.38581357564566498564 0.45474664538539599778
1041 537 0.38628689019480899614 0.38581611328625398105 0.45473301602894800055
1038 534 0.38628696676430901435 0.38582329236536100359 0.45474638081514401344
1004 500 0.38626524954224300545 0.38583562373774799026 0.45473732448775799897
1007 503 0.38628276581990200755 0.38583872232843702266 0.45473092946950999238
999 495 0.38629302212001498384 0.38583280153088600484 0.4547029016696689796
1019 515 0.38629553985156001028 0.38582160548432098413 0.45468443468770297633
1033 529 0.3863032640726570266 0.38582444788072500774 0.45467443133990298465
1048 544 0.38630639215608897352 0.38582226940495001344 0.45467345983349699567
1060 556 0.38630183301392001516 0.38579678965221697595 0.45468325114187002622
1049 545 0.38628278225281997837 0.38580637179470600451 0.45469046438263099885
1048 544 0.38626998381792199133 0.38579770393294399167 0.4546799821728150226
1048 544 0.38626095259116299818 0.3858057174842159931 0.45466587149016002289
1038 534 0.38625044226040999851 0.38581006195536698966 0.4546814301223079946
1053 549 0.38627716257759997509 0.38582449793437700869 0.45467187176381002045
1074 570 0.38627304186030497757 0.38579926986690599167 0.45469104352095202071
1055 551 0.3862748117875610121 0.38582662877934298384 0.45468462590375802179
1050 546 0.38627419375216398567 0.3858394817209940264 0.4546798623824540031
1046 542 0.38628850937116698816 0.38584307263299899571 0.4546855719683879915
1045 541 0.38628874802921597809 0.38585580737038699395 0.45470321703628902021
1054 550 0.38627637159348898743 0.3858545827334010081 0.4547165692469820053
1067 563 0.38627974156717598264 0.38585558297400301964 0.45472332404052301369
1068 564 0.38626376009124102628 0.38581420389184500896 0.45471781269161498651
1071 567 0.38625321933300399424 0.38580542235834802689 0.45469964856058797675
1068 564 0.38624728317702800018 0.38581000213264698973 0.45470657062572700235
1055 551 0.38622765295521199747 0.38582031158162799489 0.45471381095185897658
1038 534 0.38621029223116298823 0.38583729671955102614 0.45470913351613101439
1043 539 0.38621036520992302332 0.38584314943272601806 0.45469814263111302255
1018 514 0.38618901406147798649 0.38586565168122899383 0.45470553884243197773
1036 532 0.38620805169614702557 0.38588025183485302749 0.45469595365668902254
1063 559 0.38620710759977899817 0.38587879727705798327 0.45469186790948601384
1076 572 0.38619556729415999152 0.38586760591745400406 0.45468942380625498867
1054 550 0.38617413887300700015 0.38587618464130002405 0.45469042239166801433
1024 520 0.38614673011203798358 0.38589385726307701141 0.45468765900230700971
1020 516 0.38613930771939697362 0.38589372954571699026 0.45469029177295899879
1030 526 0.38613781360392801512 0.38587781864175102475 0.45469120563098097687
1030 526 0.38614860376449100521 0.38588110880634701738 0.45469032294575700837
1020 516 0.38614143893808400287 0.38588717071014300153 0.45468151394768202556
1034 530 0.38615511281727199489 0.38588275883066802674 0.45470072722461801762
1030 526 0.38616600506975201634 0.38589058096798900532 0.45469567958460499479
1022 518 0.38615167351200002654 0.38589347939588097836 0.45467969726878498804
1017 513 0.38615970262817700398 0.38588983035571300384 0.45469179148429900161
1035 531 0.38615292057386202407 0.38587302583717797422 0.45468650644488900481
1044 540 0.38617428547325199917 0.38587218631433300997 0.45468790900607197747
1046 542 0.38616892050173101669 0.38585298892814001714 0.45467970010738800735
1031 527 0.38613808272019400913 0.38585049464268700303 0.45470040457142502088
1030 526 0.38615540803745901366 0.38585871606540200762 0.4546831648859949726
1050 546 0.38616143209278197546 0.38584359665348499924 0.4546826145391710261
1045 541 0.38617121774575402515 0.38584384223166801053 0.45466750985895498793
1052 548 0.38617523366085299008 0.38582996747610698307 0.45466989123737300282
1074 570 0.38617419106138500817 0.38581735709787001731 0.45466374377407497986
1069 565 0.38615704800611699854 0.38581547613661798524 0.45465394434270400836
1068 564 0.38615276839392598252 0.38580555535646698928 0.45463587896431700841
1064 560 0.38612698842510601027 0.38578565143525700432 0.45462707693859899516
1036 532 0.3861155140779249928 0.38580360885823100636 0.45463158317272100994
1026 522 0.38611922576349899661 0.3858218575973689779 0.45463235595685702606
1018 514 0.3861190935855550177 0.38581480148067198721 0.45464876963037298419
1013 509 0.38610747983461601862 0.38581015001026802702 0.45464256821972398592
1022 518 0.38610800499832698129 0.38580715696138800919 0.45464884110667497241
1014 510 0.38610416633280897347 0.38581631726786802528 0.45463682038422797982
1029 525 0.38611067203435200934 0.38582031402813998788 0.45463079544554602096
1030 526 0.38610029699544601289 0.38582474135072397647 0.4546390037946870244
1031 527 0.38611275248222198808 0.38583418948587100417 0.45462562663703198762
1008 504 0.38610811069598499623 0.38587807213691599495 0.45460248740793601785
995 491 0.38612279777887797971 0.38588717912221398576 0.45459301406348701091
997 493 0.38615572198661901604 0.38589478243204999863 0.4546055832349750192
1019 515 0.38617244586088100844 0.38588631480266299967 0.45460950991470600036
1002 498 0.38619006893210600095 0.38589864317199701338 0.45459117689282901864
1031 527 0.3862104974373469779 0.38586918949320797578 0.45459518599522097393
1018 514 0.38620818988173699626 0.38588663880025098063 0.45458098375259797796
1031 527 0.38622843440241200197 0.38588403235364898691 0.45458692719287402406
1041 537 0.38624074889059800686 0.38588701825130400369 0.45459705132035799213
1067 563 0.38626080165867898719 0.38586603576864797471 0.45460748859571198377
1055 551 0.38625032892402999529 0.38587693836944997328 0.45459049081613900345
1035 531 0.38624780432622801696 0.38587102568386200119 0.45458934506858200697
1049 545 0.38624572969242099152 0.38583550982978098709 0.45458024645488098736
1065 561 0.38624225705791798147 0.38582577023421299467 0.45455983093962298858
1060 556 0.38622315311339899813 0.38580950447081702182 0.45455597088362997837
1078 574 0.38623991766650900281 0.38580424492436399264 0.45453911545221298285
1070 566 0.38621179214223599896 0.38580944954610701947 0.45453623082237698538
1063 559 0.38621421855619497698 0.38581895449547998211 0.45454489334961800662
1036 532 0.38618743983050402013 0.38580860528826599332 0.45454785862525898255
1036 532 0.38619359991206697602 0.38583126620746099888 0.45456475901849302534
1043 539 0.38621944786286899198 0.385844978030684016 0.45456715208534598238
1063 559 0.38621927255914101362 0.38582334810146701187 0.45458586900696501543
1051 547 0.38623242641074301273 0.38583403126185700227 0.45459728951084299453
1044 540 0.38623268196925297779 0.38583862554297798653 0.45459095002844901456
1043 539 0.3862315813118810115 0.38584012924321298144 0.45459684374374897953
1033 529 0.38621967524856998244 0.38584255842490600141 0.45460752592698500107
1051 547 0.38623922884330802452 0.38582729718838798538 0.45460981383277498935
1055 551 0.3862576523628780123 0.38583755409382697321 0.45460555600877700089
1051 547 0.38623360465354200644 0.38582338634038598757 0.45459994506230899658
1075 571 0.38624266340119300933 0.3858196584713050048 0.45459816697855498502
1065 561 0.38622620302250698643 0.38580803750605202618 0.45459607194582002387
1065 561 0.38622022028260499793 0.3858110263260899897 0.45459597039635701865
1047 543 0.38619535157022899519 0.38579416463398302772 0.45457173669798500715
1044 540 0.38619911875719298289 0.38578242036007798221 0.45457124792637898514
1045 541 0.38619935124789200875 0.38577366316292999171 0.45455914161051702571
1074 570 0.38621717324284399186 0.38576391804450099743 0.45454362511782897549
1054 550 0.38620064643476298416 0.38577578669732698335 0.45453575492094899779
1067 563 0.38620687247730001168 0.3857871480602079739 0.45452089809494400363
1060 556 0.38617946458878399385 0.38577413752671202429 0.45452972617746101314
1071 567 0.38619080584371701104 0.38579207678645000001 0.45454529574231600231
1059 555 0.38620153525370398695 0.38581046994044598808 0.45452910491699199946
1062 558 0.38619895430189599139 0.38580551726477302354 0.45453299927791201984
1080 576 0.3862133940755069772 0.38579212289636499733 0.45451484537013997489
1070 566 0.3862085892981290125 0.38579415594876298456 0.45452127937797998092
1074 570 0.38620300869552498524 0.3858039804750960089 0.45451209893503702331
1089 585 0.38620778412116701928 0.38579692624918199284 0.45450387744075398944
1091 587 0.38619386444128900315 0.38577631986672300535 0.45449115092369601898
1074 570 0.38615910461232400008 0.38576657135182101932 0.45446965252726900797
1055 551 0.38613488216111202522 0.38576883268178502329 0.45446011268566000041
1046 542 0.38611501261241798488 0.38576138213011401668 0.45445121701953400395
1052 548 0.38612155225305500039 0.38575430937027799239 0.45444722613357801944
1072 568 0.38614988048211701388 0.3857561301031169898 0.4544265764885109804
1085 581 0.38614225326159801188 0.38574551996779299357 0.45442023378029899883
1079 575 0.3861215916193910247 0.38574545757472500362 0.45440797823446998915
1068 564 0.3861320444183670153 0.3857530776364689884 0.45439786191806502691
1067 563 0.38612030317288698056 0.3857505831744050262 0.45438901436655498856
1058 554 0.38611264972584302679 0.3857486360769210032 0.45438774598968301177
1067 563 0.38608999856331399636 0.38571720679346599425 0.45436063113138497327
1068 564 0.38608159707744299505 0.38573061733460500822 0.45436078944958302461
1057 553 0.38607794057586597436 0.38572343703944700355 0.4543621278736200142
1049 545 0.38607880372266500935 0.38572093594670997518 0.45437408799200401655
1045 541 0.38607284484478698872 0.38572738280507601338 0.45437298211941501425
1035 531 0.38606128614521201259 0.38574859555594898097 0.45438154559730797866
1023 519 0.38607638625174101055 0.38576457961319399192 0.45439073405756297275
1023 519 0.38608520753270397785 0.38577021017758600374 0.45439088197748300768
1031 527 0.38610097192437298208 0.38578631991506401322 0.45439738429067300096
1009 505 0.3860913957546059927 0.38579684328198898813 0.45439211644365201659
1026 522 0.38611676294337199389 0.38579037542701499763 0.45441422630204597599
1044 540 0.386124701007254989 0.3857853925058710165 0.45441216675956297433
1031 527 0.38611932102726098659 0.38578459681871202225 0.4544090111273100252
1036 532 0.38610382727963399319 0.3857785620363259893 0.45440014062901101788
1059 555 0.38609848041813199515 0.38576298396434799409 0.45439503316552598555
1071 567 0.38609676227081701771 0.38575868451571498907 0.45438014963499101517
1069 565 0.38607403538126600084 0.38574548683892800893 0.45438194124669900598
1066 562 0.38605982848665598706 0.38571531789355201214 0.45436590034155199813
1075 571 0.38605707575527398179 0.38569657451619099309 0.45435088799384498737
1065 561 0.38604129163718897688 0.38569346377751700938 0.45434362760100299727
1063 559 0.38602681358726798067 0.38567393724421400458 0.45433957076786202212
1060 556 0.38599848092778898945 0.38566544109373201987 0.45432295119658400173
1064 560 0.38598704065111000272 0.38566249424881798857 0.45430657886678399437
1045 541 0.38596830835051698649 0.38566124238968002569 0.4542867145223909997
1030 526 0.38596737570612499324 0.38565903770396098293 0.45426795536239700235
1042 538 0.38598653288491002744 0.38566043299090302376 0.4542632402422320248
1054 550 0.38597499739026802645 0.38565952247466700475 0.45425596640776899626
1023 519 0.38596131185940502073 0.38566468721190599878 0.45426239590450401273
1025 521 0.3859682412685950248 0.38567559145647001273 0.45426345571431397952
1028 524 0.38598146012151601791 0.38568184268512401003 0.45424638025933899987
1025 521 0.38598064434517398436 0.38567440332756397492 0.45423118972177500829
1022 518 0.38596563116178600472 0.38565407337046198055 0.45420963521586499301
1022 518 0.38597727788530100668 0.38566520817599997395 0.45418219767801598641
1019 515 0.38597685384145402621 0.38565883526660599268 0.45418445145355001991
1034 530 0.38597322874859602004 0.38564092755675899449 0.45418281781972502653
1054 550 0.38597286610242398375 0.38563685868098501741 0.45418809620311600961
1058 554 0.38598120173231298402 0.38563457666384698408 0.4541912726505569764
1030 526 0.38597566790577397811 0.38566575020912702287 0.45418925419330202775
1020 516 0.38599492705448101848 0.38566735595945800252 0.4541718138172510244
1025 521 0.38599446639443402152 0.38566508700024398903 0.45419327899337902377
1045 541 0.38600803166335401206 0.38565853508901998259 0.45419344067884998006
1050 546 0.38599757224542402545 0.3856751703627510075 0.45418585167790398449
1054 550 0.38599096948013200681 0.38565532266097202196 0.45418955997156301718
1044 540 0.38600791588036797997 0.38568157226689597783 0.45420757756940799421
1044 540 0.38598954742814101104 0.38566266187045900038 0.45422016328067699176
1043 539 0.38598492177383697532 0.38566773361644202112 0.45420539300018797357
1040 536 0.38598726546833900253 0.38565498632990202754 0.45419187113398501454
1047 543 0.38599335552614599809 0.38564867811790198848 0.45419619465718902296
1054 550 0.38598885264955401508 0.38564683631704999023 0.45421371037870000853
1042 538 0.38598349224788697232 0.38564233276814202656 0.45423344553020700287
1052 548 0.38597456973947097403 0.38563162528369598903 0.4542226345897850126
1059 555 0.38597566446903197601 0.38563669691103097392 0.45421167478483898128
1051 547 0.38596232928807100437 0.38563573743307399955 0.45421312467231200749
1057 553 0.38597075873949998615 0.38563088110154597477 0.45420549190169001719
1075 571 0.38599540755354899702 0.38561804831062002075 0.45420416733656698849
1054 550 0.38599504072657198073 0.38560440899608400267 0.45421631379400601025
1053 549 0.38599541437024298407 0.38558314074018901207 0.4542113014792790171
1031 527 0.38596754934498100909 0.38559913951952201616 0.45421159932753901733
1033 529 0.38598585248022898586 0.38558620083373501553 0.45418469137767597532
1040 536 0.3859934221288709999 0.38559646374718797857 0.45419375224912100775
1053 549 0.38600595778208202091 0.38559113050815502222 0.45417655454269101334
1046 542 0.38596683499205697299 0.38557762439829001977 0.45418139364836601635
1054 550 0.38598105639197399785 0.38557917547004100234 0.45416866363763702674
1053 549 0.38596636050528998485 0.38557151822220797621 0.45415556155287101214
1056 552 0.38596098308416199041 0.38557099832316699128 0.45413403634099597239
1044 540 0.38594657375080199113 0.38556200929678402511 0.4541212578833009883
1038 534 0.38594484002465601069 0.3855698970740060183 0.45412886155435600033
1050 546 0.38595334600247899193 0.38556095786414501525 0.45411748261837697749
1050 546 0.38596399800895297982 0.3855756945244580014 0.45412484586761797667
1034 530 0.38596620947105098054 0.38557513204390098105 0.45412433798963197651
1025 521 0.38596874328036701041 0.38558713414425699328 0.45411931316429798855
1028 524 0.38597666527245000356 0.38559926834575097843 0.4541136021650700183
1015 511 0.3859852578856449723 0.38561950917788800908 0.45411286039798098857
1028 524 0.38598583787473200735 0.38561006787892598835 0.45410571618596101695
1035 531 0.38598212174653201423 0.3856277852960089958 0.45408804503381000606
1036 532 0.38599146528222899599 0.38563432052906498892 0.45409342026492999222
1033 529 0.38600044901436797451 0.38564525870682198061 0.45409521700359001262
1029 525 0.38599461730737100185 0.38563980096767902506 0.45408992347863297301
1036 532 0.38601569287829601285 0.38564155690826701361 0.45407411504943001601
1041 537 0.3860068339334180032 0.38564321346099900145 0.45408200452871100294
1036 532 0.38599270080253400561 0.38566279065807401727 0.45408920376473499436
1039 535 0.3860012840398019951 0.38564583207698699407 0.45409137025205298377
1032 528 0.38601220718728901371 0.38564344754001700366 0.45409643342708599922
1043 539 0.38603665911501899854 0.38565678802454100849 0.45408893825404300637
1027 523 0.38601831829009397579 0.38564535060579802073 0.45408409395087900862
1018 514 0.38602623294443599855 0.38565299720329099253 0.45406643182739397924
1018 514 0.38601177614906601043 0.3856638070012179953 0.45405889910395502707
1027 523 0.38601456683853202501 0.3856433345239569932 0.45406503080663201954
1039 535 0.38602381599304802506 0.38563594935376699357 0.45406172845650999426
1044 540 0.3860246087390590275 0.38563950936928298452 0.45407679272966700035
1036 532 0.38599559593109100675 0.38561495212314000902 0.45406682962469202547
1022 518 0.3859921945755199757 0.38563761947329699975 0.45407498489010400533
1028 524 0.38600327866059902515 0.38563886518707102269 0.45407101687264900258
1026 522 0.3860049840789169795 0.38565562505661998838 0.4540726531567180202
1033 529 0.3860196422091570212 0.38565429368720699488 0.45407323039278302268
1004 500 0.38599783579581697923 0.3856622627874159992 0.45406176475690801508
1013 509 0.38600659627254702011 0.38566903247853701053 0.45405433734571198912
1021 517 0.38601290125361098493 0.38566795829042299637 0.45404456093454698129
1013 509 0.38601127876277901985 0.38568555090035000488 0.45404045819445598697
1037 533 0.38605973309550400963 0.38568855389991302252 0.45402359971181299736
1035 531 0.38604738342759997716 0.38568991663432899974 0.45403046309177602646
1044 540 0.38605479397480801929 0.38569791960619398408 0.45401958196110697719
1038 534 0.38607284443260797557 0.38569920739172097734 0.45401572032650999722
1031 527 0.38607823516874001379 0.38571061253201899266 0.4540001775106369819
1034 530 0.38608722724860200515 0.38570646856851498185 0.45399069051652002349
1034 530 0.38610645778505497949 0.38572077342984201209 0.45400040114205097996
1034 530 0.38608854787964902444 0.38571449873437302358 0.45400079198958998017
1041 537 0.38610744926604601002 0.38570792143913501526 0.45400298111920001087
1045 541 0.38611513895874899349 0.38569063700108302539 0.45399274730676597578
1026 522 0.38611910845436298034 0.38570835256814200998 0.45397882647852300098
1014 510 0.3861331342024579838 0.38572071237597999049 0.45398680150192699534
1012 508 0.38613866291391901742 0.38571185311378697325 0.45396351671389700844
1031 527 0.38614232395151099064 0.38570151360095400461 0.45393025369766598631
1016 512 0.38615044196615999628 0.38572377201844498806 0.45393057018321497642
1032 528 0.38615589136559802519 0.38570871888290197971 0.45393442866565697491
1045 541 0.38617684445794997483 0.38571223432373802353 0.45395532871209498538
1021 517 0.38615328327545400677 0.38570742724717899108 0.45394296651627602524
1034 530 0.38617268737498500197 0.38570495631374202006 0.45392732676528602109
1048 544 0.38619320034319998269 0.38570514849332399043 0.45392421132423799168
1040 536 0.38618833637781502244 0.3857168515176970236 0.4539213093083119821
1044 540 0.38617955067023201909 0.3857131092181479981 0.45391264954763599349
1041 537 0.38619132356795798922 0.38570969945854000072 0.45389141884616901468
1039 535 0.38618249730320297619 0.3856960892083199921 0.45388601206800699428
1025 521 0.38618458029103597262 0.38568902413885597369 0.45387925609198098709
1034 530 0.38619051452031899485 0.3856689521360340267 0.45388460687637499635
1036 532 0.38618883415371701995 0.38566357136924001026 0.45386708314458601432
1037 533 0.38618070327413700493 0.38565591881798499951 0.45385427579511200546
1042 538 0.38618901913753400645 0.3856575144502339958 0.45385105028606897992
1042 538 0.38619180849918799403 0.38565861569662301944 0.4538399269644989853
1054 550 0.38620819672067802086 0.38564352130568901877 0.4538194698047129938
1047 543 0.38619999147821298946 0.38564195755044400338 0.45382528610755101806
1044 540 0.38619983619920400519 0.38564695274333299357 0.45382587482794201073
1054 550 0.38618063218910997358 0.38563307205524399723 0.45383175946068898821
1083 579 0.38618447000691302762 0.38561870937240200208 0.45382132858530099817
1080 576 0.38616320100446699382 0.38561582033713598383 0.45381635628023697659
1048 544 0.38615216559384002437 0.38562706648707600898 0.45379774088778501717
1051 547 0.38614478018097697642 0.38560171990028502265 0.45380660481924700589
1060 556 0.38614498777762601422 0.38559627640982102603 0.4538016871662510221
1052 548 0.38612978460631097732 0.38560886212053702149 0.45378408918053997345
1053 549 0.38613040255661501554 0.38561184702862499885 0.45377399201618401348
1044 540 0.38611833666715700275 0.38561532065805098624 0.4537566185976339983
1039 535 0.38611269245951601592 0.38561930357878798636 0.45374008272693600041
1034 530 0.38610648660660801257 0.38561388504363497409 0.45372002223576501923
1032 528 0.38608398572737101517 0.38558851936869298349 0.45371882147188402623
1050 546 0.38611117447075599118 0.38559413941334502729 0.45370112842476900683
1054 550 0.38611605565110301841 0.38560655213836997346 0.45366878942426802634
1042 538 0.38612528367680798436 0.3856034805840319879 0.45365981666651400417
1040 536 0.3861235648778489904 0.38560271038402199606 0.45364582060456498658
1034 530 0.38613249350873901644 0.38560592122660097836 0.45364966683485402621
1048 544 0.3861412703233029764 0.38559275829512401623 0.4536473755919799844
1053 549 0.38613751952462199712 0.3855842313492610085 0.45364389548919498152
1059 555 0.38613248501958402636 0.38558096195157298691 0.45364099719620498696
1053 549 0.38613660391881399203 0.38558942524413097885 0.4536457113865040025
1038 534 0.38613809952778599399 0.38560173653867602095 0.4536374112361999944
1037 533 0.38613384220635299515 0.38561623366858099882 0.4536326926494390066
1040 536 0.38613593196688900111 0.38562932970037200331 0.45364760028610601195
1042 538 0.38612761748739599099 0.38560606552312898243 0.45365011107638197885
1036 532 0.38611069242263701407 0.38557529473532897724 0.45365185974264399249
1030 526 0.38611020657392397526 0.38558913234113301183 0.45365576328498502523
1028 524 0.38612415164491098452 0.38561280043504597703 0.45363282751024802675
1061 557 0.3861618524237619976 0.3856147837788240218 0.4536239118698299766
1057 553 0.38616245147928801584 0.38563145790758002196 0.45362038141813698644
1048 544 0.38616013663826598279 0.38562393054407101411 0.45361281353024401897
1056 552 0.38615514949996299077 0.38560683782750498905 0.45361634965564301414
1036 532 0.38614799072268302105 0.3856060299713129913 0.45362055016144497976
1032 528 0.38616262182520100232 0.38563734755221901196 0.4536226797183199877
1009 505 0.38615803973054002585 0.38566016756247101238 0.45362599091626398806
1008 504 0.38615915055933197619 0.38568054334839202424 0.45362623332300100465
1016 512 0.38617147614774699482 0.38567515802126900448 0.45363616831165098908
1039 535 0.38619428261690902371 0.38567849336280202177 0.45364095111182101139
1042 538 0.38619347640972601088 0.38568178150655901826 0.4536483437013100195
1037 533 0.38618735828652800413 0.38569762508829802394 0.45366381396753102662
1024 520 0.38617791230130299462 0.38571057719067197711 0.45366035009132599232
1012 508 0.38616053457791499337 0.38571023340760302034 0.45366193413544497748
1020 516 0.38616584822480098937 0.38570471139346401701 0.45366316703818199141
1021 517 0.38617722675682897293 0.38570101178556898125 0.45365354641455601925
1050 546 0.3861910474830320128 0.38567767607861602741 0.45366275886465501355
1071 567 0.38618593226489000836 0.38565201370244001078 0.45368089197416600067
1059 555 0.38617555654763902062 0.38565183264537700181 0.45368789613128202021
1066 562 0.38617037339190901646 0.38563435535413997934 0.45369080667901900972
1059 555 0.38616657781940399996 0.38563147177548601219 0.4536902835485259744
1054 550 0.38616909433748902725 0.38563168810493497762 0.45369013296784499456
1060 556 0.38619082993261899528 0.38563410815305998458 0.45369668307315802469
1059 555 0.38617658002042198895 0.38562973830600699721 0.45369707976708301134
1051 547 0.386154248164219005 0.38561796815269699934 0.45370339901903999902
1065 561 0.38615284525685800165 0.38561165848878797835 0.45369432163029299598
1067 563 0.38613320604878498266 0.38560572051499797386 0.45369757023879497826
1069 565 0.38612515569952798877 0.3856212607113950197 0.45369003882274200334
1053 549 0.38610961745214000818 0.38562599323258101025 0.45369625422269099779
1047 543 0.38611666125366000957 0.38564407726847799163 0.45369041287218597747
1040 536 0.38611101783073997762 0.38565229153165397902 0.45369388787788100803
1016 512 0.38609629429464698003 0.38566749497114999334 0.45369953882786701049
