# step atoms n_gas iacc dacc tacc
926 422 0.45158031531106501699 0.45136174318416200091 0.63307870974300795019
895 391 0.45155641059574902485 0.4513708730651649903 0.63307084220320297696
909 405 0.45156648058897502773 0.45135575877653699717 0.63306289411234195619
893 389 0.4515495026576220039 0.45134999081023202683 0.63304914363320496928
909 405 0.4515639438284880236 0.45134257402895000544 0.63304011788233405245
929 425 0.45156988087626198647 0.45132171041423602142 0.63302327996211205097
933 429 0.45157380740441899203 0.45132079447124101579 0.63301723112298702301
918 414 0.45156991276773400523 0.45132939638965302587 0.63301651807504399905
931 427 0.45155605411819099704 0.45135320943529799731 0.6329977933815560398
939 435 0.45155402370542901958 0.45136801621233302306 0.63299832455689097888
918 414 0.45155404695343798194 0.45139151210219202737 0.63299818969775500932
919 415 0.45156182112393300487 0.45137834509298402352 0.63300663750258301388
918 414 0.45154706415670797792 0.45137171404065801195 0.63299621730113897478
908 404 0.45153554907753901126 0.45137761307052798321 0.63298668974565597267
896 392 0.45151589327480101677 0.45138571749017597501 0.63298947246051395776
913 409 0.45152874783056401453 0.45139960361194197969 0.63299753842284600669
901 397 0.45152329934034901582 0.45140969134906300253 0.63300342369016304733
930 426 0.45153122375591298043 0.4514081719903370038 0.6330113758312200245
918 414 0.45151027079278099885 0.451425675181126973 0.63302895912234002918
924 420 0.45151818940257198998 0.45142267222481402555 0.63303316327088199333
907 403 0.45149612866428801006 0.45140825952355001505 0.63302256226487096935
925 421 0.45150154457646302086 0.451407359913966022 0.63302530939252099618
914 410 0.45148768972329400562 0.45140954438593300369 0.63302627100507602442
919 415 0.45150250615579901048 0.45142793714150697415 0.63303368558745898298
897 393 0.451490700239754017 0.45144743870723397228 0.63304276686033400523
910 406 0.45148401103837798587 0.45142159068510900877 0.63303960568598105496
944 440 0.45149575387094198486 0.45142099586055400851 0.63302741392699002354
937 433 0.45148427185622702629 0.45141846554224102084 0.63301019765781396664
932 428 0.45147055801951302412 0.45140481401751397783 0.63299478082421400948
941 437 0.45147484679563598675 0.45140132507253200034 0.63297183407220902751
962 458 0.45148035795708901796 0.45140079322335602274 0.63295119761731399866
981 477 0.45146549056925699972 0.45136731748346697879 0.63293311819117104022
970 466 0.45141897798169799971 0.45135171010060998187 0.63290358983548899996
988 484 0.45140319278728402441 0.45134243294872200547 0.63288829343038899289
984 480 0.45138004313154800329 0.45134768122964802339 0.63288775247470097085
981 477 0.45135437512732001775 0.45135094182308299615 0.6328873915399729766
970 466 0.45132170455870501691 0.45134483123073898536 0.63287860173336696334
985 481 0.45132289127721297861 0.45134014895029100911 0.63285488254795696506
974 470 0.45130609553147799096 0.45132785218163301577 0.6328376189938069718
976 472 0.45127597615526698904 0.4513165691656609857 0.63282239461001599246
977 473 0.45123629289762401395 0.45129086532331297299 0.63280888714470096001
943 439 0.45120108908314299212 0.4512856690684329819 0.63278549097073399921
958 454 0.45118777871638299226 0.45127781319535698046 0.63277933335750102817
932 428 0.45118190999852197942 0.45129008808214299275 0.63277262057687599928
904 400 0.45115751062917097691 0.45130467607157798149 0.63277632959552998493
903 399 0.45115485547755701523 0.45130636848670802053 0.63277602439277602642
897 393 0.45116946035938698678 0.45131192677781001299 0.63277413432044704589
893 389 0.45116643795263500216 0.45131158511800800737 0.63277046111056600708
886 382 0.45115598010141599872 0.45128866262611200266 0.63277887726523396328
916 412 0.45115784162016198122 0.45127029848215399754 0.63277406976457195587
909 405 0.45113860835467500809 0.45125985017927100484 0.63277003299710599116
922 418 0.45113258777367198915 0.45123691871337401338 0.63276755499933901028
929 425 0.45110849543821601726 0.45123855757128700228 0.63275880184180999244
943 439 0.45110466853614999971 0.45124243122394902539 0.6327474828856379796
938 434 0.45109679921606798958 0.45123737749539599706 0.63273681414673199619
917 413 0.45107863844006501619 0.45123576571045598271 0.63271749005307398317
915 411 0.45107078561713798148 0.45122531599524801083 0.63270655324136504394
898 394 0.45106851626136301725 0.4512397030464410097 0.63268995395290694717
916 412 0.451078189633870974 0.45123670102441598706 0.63266869006036297041
901 397 0.45105684863759198944 0.4512316595849409917 0.63266127960190299273
913 409 0.45106492533749797946 0.45123573446058401482 0.63266266417223404606
899 395 0.4510516833946309756 0.45124075934620300199 0.63265500650775596814
899 395 0.4510659330200669781 0.45124720803390799828 0.6326582094594670469
916 412 0.45106177380445999781 0.45123051796913599132 0.63266019893418101727
909 405 0.4510505635301130245 0.4512174755850120178 0.63267113714723699491
908 404 0.45103416698911702465 0.45121521222848998134 0.63267367744392399853
910 406 0.45103594718770800842 0.45121451017934799399 0.63267172786740799584
900 396 0.45102964038379700362 0.45120261146436402289 0.63267956330752794791
905 401 0.45102394785690197443 0.4512010023149700122 0.63268301918791702843
900 396 0.4510253332248220226 0.45121081178683697388 0.6326805438937810333
918 414 0.45102351679367902459 0.45121320747007698237 0.63267878497172902463
912 408 0.45101807757673301191 0.45121281129635099072 0.63267032542800605288
901 397 0.45101559660600498702 0.4512091140210370277 0.6326650796609469829
910 406 0.45101223374456500537 0.45120640554380198051 0.63266240881113700034
920 416 0.45099651920419497886 0.45119046508448301669 0.6326607395909149556
925 421 0.4509916156696979761 0.4511889220433120129 0.63265042874133503581
929 425 0.45098924000804602175 0.45117675114389099722 0.63264622908189904749
918 414 0.45095860090233397255 0.45118267613503598712 0.63263323808883098476
909 405 0.45096031086857002457 0.45118776515663600035 0.63264723208976703095
911 407 0.4509553074695329955 0.45119216653794297356 0.63264074281777105124
911 407 0.45093992587040898634 0.45119136262029801987 0.63265340941648895434
902 398 0.45093894025193498321 0.45120283333315097662 0.63265144749522994605
906 402 0.45093104093663899379 0.45120189475833299975 0.63265745781379600921
903 399 0.45094910038358199111 0.45120146757307899588 0.63267633215435203908
916 412 0.45096102418489797392 0.45118339987726002738 0.63267420574767296859
926 422 0.45096024438300502668 0.45116564929978797416 0.63265555720641597492
918 414 0.45093593274250798331 0.45116825394790399661 0.63265817750434094613
918 414 0.4509068563489970205 0.45115927208750800093 0.63264718939782105256
923 419 0.45091236285163599495 0.45116114355985398321 0.63265837856177198351
928 424 0.45091980054976499304 0.45115728323960302415 0.63266772959184103264
906 402 0.45091196214828699329 0.45117845117775401409 0.63265991965340495629
885 381 0.45089055856775200892 0.45119212376516598662 0.63266300612358394861
885 381 0.45090083704118200103 0.45120508901068301366 0.63267324286761694729
879 375 0.45092369948003702129 0.45121625605125997849 0.63268219580994600193
868 364 0.45091285355009602664 0.45123128997650202576 0.63269696714857603936
881 377 0.45092519339566300429 0.45122904743549202555 0.6327023006944939576
880 376 0.45093106732263599223 0.451230096393725022 0.63271510253867302431
891 387 0.45095062765040599961 0.45122359007004997355 0.63272327169486597409
895 391 0.45095871793698699692 0.45122959973436099768 0.63272854146704904377
884 380 0.4509497464262319788 0.45123952944005402133 0.63273716951739800152
882 378 0.45094713815351300523 0.45125029629628599093 0.63275645648208500571
890 386 0.45095211990760397658 0.45126368232621699716 0.632774881273636014
883 379 0.45095796967460199944 0.45127116688898399888 0.63279726345919395936
895 391 0.45098508561889899537 0.45126450918525401468 0.63280444024151305538
891 387 0.45098532443240901824 0.45128119222347701234 0.63280565013640999172
901 397 0.4510196853465350264 0.45128142891967398809 0.63280167394308295403
895 391 0.45101402095410697557 0.45128209853155099029 0.63280838484229795515
895 391 0.45101701251355802436 0.45128083899182902528 0.63279978754318799705
897 393 0.4510141757938639917 0.45127136524195698986 0.632799198989812961
903 399 0.45103010317037700583 0.45126418023011799496 0.63281560978254902672
892 388 0.45102678250261102333 0.45128108417169698896 0.63281991520502300919
903 399 0.45103900236123500855 0.4512881269160949893 0.63281237426541903091
908 404 0.45103499106154998355 0.45130123826702100986 0.63280951348520098065
893 389 0.45103461136849498647 0.45130921805222901089 0.63280203025423198415
906 402 0.45104489607504899551 0.4513084933412569999 0.63281812760651501293
898 394 0.45103894278872397328 0.45129671883467298299 0.63281934499916803194
900 396 0.45104167461817801232 0.45130596272804801572 0.63280098458590494648
902 398 0.45104204027678201916 0.45129764875640498989 0.63279231528506696414
893 389 0.45102852530928799757 0.45128949025629100378 0.63278747415559999379
895 391 0.45100622830546899245 0.4512708853789719754 0.63279796518798003824
906 402 0.45102454299109101532 0.45128336724213302666 0.63279375880626698159
925 421 0.45101672599531400509 0.45127191107241898527 0.63278253487357905005
907 403 0.45099039839797999685 0.45125018697025998105 0.63277331125248903465
929 425 0.45100705478851499386 0.45125592565229699638 0.6327805198069730297
920 416 0.45098263062731097639 0.45124439875598099103 0.63277415182877194688
921 417 0.45098874612680101004 0.45124340411060298583 0.63276400770435603516
919 415 0.45099888353743300407 0.45125307859181601478 0.63275150827962900468
899 395 0.45098122691687697605 0.4512678167706909993 0.63275012015346698835
924 420 0.45098867695045097292 0.45125977728433397385 0.63273682719800494745
895 391 0.45097997508211901119 0.45127725002975999091 0.63273361036224395892
874 370 0.45098310212468700753 0.45129162634069902582 0.63274544322990700085
871 367 0.45100182647085501619 0.45128807330449599577 0.63274438243000796778
860 356 0.45099726514648502684 0.45130011814349202393 0.63276031281049205379
889 385 0.45102007378930597525 0.45129591799442597688 0.63277098911739904086
881 377 0.45102240743368299247 0.45131167516940801088 0.63276790665474103026
869 365 0.45103591715019897279 0.45132414071650900356 0.63278219719356998407
866 362 0.45105241623789399386 0.45134511447068198509 0.63279389104330996396
869 365 0.4510791192538100014 0.45136925493341301108 0.63280362577604098995
873 369 0.45108201904139899607 0.45137419275493700921 0.63280114018585498226
881 377 0.45110385266155000883 0.45136808074367801291 0.63282405125629703768
874 370 0.45111712613993298904 0.45138983626268902594 0.63283902239320799499
868 364 0.45112033697005998745 0.45139793809365902355 0.63284496716606997158
876 372 0.45111633869865602753 0.45139469506880902649 0.63287072381527698095
862 358 0.45111261568898297636 0.45140659540251998338 0.63289260903487398746
859 355 0.45113273790751501346 0.45143254983207198316 0.63290836520672499876
876 372 0.45114111533706302559 0.45144173886135802176 0.63292680989376903788
885 381 0.45114975929936401711 0.45143667817070198822 0.63293654844743196808
894 390 0.45117359911204701906 0.45145435110880899332 0.63294770596520499861
894 390 0.45115202159925299474 0.45145650143360199769 0.63295982033848696702
872 368 0.4511544168197880178 0.4514667980014869797 0.63297328327834401218
869 365 0.4511451026018399868 0.45145915513309198275 0.63298228181425797434
892 388 0.45116356157504400315 0.45144621237213300446 0.63299607135665902913
899 395 0.45115436344646098199 0.45144130793609499319 0.63300007016813097938
892 388 0.45116661422091802747 0.45144633709180098657 0.63299260802261902992
892 388 0.4511639737038100062 0.45145243107217597478 0.63297466502966504009
891 387 0.4511604535593640164 0.45145370571284698658 0.63297472671113197418
899 395 0.4511530682059189945 0.45144093565068699192 0.63296717039449201803
909 405 0.45117146099948002291 0.45143196257278600525 0.63296385019505896352
915 411 0.45116625742649302255 0.45143256358725597499 0.63294436301640299991
949 445 0.45119157597402598237 0.45141073379763102524 0.63294852277699298337
944 440 0.45117701027160300731 0.45139814583497400724 0.63292679899483494932
957 453 0.45118008357481698134 0.4513815885441599951 0.6329037871098289747
945 441 0.45115535816035301497 0.45138021291338098484 0.63291037433364805143
937 433 0.45115082608921397433 0.45138354533800900681 0.6328933596706679543
921 417 0.45112406552708100849 0.45138000035987102532 0.63288778528321998351
904 400 0.45111969435970900033 0.45137801217190098857 0.6328942567151899512
914 410 0.45113215660295902243 0.45138148749643297597 0.63290880829979101474
911 407 0.45114055542757697248 0.45138347037925202754 0.63291390912269596125
906 402 0.45112320440680697686 0.45138094116626398256 0.63289864267870798997
900 396 0.45112652554163601426 0.4513958757222260032 0.63288291327567203215
893 389 0.4511182252001569859 0.45139659110598501224 0.63287677597915303895
927 423 0.45111653105927101981 0.45134858159892299323 0.63287522427818199144
940 436 0.45112482996688901826 0.45136640176308001626 0.63287287769995403952
920 416 0.45109325013418000161 0.45137339685457000815 0.63286998325364696161
906 402 0.45109657606509501182 0.45140163136952599077 0.63287953742852198769
928 424 0.45109547684604900386 0.45136952280575398655 0.63289343959355404134
946 442 0.45110597014858000442 0.45134559158853598815 0.63288480448007899959
933 429 0.45110288193486097752 0.45135509680476798566 0.63287231553572498299
931 427 0.45107619252086300632 0.45134877854439897638 0.63287223526041602728
911 407 0.45106759178299998814 0.45137330708052897377 0.63286506447363599648
911 407 0.45105557923408901022 0.45136318089911298124 0.63286735998913401513
908 404 0.4510407992091760021 0.45136485909475398959 0.63285096626368697592
931 427 0.45103747539148997259 0.45134862898645600193 0.6328314958651319877
906 402 0.45103833271239102132 0.45136311562399100694 0.63283798477662100979
914 410 0.45105112076326098203 0.4513564776011190216 0.63282959424242501978
907 403 0.45104575746690001026 0.45136142690768699115 0.6328189566447800507
879 375 0.45102278742966100955 0.45136858730730100575 0.63281793571735800441
899 395 0.45104571286645100958 0.45135627479038598064 0.63282574053894202759
900 396 0.45104539713135999301 0.45135502545305000721 0.63283483656449401877
891 387 0.45105245175886299336 0.45135186623854101073 0.63284307743545598068
887 383 0.4510520454370020027 0.45134655038450299802 0.63283888282204803222
887 383 0.4510502692458560059 0.4513728394614360262 0.63285858962853303034
891 387 0.45105827367417000717 0.45136875719099101012 0.63287301420899300108
900 396 0.45106397495101602235 0.45134354353037697827 0.63287516318503000967
893 389 0.45106806940901700287 0.45135726105632101302 0.63287054024336497626
907 403 0.45107364258875998209 0.45135936588102099076 0.63287847805346797436
895 391 0.45107971010131797662 0.45137176725830402413 0.63288134662254502683
898 394 0.45107584129404398876 0.45136199472288102141 0.63288503015556696329
898 394 0.45106825839469399941 0.45136232365521400389 0.63290487707330100875
890 386 0.45106445321104199353 0.45136624661318297536 0.63291407642958197322
880 376 0.45107332898343099892 0.45137848289001697433 0.63290912216997397
886 382 0.45109176246447102443 0.45138392976130298218 0.63292566558356200268
899 395 0.45109592199877701635 0.45136472016875500701 0.63293790390262605339
900 396 0.45110196602789698339 0.45135516841091000151 0.63294927992715799281
901 397 0.45110420811719498246 0.4513585106691159754 0.63294009512563298436
904 400 0.45111547490668502114 0.45138995727693298488 0.63294488939214199608
892 388 0.45110836584050101328 0.45138913534612801204 0.6329481158058749557
880 376 0.45110901598279801172 0.45138407460499702095 0.63296025785038101397
878 374 0.45110827920191598484 0.45136885904704199257 0.63297084635096600991
879 375 0.45110724500862298125 0.45138824266152099973 0.63297415369158205323
872 368 0.45111751398207700081 0.45140676101607002391 0.63299390054744897327
867 363 0.45112728783452699099 0.45141650209375500102 0.63299853181355103526
878 374 0.4511527897431519829 0.45142171703692202112 0.63302128136798696545
914 410 0.45117015842010399496 0.4513998994112919938 0.63302230549034199658
917 413 0.45116985441320200945 0.45140706251398599047 0.63301735566759198548
931 427 0.45116418648100398148 0.45139862252674500809 0.63302457465478700893
916 412 0.45116106708402997638 0.45140355038585799896 0.63301887070440698846
909 405 0.45116743329253800043 0.45139622185730199355 0.63301186681311194526
903 399 0.45115566207489998796 0.45139649507052898025 0.63300346264777096472
899 395 0.45114638603352297253 0.45138835745796801469 0.63301843467155505252
899 395 0.45114318859241497872 0.45138506803905598108 0.63303562232344601224
887 383 0.45113388986765101674 0.45140924298621099009 0.63303416861135997085
885 381 0.45113179140811199286 0.45139803598663502671 0.63303937294939605085
883 379 0.4511441311930480258 0.45140859454952797503 0.63305625757343297888
909 405 0.45114791691648697958 0.45139530545055400745 0.6330567462630379838
905 401 0.45114015108144900346 0.45139794419904299971 0.6330609331415419927
905 401 0.45114032285883398643 0.45140133549929900569 0.63306296802771799825
900 396 0.45112145453627200409 0.45138371239845698213 0.63304435374342804543
906 402 0.45111884794611700755 0.45138279739539000079 0.63305341237972900803
903 399 0.45110241118078198141 0.45138717813295298198 0.63306361433191704613
906 402 0.4510978890737020186 0.4513900493392740132 0.63307299588373600052
899 395 0.45107981110734801655 0.45137481592126699192 0.63307683064034803166
900 396 0.45107759691873799968 0.45137301028061999064 0.63309018436451303113
901 397 0.45107971285534798067 0.45137158202629901194 0.63308952196818502056
900 396 0.45109122012939001367 0.45137587821947999789 0.63310451433798997645
913 409 0.45109189309107700083 0.45137195054971501751 0.63309757291345203356
909 405 0.45108266437703398166 0.45136779226867701498 0.63309597713376797312
921 417 0.45107261002924098348 0.45134864053926398997 0.63309233118897700887
904 400 0.45106442568792898262 0.45136189045178398693 0.63309434541382003658
885 381 0.45107426061581401555 0.4513749994514740238 0.63309742517413103435
872 368 0.45106599458263801905 0.45138031904340597533 0.63310549421129402869
893 389 0.45108161903280702409 0.45139221434428800084 0.63310122488386100237
904 400 0.4510758107172490039 0.45139788900888000445 0.63310423040050900489
915 411 0.45107868731615902158 0.4513957987428739993 0.63309840608833900522
936 432 0.45109982636169998482 0.45139150193469801398 0.63309766458176996995
922 418 0.45108982687538701217 0.45140112930037401551 0.6330922350404849519
920 416 0.4510876204986200011 0.45140237992807502598 0.6330911345929080003
912 408 0.45108039813717998312 0.45140076630519498924 0.63308901301538700324
904 400 0.4510779677169939883 0.45140591959949899481 0.63309249838660996978
887 383 0.45107836527778399915 0.45139613731153299669 0.63311023034518498775
891 387 0.45109191362226702671 0.45141034353728798356 0.63311870457223096142
900 396 0.45109500496476101494 0.45140614362209102728 0.63313485944336600486
910 406 0.45110563470158698829 0.4514106719826609937 0.63315357080748202456
901 397 0.45108803674552200302 0.45141257228518999467 0.63315567178333398424
906 402 0.45109121286417097618 0.45141165597032600898 0.63314719071362401959
921 417 0.45109239311589199861 0.45140141841433401027 0.6331352007758009881
933 429 0.45109291874381202136 0.45139751124289501094 0.63313754673784194971
933 429 0.4510896097737470134 0.45140980731672597503 0.63312005480941102586
938 434 0.4510680446760659823 0.45140046815231699151 0.63310209032796305184
944 440 0.45105750983185100011 0.45138959407366002763 0.63309765230317804896
944 440 0.45104664387996101782 0.45138251420733099817 0.63307976107662300436
925 421 0.45105484865778600057 0.45137433283692801611 0.63306045422151002722
918 414 0.45103508710978001961 0.4513684814544229873 0.63304611274147204458
916 412 0.4510311550925329982 0.45137058131586899057 0.6330354226664850481
899 395 0.45103975053436001774 0.45139650081962501282 0.63303169386202295943
895 391 0.45105224916478597885 0.45141207855060400123 0.63302939516258305286
891 387 0.45105179862698502324 0.45142381710251600069 0.63302135749231502881
892 388 0.45106153863854697716 0.45142547190214599162 0.63300917937999601204
901 397 0.45107152339220801807 0.4514314632729160004 0.63299642611320094954
888 384 0.45105850823619797474 0.45144164614127502144 0.63300249663035601522
894 390 0.4510475948783829736 0.45142646601918601235 0.63300764827701905268
899 395 0.45104449085600101244 0.45141143708842501603 0.63300966947825998421
886 382 0.45105585300985701069 0.45143885151703300185 0.63301026517913905334
895 391 0.45107325005372200799 0.45145227497033801889 0.63302433213049702498
901 397 0.45108569667811598825 0.4514520522639959843 0.63303305512652496834
866 362 0.45109161883092702139 0.45147839982858400942 0.63303220633582901744
898 394 0.4511036515962320026 0.45146955988832998541 0.63304320123580004598
890 386 0.45110098829258599151 0.45146593794885198081 0.63305736058959904966
908 404 0.45111712766060801938 0.4514547440179990101 0.63306149288686996979
912 408 0.45111262508163801899 0.45144694904179799577 0.6330663421969829896
877 373 0.45110489417981597393 0.45144854612636298175 0.63307779004429598491
893 389 0.45111143667992198436 0.45145143416310301587 0.63307490751446904298
887 383 0.45111448689314698202 0.45145195980340602215 0.63307324798345798733
883 379 0.45111868960819900831 0.45146180496067200849 0.63307171414085694483
866 362 0.45110817453522800147 0.45147948049194597253 0.6330863746805459602
886 382 0.45110711427351102287 0.45147873376978397975 0.63310425981862394895
889 385 0.45108584225651698896 0.45147242851146401899 0.63311205202698395134
894 390 0.45109665435436802072 0.45147919305709699467 0.6331174727872620478
897 393 0.45111057304444301952 0.45148220889834800307 0.63312496097906600934
903 399 0.45111431603516399802 0.45148174672248797545 0.63312003672864702875
889 385 0.45109619263947997592 0.45146800375813100903 0.63310056206399600853
903 399 0.45110159521570897256 0.45146227010341499764 0.63308827008142398718
887 383 0.45109453754096900946 0.45147476682075499133 0.63308933389182098228
896 392 0.45109957138318301784 0.45146159776833499899 0.63308726875435894499
915 411 0.45110050664985801294 0.45144487803136201798 0.63306937868209400833
911 407 0.4510862264592089832 0.45144974129854298361 0.63306324318590900813
899 395 0.45106823077605900929 0.45147007034627800737 0.63306679566529200365
887 383 0.4510479274919410031 0.45147256647235001203 0.63306252874734803004
894 390 0.45106041594335299916 0.45146523421509399121 0.63306560605430295396
901 397 0.45105481860252100157 0.45145721313286302223 0.6330661302585439687
902 398 0.45104936501690900963 0.45145533221479600128 0.63306455646769999035
902 398 0.45106429699867800487 0.4514727233228569836 0.63307021930092599593
898 394 0.45106633483505198523 0.45147710666729801154 0.63307642815833498062
908 404 0.45107884863852498736 0.4514803782404939736 0.63306904952724196711
858 354 0.45106518753959801149 0.45150764241318197545 0.63307620950432896834
866 362 0.45108305613714999582 0.45151333973488699813 0.63307647259762200864
881 377 0.45111639996177899103 0.45151554053025899638 0.63308575845431602769
910 406 0.45114274412200200404 0.45150237479670402019 0.63308515605185500252
908 404 0.45112837566752200802 0.45151064205786600736 0.6330884040018349701
898 394 0.45113490778054698982 0.4515132991639470017 0.63308132395340399601
907 403 0.45114159534740899682 0.45152376272111999223 0.63307253802586904712
910 406 0.45113911172807502625 0.45152907571911299334 0.63306639030390099432
918 414 0.45114643357751299524 0.45153452303108099208 0.63307234299265602306
917 413 0.45114523109012599766 0.45154809048143601524 0.63306705436043397839
921 417 0.45114567306809399971 0.45154719536104298561 0.63305821439039400289
928 424 0.45115114987230597876 0.45153423956254801208 0.63304719657244801212
940 436 0.45115094955046902703 0.45153545679846701644 0.63305424228298101674
936 432 0.45114430004954997333 0.45154332127334800839 0.63306286649348197937
943 439 0.45113528942340397343 0.45153766388663002518 0.63306445028032598543
924 420 0.45112612580639299686 0.45154250077323598855 0.63304983153801897
912 408 0.45111396567751999021 0.45153886443479201995 0.6330397344692489936
920 416 0.45113021465944702637 0.45153788415114298749 0.63303182408440195061
950 446 0.45114450448142601191 0.45152358892608901453 0.63302427053974796856
928 424 0.45111815029426699519 0.45152503824761097695 0.63301490819303296576
926 422 0.45110418125055501415 0.45151372980294901538 0.63301062911689998103
913 409 0.45109532393107698578 0.45151801540692998449 0.63300347470559004126
912 408 0.45109619648797200098 0.45152398907032098574 0.6329899009346919847
908 404 0.45109613213707799861 0.45151986271047600541 0.63297792907676297958
923 419 0.45110063470388800377 0.45150619548629500333 0.63297185936429400943
913 409 0.45107863899413902509 0.45150198802873597881 0.6329660459552659546
917 413 0.45108164866677902261 0.45150175253905899808 0.63295222689880403788
904 400 0.45107868297760400633 0.45150489376740698955 0.63294094034342696098
899 395 0.4510905131554769909 0.45151537424209897686 0.63295075782685594756
922 418 0.45108947743086197368 0.45149571653172398955 0.63295324697658794655
915 411 0.45107407313386499448 0.45148300326636198188 0.63296408181143903882
870 366 0.45106310434012097943 0.45150163569580797907 0.63296324995826802606
872 368 0.45106511834193502297 0.45150513473319797697 0.63296829507594598585
884 380 0.4510781187296979966 0.45149598033701998645 0.63297081953086897776
890 386 0.45110030472078799235 0.45147650760544399962 0.63296267757557400646
890 386 0.45108682652781001421 0.45147496098053702118 0.63296236472709199727
870 366 0.45108155207828898314 0.45146783172369597814 0.63295810229187099427
847 343 0.4510953318328870254 0.45149292631527199182 0.63296328273614499427
857 353 0.45109611549031597422 0.45148329401760201041 0.63297542060333100711
863 359 0.45110001433088497969 0.45147289659041001109 0.63299123753339603393
876 372 0.45108810153116402075 0.4514622269752709971 0.63301267845968001158
884 380 0.45109648722468298487 0.45145924044870799907 0.63303787177617798498
874 370 0.45109644567393597514 0.45147376696150198772 0.63304502733625001021
876 372 0.45110300771754502369 0.45147422478894799758 0.63305302246565398061
874 370 0.45110522034215400078 0.45149117912777697592 0.6330724448508310287
870 366 0.45110770563751301232 0.4514997871589789824 0.6330844513355400327
887 383 0.45113835769204202464 0.45151029144039200869 0.63309038883243895501
874 370 0.45112673451482399045 0.45151295636411498124 0.63309945246849796963
884 380 0.45113571746636399462 0.45151158776295702291 0.63309504433674301804
913 409 0.4511458204986910081 0.45149292992432399352 0.63308973119098599369
932 428 0.45115462128358702065 0.4515028309117800065 0.63309285440336304784
909 405 0.45112674657197998629 0.45150259721078200847 0.63311347476931500999
900 396 0.45113656865712298272 0.45152049422656298505 0.63311824552190698601
924 420 0.45115356330903799709 0.45152020802709702529 0.63311500734906300814
916 412 0.45113023644477801 0.45150853919113498325 0.6330991456672719897
906 402 0.45111328127665700771 0.45152374738464901016 0.63310956489322101071
912 408 0.45111315012834501958 0.45152833782788098782 0.63311017838360794663
893 389 0.45110899833381301605 0.45154240494222802615 0.63312738855686001571
918 414 0.45112559489685999381 0.45152645543654901239 0.63311646777765095973
913 409 0.45111960600966699575 0.45153613729185798631 0.63311384061891695652
897 393 0.45111247791089997827 0.45154869730452401599 0.6331113605671080391
909 405 0.45111850039323397876 0.45153150333455599474 0.63311297216589601522
909 405 0.45112320870517902405 0.45153734305600901067 0.63312226581897601552
901 397 0.45112121993124099095 0.45154322495905202528 0.63313399299357098204
918 414 0.45113176748424599349 0.45153748447098601693 0.63314378429312301311
915 411 0.45111222183949101217 0.4515225678256359898 0.63315363486650000358
925 421 0.4511082718857590268 0.45152592588396600615 0.63315035358613602767
923 419 0.45109428323724298782 0.45153657050285000985 0.63315169294833495428
899 395 0.45109511994240497623 0.45153421778107599716 0.63314195594978894821
919 415 0.45109682478269097494 0.45152803865877699785 0.63315182196057795405
895 391 0.45106822401787399768 0.45152258880428297605 0.63315642998606902481
894 390 0.45106348097008702736 0.45151467049796800701 0.63315368476677602594
879 375 0.45105762419903699945 0.45151569561590099156 0.63315689778543104982
880 376 0.45105476678997802331 0.45149934883450998369 0.63315957758951901813
894 390 0.45105895741901502749 0.45149395934631897376 0.63317525397622198557
901 397 0.45104478398763098168 0.45147614790198098422 0.63318730863748595716
905 401 0.45104070741413698764 0.45148516227611201757 0.63318286462913297985
911 407 0.45103818484993102311 0.4514879385059730188 0.63318763949550704861
920 416 0.45103794647434797271 0.4514894586381770214 0.63318350161878400595
916 412 0.45103398783839798725 0.45149527817790702233 0.63317409383335598871
911 407 0.45103967293242497316 0.45149397717398898067 0.63317539819035895121
893 389 0.45103235158455801113 0.45149894196350398579 0.63317503928413099157
899 395 0.45103407041553700285 0.4514953115457310262 0.63318768816500703434
910 406 0.45105027657728097301 0.45148488491507299258 0.63319060531281301518
920 416 0.45105640815631897755 0.4514857770988480179 0.63319518113641803936
925 421 0.45107902130327198753 0.45150137395505002269 0.63318867706292203401
925 421 0.4510705287055229995 0.45150458585905201003 0.63318833215839498418
891 387 0.45105974356077799259 0.4515232081526929786 0.63319262601334702634
893 389 0.45106933110804497966 0.45152614166408100438 0.63319166068249599366
890 386 0.45107217320402198668 0.45151862773389500605 0.63319482391003600874
897 393 0.45106697217252200716 0.45151419575752499425 0.6331883524993060508
900 396 0.4510695663086249918 0.45151249057872000492 0.63319747747554600004
917 413 0.45105803685894901855 0.45150846576582898129 0.63319894942875298849
921 417 0.45104227418249698278 0.4515131790781329868 0.6332060863111620419
917 413 0.45104754868995999839 0.45152881139048200998 0.63320437999495104986
904 400 0.45103537027049400709 0.45152567652419001165 0.63318947551429094478
896 392 0.45103543266354301222 0.45153412346093901863 0.6331921469070289632
908 404 0.45104677980041901764 0.4515325028043770117 0.63319945990856396634
908 404 0.45105363852772600852 0.45155041968051901069 0.63320382674014696889
889 385 0.45104654554598799798 0.45156000678471397425 0.63320021913837598593
906 402 0.45105952194219900431 0.45155001888691498335 0.63320354801599798567
929 425 0.4510614075003869794 0.45153621294813800491 0.63319418122876702792
944 440 0.45104906158235297253 0.45152850340523698058 0.63318709354048297033
937 433 0.45103885290572298672 0.45153084413286398435 0.63318280540700799808
949 445 0.45104405739472397396 0.45152993787663098235 0.63316898535546495275
947 443 0.45102712736537098337 0.45152672543654398529 0.63316835189760800606
939 435 0.45101747816882598041 0.45151672337605802676 0.63316758751452595355
911 407 0.4510018879723349805 0.45153197710740300419 0.63315669135395802325
916 412 0.45098671216581398546 0.45152273445923801765 0.63314422486322996519
928 424 0.45099706037144199344 0.45152325253698799568 0.6331435800122150459
927 423 0.45098415456941998158 0.45151769962510701628 0.63313645622535996704
908 404 0.45098004291136900568 0.45154010762698498782 0.63313036865771998851
900 396 0.45097013310334299607 0.45153849322341899075 0.63313538019034698578
877 373 0.45098694299548297559 0.45157247897511698653 0.63313995395337296923
869 365 0.45099421416161300513 0.45157196288804901663 0.63314957126330095871
875 371 0.4510071411852379919 0.45157772882698099526 0.63315109558494397923
888 384 0.45102263292525002214 0.45160122635393801227 0.63316321601840996891
881 377 0.45103755318970900623 0.45161383174638697335 0.63316110721443397136
875 371 0.45105016027441402482 0.45160976505329097908 0.6331621272635059583
871 367 0.45106101538748899493 0.45162222614813002375 0.63317008002015395807
887 383 0.45108209378221097996 0.45163547434719097939 0.633174128495043953
892 388 0.45108527184649699349 0.45163224325420397998 0.63318049757298000557
907 403 0.45108598464776200609 0.45161224112743797443 0.63318323779684104746
899 395 0.45107947342431897741 0.4516183305924100222 0.63319315411400800553
905 401 0.45108968482564598679 0.45162573943802397647 0.63319545846425095981
914 410 0.45109884415388301626 0.45163662709173002519 0.63321355954849301018
913 409 0.45109773636543798458 0.45163177011671301608 0.63322074770740199856
911 407 0.45109237788363898414 0.45162832632034899394 0.63322681394600899285
872 368 0.45107377759309902343 0.45164303349367002083 0.63323421930947199066
885 381 0.45107361190301598075 0.45162924032427598231 0.63323745884594995204
902 398 0.45109069299752202475 0.4516192862361330107 0.63324253839423605417
914 410 0.4510982064232709754 0.45162320078189299721 0.63323345947022802171
926 422 0.45109496399488602236 0.45160771221766998762 0.63323760369248405233
944 440 0.45108537484197297474 0.45159676352841898739 0.633226692131164004
934 430 0.45106310666351601135 0.45159465875794702061 0.63321685511491898612
945 441 0.45103472456206900043 0.45158240222070200609 0.63321065660706199463
955 451 0.4510376888136489737 0.45158078676307900068 0.633211537283449033
944 440 0.4510271265710419919 0.4515684120086049802 0.63318924911788998511
926 422 0.45099356898716502773 0.45155600318420702211 0.6331902700654850058
909 405 0.45099242028344099786 0.4515667325616540273 0.63318705460395097173
929 425 0.45100007733019997769 0.45155867471784499889 0.63318264254030798277
927 423 0.45099836848775098908 0.4515674648220139864 0.6331791381367289917
945 441 0.45099705945691298536 0.45154946040659499351 0.63317264696512398636
924 420 0.45098055160201799829 0.45154163773727601372 0.63316356073044099961
926 422 0.45096849101762898071 0.45154258021165599724 0.63316276017678896348
935 431 0.45096355566810897297 0.45152398952806899191 0.63315001902744605378
940 436 0.45095989818790299664 0.45152314339054799852 0.63315288336759001364
957 453 0.4509535899692360128 0.45151927572964800639 0.63315131732769802664
963 459 0.4509429877960179911 0.4515033789735140024 0.63315248696467296696
958 454 0.45091566124868198706 0.45150704399094199193 0.63312517952037894453
953 449 0.45089214495976498442 0.45149431270501100277 0.63310793193895997799
933 429 0.45086082583538300561 0.45148858323673501936 0.6331045323973909511
928 424 0.4508590628865499772 0.45148788196043698751 0.63308893394541498889
931 427 0.45085889396491601877 0.45148464974879898293 0.63309122300402198569
925 421 0.4508457779949869848 0.4514745199428040201 0.63308345833803403302
931 427 0.45083396543146397883 0.45146168440763800866 0.63307192016939994872
926 422 0.45082761263242498995 0.45146003422581099107 0.63306743478256299884
931 427 0.45082198265743900212 0.45146815393376099612 0.63307184711560104962
927 423 0.45082190450962000838 0.45147875556263600272 0.63307087784092697103
915 411 0.45080948632734901826 0.45149998580841699258 0.63308894966743001209
886 382 0.45080356998435600069 0.45150556345083697751 0.63308504721803005033
875 371 0.45081025455846401861 0.45151104670496100546 0.63309070986886895049
875 371 0.45081625068610997609 0.45151804808441398098 0.63309430154653500988
896 392 0.45083037428026900839 0.45150606393456499399 0.63308822339527803802
879 375 0.45082944447075001815 0.45150653734475998391 0.6330729168417640329
899 395 0.45083851562428800541 0.45148964866079799307 0.63306141617432099
919 415 0.4508544135280109777 0.45148995148934301103 0.63304324983286497375
890 386 0.4508525293580210036 0.45150869040113400521 0.63305115787956800499
890 386 0.45085410362060002187 0.45151733169440599891 0.63306035794152903939
906 402 0.45086479254589800769 0.45152874657669900271 0.63305167377333904088
908 404 0.45085904192762299436 0.45154132529005297503 0.63304654338468202557
874 370 0.45085468364429098775 0.45155758942030099767 0.63304374841508403993
887 383 0.45087241171492598024 0.45156550836074499378 0.63305448106410699971
874 370 0.4508653461781090277 0.45157689162373598757 0.63305444110627295817
900 396 0.45086993543308900856 0.45155842636591497774 0.63305529504352398007
916 412 0.45087948825814000431 0.45154747535511202683 0.63304929711739499343
905 401 0.45087712950581498861 0.45155360873856797976 0.63304451623429203178
919 415 0.45088031635869202374 0.4515401963504179772 0.63306161511449898782
916 412 0.45087294285535300942 0.4515317734728229726 0.63306381277179102351
915 411 0.45087526239069097844 0.45154128253116698755 0.63306640913133405135
921 417 0.45089324548699799555 0.45155468121962899497 0.63307700559096202753
919 415 0.45090875035895000567 0.4515648266141910061 0.63307631216468596147
930 426 0.45092416744623398106 0.4515635015777810235 0.63307164267458204687
922 418 0.45091230945861598967 0.45154942114487800486 0.63308255871773899681
924 420 0.45090357943299097521 0.45154140154642502525 0.63307567931237995751
936 432 0.45089959729833400948 0.4515235345728120242 0.63306648354584704741
916 412 0.45088988172693700296 0.45153190360959399863 0.63306853331346202296
916 412 0.45089085432228498407 0.45152299315988198014 0.63307075975511994947
889 385 0.45088156501923998265 0.45153088194102397601 0.63306413867026600784
901 397 0.45090001734591500515 0.45153069414952801131 0.63307434297642395382
912 408 0.4509162600470459914 0.45153326646546099177 0.63308213704343496708
910 406 0.45090582270723900127 0.45152768605035398242 0.63307371683501700854
910 406 0.45089769514428701402 0.45152896554705401755 0.63306801108434895831
899 395 0.45088808017646897497 0.45152658038718401778 0.6330509232615609827
898 394 0.45087546823903201787 0.45150963530163801263 0.63304214248445800362
885 381 0.4508831249419690268 0.45151880076627398664 0.63304837983380901623
886 382 0.45089023023181501459 0.45151835870655399052 0.63305799012083197042
862 358 0.45087682174846499539 0.45153009831473500668 0.63305347897983599292
873 369 0.45089602873617901091 0.45152543729142202711 0.63306487889519402756
878 374 0.45089926359142701306 0.45151458588815102102 0.63306901024362505215
883 379 0.45090721504134101405 0.45151930351089697435 0.63305773565889800203
898 394 0.45092623850614799164 0.45151576924912800726 0.63306501275873094947
908 404 0.45093118022067302242 0.45150540427087099138 0.63307173500082303264
897 393 0.45091890499032299955 0.45152017085717599532 0.63307494915327100493
905 401 0.45091515026727402304 0.4515085647498169874 0.63307412767454895874
899 395 0.45091730576710598033 0.45150529708034997656 0.63308117006550801431
882 378 0.45091909349840597621 0.45149950054275000966 0.63308276173722999314
912 408 0.45093352575028100571 0.45149306321890597671 0.63308584816231094905
913 409 0.45095088192880000699 0.45149216037540401691 0.63308969755378996513
885 381 0.45094556223311899057 0.45150347466688200981 0.633089073094389998
890 386 0.45094572907813701423 0.4515016225673750272 0.63309234569956995831
895 391 0.45095158482597602623 0.45149168013303897506 0.63309173983768995964
910 406 0.45095748907369798131 0.45149128908699798224 0.63309237512494598299
906 402 0.45095412217258301624 0.45148645187599401041 0.6330854010378590413
922 418 0.45096466639608501215 0.45148400842069902339 0.63309003916837203185
907 403 0.45095753758978202042 0.45150017770786399218 0.63308994500693904772
893 389 0.45095318835958098092 0.45151898818026098281 0.6331026131720259853
899 395 0.45095796737126397913 0.45151205108231601271 0.63310754568631699701
906 402 0.45096564594860799602 0.45151088782485698792 0.63310892216398995114
914 410 0.4509577232909020017 0.45149037277139197899 0.63310804595529401873
903 399 0.45095591712243299209 0.45148204441042399937 0.63310836467901698832
913 409 0.45095949812635999221 0.4514758103682590118 0.63311853641784299196
905 401 0.45097617318929300589 0.45148144913900600805 0.63313910286372099279
903 399 0.45097935715894599262 0.45146861211862698848 0.63313130031370101758
920 416 0.45097927992162700761 0.45146439144166100599 0.63311777973587002322
898 394 0.45096030088137301073 0.4514629513850340059 0.63311888377875502609
878 374 0.45095526622416598483 0.45146867043348398729 0.63312815630473195938
882 378 0.45095925363062600022 0.45145589390967899579 0.63314496765269401291
907 403 0.45095843488511799801 0.4514439334454999897 0.63314944685559804149
908 404 0.45095516235395899374 0.45142308804039599224 0.63314165631067698126
922 418 0.4509622182689799752 0.45141689186276601209 0.63312534575722301255
908 404 0.45096477835046500093 0.45140742890248097829 0.63312262708247701859
906 402 0.45095688900817598732 0.45140379655307499851 0.63312979000533498031
938 434 0.4509587801474819746 0.45139131477835897632 0.6331311523783269557
947 443 0.450944299229977974 0.45138619837112597954 0.63312673926830298488
932 428 0.45094026395943898056 0.45139523793153901732 0.63311941576699104495
934 430 0.45092937877546002134 0.4513833284161110071 0.63310972568208701006
922 418 0.45093153178892297905 0.4513916408071769748 0.63309818202826995126
893 389 0.45092168349499001101 0.45139842146972597448 0.63309467005768904624
903 399 0.45092556491497798321 0.45140621217324600201 0.63309981047728103309
903 399 0.45093273666124100707 0.4513983967587300028 0.63310726443447695733
899 395 0.45091845061087798552 0.45140105078749798162 0.63310440516958499391
940 436 0.45092952988389900515 0.45138063742698397718 0.63309966269424400309
918 414 0.45091008725871201124 0.45139702829212102753 0.63310184273303804492
907 403 0.45090350550641500327 0.45138634396297599993 0.63309756223980595546
916 412 0.45089672321595297699 0.45137349650657698774 0.63310437676818098751
926 422 0.45090722875412098114 0.45136659219548497246 0.63309664419980504757
899 395 0.45089995901778900933 0.45136557957358097726 0.63309617617646996024
900 396 0.45089580213760699356 0.45137001395665499182 0.63309221427481199296
901 397 0.45088982546250999661 0.45137321602504798523 0.63308382409557295567
899 395 0.45088221174854298257 0.45136331637349397239 0.63308971292138005449
923 419 0.45089903904559597292 0.45136276009151299338 0.6330795342035360207
909 405 0.45090339633040099621 0.45136048628974201335 0.63308192617726299911
887 383 0.45089271129881097755 0.45136425245977801479 0.63307860133375504219
867 363 0.45088799911108501384 0.45136607014223401046 0.63308223949927300289
871 367 0.45089181939455702519 0.45137277534952302549 0.63307988147645599675
898 394 0.45091143130491900815 0.45137584191103902187 0.63308742053009103845
916 412 0.45091557355916600525 0.45136220359097101174 0.63308780810695097774
930 426 0.45091511104036402502 0.45136156753778799988 0.63308015344933099566
944 440 0.45091704890564399122 0.451338584323294989 0.63307438356525602696
954 450 0.45090748372520000897 0.45132581474206800998 0.63305468614283000317
970 466 0.45090288231517000606 0.45129662744875198577 0.63305359972598795881
961 457 0.45087864211690897864 0.45132047679182202282 0.63305556062980794518
944 440 0.45085313963924600333 0.45133109580201702382 0.63305538995736099217
951 447 0.45084251010927400838 0.45131821752814099691 0.63305222224209500848
951 447 0.45082312882610298121 0.45129040759130301108 0.63304632351462097883
937 433 0.45081277169859002019 0.45130224975487298611 0.63303093033352098029
927 423 0.45081669738626800603 0.45129083650736101507 0.6330289452064680189
945 441 0.45080984505218102409 0.45128034022439500461 0.63302700319746296742
935 431 0.45081713620091401484 0.45129465291933501536 0.63302120457574095891
911 407 0.45080809380249098339 0.45131433959944400325 0.63302533788029602402
913 409 0.45080350763176302298 0.45130170287729898249 0.63301362947964900929
896 392 0.45078578840473398914 0.4513094402834950114 0.6330073222433419966
894 390 0.45078982183347399149 0.45131415603250701896 0.63300038679397296892
902 398 0.45079593757039398971 0.45130560683048198678 0.6330047660448629987
901 397 0.45080652695111700368 0.45130973389124001693 0.63300429086922904709
901 397 0.45081528118743902089 0.45131893174984599737 0.63300597862823204665
916 412 0.45081864118600800673 0.45131436844365402372 0.63302054240424898701
906 402 0.45080659273651602081 0.45131689039193401136 0.63302404577163895461
907 403 0.45081942783184197898 0.45132829567151000472 0.63301260113533297513
910 406 0.45082862335632201134 0.45133755662630198335 0.63300870882593396338
906 402 0.45082608346505598229 0.45134882199488901566 0.63300243972134595527
902 398 0.45081577778783799015 0.45134175283557897984 0.6329957819029959909
932 428 0.45082572915300700434 0.45132200390906501708 0.63299545930438705366
927 423 0.4508224505579380148 0.45130515969182999347 0.63298952779161699045
919 415 0.45080725788348702254 0.45129722820631801294 0.63298677232020694738
925 421 0.45080137985191598426 0.45128867048129300832 0.63298414950481296515
916 412 0.45079251828556698989 0.45128777799454700137 0.63298943455960499094
880 376 0.45077909676660798954 0.45130209446196900558 0.63299722105745104273
875 371 0.45079977730442100103 0.45131160083467697364 0.63300944002587100634
886 382 0.45081171262783797937 0.45131499594869500802 0.63302984188839195312
887 383 0.45082525888518298895 0.45131777088891800176 0.63304643645078995107
889 385 0.4508349248948910204 0.45132179128817700997 0.63306692061006397676
892 388 0.4508318637948640073 0.45133451589155898498 0.63306722192436404306
898 394 0.45082197645689897625 0.45133301537882197785 0.63305474043688203523
916 412 0.45083027055120900028 0.45133597526329799487 0.63305687509640595767
925 421 0.45082430929485500792 0.45133626981095698039 0.63305152056904101521
915 411 0.45081864782947800308 0.45132528533573301743 0.63305434148767403268
915 411 0.45079791515549300085 0.451309007307035992 0.63304162572144595522
921 417 0.45079302544395499774 0.45129445286047997765 0.63303572522034901038
930 426 0.45080080930332599998 0.45129571912095001185 0.63301389035624600066
938 434 0.4508065418859439899 0.45127935303018401614 0.63299539669185900248
927 423 0.45079348337730001939 0.45128087448261400283 0.6329941958741750474
942 438 0.45078691559886502338 0.45126584562347399343 0.63297273773646700601
943 439 0.45078929677269402587 0.45127376594806600796 0.63296899475203605157
943 439 0.45077220201193901605 0.45126983840703999151 0.63296454583254302406
908 404 0.45075636901706600534 0.45126576900140402682 0.63296614104619397523
903 399 0.45074631465744402492 0.45125325960705597872 0.63296906915535200433
913 409 0.4507410032037599823 0.45122968010503000658 0.63295523638945294653
914 410 0.45075006513040899447 0.45123093149428800119 0.63295190449867200222
889 385 0.45075426140315100199 0.4512474075287389863 0.63295840455140994774
917 413 0.45077196555531701128 0.45125045632342797308 0.63294926111433602589
896 392 0.45075646844571298777 0.45125538255089397977 0.63295334406138104022
908 404 0.45076596530027102094 0.45125917856589398136 0.63295096652602800269
914 410 0.45075832802610399375 0.45127204078691701694 0.63295042604729701008
903 399 0.45075417949619200897 0.45127315022781000486 0.63294834386081799682
898 394 0.45075337054351199972 0.45127801677611800724 0.63294755257939705473
914 410 0.45074845048802197889 0.45126222710279101369 0.63294603203045896045
894 390 0.45074111942695099797 0.45126706152994999766 0.63294549382386799952
893 389 0.4507431793666820119 0.45127370731599397713 0.63295402798667999011
893 389 0.45075012053281399149 0.45125910507160199581 0.63296629279626903664
894 390 0.45075660720803201187 0.45126185875529700731 0.6329650509344459941
908 404 0.45075698514600298639 0.45126609518969501567 0.63296043345411401315
938 434 0.45077211814685197444 0.4512680962223459824 0.63295483910543404171
924 420 0.4507508512366240061 0.4512726239269539974 0.63293730976760798068
931 427 0.45075775953366098436 0.45126926679884299398 0.63294135545551599709
939 435 0.45075418188629601257 0.45128182820706397305 0.63293828807717800178
943 439 0.45074902615696699204 0.45127195057944302636 0.63294639828397303294
912 408 0.45073311351562800331 0.45129547988445101181 0.63294210207308498894
909 405 0.45072407034971001538 0.45130102115755399428 0.63293871448357996723
915 411 0.4507173495982069733 0.45128528840825199442 0.63293527207336097717
892 388 0.45071215849530998909 0.45129603041130200713 0.63292759252260100133
911 407 0.45071014638550699338 0.4512799360473159771 0.63292674760074096874
903 399 0.45069787580809600458 0.45128918063535200522 0.63291960829654003717
904 400 0.45068961215146902122 0.45129553978958997229 0.63291782272144303523
897 393 0.45069246648333599614 0.45129045838963599557 0.6329184900481999998
908 404 0.45070648315604400214 0.45128740120769000876 0.63292449494989599934
906 402 0.45070752137260100545 0.45130863618224598133 0.63291849368848995816
910 406 0.45070743082022002302 0.4512975094949510102 0.63291705709763901311
921 417 0.45071145767738701737 0.45129596265082899675 0.632902998765676017
909 405 0.45069611833128497835 0.45129511569048297304 0.63290494221069104608
931 427 0.45069950233279598706 0.45129557563536998321 0.63289490587188002024
927 423 0.45069530070380797726 0.45127387805236701679 0.63288226861038798798
932 428 0.45069210301766698956 0.45127159626506602175 0.63287939029062301177
932 428 0.45069391215126597405 0.45126403851087298902 0.6328642804859150317
927 423 0.45068094310721801277 0.45125205071733598405 0.63285411684712200575
904 400 0.45066639272789099646 0.45126422636002100353 0.63284660363289602092
905 401 0.4506609225270860053 0.45125900469177998575 0.63284018072348402484
927 423 0.45066359792701599085 0.45126447822427800949 0.63283445140715399724
907 403 0.4506484423693979946 0.45127278223623601416 0.63283691726788704468
901 397 0.45064526629447698713 0.45126900201581199301 0.6328398226172999852
891 387 0.45065072213765799969 0.451258923402862 0.63282483203822303963
882 378 0.45065844022460199714 0.45125671244778298163 0.63281913939598899432
877 373 0.45065665423914602616 0.45126107875675497416 0.63281677139987901892
882 378 0.45066032090564900336 0.45124793616839897759 0.63284269672132098528
898 394 0.45065990823449797453 0.45125106648337098836 0.63284998768539701963
891 387 0.45067892181595697876 0.45126623265470799939 0.63285182538582596123
895 391 0.45067504884915499108 0.45126339154438399603 0.63284264286948699318
891 387 0.45067913323589497976 0.45126950935720799851 0.63285099933988797627
879 375 0.45067499633646401769 0.4512757921705859987 0.63283567366756299233
868 364 0.45067632069363200431 0.45127373660991099147 0.63283861918264194824
907 403 0.45070468760791099205 0.45127489399551401483 0.6328337874655399764
913 409 0.45071664912529302294 0.45127341079742600005 0.6328230811211109641
916 412 0.45070785005784097521 0.45125606027211301319 0.6328186966687759929
909 405 0.45070964292053200539 0.45126824304194901316 0.63281252466009796365
914 410 0.45070941030762901036 0.4512637888258200225 0.63280351152850999874
914 410 0.45072217180826401606 0.45127184754195598382 0.63280199622040900209
920 416 0.45072477462948501437 0.45127240120679001922 0.63280237402159400517
942 438 0.45072441315738998036 0.45126174660975298947 0.63280811596356101312
942 438 0.45071649725268098097 0.45124623252516499194 0.63279547627697196877
934 430 0.45069782546251002664 0.45123231395371099506 0.63280502697574003701
928 424 0.45068338362288901111 0.45122125032263799005 0.63280445345084301856
912 408 0.45065996782183498359 0.45122063472192097677 0.63281014832771398382
898 394 0.45064905505625302284 0.45123625248107501751 0.6328226022727719835
885 381 0.45065622407104000136 0.45123918204351498584 0.63283220638469095398
883 379 0.45067324876089198682 0.45124665708401900943 0.63282882331917600371
890 386 0.45068270791502601513 0.45124713983247499716 0.6328298599641920541
884 380 0.45067802719587901628 0.45125379398671000564 0.63283334716555095234
896 392 0.4506842246013860187 0.4512532470141920049 0.6328232687498970277
851 347 0.45067379963692799638 0.45127086392018200822 0.63282208723838995201
871 367 0.45069510583696797967 0.45126914534179102256 0.63283016189345797642
878 374 0.45070304159987800707 0.45128343758784000839 0.63283424259738596529
893 389 0.4507056383343939765 0.45127437412505599923 0.6328352999589880179
909 405 0.45072428339450898438 0.45127731493641498606 0.63283642034343601246
908 404 0.45072556580792200176 0.45128252155275500046 0.63283442762983599383
934 430 0.45073891625559298069 0.45128346812622299744 0.6328358808016479875
935 431 0.45072521670027199114 0.45126660623793102278 0.63283388014212305084
918 414 0.45072418766721100702 0.45127598852344402713 0.6328333494196659581
917 413 0.45073140935962302533 0.45127978008878799621 0.63282606897652804445
922 418 0.45073249348031901862 0.45128913951950000438 0.63281441821504003098
913 409 0.4507380166110639963 0.45130861429645102723 0.63281940243047996031
907 403 0.45072259521481400357 0.45129767164870898677 0.63281249021892904683
910 406 0.45071618050342598938 0.45128503940898101465 0.632808354275362972
903 399 0.45070785135065299931 0.45126777077475299649 0.63279202722943395099
917 413 0.45070098770373001607 0.45126972716901697646 0.63277904242506000099
918 414 0.45068046114190202234 0.45126861355117697805 0.63278228148304904721
907 403 0.45067150082281698387 0.4512754661434499881 0.63277961489456602262
895 391 0.45065906484003498411 0.45126936007080098445 0.63278867973529195901
878 374 0.45065419254640898261 0.45128951117469900955 0.63278192952776302072
875 371 0.450660812184078996 0.4512827951148359884 0.63277528616709899367
888 384 0.45067687887453200535 0.45128866043759802151 0.63278210055974304371
888 384 0.45068176888365102384 0.45128377508668898743 0.63279055763689295855
901 397 0.45068946394355802187 0.45128351190888299493 0.6327855496900109955
907 403 0.45068766194881099141 0.4512987986107209748 0.63278496326837296859
908 404 0.45070059442432397478 0.45129511815056599922 0.63277767075534496755
910 406 0.45068784781388798732 0.45129203561855901761 0.63277625949234994618
906 402 0.45068676600116197584 0.45129181492829600897 0.63278185388766694519
915 411 0.45069288748267399836 0.45130172636312199108 0.63278291941694098099
920 416 0.45069459041559700729 0.45130769278670901379 0.63278074440065801287
932 428 0.45068405091376601002 0.45129041265226299551 0.63277712177128297988
913 409 0.45067420087749199276 0.45130683361647699892 0.63277698196247200713
903 399 0.45066778668545798281 0.45130929838492700457 0.63278429294058702315
928 424 0.45068328258812501153 0.45130473010530802735 0.63279014145254297574
920 416 0.45066567652324401871 0.45130582776239297482 0.63278836099187196762
933 429 0.45065551405131298868 0.45130395062194700317 0.63277762792641401024
932 428 0.45065002432261097587 0.45131351540289998958 0.63277686686704004426
913 409 0.4506463006585820219 0.45133434670816602319 0.63277738337651101563
898 394 0.45065424733594100504 0.45133159327314298359 0.63277913101318494782
909 405 0.45065546797741601326 0.45131668580976297411 0.63277350619097605389
894 390 0.45065012333074999651 0.45132359556649398469 0.63276095730224202196
932 428 0.45067513230604300256 0.45131582380092299944 0.63277338031275098817
939 435 0.45066556338094498901 0.45130517723975199784 0.63277533028680699179
925 421 0.45065584164637700892 0.45129246126284799923 0.63278216147279398029
923 419 0.45064902105161802615 0.45128511284709299511 0.63277095262167204481
919 415 0.45063941594220502385 0.45128641002518699032 0.63275863778032703788
902 398 0.45063185582694198494 0.45129859658729098992 0.63275935110776804216
899 395 0.45061565768016598188 0.45127973016486300217 0.63276154034243603519
902 398 0.4506275959194199765 0.45126876495251999621 0.63275498904694604807
895 391 0.45061701688381400333 0.45127614090472900621 0.63274719046159699776
907 403 0.45063129705940402348 0.45126701305982197532 0.63274154268839299942
901 397 0.45063647055279698606 0.45126992697925899511 0.63273736494202403868
899 395 0.45062948152007897828 0.45126687672889997938 0.63275080041825604305
907 403 0.45062877629928099754 0.45127169254058602244 0.63276053334942294892
902 398 0.45063969805899800614 0.45128249545224402572 0.63276790083144696109
898 394 0.45063926501125201041 0.45127844827210500389 0.63276567123487204025
900 396 0.45064517442041501782 0.45127556414490499481 0.63276771623361405261
906 402 0.45063750030771299038 0.45128311631743800447 0.63276445582338702867
898 394 0.45062732828851098654 0.45128651935284602725 0.63275952072683594452
894 390 0.45062011376912497473 0.45127733754320797921 0.63276084776022900602
925 421 0.4506213219300699846 0.45124840059424797811 0.63274927586331597418
951 447 0.45063156766899298278 0.45125587563052899087 0.6327392328270019517
933 429 0.45061055855680598459 0.45127409448141198034 0.6327387405261950537
929 425 0.45058988881531097936 0.45126033932299297602 0.63272373739792997505
912 408 0.45058129162463800288 0.45127138507639702469 0.63270981240133494783
898 394 0.450565075990726982 0.45126217998388001851 0.63270701713407995204
879 375 0.45055930117116899103 0.45128237372542301387 0.63271001575694796326
892 388 0.45057584582101400938 0.45127993393833698565 0.63268868786538901006
884 380 0.45058100954038998731 0.45128696061380402238 0.63268891605107002718
879 375 0.45059606586644501691 0.4512991051903220141 0.63269583313564103921
921 417 0.45060997624881099499 0.45129387196177600527 0.63270009898090295852
923 419 0.45061200937908901798 0.45129269436521002312 0.63269614534312801357
910 406 0.45061054864021099498 0.45129592848772098757 0.63270089621672398472
921 417 0.45060195432650002045 0.45128078320741898954 0.63268444825484504435
917 413 0.45059042731255199987 0.4512722755833140087 0.63268397484231697625
929 425 0.45056963585186599053 0.45124865986626799819 0.63268548124201895444
929 425 0.45053929386097302245 0.45123797911407897976 0.6326791345500329955
919 415 0.45052939878869302515 0.45121741438233398114 0.63267886369341697073
920 416 0.45052610688202099354 0.45122430579214301005 0.63267074566983605433
885 381 0.45050997663164299434 0.45122875179686300351 0.63266547281016205506
893 389 0.45050357140178398652 0.45121726662453898182 0.63266001561597395852
919 415 0.45050261742882302674 0.45120023562852701327 0.63267176713680695066
891 387 0.45050363902388701476 0.45121216619521598012 0.63267401143019996734
919 415 0.45050964926925501919 0.4512046449100610146 0.6326833148306769683
925 421 0.45049586069377600683 0.45119597630062602267 0.63268962612790602407
906 402 0.45048557219714002731 0.45120266531613101302 0.6326922994544470491
896 392 0.45048909616147397861 0.45120773657170998305 0.63269108891955094798
880 376 0.450476305670768018 0.4512054546495830043 0.6326904283433689713
903 399 0.45048432937029198042 0.45120498084001298134 0.63269241350600502471
912 408 0.45049180968326602015 0.45121118111222102698 0.63268360777333998435
911 407 0.45048360479595001005 0.45119788511262698405 0.63268915988574803144
923 419 0.45049730269212101552 0.45119947339838600842 0.63267654636460401996
935 431 0.45049989265305301345 0.45119710746880198338 0.63267935542530995274
914 410 0.45049036465709801913 0.45119483304807900259 0.6326696923725749766
915 411 0.45048186234713499809 0.45118707383981798698 0.6326617167563020061
914 410 0.45047787817646900432 0.45117250986710599747 0.63267584530650100572
909 405 0.45047639934638200598 0.45117362633011698358 0.63267662223094400797
911 407 0.45047071849529601861 0.45116252940158702023 0.63267229727013496454
911 407 0.4504802019436390248 0.45116357434159998219 0.63267349784688997616
907 403 0.45048724519243199538 0.45117587036810202772 0.63266852989505295568
907 403 0.45049336260514599717 0.45118179122670398762 0.63266272001891099563
886 382 0.45049102623942699486 0.45118394619402601986 0.63265426667155899576
911 407 0.45049561547481697943 0.45116939810695200208 0.6326448368850059456
934 430 0.45048316814293898336 0.45115395117900097821 0.63263266796456096852
917 413 0.45047573438554400216 0.451165369779659986 0.63262106554800301428
891 387 0.45046788933915798969 0.45117085419121899514 0.63260914782371402421
899 395 0.45046659264621502494 0.45116179368515801906 0.63260697739421900554
899 395 0.45046577797800901877 0.45115801110837000509 0.63260226462488999832
921 417 0.45047376823239798638 0.45114671808037498657 0.6326022058386300273
896 392 0.4504619201113039817 0.45115738008470201992 0.63261259783649803623
892 388 0.45046401502458599531 0.45117564554314099068 0.63261194057003400371
895 391 0.4504643606106120135 0.45118749232261701199 0.63261160695276297261
877 373 0.45046890119189597623 0.45119233598107000294 0.63260934079600594782
875 371 0.4504852438820839966 0.45120873698445801425 0.6326164733201560253
856 352 0.45048619459362898576 0.4512117335310649735 0.63261741245847102899
854 350 0.45048713295367798226 0.45120994383823598284 0.63262863400345104026
887 383 0.45050000787168698047 0.45118749848168798744 0.63263267449906601669
909 405 0.45050996193392001121 0.45117932172104002753 0.63263838180584397453
910 406 0.45051646465545597264 0.4511805921278679854 0.63265722759859099877
881 377 0.45049591806800598492 0.45118949560867299686 0.63265528593503894683
899 395 0.45050846924513998637 0.45118113387341901577 0.6326621921224659939
895 391 0.45051618824823702614 0.45117931247634301961 0.63265784141133496465
883 379 0.45051421884258102679 0.45117855727422201406 0.63264867756075304772
890 386 0.45053110938901502758 0.45117260145792098536 0.63264746908068103526
903 399 0.45054876015429701219 0.45117543753351802005 0.63265617119742900698
903 399 0.45054007993346001371 0.45117310237302299392 0.63266875430688795934
899 395 0.45055592585025000529 0.45118327258851598227 0.63266978547618102358
898 394 0.45055522091086597225 0.45118686893078802091 0.63267551345255301776
890 386 0.45055565678952297359 0.45118423901746501636 0.6326714147313430292
903 399 0.45055531025176498439 0.45117234740321399133 0.63266465644935898638
880 376 0.45054532867410801433 0.45117197889561300173 0.6326751851094649659
900 396 0.45055390239495801685 0.45116547778128801571 0.63268920473089795831
899 395 0.45055849726995000903 0.45116783726222897677 0.63268268141423400497
908 404 0.45056105037831101212 0.45116207718297801632 0.63268962531101502478
919 415 0.45055685055630800839 0.45115312438811500106 0.6326912376329010268
886 382 0.45053891638612797443 0.45117098845857900313 0.6326944981825549652
904 400 0.45055073384975502515 0.45117017784331597818 0.63270210852064201479
891 387 0.45053462419788298243 0.4511619096792410244 0.63269920525654799182
907 403 0.45055263708786802423 0.45115395516798101339 0.63270590062877796189
900 396 0.45054952985883101046 0.45114985838474702673 0.63271373450713996878
914 410 0.45053491529201100674 0.45114803974930800523 0.632705193511414965
911 407 0.45054215853575102502 0.45115113245349802717 0.63269857216297098468
960 456 0.45055194641270801537 0.45113920573596499874 0.63270251058115600795
926 422 0.45052043287659199189 0.45114133033308201348 0.63270713329323302609
906 402 0.45051270780285002093 0.4511591058492869788 0.63271062526407295667
897 393 0.45049970944279099649 0.45115671641736698749 0.63271157640698505453
880 376 0.4504914546066740022 0.45117086676936701828 0.63272565638082900463
888 384 0.45050132230002198908 0.45117798134182102165 0.63273062236459898244
896 392 0.45050883809250402701 0.45118273104389300387 0.63272773333391396644
892 388 0.4505094038243049881 0.45118573321128802034 0.63273355346428794554
900 396 0.45052897842673100826 0.45118632986430001752 0.63273203530355603963
902 398 0.45050987573335399272 0.45116890419232702492 0.63273940584021104439
895 391 0.450506846409602979 0.4511778688213969879 0.63274164361149398683
902 398 0.45051407107829100074 0.45116947583365302199 0.63274364662636994883
888 384 0.45051350241280802011 0.45118172902465297769 0.63276533832178605277
897 393 0.45052215508023801815 0.45118049571885598947 0.63276168408453703496
894 390 0.4505205715511230169 0.4511704128831179883 0.63275439146987999539
877 373 0.45052497080782999417 0.45117717111891997295 0.63276504005474798475
870 366 0.45053474336809301581 0.45118975825918800071 0.63277694019848196305
872 368 0.45053272450478898392 0.4511927049742769924 0.63278779549263697302
865 361 0.45052861830059198756 0.45120704757080598579 0.63279535933084496424
860 356 0.45053474338238602703 0.451220067321779994 0.6328045396920319865
862 358 0.45053816105356497834 0.45122682892601301274 0.63281427933472100822
886 382 0.45053865013184102306 0.45120701461963702572 0.63282287872457099187
887 383 0.45053770886306299115 0.45120250854178900468 0.63282226896768101199
880 376 0.45053592889713500735 0.45120187217065499397 0.63282959681928496742
889 385 0.45055164012512199934 0.45120989975557901364 0.63283003005690696696
904 400 0.45056220382414202685 0.45120990258308102394 0.63282846732718700533
901 397 0.45055601529077798917 0.45120331642631700264 0.63281757689316098237
915 411 0.45055245029443302673 0.45119845313030498835 0.63281342278318197803
889 385 0.45053297662475899621 0.45121356787467797878 0.63281208533552002482
896 392 0.45053740639115602562 0.45121645347325101127 0.63280765598581001363
898 394 0.45054617865442997404 0.45122912258694697352 0.63280825346836799827
905 401 0.45055566535723501342 0.45123546685075199836 0.63281429676206901735
907 403 0.45056360325134098277 0.45123007746999799217 0.63281223010146503416
912 408 0.45055677326102000491 0.45121868293193601041 0.63281292333268501782
894 390 0.45055477107832597738 0.45122611514289601153 0.63281446721486100948
909 405 0.45055061364231502319 0.45120654299149798305 0.6328155871357129536
900 396 0.45053612466048498231 0.45119609640229402236 0.63281910937880703205
905 401 0.45053518836722900032 0.45119437414455099145 0.6328233451052710512
924 420 0.45055324993441497883 0.45121113036795301721 0.63281588172859504215
899 395 0.45055677303205199369 0.45123672092362998587 0.63280953722588195731
889 385 0.45056777093895000741 0.45125837637786697654 0.63280973309304500152
901 397 0.45057710593458100146 0.45125540466023500441 0.63280344073719696496
903 399 0.45057291203032101556 0.45125078080793501467 0.63280954926026899976
919 415 0.45056698596896499476 0.45123419197007902381 0.63281267624828096974
914 410 0.4505531781645840117 0.45122824207576200939 0.63279372122219101904
923 419 0.45056119024924501382 0.45122966020241001006 0.63279352274725897409
921 417 0.45055918069750799937 0.45123088898474500441 0.63279217505256402099
917 413 0.45054597377613497811 0.45123934736245702171 0.63278862335277497042
912 408 0.45055379840500098254 0.4512577365131960061 0.63278974628285400428
910 406 0.4505576621999409781 0.45125681243341797533 0.63279822113876904588
907 403 0.450561874904755022 0.45126224378795198877 0.63279655895593700521
929 425 0.45056211823662001281 0.45125383888721898318 0.63279571707499704392
912 408 0.45055824013501599712 0.45125119520110101856 0.63278780737606799001
939 435 0.45055037342067699724 0.45124049864208598537 0.63277781230632501597
938 434 0.45053921104856398117 0.45123616927379400776 0.63277705058462796472
902 398 0.45053570605212400757 0.45123450132161602166 0.63277461154265102206
918 414 0.45053760645121798678 0.45122845683018297791 0.63276355685731699996
901 397 0.45053337728370401738 0.45122491477306797547 0.63276001416558202983
944 440 0.45054341535493802606 0.45121855904451302344 0.63275247978835802432
935 431 0.45053386749548002266 0.45121409824251301757 0.63275142610958101663
959 455 0.4505316285959879985 0.45121313260373602239 0.6327495522398429717
929 425 0.45051099093603097501 0.45123039170393497432 0.6327400521211300477
916 412 0.45048842144447898139 0.45122771989078802601 0.63274866575318000628
912 408 0.45049009896266700714 0.45123337010746100706 0.63276175591661298903
896 392 0.45048654027019602308 0.45124263544578502305 0.63276851492331798177
897 393 0.45048668868959901301 0.45124937365815098733 0.63277468004660297751
905 401 0.45048990498759300394 0.45124772276659702586 0.63277121335558794701
917 413 0.45048751587112001449 0.45124157871310099921 0.63277424664151105116
909 405 0.45048901050972200988 0.45126134263715800277 0.63276813849878299489
921 417 0.45048849965810799922 0.45126718998943399219 0.63277480248120099304
907 403 0.45048765103714000224 0.45127198147732100475 0.63277464757171197896
911 407 0.45048756586409499647 0.45126534791705802396 0.63277628248158401814
908 404 0.45048735281750801329 0.45128439187550201117 0.6327837431660510159
910 406 0.45048433423535799713 0.4512713313190450104 0.63278849633779299388
929 425 0.45048248139954799596 0.45126172944516501628 0.63279014890617002465
900 396 0.45047629007169898152 0.45128574340696198108 0.63280558022417798814
906 402 0.45047978489796397517 0.45129203106098797482 0.63281190744236803791
872 368 0.45047207477987399882 0.45131826254027401779 0.63281141626444303849
887 383 0.45048310029414501132 0.45130346023519002374 0.63280481978930003262
893 389 0.45047796210285701024 0.45130586255140298091 0.63279416559177803503
896 392 0.45047905329723098022 0.45130424448603700949 0.63279686871408102888
877 373 0.45048701298648502478 0.45131470298269299457 0.63279441930988600262
893 389 0.45049959485917401292 0.45131304151444101569 0.63280035355872599201
874 370 0.45049909442004798521 0.4513314492877800177 0.63281294464620896356
873 369 0.45050369391108102679 0.45133221766710102107 0.63281209672462501725
872 368 0.45051005404516697439 0.45133211226415997919 0.63282503448044602479
875 371 0.45051944857581999182 0.45134730714697501863 0.63283441043738097864
892 388 0.45053955570906800698 0.45134409043995399324 0.632846903551739004
895 391 0.45055496896756497271 0.45135579293291300251 0.63285540696159003904
877 373 0.45055510890895000831 0.45136465303329698084 0.63286837596788403371
864 360 0.45056437686844502677 0.45137732854168799435 0.63287273229730800495
860 356 0.45057667273637902472 0.45138300055654101417 0.63287916765653995377
872 368 0.45059498823066801432 0.45137966409654900479 0.63288484405831701984
881 377 0.45061989605612501331 0.45138857958581601881 0.63288248233219901451
911 407 0.4506389318993240245 0.45138550376789099428 0.63287670912379001553
900 396 0.45064628886208901726 0.45139868331601401552 0.63287312263465300699
897 393 0.45064163653468297666 0.45141631182697500302 0.63288762739289294856
894 390 0.45063843003137199483 0.45139896203157497956 0.63290141437595803797
899 395 0.45064816522382800112 0.45139947918137801608 0.63290629021564803747
906 402 0.4506506978383379991 0.45140995774929598694 0.63290635077629298078
895 391 0.45063354338628902607 0.45140171501976100732 0.63291455540786700773
892 388 0.45064188984259401227 0.45139860916652801981 0.63290690053022502504
917 413 0.45064798492723801004 0.45138475674498101942 0.63291153273629296994
905 401 0.45064353671830598147 0.45139093403586899589 0.63291690072370698772
902 398 0.45063099991674798739 0.45138006974776001545 0.6329139316917460345
919 415 0.45064175215349999704 0.4513881588931499822 0.63291710414515200966
916 412 0.45065390719833497979 0.45140521170075498247 0.63292128544915404742
919 415 0.45066128373158098608 0.45140361792403999042 0.63292004358150200094
915 411 0.45064403655151802353 0.4513986703553169999 0.63292756162406205167
912 408 0.45065264005327398955 0.45140953189768701082 0.63293129380681001361
900 396 0.45064372690434101321 0.45140857800921202481 0.63292983648968603738
890 386 0.45064603749662701659 0.45142022334565601316 0.63292102803538297096
911 407 0.45066781359288299313 0.45142208405984701747 0.63292624675681496971
903 399 0.45065569674626798635 0.45143585608292702283 0.63292175133927497388
917 413 0.45066741016920397467 0.45143263872009398163 0.63292057071914797906
886 382 0.45064775940810197774 0.4514488086817289858 0.63292398231883095772
886 382 0.45064548600939902112 0.45144051990456501855 0.63293090072226798615
856 352 0.45064178906921398271 0.45144894305900401532 0.63294359458147697595
852 348 0.45064241220159600987 0.45145398356070998158 0.63294858451737401328
866 362 0.45066386695926202721 0.45146213251792099985 0.6329618610999060424
853 349 0.45067848112958297513 0.45147489435084897647 0.6329770253308559802
869 365 0.45070037137428298202 0.45147276115489798354 0.6329881126319479856
890 386 0.45072202040475500828 0.45147403727868401502 0.63299370713062297344
869 365 0.45071868583109997441 0.45148386242196497653 0.63300051091886400112
880 376 0.45073561780258697418 0.45147892018912300083 0.63300680537111098101
885 381 0.45073228129370401795 0.45147689613718200441 0.63301409116796203413
870 366 0.45073131084797901647 0.45148787240288201783 0.6330000023173829593
867 363 0.4507414107807520276 0.45149026834525701757 0.63300092972566801564
912 408 0.45076517565548401834 0.4514794512596639886 0.63300283359906894809
909 405 0.45075789122959397659 0.4514832675721779931 0.63299596243301103904
903 399 0.45075251657912801528 0.45149456206612298415 0.6329973520854089708
909 405 0.45075172106790001303 0.45149130463456998985 0.63298219505553898756
895 391 0.45075012915275397551 0.45149055698549900306 0.63297880647794801945
923 419 0.450744761481700007 0.45147709631774202155 0.63298151630557797365
912 408 0.45073969007811498511 0.45148296521184300145 0.63298498722064799882
917 413 0.45074143612927797253 0.45148602663668901958 0.63299406634308097441
895 391 0.4507258171570470151 0.4514950985209890133 0.63299826902018696551
884 380 0.45072186125901497755 0.45149789569006898438 0.63298448401203899483
906 402 0.4507252847659040107 0.45148035163287897342 0.63297501925689902968
904 400 0.45073770605199098283 0.45148759202710397886 0.63296699998000705012
896 392 0.45074943874198697413 0.45148230060308097711 0.63295009516473998978
896 392 0.45074525354707201119 0.45147111682777901764 0.63295434155839902512
924 420 0.45074334127269699568 0.45147260523219800987 0.63295727856278305445
884 380 0.45072788353811499285 0.45147443916507401518 0.63296286365814602437
882 378 0.45073775599119297874 0.45147183807650498322 0.63296915378224705151
882 378 0.45075020063252602132 0.45148305231438901064 0.63297401807777398108
889 385 0.45074814474554697474 0.45147374495043102183 0.63297846292432902171
884 380 0.45074660872955601976 0.45147516244502300387 0.63297032919148099595
895 391 0.45073925627959399165 0.45146374068421502024 0.63296880334978800065
914 410 0.45076756050496302741 0.45147780524651798251 0.63297030956757605047
897 393 0.45076615114632301307 0.45147914738164901527 0.63296811430705302026
903 399 0.45077006720722800903 0.45147647232311399756 0.63296662710582796141
926 422 0.45076614594353398013 0.45147598627537699478 0.63296416495963903071
911 407 0.45076467283805898845 0.45148847162948502199 0.63297228583334697039
885 381 0.45076813356755701667 0.45149464249886400724 0.63296299297966596153
894 390 0.4507650905612219927 0.45148880918235001491 0.63296238918184299926
880 376 0.45077378841199700066 0.45149215087391997292 0.63296745718626801214
891 387 0.45077402720145298698 0.45148732178488798494 0.63297577862583598307
882 378 0.45076657470395198324 0.4514879155376320119 0.63297928532023195469
881 377 0.45076395714035799589 0.45148572453451601971 0.63298270143218204886
883 379 0.45076282622277402679 0.45148157045611897464 0.63298186704760694976
878 374 0.45078095539327400765 0.45149751104236102162 0.6329923897159159818
905 401 0.45078679030981100295 0.45149027829581400706 0.6330042057523540544
907 403 0.45078938143876701172 0.45147949720586499911 0.63301100783485797496
906 402 0.45078566348746101911 0.45147931235948102202 0.63301562920854803629
908 404 0.45078520424875700989 0.45147738894136102417 0.63301552741612698849
895 391 0.45077726730572797997 0.45147328308165501909 0.63301369164631804409
907 403 0.45077840556674897421 0.45146303748279098533 0.63302116606292802015
904 400 0.45078099530378901161 0.45147043982406598328 0.63302326353530302683
882 378 0.45077272841580900975 0.45147218317800402732 0.63302799022926903305
885 381 0.45079258010066497464 0.45147810379969899319 0.63303414192026796758
889 385 0.45080285597001501507 0.45149085709192499083 0.63303262354194300698
899 395 0.45081444613497900775 0.45148616467631097482 0.63302750195099299901
895 391 0.4508072383009830153 0.45149314406458201931 0.63303241090052997375
899 395 0.45081917603868598698 0.45149000424666202447 0.63303943005435403535
890 386 0.4508184369208200204 0.45148749406266802664 0.63303637081408703491
898 394 0.45082417174767902557 0.45148956179750598938 0.63303875279988597313
895 391 0.45080985240508297807 0.45148310100911098752 0.63304099160511595468
884 380 0.45081620338475397736 0.45147812484940702538 0.63303354045740600764
914 410 0.450828346226314014 0.45145375255005198989 0.63303366438982600073
900 396 0.45081984967566202105 0.45144816158563400021 0.63303194062786205532
883 379 0.45081251609822398096 0.4514497555174660226 0.63304362903364497228
894 390 0.45082096099671697953 0.45144291005559700203 0.63304639662231199093
889 385 0.45081872910409598321 0.45144362349617400687 0.63304467085943605387
892 388 0.45081303544188700005 0.45143431792940097447 0.63304688256812202685
914 410 0.45082036266217001552 0.45142255269761100145 0.6330465061159870066
922 418 0.45083049369765898495 0.45141671999921101355 0.63305196095872395823
940 436 0.45082523045644201654 0.4514046340601500229 0.63305323404747504412
942 438 0.45081718284848598666 0.4514090320339280149 0.63305052183949894751
937 433 0.45081450855393101484 0.45141342756132302183 0.63306120730140402753
934 430 0.45081529276370702064 0.45142157141991701153 0.63305582199187304671
925 421 0.45080773929544998291 0.45141482942137600709 0.63305324677800001165
905 401 0.45080041355596001118 0.45142289663163698288 0.6330538185379069871
918 414 0.45079723494925000304 0.45141449873966199569 0.63303614820757703185
911 407 0.45079497014694497325 0.45141796948312101767 0.63302558880468695612
901 397 0.45078581280065999071 0.45143024904420397947 0.63302442186291496551
878 374 0.45078822144823599283 0.45144428315907197957 0.63302545963785894489
880 376 0.45079116921905199034 0.45144374566370099044 0.63302679368806902271
885 381 0.45081245760719101945 0.45144793823230999763 0.63302272173823304069
894 390 0.45081732993408402121 0.45144651700386201343 0.63302523235211605179
884 380 0.45082799775038201462 0.45144532315192797967 0.63301626056810300636
884 380 0.45082242172946501713 0.45144826536391302607 0.63301001487535302203
885 381 0.45082821599278199987 0.45143688407441001642 0.63301780139821695048
883 379 0.45083931767160001503 0.45144345334340202358 0.63302293656205299577
889 385 0.45084275547301200238 0.451449137190831018 0.6330333764160129828
890 386 0.45083169755907398502 0.45144135087305797827 0.63303801053609398686
916 412 0.45083924440792200183 0.45143920187342800876 0.63304211219576100866
931 427 0.45082739668945098765 0.45142344557242697345 0.63303985383926697494
904 400 0.45080324464641102766 0.45143684448560400524 0.63303692157362900783
888 384 0.45080960672962899771 0.45144175787755802531 0.63302758003708803347
911 407 0.45082096005646299375 0.45143712479807801552 0.63303502185400795099
924 420 0.45082587842765398101 0.45141897838942102172 0.63302157219640697861
948 444 0.45084347095137200512 0.45141896176792500883 0.63301669825066797515
927 423 0.4508308645888359778 0.45141767093228202246 0.63300084440997395063
914 410 0.4508124440384629894 0.45142856496060002058 0.63300551758783796252
941 437 0.45082552880185100541 0.45141912503456599337 0.63300775744626602837
928 424 0.45081796094816101172 0.45141433188080498651 0.63299367057118904878
934 430 0.45081502088690500463 0.45140442989899298709 0.63297223690058201928
909 405 0.45079182841148102145 0.45142253766287898653 0.63296180321134298818
909 405 0.45079778838037398714 0.45144005433988299014 0.63295180433931197417
923 419 0.45079704648100199504 0.4514391151411299985 0.63294775841531503158
925 421 0.45078355988987900416 0.45144302401844899064 0.63294013882924005099
923 419 0.45077595305819001537 0.45145173858490600383 0.63293292283093505191
899 395 0.45075897919808999292 0.45143718388677400721 0.63292867887677095595
914 410 0.45076685959601697773 0.4514376329699589796 0.63291754049239701274
902 398 0.45076276852169999687 0.4514392487083920269 0.63291677580494598576
905 401 0.45077352909023998828 0.45143984505639300764 0.63291477123587902565
932 428 0.45077890976204598728 0.4514430900492569787 0.63290805727510701661
911 407 0.45077268055214397835 0.45144914138265801462 0.63291459124770899081
910 406 0.45076374625158799336 0.45144417006521098124 0.63290900640618497075
923 419 0.45076881059931300788 0.45143898267220600173 0.63289433198276601189
910 406 0.45075692456996302449 0.4514308564857970052 0.63288536784757698506
903 399 0.45075678432326299339 0.45142469761089998315 0.63287726989299197822
893 389 0.45074999971874202265 0.45143150492878597602 0.63286894864830500751
906 402 0.45076633600179299988 0.45144270106993900082 0.63286081670480898165
908 404 0.45076388483538099017 0.45143730281198801713 0.63285887613148894548
903 399 0.45076288854079399337 0.45144224982598102347 0.63284982106210596609
895 391 0.45075769048217501078 0.45143519013055699585 0.63286019201821996916
894 390 0.45076280918281097509 0.45142704895129598386 0.63285624166522602696
895 391 0.45075870109872800962 0.45143377332675699298 0.63285378430357897006
898 394 0.45077511734302599944 0.45144057056520497939 0.63286146058379799673
894 390 0.45077926297694098645 0.45145004043439301844 0.63287628212641899861
869 365 0.45077764896253602611 0.4514646503204050032 0.63289298334790100586
860 356 0.45077162031817702426 0.45145889904231001344 0.63290075026615599807
885 381 0.45078919763643598984 0.45146042373391798153 0.63291503098009305184
890 386 0.45080050811649702291 0.45146647339519102582 0.6329255880205929552
921 417 0.45081166597061400614 0.45146596976036201809 0.63293368674085803693
910 406 0.45081855358242900467 0.45146681048979897533 0.63293137030372403906
882 378 0.45080475888494397907 0.45147256477205399694 0.63293415586691603725
885 381 0.45080375499257002714 0.45146447078180002022 0.63293186173674498285
874 370 0.45080091021618701186 0.45146111825574197773 0.632935495708011997
861 357 0.45081101736622902765 0.45148056433759997663 0.63294007641407301623
874 370 0.45082195193008101075 0.45147778535364901931 0.63294282874081397861
886 382 0.45082891683534098703 0.45148024106476697392 0.63293921165941802176
907 403 0.4508420271162860149 0.45146717515856599201 0.63293554005473096069
886 382 0.45082232509916198016 0.45147529686005599681 0.63294807697643595823
910 406 0.45082471132542800696 0.45145621295106602711 0.63294887266969301898
912 408 0.45082252472877998306 0.45145766221633998327 0.63294510953548099863
904 400 0.45082274330982902155 0.45145806878493000003 0.63293436836464900264
908 404 0.45081013228282901251 0.45144430575045702003 0.63293840224457698085
905 401 0.45080701066082101702 0.45144586550786097723 0.63293566896497999164
928 424 0.45080046660874800724 0.45143913417348702222 0.63294427456742796689
933 429 0.45080174115227600318 0.45143363752742399209 0.63295133013459803362
923 419 0.45079288369986697527 0.45142919014926302657 0.63294245780002800217
905 401 0.45078409479219999634 0.45143575802974200695 0.63293976176152000335
899 395 0.45079089147603301768 0.45143951707768997794 0.63293446531595598525
903 399 0.45078826448253700443 0.45143927818559298482 0.63293234422651800664
907 403 0.45078849195441100806 0.45143939638849001073 0.63293696859724901671
911 407 0.4507823758601570141 0.45143164158024901012 0.63293407274155399911
919 415 0.45079317436445898171 0.45143237306840899858 0.63293218547919705141
925 421 0.4507963427463950179 0.45142768017240098022 0.63292777158703494855
919 415 0.45079451847752599614 0.45143638698475002657 0.63292781607370296459
903 399 0.45078296297398101622 0.45145449990206698576 0.63293779088124801913
898 394 0.45077892240041700367 0.45145281981243801095 0.6329472041900969792
881 377 0.45078332807808102478 0.45146492732347798249 0.63295327816302504598
896 392 0.45079096258331802227 0.45147828137918299962 0.63297358193697295103
906 402 0.4507883428873279974 0.45147989544469002698 0.63298269660177997054
913 409 0.45079816143308498733 0.45147623961378102742 0.63299198941065804025
910 406 0.45080014902947501687 0.45149040524476402592 0.63298631116286097065
882 378 0.45078457129821397631 0.45150470822090998935 0.63298551805463598718
888 384 0.45079355580108498858 0.45150083271528501649 0.63298775880608504352
896 392 0.4508040337961750077 0.45150175883616699979 0.63297959364730904674
878 374 0.45080935829478602228 0.45151336141849801598 0.63298954096420501081
882 378 0.45082314848292998066 0.45152155306819302671 0.63299170786830505353
870 366 0.45083506220571201162 0.45152508891909098887 0.63300120413193394775
884 380 0.45085923431973401465 0.45153409626674401167 0.63299795359603494571
863 359 0.45085214982030802355 0.45154209696743502489 0.63301617717880598324
877 373 0.45086680265256301459 0.45153657224861099007 0.63303237894195896196
855 351 0.45086657259209700355 0.45154803737853299594 0.63303771978634704176
860 356 0.45087130818898002449 0.45154905602616801641 0.63304765203806201423
868 364 0.45088050682836200433 0.45155922299713902035 0.63305082870448003973
862 358 0.4508908051052230026 0.45157599533874498432 0.63306211209631602088
867 363 0.45089589977095700934 0.45158586386457000295 0.63307466251578803362
893 389 0.45090690239637498671 0.45157690817462597943 0.63307952318665805524
891 387 0.45091157592073799476 0.45156963625025697828 0.63307966615588795456
908 404 0.45092345489291901783 0.45157403739934598441 0.63308218587749498507
901 397 0.45092723466981499136 0.45157840132411697365 0.63308575316767501384
902 398 0.45092610262475602001 0.45157099180037801878 0.6330830978399609732
894 390 0.45092369584154801121 0.45157275113947598078 0.6330855390006240313
926 422 0.45093737424913499234 0.45156138968439402115 0.63308036408993795252
909 405 0.45093645672895299459 0.45156311626680400995 0.63307605307404901662
896 392 0.45093387662046902076 0.45158119355985998356 0.63307294295148797136
903 399 0.45095220469927899121 0.45158170087589899477 0.63307570194272100306
901 397 0.45094953437304402533 0.45157757853621999233 0.63306642323901995972
888 384 0.45094867896143397967 0.45157694816144799965 0.63307097809495405105
910 406 0.45096552209908502551 0.45157585472982397778 0.63307712777205105148
912 408 0.45096757581109897517 0.45157106175665601144 0.63308485524748903117
915 411 0.45096870080401302294 0.45157021877155600897 0.63308131240263798567
903 399 0.45096309721986299612 0.45158413440288902585 0.63307967627864303317
901 397 0.45097321313664501252 0.45159231948391198586 0.63307798139858395547
899 395 0.45097248250910798584 0.45160305848083898139 0.63308749295042399119
889 385 0.45097173047753502662 0.45160171119363801129 0.63309553537507701204
920 416 0.45099010662299199304 0.45161215727637099571 0.63310921865196101432
909 405 0.45099150390489700646 0.45161457226692697242 0.63310649718147105069
924 420 0.45099554789395002175 0.451612370697838994 0.63310056694865701754
898 394 0.45099238015321901907 0.45161726861495299357 0.63310383401730796482
899 395 0.45099954239487299867 0.45161027761840399908 0.63310726897485902764
885 381 0.45099366446290400923 0.45162606319466902516 0.63310196752423997246
890 386 0.4510000482580310277 0.45161886083859398289 0.63311048796841795649
895 391 0.45100152630190598613 0.45161566850006701346 0.63310758524516697054
877 373 0.45099490053137597512 0.45162963223352398101 0.63311503760518794692
882 378 0.45101006669437299079 0.45164213532463598488 0.63312537093662402121
866 362 0.4510106820044360032 0.45164131181910099899 0.63313401799506396905
873 369 0.45103854966632001 0.45165939938387100749 0.63313622767587496298
876 372 0.45103816950988800949 0.45165853786974502482 0.63314194829061498648
886 382 0.45104401342488198434 0.45165771164753898415 0.63315579045266401348
898 394 0.45104773036393297492 0.45165108309773099871 0.63316113603077495142
895 391 0.45105382470924498817 0.45165980927934801237 0.63315323939061196601
874 370 0.4510427171675340241 0.451661139583465987 0.63315082457389804116
872 368 0.45105764562261202455 0.4516726872589370001 0.63314764664251499404
897 393 0.45107095654139900409 0.45165598758781599908 0.63314818756466495486
907 403 0.45107502379724301322 0.45165488051686897286 0.63315337945471594772
934 430 0.45108356596127802129 0.45165250339431001203 0.6331482165070430046
927 423 0.45107916812254100769 0.4516595559258340109 0.63314258096826503408
886 382 0.45107419678161297938 0.45168199668104297428 0.63314002743779496107
874 370 0.45108243539727399529 0.45168938879964598554 0.63314408738428995527
894 390 0.45109497017637301131 0.45167793530610000907 0.63314279221368996442
890 386 0.4511012715955819985 0.45169044088328602626 0.63313851184895797441
924 420 0.45110114859730199299 0.4516766666078639858 0.6331331030736490062
917 413 0.45109266973408301826 0.45167615564573099229 0.63313517741479197198
920 416 0.4510871875931959929 0.45166968795946099702 0.63313113829080402972
921 417 0.45108406001762202386 0.45166382280472699984 0.63313266650447896922
904 400 0.45108405483749397513 0.45166842309260102351 0.63313057625116997418
889 385 0.45108137961636901592 0.45167111927221298417 0.63313473964600297528
880 376 0.451077723276414988 0.45167515294350801813 0.63315914297655995213
880 376 0.45107966070090499411 0.45167890252582698629 0.63317339523747795393
896 392 0.45108125405394000618 0.45167321932672899187 0.63318489672961897341
896 392 0.45107576197717502708 0.45166507444146497541 0.63318338951426300643
888 384 0.45107162049508098267 0.45166506033504899564 0.63319655394311602503
888 384 0.45106865189837397345 0.45167570089232100816 0.63320613595750097069
882 378 0.45106760501772602545 0.45167856613527501697 0.63321837910697398311
888 384 0.45107770567662197614 0.45168445317863797905 0.63322916587291599999
880 376 0.45108695061538500726 0.45168998468650600753 0.63323055535427197338
879 375 0.45108768865026299677 0.45168279726138998997 0.63323464241500004857
883 379 0.45108797766976599375 0.451690363761349023 0.63324177242886103834
885 381 0.45109435633904598761 0.45169539757646998135 0.63324389847542295051
875 371 0.45109390010208899602 0.45170418384182897675 0.63325393789735795469
875 371 0.45111216978595297666 0.45170808635548198584 0.63325861200804500761
878 374 0.45112826004123601775 0.45170949696324197431 0.63325307511656803161
880 376 0.45112783585836802036 0.45170427988446298917 0.63325669707652998408
899 395 0.45113695877709697468 0.45169899773809102372 0.63326929130405096302
884 380 0.45114382751532999816 0.45170878608673797894 0.63326911004502095537
898 394 0.45114975539606799737 0.45170035222347298953 0.63328688337373495454
908 404 0.45114824220732602233 0.45169321843923798676 0.63329042068102403551
882 378 0.45113983227963100342 0.4517011100468160123 0.63329216750518102508
861 357 0.45114435618748099932 0.45172534664784297354 0.63329716522971601922
889 385 0.45114218624607599351 0.45171468002138298603 0.63329668763690905031
881 377 0.45113777186069498049 0.45172025177594798961 0.6332955242245700278
897 393 0.45114105549207200729 0.45172218227984201055 0.63329154470761994666
869 365 0.45112994228007902153 0.45172998451876200665 0.63329114088489701917
859 355 0.45113003117688799115 0.45173879916758302722 0.63329353425518897236
872 368 0.45114351632573002071 0.45173317210753100026 0.63330671159861695596
867 363 0.45113744936334498892 0.45174505513502100085 0.63331984559024701031
864 360 0.45114056670086499778 0.45173953393631399722 0.63332471653773902975
859 355 0.45115484206145201052 0.45174344145735700895 0.63333531577575696847
857 353 0.45116958211649998978 0.45173628171806501364 0.63334063029502296605
869 365 0.451175521088712006 0.45172958135329199791 0.6333494364447820324
915 411 0.45119318500687499718 0.45170519693439697972 0.6333523129977389754
902 398 0.45120477246974999286 0.45170827502778998497 0.63334715907890604125
928 424 0.45120581562025502409 0.45168352497994301853 0.63333374726567803759
914 410 0.45121019932646100337 0.45168925746982502289 0.6333351505487899713
907 403 0.4512076242395590131 0.4516809401244609723 0.63333851370714400186
902 398 0.45122007751095399852 0.45168795901278002702 0.63334415892656503733
922 418 0.45123002674906598219 0.45168741718372701355 0.63334183685817901921
919 415 0.45122529371659697572 0.45169652468001397772 0.63333061947612900866
919 415 0.45122797190696400937 0.45170541631538102534 0.63332399012460605103
921 417 0.45123561287383801011 0.45169811402144299795 0.63332575291318005117
909 405 0.45123428279771699012 0.45170327666843002046 0.63332440820725499631
905 401 0.45123459381217601027 0.45170923624910397365 0.63334001191338495929
916 412 0.45123865743108199089 0.45170667120896501601 0.63333708456223802852
919 415 0.4512304662072780248 0.45170435253095297945 0.6333340510741179985
913 409 0.45123719145446200551 0.45170185757064001963 0.63332823870384402642
919 415 0.45123618989410901881 0.45170739485012600944 0.63333579030416398137
907 403 0.45123216141712102489 0.45170788973386599707 0.63333240101129995026
882 378 0.45123101786732700003 0.45172866756344398631 0.63333885412072998822
891 387 0.4512455699515700025 0.45173780500883597977 0.63332908637051199552
869 365 0.45124438434797098374 0.45174800943070497761 0.63333476653160603043
874 370 0.45125154080343898855 0.4517263489012219857 0.63333806163305095271
881 377 0.45125832577412799962 0.45173520102083397632 0.63334780095667198019
890 386 0.45126106239750302107 0.45173783782282200816 0.63335162816840795408
882 378 0.4512634720640920083 0.45173610289943300078 0.63334807987149399633
913 409 0.45126256992778601695 0.45171485527249999326 0.63334569643312899068
927 423 0.45126723836556198455 0.45171455031010798731 0.63335236517053894456
923 419 0.45124565612082101485 0.45170970832443502196 0.63335375490432399559
924 420 0.45123826485349799453 0.45172534133629899111 0.63335503670051995773
918 414 0.45122229495082100126 0.45171807434777599966 0.63334303820306903088
942 438 0.45123628286120698316 0.45169893534767402432 0.63332822314409897846
921 417 0.45123185201237897557 0.45169897964609301289 0.63332084707189995054
924 420 0.45122998201544600727 0.45169473617544797506 0.63330513545928202035
933 429 0.45123992414432700926 0.45169346847861102656 0.63330287553044095628
922 418 0.45123433410959201684 0.45169033184807999559 0.63330211547787995663
909 405 0.45122625596393800551 0.45169024137683100317 0.63329869771098001863
903 399 0.4512270758696990125 0.45169302112236797697 0.63329868967742197761
889 385 0.45123114159576799276 0.45170519667717301537 0.63329070918347096786
893 389 0.45124245177101302007 0.45171888687275102425 0.6332889019160600208
890 386 0.45124066018908698394 0.45172839083167898311 0.63329213989620902758
870 366 0.45123940457257599723 0.45173005047537700962 0.63328623506226600082
892 388 0.45123547893048499002 0.45171838919289297731 0.63328940111047304917
889 385 0.45122797502578199103 0.45172843917305000039 0.63329935102303103189
909 405 0.45121882234358101638 0.45171706065947497821 0.63329134776833695408
899 395 0.45122039707406502718 0.45171230643014198547 0.63328806618830901787
929 425 0.45123099948853601093 0.45170038503672699237 0.63328647688793804349
940 436 0.45122354391507302207 0.45169646664245899359 0.63328396247781204575
913 409 0.45121315411492401992 0.45169788945641697886 0.63328723017076704593
914 410 0.45121398779941901402 0.45170282804197597892 0.63328434366705899095
933 429 0.45121881047118800323 0.45169446823184200568 0.63329148502440302249
922 418 0.45121836895960698577 0.45170274407444699349 0.63328470640391398838
916 412 0.45121640806254298406 0.45170416647497702023 0.63327416552028603647
916 412 0.45122835485688000956 0.45170734309519400274 0.63327226355678001291
916 412 0.45122045982616099113 0.4517045999982379767 0.63326775124804002282
939 435 0.45122932327578602063 0.45170856864938402353 0.633264484818191975
934 430 0.45121020978482001551 0.45170520875152697649 0.63326517789600300645
917 413 0.45119467355822701071 0.45170762486455701135 0.63326221472675103819
936 432 0.45119190531484698603 0.45169457391056100359 0.63325217594887195371
942 438 0.45117302520335100802 0.4516888501581450277 0.63324916577251499916
936 432 0.45117303735647801277 0.45168934462497101201 0.63325443598111097465
940 436 0.45116842412765201242 0.45168850140926497527 0.63325727600587200516
926 422 0.45115671403941598472 0.45168480719540998747 0.63326325078443701511
916 412 0.45115702663592999189 0.45168554392093002159 0.63326215474453695364
919 415 0.4511635165703030137 0.45168198874547799138 0.63325668307671101331
895 391 0.45115206346092301404 0.45168773319557697921 0.63324878826073505156
865 361 0.45114987961577901476 0.45168994031703901815 0.63324323463155096636
873 369 0.4511524736169559846 0.45168484384585400049 0.63325019430925999497
898 394 0.4511617005747510234 0.45168225520665200579 0.63324775768594798731
917 413 0.45117273230357302083 0.45167778175561601461 0.63325046893081904376
915 411 0.45117172387356102581 0.45168451486901001202 0.63324815673168299845
937 433 0.45116778335692697688 0.45167384344139899222 0.63324077187314298243
922 418 0.45115986384780998319 0.45167547115279499392 0.63323805782134900966
889 385 0.45116503209086100679 0.4516891805834959972 0.63324583851872595641
867 363 0.45116694250532801691 0.45169275364731298339 0.63326040036614894557
878 374 0.45118235768574699307 0.45169304008896199454 0.63326781873436699399
857 353 0.45117990150947001604 0.45169116960852001563 0.63327961137968002969
858 354 0.45118584707471498518 0.45167582603928002616 0.63328477882248501718
866 362 0.45120018786605298189 0.45168254479619701636 0.63329128524713895754
864 360 0.45120248894330799994 0.45169161719424799628 0.63328935523631302296
882 378 0.45122129140523398183 0.4516998660016720013 0.63329049543607995876
865 361 0.45122475835086900409 0.45170400994549197993 0.63328648736103798633
868 364 0.451233249009943993 0.45170060249143101361 0.63329421948808994891
879 375 0.45123968688218901724 0.45168477012632601841 0.63329091646310298191
900 396 0.45124462703385798124 0.45166976686066501179 0.63330458111580101299
901 397 0.4512395088628119999 0.45166729607402700264 0.63330635045233296676
873 369 0.4512360926378580217 0.45167905041650902032 0.63330068787848203815
889 385 0.45124198235913198785 0.45167555474685699979 0.63329559149211900326
862 358 0.451231143531299006 0.45166926327446199618 0.63330352108329701633
848 344 0.45124743819719698168 0.45167163103508800592 0.63330194465495104339
886 382 0.45126692600227197305 0.45166664201745199136 0.63329247242910902127
892 388 0.45126025349448900537 0.45166352826572098156 0.63329971069018897722
893 389 0.45126551260722297387 0.45167765109793100997 0.6333171068471199483
901 397 0.45127107705649699421 0.45168230001197900991 0.63332118872321097047
912 408 0.45127238712375500329 0.45167142266113602389 0.63332570768284301987
909 405 0.4512748522733650014 0.45166504192625400727 0.63331796300020104518
908 404 0.45126170211822397293 0.45166186403803498806 0.63331261063778498954
897 393 0.45124162836252101894 0.45165372132064501853 0.63331052670633203316
895 391 0.45124094258133401469 0.45165360871644300023 0.63332020418252998883
899 395 0.45124254018233800334 0.4516489735605119793 0.6333304203531829879
902 398 0.45124789528380498949 0.45164774032264498604 0.63333159652837300868
907 403 0.45123182127819699838 0.45163957651467501186 0.63333012369693597599
895 391 0.45123019013845400149 0.45163573028383302566 0.6333267754017429807
908 404 0.45123260896930400543 0.45165335065472700382 0.63333545446432404358
893 389 0.45122867249115000687 0.45164274580622598698 0.63333424466783294626
893 389 0.45123093727634000505 0.45163303034113500001 0.63332911074996101064
904 400 0.45123750342522300771 0.45162603507425197469 0.63331674534105997232
906 402 0.4512444757031199849 0.45162464060996698745 0.63332058469962604352
897 393 0.45124856483737102453 0.45162338242559402213 0.63332340661737296372
880 376 0.45124442471867698412 0.45162229455495100927 0.6333184208754280009
891 387 0.45124709179697902739 0.45161425902489699125 0.63332223946346599686
906 402 0.45125656069877501109 0.45161215772983598349 0.63332093032010094991
921 417 0.4512669328886200204 0.4516005381155530074 0.63331619402364502935
929 425 0.4512625616812099838 0.45159573183552298437 0.63331481734972094877
914 410 0.45126768769023600791 0.45160657155525302242 0.63331483959709899967
917 413 0.45126750884364802419 0.45160741943966797862 0.63331297461767999124
898 394 0.4512557719633619735 0.45161266633328100983 0.63331926948312300407
879 375 0.45124964662228800316 0.45161784278491601263 0.63331969238136298639
882 378 0.45125406796131301013 0.45163039033273499889 0.63332758852772896851
871 367 0.45126569892549700524 0.45162791672734098336 0.6333347473446000464
882 378 0.45127027985552498057 0.45161898813456202717 0.63332947633647096453
906 402 0.45127613485007500582 0.45160624519315401004 0.63332909357633204728
917 413 0.45128842747175901273 0.45158850860717797415 0.6333306471106360247
910 406 0.45128004616649902703 0.45158358342378701611 0.63334180841469200907
919 415 0.45126840525375300217 0.45157470917768899321 0.63334525811898401138
923 419 0.45127287773555702088 0.45157255874219198732 0.63334684113484696066
923 419 0.45127179283570501012 0.45157516853403301127 0.63335129859539895936
916 412 0.45126874821112500369 0.45157085998457002773 0.63334826283769296573
923 419 0.45125829501604597382 0.45155440847933597803 0.63334583802661603702
926 422 0.45124563183359500673 0.45154464353809897759 0.63334470310497503753
920 416 0.45124087850164701363 0.45153616614272901186 0.63334329022245594576
932 428 0.45124508382230699155 0.45153719636902400758 0.6333513971808739651
932 428 0.45123424084858398952 0.45152909319931000542 0.63334947843291300451
950 446 0.45124302321048398445 0.45152938399517500434 0.63334863941108099361
927 423 0.45123017763336498165 0.45153526814939698442 0.63334861827722899186
915 411 0.45123491527496301101 0.45154491962988801967 0.63335209128535796541
903 399 0.45122418786808898838 0.45153766683664098291 0.63334671595610103623
904 400 0.45123312897446699044 0.45154879235775602364 0.63335924032533696959
880 376 0.45122375364933997588 0.45155823025047298058 0.63335949420883996819
900 396 0.45122599975175897713 0.45154236699559702206 0.63336344653362997015
891 387 0.45121831912295701228 0.4515514987496149768 0.6333693073914019589
913 409 0.45123182027176100828 0.45156035531217897372 0.63336768365455797802
900 396 0.45123040899857097541 0.45156863766558802409 0.6333698265864370347
891 387 0.45122906195648299077 0.45157375655684900417 0.6333726619465559482
893 389 0.45123466352499902454 0.45157907452834800122 0.63337622462586296024
886 382 0.45122453179619698149 0.45156860519909697294 0.63337416738808605121
897 393 0.45122636813547001289 0.4515476321816199734 0.63336815867843598848
878 374 0.45122559357661901069 0.45156372755557799836 0.63337216998044998384
865 361 0.45121530698892298172 0.45155746598473900377 0.63338279818567100321
885 381 0.45122445080344097956 0.45153634553037397259 0.63338531433577505148
920 416 0.45123138697602099834 0.45151808486588601577 0.63339870384527496849
936 432 0.45123949616849401423 0.45151747300184802425 0.63339281893146504032
922 418 0.45121513439887500629 0.45150801263185802448 0.63339188716921501765
910 406 0.45121898091820700216 0.45151487762185399388 0.63339567879956504282
910 406 0.45121995480795501487 0.45151202306520499263 0.63340019565630201193
912 408 0.45122162357131601063 0.45150357554069098232 0.63340635234216002836
918 414 0.45121731289403199661 0.45148733152248898826 0.63339270912296696814
907 403 0.45121898145990602114 0.45148535812307999393 0.63338771556228901094
915 411 0.45120615909215999739 0.45148147302715702089 0.6333861288605070472
898 394 0.45120709707372902431 0.45149622960465202182 0.63339378612946095615
888 384 0.45120188524475601799 0.45148913621653202766 0.63339988486017495539
875 371 0.45121571249742398191 0.45150983611948902752 0.63341195534623595531
881 377 0.45122862429632398795 0.45150899259837401489 0.63342011645512996676
907 403 0.45123417322038500421 0.45150764703397500144 0.63342656632954696949
898 394 0.45124220486533100916 0.45151840053821101773 0.63343799789395804911
907 403 0.45124369980739897912 0.45150770110229399013 0.63343838459077395076
895 391 0.45123571343601098782 0.45149570525676202548 0.63345530812787098629
902 398 0.45123904927623798011 0.45150341383789599492 0.63345756940015296443
911 407 0.45124238331717797523 0.45150577815997999798 0.6334585027650520006
877 373 0.45123806946034900056 0.45151648706314700954 0.63345903821516302834
900 396 0.45123259856249198219 0.45149135246181298919 0.63345691938897097373
903 399 0.45123392989666299968 0.45150352264466597774 0.63344803356240697578
910 406 0.45124145413133198712 0.45150328446052800935 0.63344206407591296948
905 401 0.45123555849054802769 0.45150667941350197676 0.63344418739122898554
901 397 0.45124071309359498061 0.45150051043346400848 0.63344372997791198454
916 412 0.45124270755067502625 0.45149767157373099646 0.63345510738725296918
897 393 0.45123950749639002433 0.45150376638646699812 0.63346522473622601801
888 384 0.45123285157383402622 0.45150492694202098987 0.6334659299306859559
925 421 0.45125194021312797776 0.45150022502296499605 0.63346034313242804981
893 389 0.45123019315809898 0.45151373491094498602 0.63344822696831204478
904 400 0.4512361448757150062 0.45150827049471198293 0.63344950465211102841
908 404 0.45122883118869600017 0.45150187411894598943 0.63344935309587602212
892 388 0.45123254554431202479 0.45150526502434401577 0.63346113937282999551
880 376 0.45123237896185597329 0.45150669228629297658 0.63346301417528505517
889 385 0.45123503606322701298 0.45150186638258499316 0.6334742762446909925
879 375 0.45122651292514298627 0.45151704980954299185 0.63349564046244000171
891 387 0.45123179156639497966 0.45151036333961902525 0.63350646021797796248
911 407 0.45123176312920898479 0.45150035682278899518 0.63351621039989403084
911 407 0.45122609361541998751 0.45150065066584998963 0.63351755223918604365
896 392 0.45122137961535802031 0.45150107866824401581 0.63351441812399400533
916 412 0.45122506285290997496 0.45148643628770002145 0.63350681429483501894
931 427 0.45122552493836798337 0.45147790447378199907 0.63351043432546505496
929 425 0.45122985668056697639 0.45146845264250401453 0.63350655116951104517
928 424 0.45122866456153498671 0.45146729647454897361 0.63350311651608104402
927 423 0.4512240934765119893 0.45145718890779601429 0.63349506085551898771
928 424 0.4512272334063089918 0.45145460954305699497 0.63349563420548204995
926 422 0.45121525854204802553 0.45146084431689997851 0.63347897578976097854
909 405 0.45119719884346498606 0.451460155038613975 0.63346990602062602793
940 436 0.45120075627810501961 0.45145359882474500601 0.63345883951390502542
939 435 0.45118634790130002221 0.45144105547655299926 0.6334569611159159841
941 437 0.45117327206461499411 0.45143603186710701269 0.63344633058073096521
933 429 0.45116766080518999615 0.4514371675926410199 0.63343989130541600296
930 426 0.45116040389261202748 0.45142966765515302185 0.6334414868802910048
915 411 0.45115381267586102121 0.45142588144513001724 0.63343307323035102918
905 401 0.4511487104196790221 0.45142679029299498383 0.63343251833558100738
875 371 0.45114822824706901638 0.45143801930706600745 0.63343329602839903991
890 386 0.45115350061246001223 0.45143895397944899806 0.63344634469405602939
888 384 0.4511619009423170068 0.45144564278576898575 0.63344959258038002758
887 383 0.45116973567762702624 0.45145397876267001624 0.63345145642464095737
900 396 0.45116385118854201997 0.45145133972137402312 0.63345780410199203914
883 379 0.45116833917823101485 0.45145884520838297504 0.63346327824325598943
861 357 0.45116943585378999071 0.45146529331406698438 0.63345981937351902857
866 362 0.45116994734118098798 0.45146292175023500226 0.63346478089739499673
881 377 0.4511884211919440224 0.45147431143344302074 0.63346563449577697469
912 408 0.45118896514494499783 0.45146385190335902582 0.63346732035129305061
914 410 0.45119401522282498451 0.4514631004228250033 0.63346050961759603481
915 411 0.4512060323556840169 0.45146666639362498241 0.63345863701567795001
897 393 0.45119115280607302587 0.45145118140283402308 0.633458622620886036
906 402 0.45120416049442502171 0.45145033473146201075 0.63345804688237394853
887 383 0.45119570671483399948 0.45144968685737302261 0.63345061509095001995
914 410 0.45118802916804201519 0.45143095202068000971 0.63344266042374597347
913 409 0.45119750957105397848 0.45142757980007597318 0.63344205630232697235
904 400 0.45120145444271497759 0.45142683946058198563 0.6334475362061360304
896 392 0.4512021795006960212 0.45142968496483998342 0.63344643599130501244
901 397 0.45121588503795101444 0.45143272715357701808 0.63344161586802094632
911 407 0.45122439274208497872 0.45142593179832402051 0.63344486650130304994
906 402 0.45121087116708402664 0.4514372225077850076 0.63344417573013400702
918 414 0.45121534174252497795 0.4514386124410479928 0.63343688036643697181
905 401 0.45121422596991400678 0.45144332617627702664 0.6334352587127699552
888 384 0.45120694513488401878 0.45144777536413299712 0.63342593455164097893
894 390 0.45121773859687597241 0.45144735729814600145 0.63341578237492301984
912 408 0.45121977258793199983 0.45144020225608999519 0.63342268001339496752
901 397 0.45120921055394497268 0.45144260769758798313 0.63341380513583400713
891 387 0.45120977085040497867 0.45144777389198198492 0.63341893816078398416
885 381 0.45120748110931302444 0.45144830954200299011 0.63341893373825297608
886 382 0.45120335928867899566 0.45145320480107198335 0.63341725106618596008
874 370 0.45120005686705599857 0.45145928245967797965 0.6334103191478029915
879 375 0.45120625222671500998 0.45146584573295200915 0.63342310117113098666
898 394 0.45120894155907798062 0.45145696198883200623 0.63342373776587601597
928 424 0.45120895690448298287 0.45145027757605399321 0.63342554284765295591
917 413 0.45119336003232801691 0.4514549396420490246 0.63342081617909795632
922 418 0.45118127165145699431 0.45145281487597599401 0.63341076234471704876
924 420 0.45117647118418602314 0.45144636806053400901 0.63340784991388099368
914 410 0.45117478916593900529 0.45145567988194201803 0.63341266773563498216
895 391 0.45116303578946898023 0.45146770163217098126 0.63341115997501196144
900 396 0.45117085792626199225 0.45146489111441001629 0.6334062051941310445
895 391 0.45116536281569802336 0.45147262003983401613 0.63340841837814598758
878 374 0.45117661353971200144 0.45148548387705300655 0.63340856941281697967
892 388 0.4511854146415910094 0.45149604431055900822 0.63341150507678900539
886 382 0.45118478232223102609 0.45150872882366699379 0.63340875143751096399
896 392 0.45119256475741897905 0.4515108800178639914 0.63340299379606601615
883 379 0.45119596365381997582 0.45151548307180200403 0.6334004115816880276
879 375 0.45119906477553700652 0.45151296012659197787 0.63339997266911596263
886 382 0.45119692493670998656 0.45150227368643902626 0.63340753000935900996
897 393 0.45119339400907498838 0.45150259602305597983 0.63341019396569797628
916 412 0.45118513294177398087 0.45149968221022301895 0.63339968825293702093
931 427 0.451195736280952997 0.4514986988068169782 0.63339808731339397596
942 438 0.45118512608645700013 0.45149376405431901338 0.63339377343875602477
931 427 0.45117879452047998656 0.45150165805819397757 0.63337935607215500866
914 410 0.45118654674978897479 0.45150371150693502376 0.63338156772521303495
903 399 0.45117383020589302278 0.4515120517361950192 0.63337471928071598093
906 402 0.45117192229108898927 0.45150793682828799236 0.63337346306786801442
905 401 0.45117320081089601347 0.45150695283503200494 0.63337313297170394488
903 399 0.45116407579757800139 0.45150658753231998066 0.63338178734712602402
916 412 0.45117628556635597237 0.45150013329087002045 0.63338046334726405551
938 434 0.45117474894432701982 0.45148677774759699011 0.63338030080337404115
904 400 0.45116146440998700085 0.45149722959493399088 0.63336857119192402354
906 402 0.45116443993108601429 0.45149582782547298399 0.63336948700578798999
896 392 0.45117146586267597996 0.45149511178492301999 0.63337705651853504207
899 395 0.45117554251309499591 0.45149244324192699951 0.63337768437148400658
913 409 0.4511840975498169759 0.45149318812582300842 0.63337921832895605068
917 413 0.45118264593837698051 0.4514930864237780006 0.63338169142468303541
908 404 0.45118200467384000918 0.45149324796123702086 0.63338211580248204857
901 397 0.45116644907388997465 0.45149009391243399847 0.63338626618918003608
903 399 0.45116588686090802751 0.45149197735424301259 0.63339581726739502265
913 409 0.45117400343369201687 0.45147859463735501295 0.63340420553073195631
909 405 0.45118270491881501405 0.45148853325019899785 0.63339556791159301596
904 400 0.45118375598564802731 0.45149726511938198525 0.63339072385970496271
919 415 0.45119232859383601175 0.45150430332730501215 0.63339365965163296757
895 391 0.4511796955574480239 0.45150073077531499566 0.63339563869161097376
867 363 0.45116474274808099354 0.45151791855849898738 0.63340120152297196832
889 385 0.4511673893836309901 0.45151560547259700362 0.63341290893427504294
881 377 0.45118021497820698373 0.45152506596260699734 0.63340640814494497679
854 350 0.45118828807813998738 0.45155429610714897803 0.63341464406809100396
876 372 0.45120202048524998828 0.45155356504151999975 0.63341976196278304556
896 392 0.45120145038375297775 0.45154596514301398313 0.6334192216039710166
894 390 0.45119974335923002107 0.45155207091693200239 0.63341901565335001489
892 388 0.45119632618121602308 0.45155691105428297227 0.6334253159600059524
895 391 0.45119772508839900427 0.45156064792512301542 0.63342168121097797151
903 399 0.45119582475550001899 0.45155379845227100466 0.63343036740024705189
879 375 0.45119396228788599679 0.45157093272831499986 0.63342417788655402955
866 362 0.45120494533671201554 0.45157495594851698728 0.63343327809774496728
883 379 0.45121354291223098043 0.45157729354970299607 0.63343188298283104043
903 399 0.45122119635767499179 0.45156301058668102399 0.63343265995595798845
911 407 0.451219353579570992 0.45154175309858601839 0.63342724274424200281
924 420 0.45122164685973598086 0.45153456349503001688 0.63342611745246102384
915 411 0.45120858549652298475 0.45153448586665201336 0.63343108357564004152
922 418 0.45121839052835499562 0.45153767044709497425 0.63343084141350802785
937 433 0.45120845664733499891 0.45151714775376100564 0.63342958110423297491
934 430 0.45119599343652400103 0.45152068991012600518 0.63343080780057503532
915 411 0.45118810476615400784 0.45153262379224201606 0.63342054807230796509
894 390 0.45118417806621302635 0.45154284182174597717 0.63342120906509902234
901 397 0.45119217485119500477 0.45154873031973602471 0.63341333898439500238
926 422 0.45120752113977902198 0.45155345523877898906 0.63341105429975497199
924 420 0.45121087099233797568 0.45154653809543898735 0.63339583136590305035
957 453 0.45122276088197699195 0.45154432899799401557 0.63338003301411105461
953 449 0.45120638698299897484 0.4515359013117820064 0.63337640963332897392
954 450 0.45120079617582997678 0.45153372884815601296 0.63335746199703801818
935 431 0.45118269750295497689 0.45153494076209099717 0.63335570921963102453
938 434 0.45117004120365900022 0.45151331803695798905 0.63335176196299203255
947 443 0.45116790277678797683 0.45150796455185099321 0.63334222938308804007
934 430 0.45116441706378701548 0.45151014982700898859 0.63334874398192497758
923 419 0.451156208107049983 0.4515105622627290094 0.63334313920989604441
915 411 0.45114222358920902378 0.451516602331555994 0.63334690848009700392
933 429 0.45114278888224601527 0.45150633076706997437 0.63335109105293296849
938 434 0.45112383871613098707 0.45148722141035402267 0.63334495849784600008
937 433 0.45112023385670202424 0.45147821892067202532 0.63334014066235300167
948 444 0.45112218781568397263 0.45146867445583499512 0.63333630458967904442
940 436 0.45111158625377201226 0.45145739876764301446 0.63333310100404305309
942 438 0.45110761365659002298 0.45146392549307801101 0.63332656427438505098
940 436 0.45108908489787902241 0.45146389477716597494 0.63332077726819802077
934 430 0.45108184757699598677 0.45147240796720800038 0.63330837671690298762
946 442 0.45107860922252002167 0.45145667786632798224 0.63331499785612499487
949 445 0.45106845777523302266 0.45145241262742602517 0.63329458351035905483
951 447 0.45106173820177097866 0.4514417992966319737 0.63328955583538104612
904 400 0.45104239054854500246 0.45145111595953901773 0.63328559117908200804
904 400 0.45104511979628497675 0.45144208207016800483 0.63328318490825596943
899 395 0.45103613472683501406 0.45143705753552998416 0.63328021728538297364
898 394 0.45104273517795101522 0.45143604456408698011 0.63329024530349597999
890 386 0.45104546238928899804 0.45143541810680198889 0.63328851823172005453
908 404 0.45104849688465098456 0.45143347530309202442 0.63328960423897595611
904 400 0.45103738141689397878 0.45143069933670798566 0.63328825889402995397
915 411 0.45104053420552298048 0.45142955853853200532 0.63328788965688398438
911 407 0.45104282978313997576 0.45144378837956899986 0.63328482518186401951
905 401 0.45104271702673498501 0.45145042440026100783 0.63328576273911696415
907 403 0.45104072075524598295 0.45145439881067600529 0.63328640266481894816
889 385 0.45103057315841699193 0.4514593005548669935 0.63327772474610199982
903 399 0.45105006542449899154 0.45146797369114699539 0.63327210664214594882
902 398 0.45104787500858301019 0.45146845687571401928 0.63328206233234296541
886 382 0.45104227157879500654 0.45147456856052398111 0.63328829837149402948
884 380 0.45104132564859600318 0.45148176001873502328 0.63329197393237102176
913 409 0.45105573430691398018 0.45148837149359100085 0.6332930239323829591
902 398 0.45104464775530400678 0.45149073391761201934 0.63328947088394504927
903 399 0.45106511671072802017 0.4514971850421590216 0.63328606824348399051
896 392 0.45105661044738498688 0.45150085181697802161 0.63329096080097302401
892 388 0.45103840272437401016 0.45150030333605700728 0.6332975150905729711
894 390 0.45103424437651401524 0.45150833920370697649 0.63330362170390797072
881 377 0.45103492808182799045 0.4515181940929650084 0.63331506258893000005
910 406 0.45105099769471401761 0.45152067188017802613 0.63331493544484096514
917 413 0.45104948931716498661 0.45151256283349799903 0.6333182495869420503
920 416 0.45104533243312600055 0.45150710280162897892 0.63330791463236402183
926 422 0.45103901176463201406 0.45148714259269701055 0.63330856266741397675
926 422 0.45103511114309802199 0.45147465055301699843 0.63330723579668701806
926 422 0.45102740367460697479 0.45147038342624401519 0.63329967466546999155
920 416 0.45101798036042400897 0.45147745575191899903 0.63329928851227401676
914 410 0.45101872498962797264 0.45147599344813998945 0.63329538357994097364
914 410 0.45102611388873997678 0.45148328589037500791 0.63328799577037397928
926 422 0.45103158782142199756 0.45146835785238997873 0.63330212433181298781
912 408 0.45102132247554299616 0.45148023151725402702 0.63330796462414096215
899 395 0.45102283701010198458 0.45149445466291399098 0.63330498109107502547
879 375 0.45100432039793797445 0.45150707786195798388 0.63331053897459199664
865 361 0.451012629333141013 0.45152017602097399562 0.63331156222908802089
847 343 0.4510211087837179833 0.45152760791171697718 0.63332131787838896742
856 352 0.45103363226229697958 0.45153338207111398672 0.63333157739495604677
872 368 0.45105733230511901866 0.45152968502007800877 0.63333371068476396193
897 393 0.4510687612666179902 0.45152439955088702339 0.63332094941177996539
922 418 0.45107979984153701025 0.45151473382582102412 0.63330552158314801225
926 422 0.45107033488877001925 0.45151320076417800209 0.63329603608047702057
888 384 0.45106557690997800547 0.45152218002783700568 0.63329950346774199765
896 392 0.45106334088434402174 0.45152305788185498336 0.63330696766430194522
893 389 0.45106726802510599406 0.45152273105012902255 0.63332096474922494611
872 368 0.45106276470919298704 0.45152633773299999387 0.63332532449283496234
882 378 0.45107773530796202444 0.45152119009350999423 0.63333542918415397516
889 385 0.4510831174942599997 0.4515133823964360138 0.63334125633973104019
896 392 0.45109113040261200611 0.45152196427579499582 0.63333338243053605154
910 406 0.45110419683989100292 0.45152740447292200043 0.63333289156601302317
889 385 0.45111057081413302727 0.45153835652584800586 0.63333704651141997655
902 398 0.45111115031505499839 0.45154068665623398049 0.63334288394406501599
909 405 0.45111042520937000289 0.45154228699392801039 0.63333992229570901245
922 418 0.45111951849296899608 0.45153499108334999024 0.63333354582705003732
916 412 0.4511222892777240201 0.45154045409010001855 0.63332209030149599904
922 418 0.45112123781634200226 0.45152809985084702005 0.63332225643286899075
932 428 0.45111688230280599932 0.4515253359637890207 0.63331069486350100028
936 432 0.45110314698273701328 0.45151286375357702063 0.63330289485565205432
922 418 0.45109954836090099262 0.45151447130934202479 0.63330334276446098585
942 438 0.45110310732484898422 0.45149480075648801281 0.63329218628856798201
937 433 0.45109329724008201401 0.45149021594150301473 0.63329661830041994453
927 423 0.45108790235330797902 0.4514922997504740021 0.63330160307124494512
908 404 0.45108666965081201106 0.45149365903578597692 0.63329645665850697878
901 397 0.45108260137005901091 0.45148705799384097892 0.63329035085800300386
905 401 0.45108650517634801824 0.45147768112266600804 0.63328235733086901682
913 409 0.45108619207582700827 0.45147430365111901329 0.63327997434043603597
918 414 0.45108229673811900406 0.45146938412115100725 0.63327065032087004326
928 424 0.45107562836471198908 0.45146077349751201346 0.63327327204020600337
918 414 0.45107811357653898598 0.45147030352527500741 0.63327885712300502341
928 424 0.45108195537469497616 0.45145854574523497371 0.63327152726730295829
921 417 0.4510767285554759809 0.45145344518849100934 0.63326550354915600582
907 403 0.45108210076153698598 0.45145654308519300724 0.63325940163627802981
914 410 0.45108107923579798815 0.45146137022279098083 0.63325777565586605089
910 406 0.45108723204248801775 0.45145680844890201389 0.63326096684139399073
901 397 0.45109248153161701778 0.451457542923315025 0.63326267517135603757
913 409 0.45108746492004697659 0.45145128339732998324 0.63326428494403697034
910 406 0.45107949132057101327 0.45145582275385898186 0.63326605716606598762
895 391 0.45108653306694201923 0.4514686097884699767 0.63327679817600601719
892 388 0.4510868877275879818 0.4514753158181910031 0.6332796058704930342
898 394 0.45109486066693199602 0.4514738390995670092 0.6332915413350309608
921 417 0.45110538424661900114 0.45146846356727399208 0.6332983877957749641
907 403 0.45109590893700601821 0.45148220525197102493 0.63328930488597201531
897 393 0.45110148956636797468 0.45148513114887400821 0.63329291866883197226
931 427 0.45110428194885499042 0.4514661471013620142 0.63328303062430502113
934 430 0.45109252586647502481 0.45145927035464300525 0.6332804469705689554
920 416 0.45109053829914197431 0.45145896239185601129 0.63327437848011602917
927 423 0.45108235625633402721 0.45144606075075899287 0.63328040876415603311
913 409 0.45107972243715199756 0.4514433422119549788 0.63327437467233504975
922 418 0.45107697388507000946 0.45144711428485800875 0.63328195803077003134
901 397 0.45106522241536101125 0.45144690404902398928 0.63328073946366203462
883 379 0.45107123751263300537 0.4514672730132909817 0.63328747505179905364
892 388 0.45109002153888100306 0.45146846918630700873 0.63330021546824499801
866 362 0.45108306945167597757 0.45148317935753101704 0.63329209597926905406
901 397 0.45109487634693501423 0.45148151315668899608 0.63330180222583998262
897 393 0.45110099511950702 0.45148267227841398785 0.63331213468714997461
915 411 0.45110366349129399355 0.45148574098549598688 0.63331600642375296406
930 426 0.45111289068439902605 0.45147944452439797702 0.63331125522504705394
904 400 0.45111075139848200166 0.45149238152803300439 0.63331166500080804393
888 384 0.45110281398976198597 0.4515051238564369851 0.63331939774969403523
878 374 0.45110464800805799568 0.45150649675773302238 0.63333073116016302961
880 376 0.45112220465807800762 0.45150890401279497599 0.63333451292911602248
889 385 0.45111617020862099237 0.45149841506286297887 0.63333851904701399249
892 388 0.451135389991865976 0.45149803726818499294 0.63333509377214802782
913 409 0.45114144290418900507 0.45149284118716498382 0.6333268422737340364
925 421 0.4511338873423689777 0.45149368021047997512 0.63332758644038400497
911 407 0.45112182587856597404 0.45149027014464099272 0.63333270391530105403
918 414 0.45113199371672801918 0.45148745830451797456 0.63333841592514894536
914 410 0.45111794641665298178 0.45147542825440600822 0.63332754220996401173
933 429 0.45111954077613697356 0.45147339788332402355 0.63332409233803799165
913 409 0.45110755226990401079 0.4514710580577079857 0.63332077327976898928
900 396 0.4511053628865430154 0.45147699335986801739 0.63331594057934104125
894 390 0.45109709479709497737 0.45147967586626397418 0.63331568731220500013
879 375 0.45109432088896700419 0.45148170793012498692 0.63332232929246601305
885 381 0.45110991590493099146 0.45147528330986197442 0.63332228366622500548
888 384 0.45113139077177200065 0.45147547545955302173 0.63331243097602096803
877 373 0.45113517801929797768 0.45147323659611199309 0.63331475413606097558
896 392 0.4511549903549439966 0.4514611145790110025 0.63331680278184898647
885 381 0.45116060549595599083 0.45147336883017302744 0.63332062063674499086
884 380 0.45117051114334000284 0.45147851318896597972 0.63333180496367702528
883 379 0.45117649667960901816 0.45148103904939701492 0.6333490155202340377
878 374 0.4511757311199989795 0.45148197493632702404 0.63335951233695197971
880 376 0.45119231429018097357 0.45149570669588201532 0.63336172462092199531
905 401 0.45120717366375401314 0.45148160192646197286 0.63336510880053498163
891 387 0.45120848060578500061 0.45148241477470402172 0.63336159841158001793
870 366 0.4512259370658500135 0.4515052844575290214 0.63337074844818797015
890 386 0.4512356348120660221 0.45150129837026098389 0.63337310084406395205
912 408 0.45123383461932697891 0.45148997253405598329 0.6333690607226090119
946 442 0.45123701130864102282 0.45148642344615502742 0.63336622681833598669
948 444 0.45124004633773401318 0.45148138761944900388 0.63335575449423897609
926 422 0.45122359459728000886 0.45148039466871797698 0.63334418019364902008
916 412 0.45121795235473599606 0.45149083386101701576 0.63333418354916803938
904 400 0.45121246530241598816 0.45149900098654199843 0.6333369258331710272
906 402 0.45121314683738700246 0.45149030306604098772 0.63333424727482601213
886 382 0.45121113252019201534 0.45148835015884297706 0.63332972648000795957
894 390 0.45121531747711701721 0.45148738534383797694 0.633332932671777038
893 389 0.45122132792292002357 0.4514977778628510019 0.63333719473095395625
909 405 0.45122121034852402666 0.45149088656831498634 0.63334315274082397806
892 388 0.45121671379219002729 0.45149615732564601922 0.63335229461965503184
918 414 0.45123576005823501367 0.45148973598537800456 0.63335073708125499969
897 393 0.45123489015691298221 0.45150768450063100135 0.63334626695346296632
890 386 0.45123699253328597436 0.45151471478352800393 0.63334667995537397012
915 411 0.45123910501631897541 0.45150488500431601446 0.63334709295876800983
910 406 0.45124472573796398089 0.45151005293400897633 0.63334680159208600614
894 390 0.45125263532262799293 0.45152156965112599796 0.63334633465762901761
898 394 0.45126502929134998388 0.45153267646013300896 0.63334482869403596617
898 394 0.45126746094751102323 0.45153331490778697566 0.63335013266003403754
906 402 0.45128553458594200531 0.45154150576792101424 0.63334448776210494625
918 414 0.45129374128962201906 0.45154637988607698729 0.63335140298602998765
922 418 0.45129791781534300821 0.45153844530962500281 0.63334764479059701969
922 418 0.45128965613594201889 0.45153097910139999849 0.6333486634087219791
929 425 0.45127779091103398246 0.45153006941485701597 0.63333928827122998317
936 432 0.45128389143215802415 0.45153849618411201483 0.63333646170081403515
959 455 0.45128530868028099432 0.45153684460590498562 0.63334284398448104092
929 425 0.45128016297287498748 0.45154350639169299475 0.63333781625509100177
909 405 0.45127848148427301966 0.45155442771257398027 0.63333706554402102729
902 398 0.45128531140915700837 0.45155536918972999372 0.63333599629132797393
907 403 0.45128714858434998414 0.45155538284647200875 0.6333370637768960254
890 386 0.45128334489456800593 0.45156042925516398645 0.63333513438270805374
900 396 0.45128576464240199861 0.45156056424219798151 0.63334649523655395242
907 403 0.45129154780359898025 0.45156606870229598627 0.63334058187436104159
904 400 0.45130918246589102338 0.45157875814387998803 0.63334647334101001892
921 417 0.45130476036791999928 0.45155844466175798502 0.63334253713416899245
937 433 0.45130686893475802091 0.45154520154094701656 0.63333836402022303247
954 450 0.4513029141919460141 0.45153442934931597996 0.63333078675046494688
970 466 0.45129219152663901937 0.45152862122649700671 0.63332781181094899292
947 443 0.45128097538138300937 0.45152851940487398474 0.63331433867539799198
920 416 0.45128218329609998127 0.45154036751077597511 0.63331900342026903328
916 412 0.45127869302459500123 0.45153545825056901064 0.63331522249822003179
908 404 0.4512827696880670203 0.45154668297942301969 0.63331641904048596725
948 444 0.45128894512055700572 0.45153617159279901827 0.63331429317928600309
954 450 0.4512792524029610175 0.45152886499354999428 0.63331291545777801399
953 449 0.45127119047530700469 0.45152297770757798823 0.63330226121139698847
945 441 0.45125861609309997347 0.45152053731266100778 0.63329293056315505428
933 429 0.45124572163865400709 0.45153190596894998698 0.63328115830438802547
931 427 0.45125838830333497853 0.45153051256569798344 0.6332754401159359503
923 419 0.4512537495464860049 0.45154030558339197654 0.63328097675537797784
922 418 0.4512475472777749963 0.45153669707249199927 0.63328355942588798744
912 408 0.45124560439203997841 0.45153259952378099751 0.63328425344607797154
921 417 0.45124361508209398508 0.45153829967689501634 0.63328946667245500368
912 408 0.45123940234911297242 0.451533987605826026 0.6332951221249399909
882 378 0.45122988401939401193 0.45152716250831398392 0.63329655802067996717
887 383 0.45123502592186198745 0.45152147417832300125 0.63329796165946694586
901 397 0.45124489111612198222 0.45152054454390200267 0.63329873053324803323
896 392 0.45124011360820298622 0.45153032112736002368 0.63330683288578804024
898 394 0.45124601379026602066 0.45152868403920998208 0.63330600020683502915
915 411 0.45124555565425999992 0.45152014904404197404 0.63331400189674502688
907 403 0.45123847896160901305 0.45152574909438497608 0.63331160070951597607
910 406 0.45124487232473797782 0.45152794615566799186 0.63330519675319996153
894 390 0.45124364047441700709 0.45153412577299800734 0.6333128292165469686
893 389 0.45124470999394900028 0.45154550867510301337 0.63332412766803702908
870 366 0.45124613796257800891 0.45155113092573101463 0.63332012894411504611
899 395 0.45126646345581800102 0.4515396027335629725 0.63331602150431098863
885 381 0.45126550492229700051 0.45154200907133001941 0.63331926576762298531
885 381 0.4512643381972509804 0.45155148156081498234 0.6333267120859089605
878 374 0.45127058845772299867 0.4515574626457929952 0.63333679324708502811
883 379 0.45128184732934900625 0.45155622228100700255 0.63333685561716701606
890 386 0.45128210953980102405 0.45154678659686897646 0.63333747066334400433
898 394 0.45128856978128900623 0.45154988981783100721 0.63333642769627196412
906 402 0.45128331291029200045 0.45155280797899799428 0.63333208640162896863
923 419 0.45128964359155998576 0.45154169788988002265 0.63333519538232296853
927 423 0.45128606232980700286 0.45153383297662602613 0.63333467433690904258
935 431 0.4512885827854389853 0.45152444538248998063 0.63333151943717203025
918 414 0.4512782263358670054 0.45151942867432198758 0.63333516256824995416
922 418 0.45127474255601501829 0.45151893151373401203 0.63333642339347595573
916 412 0.45128201251733701671 0.4515262794845710248 0.6333335382368879829
878 374 0.45127766704096000661 0.45154714268103501862 0.63333632736388201234
871 367 0.45128554333914400187 0.45156286943731799299 0.63334132071580495627
881 377 0.45129908144569197415 0.45156733409438498672 0.63333651490837394871
909 405 0.45130522040921300375 0.45156103177606599086 0.63332705041562498138
892 388 0.45130696253859997613 0.45157409245092300365 0.63332505263565497255
888 384 0.45131360558104099967 0.4515763573790569918 0.63333303429199605539
907 403 0.45131526194352999948 0.4515672543452899923 0.63333056391334396906
929 425 0.45132233415844297264 0.4515620248234810119 0.63331791623767796917
937 433 0.45132343678651598573 0.45155807686381799204 0.63329882615808996693
959 455 0.45133579241137200544 0.45155218230606397611 0.63329031150228598523
975 471 0.45132197096380499701 0.45154364012298597864 0.63328010322774697105
956 452 0.45130487134968999552 0.4515469442786310128 0.63326420951747597332
933 429 0.45129512301224100623 0.45154604747999499414 0.63325372971067694916
935 431 0.45129052216969800515 0.45154545445929000769 0.63324661614417998567
944 440 0.45128483235891597714 0.4515401471687739976 0.63324206567378005239
927 423 0.45127418782426398369 0.4515475832470430273 0.63324373696889502128
921 417 0.45127171878442401409 0.45155112550332698884 0.63324694456410901555
891 387 0.45126636050798302202 0.4515539684255370223 0.63323957217005799603
888 384 0.45127132793549101786 0.45155914854611800546 0.63323472950920300928
901 397 0.45128014632888202584 0.45156502370920098555 0.63323591423324399052
910 406 0.4512886857215980263 0.45157736548284099776 0.63324743468528399415
928 424 0.45128467832477098254 0.45156695827144499589 0.63324840980027896631
929 425 0.45127588296885201569 0.45157753363916297573 0.63325121971148601308
943 439 0.45127284445015797276 0.45157059072009098077 0.63324728938009200441
952 448 0.45126870893618997727 0.45156471224586497426 0.63323179903700699267
945 441 0.4512577951933889886 0.45156836372828401682 0.6332225966702710318
933 429 0.45124455130299201411 0.45155866821086798613 0.63321610719936094469
935 431 0.45123850123990799643 0.45156677747317697236 0.63320849267202694577
947 443 0.45123468606389499636 0.45155456972024199391 0.63319642105707996116
956 452 0.45123107881770302408 0.45154412490149697934 0.63318888007219498171
947 443 0.45121095647792702765 0.4515319279656579976 0.6331885231470359976
949 445 0.45120161584445900305 0.45151679942552197522 0.63318240778776102573
943 439 0.45118952419927199626 0.451517456382095006 0.63317307669721201169
941 437 0.45118831935038600234 0.451512966676005989 0.63316901834547401062
935 431 0.4511885663733820051 0.45151750081614300258 0.6331699177823290059
934 430 0.45119090445741200091 0.45152282049002101516 0.63317641002385305349
926 422 0.45118106548736397476 0.45152843917535301355 0.63316983813570804074
920 416 0.45117328688835400818 0.45153889588140999622 0.6331656595929560094
921 417 0.45117182563229801806 0.4515431783289700074 0.63316251185319605277
912 408 0.45117415272834798801 0.45154032212659001022 0.63316439568851501374
927 423 0.45117127738669599024 0.45154064040059099794 0.63315976718160504877
918 414 0.45116103285200898076 0.45154168509549602595 0.63315922981167005457
928 424 0.45116274719734100751 0.45154451223125902093 0.63315722488505798982
944 440 0.45116026397389097369 0.45153286544779397405 0.63315208616721796453
917 413 0.45114676862200697727 0.451542006977798005 0.63313544132196997172
945 441 0.45114757223803098052 0.45151058688675999031 0.6331177108116869956
931 427 0.45113443018701698817 0.45151508060888601026 0.63310888733180203936
930 426 0.45112517876433400055 0.45151763832844898916 0.6331036398113359942
945 441 0.45111977967647198806 0.45151542367828301217 0.63310480416062697717
963 459 0.45112162804312699871 0.45151553698960500416 0.63310117735437898556
957 453 0.45110503142322500025 0.45150442875055002423 0.63308923948375694923
934 430 0.45109325568982799881 0.45151362165960701178 0.63308046954160701603
932 428 0.45109762002684100635 0.45152103160540502103 0.63307266796308203638
935 431 0.45109900155172499847 0.45152204690151798161 0.63306908901746594687
925 421 0.45109593742147802153 0.45152357676138898945 0.63307146524733604043
889 385 0.45108008044270697656 0.45153236592923501336 0.63307602310768995579
905 401 0.45109586755401398506 0.45152386128235200147 0.63308152525586403048
899 395 0.45109761279891197328 0.45153153153110997531 0.63307901785309894649
897 393 0.4510898225458719879 0.45152760497370997284 0.63307859869962102017
911 407 0.45109063692558298841 0.45151693865016001572 0.63307707263187296132
892 388 0.45108955297507097315 0.45152210885104898663 0.63307494021813504048
911 407 0.45109082241786102596 0.45150428990963997755 0.63306646857222004243
925 421 0.45109194450039097335 0.45150278064731502736 0.63306738307337795391
948 444 0.45109664163055102071 0.45151077258658500746 0.63306845490244001429
962 458 0.45108845822100102074 0.45150835853824500266 0.63306300633890000285
954 450 0.45108272541118898946 0.45150997533265702089 0.63305478370315504399
957 453 0.4510773036253090118 0.4515062724469289801 0.63305101511175998485
947 443 0.45107031791072899063 0.4514996586282630231 0.63304889206559999959
971 467 0.45107662106577300909 0.45149193270476301043 0.63303915894134799025
950 446 0.45106562899249502685 0.45150373384758002437 0.63304511806283902953
950 446 0.45105464220905300277 0.45150354733995901046 0.63304112468521300805
944 440 0.45104506363779400813 0.45149858967719297409 0.63302925901616002857
925 421 0.45103248590545397256 0.45150524698810901025 0.63302818819619499635
933 429 0.45101807392181197942 0.45149794844228502422 0.63301764869051801998
917 413 0.45100033878283901645 0.45149872451903100279 0.63302535758825895229
907 403 0.45100915898735999265 0.45150793038291098247 0.63302974745223694608
871 367 0.45099163440345502174 0.45151659089324902574 0.63303893686592105361
880 376 0.45099259553278597812 0.45152458574533099744 0.63304651187595295525
854 350 0.45098621066938898716 0.45152628669340799661 0.63304283244142200981
843 339 0.45100655211471801787 0.45153077337452701689 0.63304973879665504821
850 346 0.45101952285658197805 0.45154427210498798706 0.63306692574334599843
866 362 0.45102483741008597695 0.45154551497935901949 0.63307001878580004828
877 373 0.4510356009538820099 0.45153633799950998462 0.63307553934285398789
884 380 0.45103517012576999079 0.45153725294355800957 0.63308018990364200995
908 404 0.45103991391347197926 0.4515284110199510037 0.63309083071217298055
909 405 0.45103980920278702316 0.45152223781578798567 0.63309956637304098948
906 402 0.45104235510565099387 0.45152704462200299318 0.6330983716382519999
905 401 0.45105018064398000321 0.45152021717743701101 0.6331023627734100323
905 401 0.45105985325778702455 0.45151432008960501463 0.63310542587668094949
887 383 0.45104849824669002167 0.45151616807266498066 0.63311522954576304745
889 385 0.45106694262679397633 0.45152473908228302202 0.63312257761664403333
896 392 0.4510693340454670075 0.45152347386270802465 0.63311665773463698947
893 389 0.45106951377292398009 0.45152549530169000525 0.63311886900497005293
894 390 0.45106904056628799315 0.45152190175646300663 0.63311807106724704575
888 384 0.4510721730256169737 0.45152673027538198225 0.63311773595905596057
900 396 0.4510712827491319965 0.45150752675990601936 0.63312242383301997606
892 388 0.45106678906700398146 0.45151032650840500215 0.63312654071717500148
885 381 0.45107310641273801188 0.45151342491661300427 0.63313341208149498396
883 379 0.45107037026738400209 0.451504082707949006 0.63313850873678201303
893 389 0.45107892621396999955 0.45149912957899801524 0.63313467060328998404
868 364 0.45107407376608998906 0.45149975553199100942 0.63313945594224796398
864 360 0.45107946122375697229 0.451504163755501009 0.63314788915429398575
873 369 0.45109108684382498433 0.45149947987933597426 0.63314850358967000865
860 356 0.45110170991829301457 0.45151118844650001138 0.63315934243410398885
858 354 0.45111175233588202138 0.45151383360115798782 0.6331624903332669918
885 381 0.45112028682250399081 0.45150486234543701913 0.63316523571464000675
878 374 0.45111620779566902195 0.45149839869269497994 0.63316519644867896854
892 388 0.45111733258855102324 0.45149318461116300094 0.63316855627696699838
897 393 0.45112049964912598332 0.45148499871726499588 0.63317099255262299096
901 397 0.45112073680737702075 0.45149270250685197281 0.63316557670919004774
886 382 0.45112167979424999675 0.45150822719636102276 0.63315732242220801318
892 388 0.45112063625553400215 0.45150697156386199183 0.6331563961565650489
888 384 0.45111432775430099218 0.4514992644696150248 0.63315278588172996255
890 386 0.45112557143328202436 0.45149944157923199706 0.63315432972150598179
883 379 0.45112541287172197579 0.45150024091149298933 0.63315226898154397528
891 387 0.45112712813557998004 0.45149699826614997367 0.63314371973977201513
883 379 0.45112074806593699394 0.45149372958586297955 0.6331403256587480044
876 372 0.45112264331262402761 0.45150821890652298451 0.63314299225710701791
895 391 0.45111970814951701803 0.45149393167874102284 0.63314213073739600279
883 379 0.45112082904559497321 0.45149354676597397429 0.63313956642901803029
900 396 0.45112592732705497633 0.45149206016221798965 0.63314325696230600027
887 383 0.45112776431461198978 0.45150992004505802191 0.6331452597361489909
893 389 0.45113057368655101742 0.45150795679582700348 0.63315584000206204252
904 400 0.45113788118634201574 0.45151254671362800464 0.63315600393219495512
909 405 0.45114121143730201435 0.45150663980311200874 0.63316527753061602191
905 401 0.45114205688545899742 0.45150070801509301077 0.63316373855435803542
900 396 0.45115392976309498518 0.45150052778187999003 0.63316136057690597383
890 386 0.45114631849281600084 0.45150407982529700002 0.63316683014029095933
867 363 0.45115886753662598485 0.45151862132630499191 0.63316313583695105205
874 370 0.45116529754323098089 0.4515098493175970229 0.63316939790402804178
888 384 0.4511714346978070167 0.45150513643426798405 0.63317486199663197688
887 383 0.45117313296870498185 0.45150477735456501227 0.63318111865378801095
886 382 0.45117695228946397279 0.45150613351688201336 0.63319283002126702797
878 374 0.4511787934396639943 0.45150985706186502755 0.63320821689102502194
882 378 0.45118260982578201057 0.45151366493473399366 0.63321269232573196284
873 369 0.45117204663247001406 0.45151705726785601458 0.63322469391877400646
878 374 0.45117580736046297707 0.45152319786728301043 0.63323389565289600611
864 360 0.45116915698236897958 0.45153010732152298878 0.63323605360873003178
885 381 0.4511702742648959763 0.45153092307918701875 0.6332413249388989529
870 366 0.45116856702803598278 0.45153253757112099542 0.63324926535851699949
879 375 0.45118335215257099335 0.45153612995938602337 0.63325470025208396851
888 384 0.45118681654143399928 0.45154326384721299448 0.63326165727223804325
863 359 0.45119008886784300882 0.45154909801805598324 0.63325949327977804071
893 389 0.45119672528043802684 0.45153441041719699633 0.63326428234963905162
889 385 0.45119866846039802244 0.45152796558490898571 0.63326742269567704025
890 386 0.45120391917571300855 0.45153182093377197681 0.63326891555971098757
903 399 0.45120316583139502553 0.45153231057322501529 0.63327596748853998143
889 385 0.45119063485270100022 0.45154403724372599305 0.63328852903280596909
907 403 0.45118782631985898668 0.45153995360079501875 0.63329336558130999713
913 409 0.45117947725949997251 0.4515210749918879829 0.63329827601059296427
920 416 0.4511819341133980199 0.45151994678865897681 0.63329991224653003901
931 427 0.45117267833178298364 0.45150055034600899972 0.63329222066790902268
906 402 0.45115527590086401677 0.45149804388522302157 0.63330033803042495855
916 412 0.45115076644796497929 0.45148637791208501291 0.63329579798776802768
910 406 0.45115069282129199868 0.45148470025270498462 0.6332960345438940486
902 398 0.45115467496394001667 0.45148973488709898128 0.6332964838876560254
900 396 0.45115236759118598764 0.45149246922505098523 0.63329327054572004396
908 404 0.45115077308631701403 0.45149749649449899547 0.6333082011688579982
907 403 0.45114670148569802066 0.45149055000013499361 0.63331381266050101875
913 409 0.45115060504697601651 0.45150125370371402278 0.63331390811005394692
923 419 0.45114701401349199816 0.45149339787287001702 0.63331737455437298046
943 439 0.45114413592197299963 0.45149524430971299527 0.63331145773008101774
930 426 0.45114702559275199345 0.45150414819565898306 0.63331203952878301067
936 432 0.45114754098319598263 0.45149500511017198745 0.63331016277176699347
917 413 0.45114426213964398116 0.45149168432736297429 0.63331141214162500752
913 409 0.45112926862043101206 0.45148762776257000962 0.63330437975538300677
915 411 0.45113114070165999392 0.45149458562589500632 0.63330094428600203216
927 423 0.45113342183678101227 0.45148586401784301936 0.63330183075720203334
931 427 0.45113233446454598097 0.45148803511623497586 0.63330582401739099474
921 417 0.45112441190854701834 0.45148336867613397816 0.63330892156793805459
920 416 0.45111980415190999771 0.45147670881982299163 0.63330036759196495222
919 415 0.45110674139921802528 0.45147430313151698522 0.63330640338906796227
893 389 0.45110559267750099943 0.45148398557383301322 0.63330245709135202237
887 383 0.45110956846797301001 0.45148800299531899327 0.6333000569540969682
896 392 0.4511183447731180185 0.45149017063453200649 0.63330348531575897386
902 398 0.45111719428817698141 0.45148635745399900987 0.6333140396629589608
896 392 0.45111579229872400543 0.45149851583491801277 0.63332433162272094851
887 383 0.451109769342360023 0.45150425441064701015 0.63332619404554701958
870 366 0.45110885314985399441 0.45150966846900397744 0.63333675093289898417
884 380 0.45112846002886197727 0.45150872632306099375 0.63334045422169704675
919 415 0.45115268997192198297 0.45151138415705399654 0.63334956721706203719
919 415 0.45114170553829002763 0.45151749391183199078 0.63335536677491499624
908 404 0.45114932120099998647 0.45152764121705901701 0.63335663118474905264
880 376 0.45114293164098001609 0.45152894896449702333 0.63336144442336195226
876 372 0.45114326860457898416 0.45152955298317498656 0.63336983463838003594
898 394 0.45114892600354500329 0.45152296318815099418 0.63337264984181296246
916 412 0.45115362136280301453 0.45152763001171597468 0.63337641471126404635
900 396 0.45115677862191400083 0.45153007603226502642 0.63337554448509103544
895 391 0.45115845828243300586 0.45153579289626599724 0.63337859797276296892
900 396 0.45115868218226001796 0.45153262672836902425 0.63338418462838197431
913 409 0.451165056792607988 0.45152592828621301857 0.63338286141368904669
907 403 0.45116568675076101913 0.45153803610358900222 0.63338940936484799948
924 420 0.45116474056552402505 0.45153101625773101047 0.63339441624933701114
920 416 0.45115839602216800674 0.45152248302128600299 0.63339358815154900295
947 443 0.45115987562689702228 0.45150925526359897422 0.6333905010565780147
952 448 0.45114946160986801882 0.45150157455919398553 0.63338443155310597543
929 425 0.45114744094856201739 0.45151332671432498067 0.63338639344670699671
934 430 0.45113913769334101911 0.45151019876800202457 0.63339195279576299136
907 403 0.45113563464761502475 0.4515171342994619974 0.63339931703900098636
933 429 0.45114886538677601013 0.45151578401381098349 0.63340884369777394891
897 393 0.45113137965234600957 0.45150910449190001517 0.63339593001181204723
921 417 0.45113233474796898825 0.45149400663239602771 0.6333983229076369792
934 430 0.45112018771768802594 0.45149120644606099972 0.63340519750284796086
911 407 0.45111439566638300569 0.45149630325038497825 0.6334046104567000457
913 409 0.45111680373065199401 0.45149152701422801126 0.63341375047385095609
892 388 0.45110723545130698708 0.45149103233048298867 0.63341268055447497165
860 356 0.45109261982841697414 0.45149865677444500633 0.63341299391674799057
875 371 0.45110836174206897509 0.45149795540635601077 0.63341091756091405518
878 374 0.45110902252214102326 0.45149297806591198734 0.63341454962779797366
888 384 0.45111790547828001241 0.45150539059339200865 0.63341565669597399424
906 402 0.45112226497362500899 0.45150727453933497957 0.6334133565142470168
928 424 0.45113459711506198602 0.45150052624708797433 0.63340421277854896953
931 427 0.45112870542631999804 0.45149427524029100978 0.63340803944598300657
929 425 0.45112426333420502234 0.45149804907709301105 0.63340670222553796531
922 418 0.45112347328238000532 0.45149981854995901998 0.63341141104624898439
921 417 0.45112494067865699376 0.45149560434078500615 0.633401615096628956
936 432 0.45111155041923400866 0.45148241791732302008 0.6334054681842870016
940 436 0.45110592040207397879 0.45147269242150500634 0.63341278157252101089
928 424 0.45109241885970702279 0.45147231751526401 0.63341000626723298339
921 417 0.45107591236771599208 0.45146808284764400332 0.63340682754453703218
893 389 0.45105705625861802766 0.45146779642990297887 0.6334115143093510536
901 397 0.45106152662684600996 0.45146295785105100551 0.63341456751754399157
891 387 0.45104655075674598974 0.45145806479408401302 0.63341378710851403699
896 392 0.45103946485373297426 0.45144232886261698168 0.63341834935944596463
891 387 0.45103904677464001782 0.45145239400133702068 0.63342615782889799547
882 378 0.45103755649575699715 0.4514588921362550078 0.63342338387088303886
911 407 0.45105035857662001408 0.4514621962846950276 0.63341766311770997255
897 393 0.45104528101942897855 0.45146796585809700897 0.6334209648981810048
900 396 0.4510455481528820032 0.45146261196441200836 0.6334255952912160037
904 400 0.45104632275098999195 0.4514682046058750009 0.63343192944108195341
906 402 0.45104186353934300202 0.45146508314180699983 0.63343618322108896646
941 437 0.45104737922323201449 0.45146178475045600775 0.63343956740036799768
935 431 0.45103030020837797665 0.45146817972222902382 0.63343128088658695596
934 430 0.45102151331619200203 0.45145895729796897689 0.63343512852828598447
924 420 0.45102164456411397708 0.4514651234716040018 0.63343207434040504911
930 426 0.45101242538288000006 0.451459717601985 0.63342466072450398507
903 399 0.45100196519849100607 0.45147171894366400213 0.63342574427650000235
892 388 0.45100039974812200505 0.45147949616366600534 0.63342929030612205032
883 379 0.45100476115926302345 0.45147161171874700125 0.63343577366893999425
888 384 0.45100792808633499709 0.45147626424955300539 0.63344220949212504124
892 388 0.45101754279305600326 0.45148261854775001423 0.63344667295971501808
899 395 0.45102145849078301154 0.45148905697493502132 0.63345508676133499559
903 399 0.45100852196554497286 0.45148331079547099343 0.63345871302362699584
917 413 0.45100930311025000385 0.45148356987259702366 0.63346470686832501151
899 395 0.4510123959005479799 0.45148813144464700065 0.63346059511281105348
892 388 0.45101249415244798469 0.45148550624148597876 0.6334653929945219808
923 419 0.45102821821283101134 0.45149158980077702674 0.63346371096350195806
920 416 0.4510221362469549744 0.45149775754246801451 0.63345007191902502619
918 414 0.45102022064522701017 0.45149227719475498732 0.63345604506736197248
929 425 0.4510216458706500231 0.45147570367404599168 0.63345432171390902987
933 429 0.45102090314532400361 0.45147169703404799179 0.63344841470692003771
931 427 0.4510109128121009836 0.45145772842081299814 0.63344413510766395259
919 415 0.4510110639006910116 0.45146084471787500947 0.63344388605352097699
918 414 0.45100280966670597271 0.45145578197243302343 0.63343681370248694495
896 392 0.4509870302492819949 0.4514591009049749859 0.63344076113446201592
917 413 0.45098901960185300286 0.45145110398794702222 0.63344329459244197444
904 400 0.45099490193419200512 0.45146325709820500638 0.63344361221334499756
904 400 0.45099659196489799706 0.45147330077130098935 0.6334533182145990482
902 398 0.4509914398905789934 0.45146740550396202707 0.63345605338695198938
890 386 0.45099696895767099614 0.45147106415298998705 0.63346272402954395542
891 387 0.45099314474293800137 0.45147267502348598089 0.63345821041946404062
893 389 0.45100863015193898287 0.45147624428300497934 0.63346410584084100748
889 385 0.45100199741345498028 0.45147828566042702558 0.63346884041908801954
911 407 0.45100185291180100444 0.4514725085998460008 0.63346941791320898751
917 413 0.45100434057136701282 0.45147437707072102242 0.63346938702827704226
914 410 0.45100318516582499351 0.45147618839825898185 0.6334593164873459914
901 397 0.45100432971935400239 0.45148919919951902013 0.63345734729307401345
892 388 0.4509985591465289767 0.45148328577974100595 0.63345761674667100394
887 383 0.45100118476006301194 0.45148624264579401144 0.63345361709364700342
879 375 0.45100004883661298782 0.45148288499817501584 0.63345905687313597276
909 405 0.45100758127190399005 0.4514861224380509741 0.6334665232106210242
922 418 0.45101307424437597771 0.4514899924680519927 0.63347000326095803668
912 408 0.45101818255992398576 0.45149426554388100152 0.63347169077084497513
900 396 0.45101425978423898 0.45150088789384101862 0.63346627347149897513
916 412 0.45101731294528402127 0.45149082314012400907 0.63346202603279400112
913 409 0.45101810446226997531 0.45149577926710499076 0.63345427328791104049
904 400 0.45102378064741499575 0.45150855464889999569 0.63345634657306404414
911 407 0.45102620373711599377 0.4515066590650390066 0.63345846478763900844
911 407 0.4510307976548850184 0.45150874601233498273 0.63346488585690596818
915 411 0.45103226360844300702 0.45150576182747798049 0.63347168579444901315
886 382 0.45102304735207798814 0.45151414581122900627 0.63347396184821103127
900 396 0.45102038105403102763 0.45150214744542099821 0.63347331012575203157
903 399 0.45102176151450501518 0.45150156955823400606 0.6334685494084000279
903 399 0.45101958260672597723 0.45150448285301797435 0.63346661390364700228
891 387 0.45102162185083899404 0.45151065665226097767 0.63346705683479198612
916 412 0.45102142113265297763 0.45150818893186500658 0.6334742318679470463
925 421 0.45102543576004200387 0.45151092704597800553 0.63348623081262100953
913 409 0.45101221234531102544 0.45151100580686698294 0.633483908471641044
925 421 0.4510215666021359926 0.45151882922986502633 0.63348091017791896551
918 414 0.45102377629013901128 0.45151953690263901819 0.63347204194598305538
886 382 0.45101600364788202446 0.45152278780454702112 0.633476274836765052
928 424 0.45102838189075000752 0.4515182660221510047 0.63347873650060404493
930 426 0.45102059384944898079 0.45151537412349102008 0.63348001645181595265
933 429 0.45102280173980402456 0.4515140253070950016 0.63347346899404199938
915 411 0.45102395271402800914 0.45151941399678702238 0.63347754991225702081
935 431 0.45101381621942499001 0.45151540882299001645 0.63346526032902894521
924 420 0.45100062221672498897 0.4515126057847320129 0.63344755592349799578
918 414 0.45100336897572601558 0.45151576503458101808 0.63344022611351302743
916 412 0.45100708323846600001 0.45151635685392299546 0.63343092702793302173
917 413 0.45099407199474100816 0.45151030435818600983 0.63342854960233296868
931 427 0.45099380963258900445 0.45149476593328602414 0.63342654218386296172
909 405 0.45098862074428397451 0.45149892498533500396 0.63343433384872305236
917 413 0.45098756465317901831 0.45148590398082300013 0.63343395916660705236
921 417 0.45098818513527499929 0.45148168847904601719 0.63342598107311098854
923 419 0.45098334628445502226 0.45147417110937898554 0.63342916550119898744
921 417 0.45097046116133698845 0.45147764600352402464 0.63342239846084502641
898 394 0.45096372905466697301 0.45148709840185802245 0.63341629502885299363
926 422 0.45098091006861301677 0.45148069407770802242 0.63341720193851402954
939 435 0.45098758944336797549 0.45149252744014500838 0.6334067239686680395
932 428 0.45098948602306399014 0.45149889733106501888 0.6333923148907429912
943 439 0.45098097871712899964 0.45149448472327402548 0.63338306623345996815
955 451 0.45097075080973497707 0.4514906429363240159 0.63337464392706399607
981 477 0.45096414880751001242 0.45147412352706500771 0.63336161616311603684
960 456 0.45094956741888997387 0.45147352933362899785 0.6333626810937470486
963 459 0.45094118039998498659 0.45146236536368700154 0.63336461127157395179
941 437 0.45092847054772200455 0.45146055146015401371 0.63336590937964298842
931 427 0.45091595722300897853 0.4514674276231470107 0.63336761780383199483
916 412 0.45090754799484600301 0.45146970278443199209 0.63336992654061696761
896 392 0.45090590991011497701 0.45147720172102501213 0.63336559445673001889
885 381 0.45092131745194902193 0.45147837104191901325 0.63337071652158194457
903 399 0.45093036832801397518 0.45148935009738000446 0.63337851688905399961
884 380 0.4509255252568020178 0.45149037142274700551 0.63338561100026702366
880 376 0.45092663852063302743 0.45150123190137397833 0.63339447364751400027
863 359 0.45092539382387797353 0.45150885657053801969 0.63340416691162704232
864 360 0.45092243024717598709 0.45150408783488699127 0.6334150417922379539
873 369 0.45092216879538699059 0.45150173107638602588 0.63341322460248694615
888 384 0.45092522615528302099 0.45151249459658199248 0.63342949272236404035
907 403 0.45093176957290198592 0.4515121464473699775 0.6334288418857449976
925 421 0.45093602499999901889 0.45150641768670701781 0.63342708091075594634
918 414 0.45093024580177998306 0.45150743334619397595 0.6334202766567119669
909 405 0.45092730152239102193 0.45150354886296700796 0.63341417525858501048
907 403 0.45092259066256201727 0.45149689247995000718 0.63340461365002698191
890 386 0.45092306560713701913 0.45149790963807900912 0.63340655563910397419
873 369 0.45093181404299897963 0.45149771191998600006 0.63341153618391698998
865 361 0.45094519298562402154 0.45150614005585198996 0.63341852953920296798
871 367 0.45095899569248198979 0.45151142390409898519 0.63341576513698405471
858 354 0.45096207096529800085 0.45151074217854397785 0.63341709125936296321
874 370 0.45097039312515702081 0.45150652325714002444 0.63341333575020597468
885 381 0.45098085513457797369 0.45150052745349200656 0.63341747746205501191
877 373 0.4509772206257189886 0.45151089371145497475 0.63341926842798601527
889 385 0.4509918926592940136 0.45152444818465597987 0.63342307207545300862
868 364 0.45098119753688997724 0.45152765932816002481 0.63342201665048603054
879 375 0.45100192748895900907 0.45152920310869698595 0.63341409399673698211
863 359 0.45101500980988201706 0.45153605542397801109 0.63341438242314895835
883 379 0.45102430094565199026 0.45153130198035301701 0.63342213291227500438
897 393 0.45102598581917202614 0.45153958604311800196 0.63343202081720195729
897 393 0.45103482472365902245 0.45154990112185200424 0.63344449975301897471
880 376 0.45103536157972701215 0.45155375148506299299 0.63344472223675296618
897 393 0.45105642928346101339 0.45155633110769299865 0.63344710076493404571
889 385 0.45105463402934098394 0.45155628742527798014 0.6334536125695590103
903 399 0.45105080222026799897 0.45155429796795898412 0.63345664392554101862
884 380 0.45103984359359600154 0.45156454085939301546 0.63346875305561700653
888 384 0.45104972838058998708 0.45157122941587102272 0.6334648973679920525
888 384 0.45104810683511697977 0.45156830878312997912 0.63345688310685899225
902 398 0.45105188534101098297 0.45156015080225098135 0.63346568354326004968
882 378 0.45105441631544102021 0.45156151526909399374 0.63346895584883700092
877 373 0.45106743276022798206 0.45157211188925600043 0.63347394154607095107
880 376 0.45107591871958302443 0.45157276823223502227 0.63347953471310503026
878 374 0.45107629026797901872 0.45157044200181001292 0.6334835869596100455
890 386 0.45108130294288600881 0.45157118288682901452 0.63347954649921500714
895 391 0.45107866959981901545 0.45156840724838898105 0.63346892678971500334
898 394 0.45108018460728099841 0.45156248365472301254 0.63346814171754695089
920 416 0.45107688613797197741 0.45154973056271802134 0.63346194333031802248
914 410 0.45107388189086400354 0.45154988437040799454 0.63346007074741694787
932 428 0.45107201830874299464 0.45154323757081399338 0.63345905740007402152
931 427 0.45107286734865797984 0.45154249481731201232 0.63346489216007795253
925 421 0.45105796767607697628 0.45153739852155200252 0.63345697471387296673
925 421 0.45105822404626799704 0.45153165827531499543 0.63345235054987603096
913 409 0.45104481683413399917 0.45153602778258300487 0.63345964736435500519
893 389 0.45103773543895697706 0.45154623385828701609 0.63346535927902603014
897 393 0.45104671327563400363 0.45155006555537802182 0.63346072242194295665
915 411 0.45105073297322001435 0.45154657110012602628 0.63346946049712904436
943 439 0.45105218022257798083 0.4515341574174990269 0.63347390781681900407
943 439 0.45104598661660300074 0.45154157826970098277 0.63347009784363095264
941 437 0.45104314789695898469 0.45154389323057397831 0.63347150232030402517
939 435 0.45103316788960801098 0.45154141183568302642 0.63346430480785598238
935 431 0.45101368636995398109 0.45152839338570799343 0.63346508712613602832
917 413 0.45101167396105601437 0.45152073500487699409 0.6334646238422150244
915 411 0.45101566163817302657 0.45152204443501997577 0.63347045491409703644
901 397 0.45101288400198702444 0.45152660288488000173 0.63347094671149695166
900 396 0.45101352229502000846 0.45153583439931199717 0.63347409831713996642
881 377 0.45100926841103700093 0.45154402772518897891 0.63347646931223899891
859 355 0.45101007826291900082 0.45154854950624701004 0.63347564108930098925
854 350 0.45101061577337298036 0.45154705182133297869 0.63348138899158101811
857 353 0.45102481831664598122 0.45154329072251697674 0.63348966641209802919
882 378 0.45104459886602799035 0.45154131921762402646 0.63348885140788202541
881 377 0.45104884514058202205 0.45154359948912098366 0.63348848373276300805
904 400 0.45105201863986799093 0.45154160010154698046 0.63348512918936294991
888 384 0.45105224185260700542 0.45154933117212597837 0.63349294770635000695
914 410 0.45105005478770898719 0.45154014781914098009 0.63348901571098903407
900 396 0.45105553273776999301 0.45155022475209499744 0.63349326910479297759
890 386 0.4510565349729360185 0.45154845068285298648 0.63349619083080099813
905 401 0.45105840113152201321 0.45153254283097299382 0.63348882651442195435
893 389 0.45103327298847600835 0.45152624835475801968 0.63348625539904301895
898 394 0.45103390482075600421 0.45151892566014401043 0.63349041955661500314
891 387 0.45103614590996099487 0.45152712445748399706 0.63347850828386498279
888 384 0.45103752248451800533 0.45153138469112602538 0.6334844856660489798
883 379 0.45104677144702898239 0.45153667574251799 0.63348489825528897512
892 388 0.45104701037260497287 0.45153839302121401289 0.63348878331553004628
904 400 0.45105317254868798615 0.45153681880629498169 0.63349279568011596098
917 413 0.45106462651320300417 0.45154046031380401516 0.63349387078075902746
886 382 0.4510639509251059831 0.45154307037737700936 0.63348522785446403915
897 393 0.4510688541100379978 0.45154071595904898828 0.63348444617117505295
907 403 0.45106276569103398444 0.45152002819483100238 0.63347717628079103225
898 394 0.45105935052669998697 0.45152116293551902704 0.63347987848822995272
915 411 0.45106501077771199437 0.45152023541095398507 0.63348742726391105151
916 412 0.45106501053855402317 0.45151031464885499345 0.63348174248217303806
906 402 0.45106629344418802674 0.45151662919466800661 0.63348114974168800995
906 402 0.45106955142025301209 0.45151940578454402564 0.63348423703769696225
909 405 0.45107294363196398512 0.45151505740304997971 0.6334828969000190213
911 407 0.45108067222655501283 0.45152058787975801746 0.63348816681128494732
902 398 0.45107597644425401207 0.45152277654235001281 0.63349238339353897143
895 391 0.45107079170730202122 0.45152507653578699554 0.63349585355833404332
884 380 0.45106800376827799193 0.45153944283508201663 0.63350411888197599719
895 391 0.45107358532727898082 0.45153623353227201331 0.63351085659432104791
874 370 0.45106715655374901575 0.4515524530710440243 0.63351828116032204985
872 368 0.45106823532610201832 0.45154271351117797328 0.63352093821064403567
869 365 0.45107376203537602466 0.45154606325450402649 0.63351530474984796282
879 375 0.45108771326619001574 0.45154238502244498088 0.63351565464827597207
870 366 0.45108917493531197618 0.45154412169754298834 0.63351938484674596985
861 357 0.45109382061337499614 0.45155371340304700789 0.63352044493885495413
891 387 0.4511035481556119886 0.4515468690032030108 0.63352541953077501358
886 382 0.45111094698401299485 0.45155926050150002604 0.63353191372258099712
886 382 0.45111514667520902222 0.4515571633639339777 0.63352668333094097619
875 371 0.45111417480290000315 0.45156555268115600166 0.63353314512324598873
873 369 0.45112279894633400268 0.45156417645563501351 0.63353307201735198362
875 371 0.45112118705404702368 0.45156230123081797512 0.63353614956660697644
886 382 0.45112497490580100168 0.4515666357288750099 0.63354079942121599434
896 392 0.45112038391068598475 0.45156653420646397645 0.63354584991579498965
907 403 0.45112400258934298725 0.45155440792786100124 0.63355158616008899752
885 381 0.45112003895748997717 0.45156807831034601053 0.63355512879630404566
903 399 0.45112714929760899807 0.4515728238699570074 0.63355965873106201425
897 393 0.45112048058509102155 0.45156926035261002461 0.63356025411668903669
881 377 0.45111942568295998468 0.45157253755899301462 0.63355797783892098263
900 396 0.45111625249547399052 0.45156341170374797445 0.63355711662130798079
906 402 0.45111978357063997613 0.45155705780377497494 0.63355381133691901496
880 376 0.45110477889827699238 0.45155881326194097225 0.63355756475646396453
872 368 0.45109538663788301127 0.45155190983140497396 0.63355847401384901563
887 383 0.45111620439117000592 0.45155593353401402013 0.63355208646590999155
907 403 0.45111813705108599892 0.45154720823630500881 0.63355782257826698256
920 416 0.45112951117923799638 0.45155587472067598709 0.6335660274819340243
916 412 0.45112832113815598545 0.45156188419913700915 0.63357160136211698731
909 405 0.45112037452664599524 0.45155943640796297744 0.63357867268444401088
932 428 0.45112663040140899007 0.45154707156826601189 0.63358288577780697004
929 425 0.45112571166255299726 0.45154437922980000808 0.63358441545077803791
926 422 0.45111867662678400981 0.45154251580827098334 0.63358528808929504006
905 401 0.45111461213236297985 0.45153971631045597412 0.63357977422531397416
919 415 0.45111273974646998175 0.45153117539812998027 0.63358599421159100817
904 400 0.45110447271701198391 0.45153331827693199418 0.63358066852297700855
914 410 0.45110926688622199343 0.45153063188078601531 0.63357530263232597623
936 432 0.45111876340155698806 0.45152355991803799773 0.6335816599806789462
936 432 0.45110926198514900154 0.45151356864302299998 0.63359048021041397547
935 431 0.4511057697636660091 0.45151739452218997428 0.63358243861154595056
932 428 0.45110120809544401732 0.45152262488254202299 0.63358254403297997737
901 397 0.45110411170803499381 0.45153997966590198043 0.63357897294179899017
901 397 0.45109885284039702436 0.45153230752371498191 0.63359087220401599794
892 388 0.45109533357847797497 0.45153020486098299768 0.63358623871469699207
896 392 0.45109500747468000981 0.45153214996161999961 0.63359470475357204666
898 394 0.45109630248195498048 0.4515378114672580212 0.63360650842108801051
880 376 0.45109208701214698056 0.45153113910702902256 0.63360519879761900697
890 386 0.45110519191858400312 0.45153641307045300213 0.63362100212419802947
889 385 0.45110551676760002326 0.45153095390592901115 0.63361421923568894687
902 398 0.45110949711784398275 0.45152953959825897767 0.6336182350752089798
894 390 0.45111312389721802685 0.4515379754980829996 0.63362731164301799858
928 424 0.45112734601296800019 0.45153084060003301214 0.63362568676755903763
917 413 0.4511242623686290143 0.45153319536695801784 0.6336161673299970376
905 401 0.45111347234720200472 0.45153060137516698447 0.63360888230156497958
912 408 0.45112171853910298935 0.45152627628420699546 0.63360733043342098991
909 405 0.45112118910891502166 0.45152167931961501024 0.63360950030240403841
924 420 0.45112342785103698439 0.45151529603291701287 0.63361206198312602922
909 405 0.45112525023231697663 0.45152059042361697427 0.6336097309195100058
879 375 0.45111158892715602642 0.45152851884476502553 0.63361991032973297155
862 358 0.45111902854060098589 0.45153614204009401289 0.63362570189268296872
872 368 0.45112877767110798333 0.4515357740300680045 0.63363224428118802845
886 382 0.45113182355540798474 0.45154026309191602762 0.63363882987583897144
908 404 0.45113491913169301295 0.45153415977337302278 0.63362370537596302
894 390 0.45112921108848502705 0.45153412212053301023 0.63361687226612095625
912 408 0.45113312283522499779 0.45153531648727501802 0.6336208746220699517
919 415 0.45113257293819697402 0.45152910956391401065 0.63361409077211694463
919 415 0.4511344855784489849 0.45152863513952901098 0.6336200086636960549
909 405 0.4511378644330519827 0.45153660084533897567 0.63362999447979595491
890 386 0.45113771571443500585 0.45154483823607199922 0.63363284705839495459
889 385 0.45113559089182697637 0.45152622518778900984 0.63363709790003297506
882 378 0.45112894133366299165 0.45153040647496500704 0.63363851928772096933
880 376 0.45112387500163098064 0.45152426291035102635 0.63363747864401298582
903 399 0.45113037436198200059 0.45151499977470699321 0.63362796799612097765
913 409 0.45113301727868199142 0.45150908061826799944 0.63362273139555502777
915 411 0.45112795328573401799 0.45150453153713299148 0.63361989835585097453
936 432 0.45113328241159700305 0.45149962976778301726 0.63360946936160300602
892 388 0.4511191429876290071 0.45150663046260497424 0.63360567956071200957
875 371 0.4511216205574279936 0.45152229629271101174 0.6336105499360059623
855 351 0.45112466337921097725 0.45152384859460498179 0.63361159285688095633
864 360 0.45113526941985798713 0.45151911134575001272 0.63361334003041203111
865 361 0.45114182600756702612 0.45151863813942999526 0.63360881542672897737
878 374 0.45115867573111800848 0.45151180175219801649 0.63360733431324300913
873 369 0.45116343181057400047 0.45151537478461500896 0.63361700992961200729
883 379 0.4511652995550750056 0.45151443821975101311 0.63361941653218700754
882 378 0.4511654445168519767 0.4515096259496420017 0.63361127457942501007
874 370 0.45117155642659301229 0.45150792938752598582 0.63361928033706504948
883 379 0.45117895473242097815 0.45150612323949901317 0.63362773477201694838
894 390 0.45117801599934898027 0.45150000592147299106 0.63363448177861603217
900 396 0.45118221629093502312 0.45149258149658100248 0.6336348814566999943
907 403 0.45117824931543498712 0.45149293173379401178 0.63363556143061494641
887 383 0.45116794243025998279 0.45150021263084300083 0.63363519053230099587
883 379 0.451164247182797018 0.45150020793919098949 0.63363195529557303498
893 389 0.45115857924114000088 0.45149020068465400835 0.63364044205383296404
887 383 0.45115103021511199222 0.45148954542612801388 0.63363954791974697045
886 382 0.45115616833948402054 0.45150270569771899787 0.63363952769654496855
898 394 0.4511539810825599961 0.45148992485940098174 0.63365045275915299339
900 396 0.45115544580044697476 0.45149420085209701625 0.63365643867801202394
871 367 0.45114843699911699737 0.4514994010496169996 0.63365510339327502098
883 379 0.45115147408534300721 0.45150062161880000211 0.63365694700737795753
872 368 0.45114417112225402295 0.45150023585524301506 0.633657858722591949
886 382 0.45114869663267598288 0.45148755087264397234 0.63366341225826094963
889 385 0.45116642999444900308 0.45150194464532800165 0.63367618845243300907
869 365 0.4511634016864510266 0.45151532528562399182 0.63367908186247601243
883 379 0.45117313619522197987 0.45151395836439400799 0.63367659192148395597
906 402 0.45117130948254702272 0.45150179716596400281 0.63368463980667699698
901 397 0.45117579339928898241 0.45150206562428801815 0.63368686634656301582
887 383 0.45117374012520200521 0.45150488991233700409 0.63367834321114702156
915 411 0.45117902328567699444 0.45150021018152197705 0.63368349255376199558
928 424 0.4511724482437859951 0.45149287043783697948 0.63367524037089095756
920 416 0.45116683833228798939 0.45149088459395297912 0.63367078752143402021
946 442 0.45116257565530298868 0.45147947525863102447 0.63365906285133699605
942 438 0.451158498611640979 0.45147868977988897532 0.6336487882691179685
966 462 0.45115806190016199961 0.45147203867051000081 0.63364444786502205353
975 471 0.45113532312358700649 0.45145757275625697513 0.63363824407382196569
975 471 0.45111951549075202106 0.45143635858874997524 0.63363366645885399464
975 471 0.45110937758434099809 0.45142082440409198041 0.6336187238840600422
955 451 0.45109285603310200763 0.45142102784840298924 0.63361188447490301989
944 440 0.45107324848478502766 0.45140639698531798141 0.6336047238586840491
960 456 0.4510654438373509767 0.45140402383974298495 0.6335969667867910049
949 445 0.45106044169441500413 0.45140022150738601248 0.63359169111274404873
959 455 0.4510556879478099801 0.45138812459267702026 0.63358196546444500719
964 460 0.45104690724767299015 0.45137733352894598982 0.63357903124078696067
952 448 0.45103628919637300809 0.45137898050888797252 0.63357229198818398874
947 443 0.45102232251720697498 0.45137139100411499681 0.63356219854933104596
950 446 0.45101725243327500658 0.45136637526467798809 0.63356143550370902506
929 425 0.45099294464610001354 0.45136526075628502497 0.63355852095912901234
930 426 0.45098523797557998893 0.45135662410964499935 0.63355914490719000831
920 416 0.45098180453659397759 0.45135998093925100427 0.63355560456378601231
907 403 0.45098681235454002314 0.4513576577192400241 0.63354750924068203854
899 395 0.45098049065519701939 0.45136022647762402693 0.63354310591924400953
887 383 0.45097551747422598423 0.45135463230891798014 0.633551024991396039
878 374 0.45096790445363199584 0.45135674070385400913 0.63355111903506500237
866 362 0.45097236934768897276 0.45135568861233998916 0.63355047154552601718
874 370 0.45097468381925198688 0.45134366372970802228 0.63355684688004398897
885 381 0.45098803451935598474 0.45134472033783101796 0.63355964660103802899
882 378 0.45099793622669798188 0.45136009500234802738 0.63355644749103001701
889 385 0.45099730962960898895 0.45135806562585401025 0.63356089142259597313
871 367 0.45099710956047400767 0.45136832694148598666 0.63356681217053600896
897 393 0.45101521315427200998 0.45136688949428799278 0.63357317438904403595
884 380 0.45102519969214699413 0.45137523324955697301 0.63357046367947900123
896 392 0.45101528015813902028 0.45136953066138102431 0.6335650060710049658
875 371 0.45101566636729401027 0.45137872974650999902 0.63357232825845000157
871 367 0.45101207340364901643 0.45137500365821497939 0.63358054061799295997
874 370 0.45102442559164601654 0.45138101592168800025 0.63358464106092704515
888 384 0.45102947362760398287 0.45137731398240599212 0.633593026063427045
885 381 0.45104320875319697803 0.45138520938979598274 0.63358378151669303424
902 398 0.45104879060109798194 0.45138218120890999385 0.63358354648404902054
880 376 0.45104228359752501776 0.45138379543347401102 0.63357911085848195309
890 386 0.45104485404030697504 0.45137982931872000503 0.63358742299954695643
885 381 0.4510388230836919754 0.45138768853813499016 0.63359925211620005125
900 396 0.45103782864536201558 0.45138803084252698827 0.63361273287441299829
912 408 0.45104123172587601287 0.4513839851356180044 0.63361132653669105519
909 405 0.45103210254244702204 0.45138556237788701742 0.63360681617480496541
918 414 0.45103689467231899979 0.45137863912382197862 0.63359909928667101919
915 411 0.45103502156795299838 0.45137317284931499639 0.63360729824488204454
905 401 0.451032855170062974 0.45136986358454500579 0.63360861792325995356
889 385 0.45103965284366198674 0.45137941011387999746 0.63360655840154200824
874 370 0.45103574000120599807 0.4513852938353060118 0.6336054030629160172
877 373 0.45103985738490498525 0.45138270740573499529 0.63361105313973598019
900 396 0.4510350967695240243 0.45137186407816798361 0.63361686603053701816
922 418 0.45102806988025900825 0.45137612538641702642 0.63362145601373298653
891 387 0.45102083589738500846 0.45138372910458202103 0.63363109709364595634
864 360 0.45101572439447301655 0.4513908725313590109 0.63362242088496301129
889 385 0.45102624814150399368 0.45137901892913101509 0.63362097125522498509
890 386 0.45102317489649301763 0.45136789880882599579 0.63362172974583796936
898 394 0.451015849377351008 0.45136735363061397663 0.63361914419765397177
920 416 0.45101349526842998694 0.45136088017609898859 0.63362075060045197628
907 403 0.45100597997555297303 0.45136560013739501773 0.6336270087102120474
902 398 0.45100923191367797704 0.4513703182142220216 0.63363327661999802043
904 400 0.45100212730940097972 0.45136296465044500881 0.63363066579143201285
911 407 0.45099886685750101289 0.45136768133099697264 0.63363688038480203701
923 419 0.45099931859887798513 0.45136445857208901122 0.63363148538854097147
933 429 0.4510052534227320109 0.4513620164621719999 0.63362967854720897432
919 415 0.45099591082933199182 0.45137209118708099265 0.63362824655749094838
935 431 0.45099488312605301443 0.45135769443218498598 0.63361766539904595952
934 430 0.45098876639268098421 0.45134258290187700968 0.63361497522393994686
925 421 0.45098421263366400558 0.45135104610742599052 0.63361636630784401447
910 406 0.45097914057093702045 0.45134298815761697554 0.63361831115967703898
898 394 0.45097218538618000228 0.4513350438314959745 0.63361779847762100815
899 395 0.45097156967505197533 0.45133314743590602358 0.63361274905395104096
894 390 0.45096725019224798148 0.45132129513353902439 0.63361184467192799286
883 379 0.45095963574308600696 0.45132646458575897963 0.63361728570579101127
874 370 0.45096163720103998873 0.4513328650062479741 0.63362449306060297793
878 374 0.45097195014278201874 0.45133530738940197402 0.63362194886941303196
885 381 0.45097463014677302562 0.45133996448389301914 0.63361872888611503463
870 366 0.45097448519716798465 0.4513432039124929962 0.63361803300391295046
907 403 0.45098469158483900365 0.45133651994300899579 0.63362284774315302815
908 404 0.45098327945085697754 0.45133943625409300715 0.63361591570117303807
900 396 0.45097641888998901694 0.45134584830569801639 0.63361530293941104031
889 385 0.45097766818286599833 0.45135389189532298948 0.63361433362181096562
882 378 0.45098164038532201348 0.45135536607018200694 0.63361656787568598759
902 398 0.45099277478469301794 0.45134764619262301988 0.63361893324249995985
903 399 0.45099542986500301689 0.45134156253221602295 0.6336270221260770219
899 395 0.45099923405926800601 0.4513456237744229993 0.63362845032538694934
886 382 0.45099809666019202714 0.4513454662177769916 0.63363693116723196486
895 391 0.45100107288744700762 0.4513454114727840083 0.63363973202006795837
919 415 0.45101324430541800403 0.45134775726603698631 0.63364003975517202427
920 416 0.45100381580409198978 0.45135495372101597233 0.63364373459880596329
912 408 0.45100050927176499327 0.45135370399266300234 0.63363965257538901188
918 414 0.45099786760639598571 0.45134453392538798067 0.63363675411326503273
894 390 0.45099318897162099518 0.45134171483306401162 0.63363586438104302356
914 410 0.45099820008838598095 0.45134318148547497573 0.63362935030777600698
901 397 0.4509989402364050215 0.45134825066431599749 0.63362223392584204884
937 433 0.45099479720611601596 0.45133330195240600746 0.63361916171196897007
942 438 0.45099175549877901226 0.4513323948426090082 0.63361050324590295624
931 427 0.45098228297097198158 0.45133229157084697736 0.63360523368623300478
919 415 0.45098200792029602413 0.45133440128314900042 0.63360591950069500289
914 410 0.45098061831850999592 0.45133110657066699556 0.63360259200790602918
905 401 0.45097556294479301808 0.45133190889029500825 0.63361273107175497543
883 379 0.45097194679208901791 0.45134375432979600973 0.63361348416830398644
908 404 0.45098137697386897482 0.45134181006400697633 0.63361407004752601235
919 415 0.45098865638185398064 0.45134590761435899875 0.63362076956420898544
926 422 0.45099594904417300567 0.45133583696256501794 0.63361858402169102256
909 405 0.45098891116055001005 0.45133900757810802018 0.63362294752490899707
908 404 0.45098468307301797786 0.45134110539708999221 0.63362358413672104085
907 403 0.45098311776401800444 0.45134251685008097699 0.63362615984506198696
930 426 0.45099767767704301846 0.45133696710297299681 0.63362320510631098269
914 410 0.45097847374173799517 0.45133566807246400243 0.63362406477838695285
908 404 0.45098817705688998281 0.45134727950764297333 0.63361728684022800007
883 379 0.45098748254579001937 0.45136485903607798109 0.63361541894314199475
865 361 0.45097367383122100026 0.45137913355301800822 0.63361820995256101785
873 369 0.45097562418222797431 0.45137442723590598392 0.63362905569857197463
880 376 0.45098401574979501971 0.45137736639052300491 0.63363793902817999726
882 378 0.45099304792509298245 0.45138579896316799456 0.63364394572921300952
885 381 0.45099272339420798383 0.45139332021987599308 0.63365488871944397609
868 364 0.45099326821775598262 0.45139774391114101393 0.63365656203812603664
859 355 0.4509998153425789913 0.45139826715607100915 0.63366725368282994513
876 372 0.45100235326515497603 0.45138712548314502415 0.63366824080956196674
888 384 0.451000949143719021 0.45138022771789498844 0.63367049976389200339
881 377 0.45100451508888600438 0.45138242583065002478 0.63367162404965704514
893 389 0.45100864198809897943 0.45138774253119701152 0.63366933895341204241
885 381 0.45101421424798399107 0.45139944345738397535 0.63366526337270800973
885 381 0.45101742220217999613 0.45140443557784298845 0.63366503958298803223
877 373 0.45102356913357100066 0.45140633579497702055 0.63367291657840496555
894 390 0.45102391287568099898 0.45140820163247197261 0.6336704423143320053
911 407 0.45102520435651399788 0.451409536936389022 0.63366660121258999716
919 415 0.45102057028724801269 0.45140491881505800942 0.63366508285378397858
916 412 0.4510223599266590111 0.45141575392703997549 0.6336696589440169447
915 411 0.45102763219686298202 0.45141622061255998188 0.63367242007946600335
909 405 0.45102898712010397464 0.45141279897130498489 0.63367218706863004396
910 406 0.45102525453345099216 0.45141556059309800863 0.63367118777309594524
919 415 0.45102381762690102462 0.45139889851505998752 0.63366810530285100356
908 404 0.45102321601771799831 0.45140132017112000185 0.63366972548393296627
889 385 0.45102412175746497969 0.45140847320010102361 0.63366421323842903046
898 394 0.45102489862996497649 0.45140254343781699431 0.63365410504013097714
909 405 0.45101515954105197981 0.4513944213317669929 0.63365969662220200664
915 411 0.45102350234332699852 0.45138855348912598764 0.6336552265724979538
908 404 0.45100939321967997708 0.4513885706050819735 0.63364879470231294523
897 393 0.45100861845664297345 0.45138785469588299515 0.63364810537784999056
884 380 0.45101298506072601269 0.45140056938999001401 0.63364504471261795526
901 397 0.45102199312509599904 0.45140114067315700863 0.63364665879240300583
902 398 0.45102555539823901976 0.45139680519923597313 0.63364069515747500905
914 410 0.45103118030598199351 0.45139255098625097329 0.63364763238056398542
917 413 0.45103003384575801604 0.45138629473163699446 0.63365000530937498624
928 424 0.4510361833914849905 0.4513874473482230032 0.63364666036964900631
917 413 0.45103238075310797539 0.4513925544132679768 0.63365225822888104901
912 408 0.45102862801165799489 0.4513898589755300228 0.63364792004157199923
899 395 0.45101744079332800608 0.45139951811128198322 0.63365092942435896628
908 404 0.4510227892558810181 0.45139487160186997361 0.63365413960840899499
899 395 0.45102425106953197842 0.45140323877678301123 0.63365784111534695366
889 385 0.45103280779428500669 0.4514169478682920067 0.63365820971161102015
889 385 0.45103313293717200994 0.4514245654808399788 0.6336592806919170151
863 359 0.45102454475503200859 0.45143010540330402725 0.63366822206994799505
868 364 0.45103800041830299783 0.45141991039664497443 0.63366661897847798013
906 402 0.45105207181316397946 0.45140624286320601977 0.63367208136447095157
911 407 0.4510490079852509937 0.45140454637710197838 0.63367234980639897124
882 378 0.45104685617494499894 0.45141455826710602528 0.6336715332805560319
903 399 0.45104936367513598361 0.45140539465453499712 0.63367419288995097126
895 391 0.45104952576826501387 0.45140832846373402099 0.63367482759338999987
886 382 0.45105292488136500273 0.45142340345751702513 0.63367237066246295818
917 413 0.45106348367119397658 0.45141048721441900948 0.63367535490987503266
908 404 0.45105375637519301568 0.45141094680977200682 0.63367373679310301515
902 398 0.45105272058475998076 0.45141398431674301106 0.6336672696069030053
897 393 0.45104913579266897594 0.45141439197838101327 0.63366457050322799738
912 408 0.45105363120554897716 0.45140550677321800155 0.63365874389193999061
906 402 0.45104619237292298273 0.45140323736960097367 0.63365240040275705447
907 403 0.45103931331439600649 0.45139949978890597793 0.63364866353546500655
922 418 0.45104454069980598474 0.45139649807784598678 0.63365405874638502937
912 408 0.45103718771660300524 0.4513935257511300092 0.63365117600136100506
916 412 0.45104086916455998768 0.45139315210027697312 0.63364713185524901284
912 408 0.45104419991716299121 0.45139196566082201434 0.63363698066187401636
924 420 0.45103735955133600344 0.45138482495801801608 0.63363017873643900923
919 415 0.45102996588921501209 0.4513832456781080027 0.63362969904332799853
927 423 0.45101929894261300058 0.45136782684041698577 0.63362883803261405014
918 414 0.45101475887527697761 0.45135988913879698803 0.63362992977927601324
934 430 0.45101948970743099832 0.45135339261749202189 0.63362028213337595606
925 421 0.45102054714521599976 0.45135656318344702376 0.63361365129091096193
923 419 0.4510128782078389742 0.45135519966712500661 0.63361022778869802163
924 420 0.45101299880024398048 0.4513537072534399841 0.63360857635717604541
912 408 0.45100898877460399161 0.45134873938292102702 0.63361121235967698961
911 407 0.45101297026386000244 0.45134505191712098737 0.63361130343250904318
889 385 0.45100726259254297901 0.45134832836769700481 0.63361284256404104553
914 410 0.45100752658967202535 0.45133446647254199524 0.63360567091011099627
918 414 0.45101644281410102622 0.45132911253821600406 0.63359440737328598381
946 442 0.45101473722344898043 0.45131488713869100105 0.63359775447893795786
928 424 0.45100782809710698862 0.45131554953991098733 0.63360016975565502939
927 423 0.45100990118200001699 0.45131545150064000804 0.63360200295689095285
934 430 0.45100564403165999128 0.45131057166082599874 0.63359147877155896911
927 423 0.45099970802552602489 0.45130402384464202159 0.63358329127770995903
942 438 0.45099439226605697595 0.45129635343116297763 0.63357823897737097774
911 407 0.45098147010279499014 0.45130333825550300597 0.63357826876311396092
922 418 0.4509852419816620106 0.45129668813881201883 0.63356999333432795218
906 402 0.45097341985917899221 0.45128751300910802113 0.63356156074527603117
888 384 0.45097245485528397735 0.45129155322133701622 0.63354981960350298387
900 396 0.45098135839094499744 0.45128632007742397469 0.63354732206855501886
907 403 0.45098080391396699884 0.45128113878967102135 0.63354769460908300083
921 417 0.45098444558178402142 0.45127194539400300455 0.63354220968229202349
936 432 0.4509895102943700107 0.45127504038278598575 0.633538884770422972
915 411 0.4509928482633620006 0.451278892692923983 0.63353360452579798867
947 443 0.45099726020727898268 0.45128072507711697314 0.63352756140771604443
932 428 0.45098194258383100808 0.45127562872400700522 0.63351964779879099687
934 430 0.45098105648974301518 0.4512705138195780008 0.63351741808794803656
930 426 0.45097651760437601487 0.45126513575296600678 0.63350628145899801069
923 419 0.45097199643871399566 0.45126947904568098791 0.63350427074523896209
920 416 0.45097644015110699423 0.45127665655294602054 0.63349510548780196828
915 411 0.45098039215649898814 0.45128131033600199506 0.6334821007254599623
915 411 0.45097173287221997695 0.45127476330168897478 0.6334778499282930353
902 398 0.45097930203140201844 0.45127530272871602124 0.63347846419273601271
896 392 0.45098566791844402202 0.45128827724141601374 0.63346874812299602819
886 382 0.45099155754476899505 0.45130072547014299378 0.63346326645640704811
873 369 0.45099193439249402049 0.45129551518594601678 0.63346563143477296887
860 356 0.45099493174526600336 0.45129729834278298206 0.63346560425604603317
860 356 0.45099836992578101746 0.45129195488237000555 0.63347894743811394846
885 381 0.45100426784624597643 0.45129292421319600059 0.63347835452925804756
882 378 0.45100192789816301309 0.45130093792540298958 0.63348245790221302531
899 395 0.45099761717400199679 0.45129377116071600629 0.63347859003173101478
896 392 0.45100887384275201164 0.45130667156310000365 0.63347974189680600343
883 379 0.45100705464924900623 0.45131525548161199879 0.63346804611456597467
898 394 0.45101368598651497832 0.45131084785433800421 0.63347583584778899279
903 399 0.45102007843567498702 0.45131026000718699187 0.6334704983866620287
882 378 0.45102427890567997615 0.45131678692044902013 0.63347304291299599832
885 381 0.45102499471657397923 0.45131357796992099818 0.63347046938453099862
873 369 0.45103243723919900221 0.45131937539982597274 0.63346627476851102845
874 370 0.45103861618473300998 0.45131598947075601824 0.63345590850195598875
891 387 0.45105085475265599415 0.45131125291031598534 0.63345429066374703275
883 379 0.45105399014821201398 0.45131460690379499034 0.63345087805034805406
913 409 0.45105940621840701077 0.45130275919514700744 0.63344668943401505334
903 399 0.45106393907424802148 0.45130295659293001576 0.63344332118864199455
917 413 0.45106258349980499212 0.4513058904057539733 0.63344408864092405231
900 396 0.45106491197632797574 0.45130298091538301186 0.63343793985989005346
903 399 0.45106476839747300378 0.45130182756139197719 0.63343671587778804799
915 411 0.45107137129073698878 0.45129621957332399784 0.63343419462593297808
905 401 0.45106162236322100423 0.45129226886348799974 0.63343617957473896674
910 406 0.45106806638584800995 0.45129176464886699982 0.63343829781065097428
918 414 0.45106712081710997886 0.45128833489369002407 0.63343489590512602749
924 420 0.45105756618316200646 0.45128115026703602419 0.63343629173347604233
923 419 0.45106703763335398438 0.45129211257040402483 0.63343758128689797715
935 431 0.45105663837982001851 0.451285057596266026 0.63343587721476801722
927 423 0.45105219620245901035 0.45127938274647300121 0.63343480121191197973
899 395 0.45103934066302697747 0.45128348598959200366 0.63342766445333698044
901 397 0.45103344270342399236 0.45127918243851999902 0.6334259504734709445
920 416 0.45103707242784601972 0.45127658176385498923 0.63342717267548098725
900 396 0.45104267852563001417 0.45128696499265197328 0.63342553932473499856
907 403 0.45104514411344898139 0.45128630678769199314 0.63342022466848102447
910 406 0.45104817359414300926 0.45128291370327100474 0.63342043449180496228
908 404 0.45103252716425201729 0.45126988536927498119 0.63342021720275298868
893 389 0.45103021280608301957 0.45127519572176899576 0.63341638603521299711
914 410 0.4510320670993879788 0.45127283291825898148 0.63341878256810302261
926 422 0.45103625638608402237 0.45126990477678502467 0.63341592640088695276
919 415 0.4510282548348900078 0.45126961179980001893 0.63342465140071901875
913 409 0.45102082063445997351 0.45126475359185297398 0.63342657840134297675
928 424 0.45102132910522302334 0.45125610378274499945 0.63342272390675002924
911 407 0.45101338267187801589 0.45125808540712797345 0.63342054870951502998
909 405 0.45101736782485402077 0.45126218155649600039 0.63342180999661101826
903 399 0.45102005303377701306 0.45126132491028697613 0.63341703947022598431
884 380 0.45101605464464900042 0.45126524272056900422 0.6334175561434070012
878 374 0.45101853551074300164 0.4512652625587960098 0.63342254250916996128
876 372 0.451025723869908024 0.45126896458045201443 0.63342739344374399124
906 402 0.45104097791191000155 0.45127320147827298946 0.63343548856913500789
908 404 0.45103760314594099068 0.45127754330964298113 0.63343764986166495312
893 389 0.45103892107161597247 0.45128142496527501315 0.63343547514665798914
894 390 0.45104183273247799857 0.45127593265753002116 0.63344200839464703812
877 373 0.45104394632235800255 0.45127896603909800621 0.63344370174347297553
894 390 0.45105660428438398846 0.45127982985558201534 0.63344845030577201506
906 402 0.45105972794769999545 0.45127657860467601525 0.63344977010222902614
897 393 0.45105796295699901455 0.4512812252295779758 0.63345487439403502794
891 387 0.45105496521636700979 0.45128548159581099997 0.6334548100017119987
880 376 0.45105538712353598907 0.4512957043670129953 0.63344882446782901919
910 406 0.45105602580210801822 0.45129252221112997612 0.63345374024738498875
909 405 0.45104591522022402517 0.45127739712620401624 0.63345135364977700476
892 388 0.45104389042197901016 0.4512831175614580026 0.63344981663608002087
895 391 0.45104248953258302413 0.45128466950926898749 0.63344694031289905389
876 372 0.451045675007634983 0.45129395950457701359 0.6334529528427610412
878 374 0.45105411446952997645 0.45128675885138197499 0.63345646962844903705
913 409 0.45105668769060702772 0.45126825365833300729 0.63345934795364100545
917 413 0.45105208895523102308 0.45127370894075302665 0.63346180201057300518
894 390 0.45104453271370997802 0.45127327008057899205 0.63346401746317704262
931 427 0.45104506430059498889 0.45126370448475999764 0.63345770956362601467
945 441 0.45104874272382300404 0.45125728384656199621 0.63345194880842004004
943 439 0.4510478568690490242 0.4512554334251679955 0.63345215103731700168
941 437 0.45104309522620400497 0.45125329364229499474 0.63344117365418495247
919 415 0.45102967960723799878 0.45124332075747797255 0.63343224176532397784
908 404 0.45102512565969499203 0.45123957483906201871 0.63341710358759895083
893 389 0.45102326533751102566 0.4512417025154660255 0.63341115743472997668
900 396 0.45102535699400198022 0.45124105868895897364 0.63341169801228702774
912 408 0.45102256310708499498 0.45123800340392300479 0.63341202657022599443
906 402 0.45100902382867402718 0.45123454241053301272 0.63340985525624904362
907 403 0.45101670035674201742 0.45122957229919202771 0.63340892662003800417
928 424 0.45100778414307701736 0.45122864117132599482 0.63341905352349903158
917 413 0.45100863411056402175 0.4512324529130909978 0.63343254578057595072
932 428 0.45100738479352897592 0.45123285692824799398 0.63344230704391801812
913 409 0.45099954913479800567 0.45123503118681701496 0.6334441613506479607
932 428 0.45100310231259299609 0.45123313227937400516 0.63343551230561701004
925 421 0.45099834539729000138 0.45123637920880399488 0.63342924429769598138
915 411 0.45099272089112801831 0.45123970218567299728 0.63342535592034898695
922 418 0.4509921285274349767 0.45123422633498300183 0.63342338345482196438
924 420 0.45099582040367097724 0.4512312850221120164 0.63341940491771098198
929 425 0.45098722011316499936 0.45122760083106500106 0.63342584237115895363
919 415 0.45098610183511200766 0.45122113539490099621 0.63341303616292898848
895 391 0.45099030462660300023 0.45123465884661800862 0.63341501285724899351
897 393 0.4509973438962209813 0.45124186070786997949 0.63342012789641899406
867 363 0.45098814541795401167 0.45124992873802699522 0.63342601831466005535
876 372 0.45100009725383299886 0.45125043441190199056 0.63342143736387501729
849 345 0.45100283724126599694 0.45126771532604198489 0.63342818216487395411
850 346 0.45100580856286798248 0.4512637778729070015 0.63343703342840096404
876 372 0.45101725372277801096 0.45125889661378698614 0.63344995394449099546
881 377 0.45102291707122599274 0.45125235818238901286 0.63345468601697196842
888 384 0.45102862324643400171 0.45126033739187998428 0.63345811403163099218
901 397 0.45102985310341897618 0.45124553753181401161 0.63345995887114303624
900 396 0.45103142235574800178 0.45124821240642998266 0.63345520734884797065
896 392 0.4510331619156239813 0.45125093462414200829 0.63345605135965299404
921 417 0.45104130655404200967 0.45125069737781797752 0.63345205284704397819
929 425 0.45103549175169399543 0.45124314706699497624 0.63345409555231302345
933 429 0.45103039101173098002 0.45123804648819798579 0.63345337456074601867
942 438 0.451029360375561017 0.45123057859232301725 0.63345287714086395692
906 402 0.45101998003065502107 0.45124458720602600437 0.63344209517096095041
909 405 0.45102719257124501695 0.45125188977492297626 0.63344852926939299032
892 388 0.45102722986893500901 0.45125995898763499037 0.63344604853906705255
880 376 0.45102504258330800013 0.45125010554622502212 0.63343871790924000109
873 369 0.45102212905427402356 0.4512498205070830104 0.63343514868985695276
881 377 0.45102847066463197523 0.45124233964794402407 0.63343968814825002411
887 383 0.45103138059621900036 0.45124332594584198874 0.63343690827779897123
885 381 0.45102392667041202312 0.4512320607830440089 0.63343981768928703247
890 386 0.451029229146739985 0.4512287605809229829 0.63342846619410098086
903 399 0.45103615072450198298 0.4512225591177839723 0.63342280266768302699
920 416 0.45104220536144701281 0.45122158795366201778 0.63340887120407096678
911 407 0.45104012629591699879 0.45121945454624501348 0.63339633657326899208
903 399 0.45103780050306402361 0.45121628455398898883 0.63339393655490805468
919 415 0.45104192315795998969 0.451217725777439016 0.63340006304338902776
913 409 0.45104144873104601299 0.45121448053835000458 0.63340113865704794627
903 399 0.45105258605061898658 0.45122601174372500843 0.63340614677607398608
890 386 0.45104790089564500422 0.45122264129523198539 0.63340892536579396221
894 390 0.4510561797042669796 0.45122952141918398761 0.6334064596242470202
893 389 0.45104432896641399875 0.45122515389131001573 0.63340960378653998752
920 416 0.45105174242686402186 0.4512187543506540055 0.63340805544426503904
922 418 0.45104595147453602211 0.45122128657198101731 0.63341343744878497724
913 409 0.45104084112400399942 0.45122285888590502045 0.63341367027149497737
896 392 0.45104173783399598152 0.45123141013661899335 0.63341598568800905333
899 395 0.45104908556825201726 0.45123069848932301218 0.63341112483980199777
883 379 0.45103745058415400937 0.45122804149859901957 0.63340760246798899491
904 400 0.45104422556178497272 0.45123211231228299578 0.6334078882121889631
933 429 0.45104601262822502372 0.45122667818810502371 0.63340645986317800631
917 413 0.4510413692032350097 0.45123739493947800927 0.63340492823544403134
911 407 0.4510366043048170126 0.45124615411158497391 0.63340618292940398248
885 381 0.45102998193143900574 0.45124395569159997388 0.63341993862153900263
901 397 0.45103427620231600903 0.45123706808548702529 0.63341239188910503088
897 393 0.45103065307059797551 0.45123582984398502571 0.63341122695567697587
900 396 0.45103691285915298304 0.45124182616752100961 0.63341900096228698214
900 396 0.45103032601488901587 0.45123554607178600895 0.63342639261584698929
898 394 0.4510162912124199841 0.45123434760918801345 0.63342517185405400326
909 405 0.45101699057227601086 0.45122531702312701496 0.63341968150547800498
917 413 0.45100704883245101851 0.4512132972672769915 0.63342096943445802548
924 420 0.45101025206548400748 0.4512130977396339726 0.63342110921904004606
920 416 0.45101155119093200296 0.45121148378121900269 0.63341987781930098045
911 407 0.45100336542189001232 0.45121100759244098244 0.63341816459066302425
918 414 0.45099865020798501902 0.45121666509945501655 0.63341873533249704042
898 394 0.45099901502770600725 0.45122240646379702111 0.63342241049989900237
910 406 0.45100625049340598016 0.45121490906549599487 0.63341998056771098291
907 403 0.45100649096703598895 0.4512096872057980157 0.63342069404204903726
912 408 0.45100660855605501087 0.45120655792593400424 0.63341345354600098183
896 392 0.45101471254987501869 0.45121620987020000237 0.63340998326191100265
907 403 0.4510120546147209919 0.45120772720017199298 0.63341836116262695278
909 405 0.45101635419040897457 0.45120866448777902091 0.63341215488507895959
898 394 0.45101928882575398339 0.45121805275781601274 0.63340919474706303127
907 403 0.45102490214162699322 0.45121659391206397904 0.63341532846547998759
914 410 0.45102660824843898713 0.45121596517200301957 0.63341884195310005357
906 402 0.45102266462780499223 0.45121364934328200835 0.63341529675747698658
895 391 0.45101345680740900779 0.45120629246255700151 0.63341505935330699728
902 398 0.45102072038142898558 0.45120770530876902482 0.63341448320133997285
891 387 0.45102037630974900484 0.45121063256610099979 0.63341177333988396558
890 386 0.4510276660717649766 0.45121761660019399365 0.63341010596315594494
907 403 0.45103639048534099887 0.4512165598327120275 0.63340127206569496465
913 409 0.45104067711442302757 0.45121895039758397328 0.63339538008520301915
899 395 0.45104398329341999219 0.45122505280970498509 0.63340040053056900771
912 408 0.4510378099139429886 0.4512185508509750087 0.6333993990899640103
910 406 0.45103309151050202663 0.4512150014042740076 0.63338705142992401953
903 399 0.45103476224397798244 0.45121329928586001445 0.63338689845447304627
899 395 0.45103363693209497232 0.45121350021883799286 0.63339342265505205187
904 400 0.4510275005079649735 0.4512115136098249768 0.63339713932960295395
888 384 0.45102268124711697439 0.45120998428030101302 0.63340481504083401276
896 392 0.45102653637775602657 0.45121214412696397655 0.63340304750498199748
894 390 0.45103674122738801611 0.45121825749391897276 0.63341082285434602284
890 386 0.45103950888842897493 0.45121145340085100361 0.63341407884480604995
895 391 0.45104055028999401333 0.45120469959412101701 0.6334104949083350089
909 405 0.4510414226872330179 0.45120377142991102692 0.63341891366922697948
916 412 0.45104040405577000561 0.45119761994661100601 0.63341984387604899354
916 412 0.45103427569553200538 0.45119496551683602181 0.63341585920850895786
932 428 0.45103563801705998104 0.45118208683756599875 0.63341383278237595178
916 412 0.45102794393294898256 0.45118224599461398405 0.63341930068882801308
927 423 0.45102214220323499916 0.45117838043084501631 0.63342314600451599116
914 410 0.45102385656490701082 0.45118421462104302266 0.63341697270045504986
877 373 0.45101432472343599978 0.45119815793635098533 0.63342375998908795331
867 363 0.45101821846113798742 0.45119997386761101499 0.63342843185352204483
867 363 0.45102556832491097483 0.45118940518430999953 0.6334246709473210224
887 383 0.45104147250663900737 0.45118939244901501429 0.63343241114925197266
880 376 0.45103710565452098669 0.45118762630152997595 0.63344088665238296176
902 398 0.45103614996541402382 0.45118707263834600951 0.63344407573435301817
889 385 0.45103210608595201148 0.45119169341946302465 0.63344915374970700572
894 390 0.45102358978462697703 0.45119186891038198794 0.63345604091211504816
909 405 0.45103010798370501977 0.4511839087508739965 0.63345389511294603047
903 399 0.45103339890621102493 0.45118342391163801519 0.63346028851073099553
882 378 0.45103360235242001552 0.45118379140828301921 0.63345837605828203554
883 379 0.45103778873847699682 0.45118507617424802314 0.63346349747282204579
875 371 0.45104332623921800094 0.45119609872959498542 0.63345961980624099219
884 380 0.45104986439200500659 0.45120298190817398343 0.63345614379268200267
863 359 0.45104939544062000456 0.45121422393194399181 0.63345910496524604483
873 369 0.45105570234195402346 0.4512120495286739974 0.63346995885706103291
884 380 0.45105940918468301337 0.45121069862696200348 0.63347662303365503966
879 375 0.45105529350678802425 0.45120727777897901012 0.63348309173853001308
896 392 0.45106189879518998609 0.45120173134233199086 0.63349314768657805086
900 396 0.45105656865609700112 0.45120480620456498988 0.63350366416529202418
889 385 0.45105263728216099528 0.45121320951316601366 0.63350599434558096945
895 391 0.45105546165384202695 0.45121345628353898283 0.63350879794264902678
921 417 0.45105450527546597783 0.45120420989327197914 0.63350891935417497081
906 402 0.45105969507235499361 0.45121190977492497964 0.63350780072381096542
908 404 0.45106052859714501624 0.45121396019346299289 0.63351014045366005334
909 405 0.45106472813960701851 0.45121666122177700453 0.63351384640594099462
920 416 0.45106675789837602508 0.45121294301176201325 0.63351512706649704132
930 426 0.45106630006326797755 0.45121798344002800318 0.63351457702755198387
920 416 0.45105047780572399274 0.45120915270305000933 0.63350572799507898214
906 402 0.45104311543775998938 0.45121537110843301654 0.63349961441576496668
916 412 0.45104314896067398966 0.4512097319909429971 0.63349473758226204634
920 416 0.45105096569554997687 0.45122384976026297387 0.63349703824178904554
914 410 0.45104740929586800702 0.45122001185846200011 0.63349443111596603906
912 408 0.45104956115122002425 0.45121984209454102377 0.63348959840097696095
916 412 0.45104939639120100736 0.45121376366386201084 0.63349098482404597732
920 416 0.45104908057811599065 0.45121485766876900936 0.63347794157936199166
939 435 0.45105451436438098733 0.45119966382651000014 0.63346943439349800986
954 450 0.45105549782292597705 0.45118868610820800358 0.63346203753496499456
948 444 0.45104317154350298535 0.45118861658383901947 0.63345686806250400824
952 448 0.45103452530561399803 0.45117997960313199757 0.63344677426362094863
934 430 0.45103209629779900114 0.45118305630240301829 0.63344304966372100285
943 439 0.45102857944533097934 0.45118474707559802495 0.63343964642836803058
959 455 0.45102598567654700323 0.45117499596816201812 0.63343113027353203925
947 443 0.45101429709631102316 0.45117426159261198038 0.63342894041880803968
932 428 0.45100663178166700007 0.4511760386744180229 0.63342740586427004335
929 425 0.451004013898479994 0.45117082826609200552 0.63342407389113897231
923 419 0.45099630803034101989 0.45116944614237297628 0.63342193748316399926
903 399 0.45099686384205800449 0.45117147755057201985 0.63342502776425502198
918 414 0.45099823401766997444 0.45117272695010002259 0.6334204015354020223
899 395 0.45099623856120901744 0.45117038817711402343 0.63341950007349800966
907 403 0.45100196923222202194 0.45117062318162698409 0.63341453000806802187
942 438 0.45101157447978601489 0.45116019707950000273 0.63341284667091601879
934 430 0.45101101088746298196 0.45115986089643100865 0.63341235601747503114
970 466 0.45101845407212398653 0.45115067972103500837 0.63340623585917998906
954 450 0.45100683732783597435 0.45115620285090102248 0.63340093836581801146
948 444 0.45099350680267197289 0.4511464064688779918 0.63338016787331297142
946 442 0.4509800455181000034 0.4511420753418449725 0.63336416162718300882
937 433 0.45098100995845502581 0.45114299210479902325 0.63335531286200996703
929 425 0.45097629433013097788 0.45113953649327998008 0.63335187458147301776
909 405 0.45098079885042702264 0.45114517142354398915 0.63335193525277699855
943 439 0.45098069334347301584 0.45114282133477801029 0.63334428490982896953
930 426 0.45096212912306399279 0.45114910718918399546 0.63334913655961200263
933 429 0.45095495240941402271 0.45114339361866101497 0.63334778912748801449
967 463 0.45095954800698900833 0.45113534805804600403 0.63335058997728199692
929 425 0.45094385811129300556 0.45114637418122599533 0.63335379941449598817
910 406 0.45094532447589297242 0.45116239769214100397 0.63335538234537003266
907 403 0.45093746500101200558 0.4511630264566139914 0.63335445693198899608
901 397 0.45093905211229101671 0.45117333724398300809 0.63335317352932796187
918 414 0.4509378275645229972 0.45116282283432701528 0.63335540799866396622
906 402 0.45094001577710801643 0.45117972012746998534 0.63335747533923503205
893 389 0.45093596557488502263 0.4511828257352650251 0.6333632749992580413
900 396 0.45094231464814099608 0.45117061321161600063 0.63336751292447401873
918 414 0.45094869179875501919 0.4511610709265849728 0.6333670205870659542
929 425 0.4509425998116630141 0.45115445029355899509 0.63336472711344204978
931 427 0.4509433427563310226 0.4511484315028639891 0.63336404406684998492
916 412 0.45094015104257401116 0.45115081984522997782 0.6333583031745030345
932 428 0.45094371692439000343 0.45114727106285201774 0.63335062371782302471
935 431 0.45092936063077199149 0.45113747141342297464 0.63335215263991195833
943 439 0.45093135187762700689 0.45114297164163602583 0.6333533489984130016
926 422 0.45092831498399899015 0.45114323931305200244 0.63334915900565003088
937 433 0.45092928498497397705 0.45114230937412097555 0.6333419974433980304
932 428 0.45091951570022398288 0.45113493643708801883 0.63334082202892405533
933 429 0.45091544809545702766 0.4511214236982050152 0.63333774661078101609
928 424 0.45090911871266697863 0.45112336455861101747 0.63333462134818696576
928 424 0.45091284930345598703 0.45112602407538399119 0.63332586176140104328
907 403 0.45090123073643101348 0.45111937899989701384 0.6333325939753180478
911 407 0.45089845893281499389 0.45111695298801501863 0.63333241568721998505
906 402 0.45089764953851002582 0.45111233671376599341 0.63333078481569105023
913 409 0.45090397133169102251 0.45111637632333001502 0.63332758754436602189
936 432 0.45090096179441502278 0.45110504651766697437 0.63332892608951896207
923 419 0.45089688992093601705 0.45111086816715301184 0.63332719489787803191
927 423 0.4509045851089870105 0.45111237145360300049 0.6333287112848520195
918 414 0.4509058572531929876 0.45112565330959297771 0.63332946326453298802
910 406 0.45090317701227600189 0.45112490687822498492 0.63333200962515101562
913 409 0.45090675186165102284 0.45112305217142900648 0.63332889214806098455
912 408 0.45090803672545998193 0.45112127283010799994 0.63332473260752597533
929 425 0.45090824494929498956 0.45111293707220501137 0.63332133792416600571
930 426 0.45090489524960397638 0.45111394453911302094 0.63331155987473397584
918 414 0.4508979730318730117 0.45111441216803799259 0.63332159667819598603
930 426 0.45089137001940698957 0.45112131786106202114 0.63332302274014595778
919 415 0.4508757569795709963 0.45112229441737100588 0.63332612617535499755
918 414 0.45087074295999202134 0.45112693614629900685 0.63332701715219297256
938 434 0.45086934627776698026 0.45111332658486197333 0.63331841611096795219
924 420 0.45086545382498199874 0.45111662076804698307 0.63331252439119201103
919 415 0.4508610697762370223 0.45111152624661998711 0.63330133848681502418
902 398 0.45085562657718797341 0.451110394505889023 0.6332975731589030044
909 405 0.4508560688353410173 0.45111473585489697546 0.63329180329593104393
922 418 0.45085802007276798431 0.45112151092441399314 0.63328991964635594769
925 421 0.45086289093350001567 0.45111889976726599061 0.63329489065133404146
919 415 0.45086392513375400659 0.45111518414711399005 0.63329668756770796101
919 415 0.45086878005628300281 0.4511230893083150173 0.63330018340904004059
928 424 0.45086713115424198461 0.45111659734382597575 0.63329668895366697523
917 413 0.45085951834697302054 0.45111764701369400088 0.63329749504821697403
911 407 0.45085164033100799674 0.45111496459513500401 0.63329608190522701516
911 407 0.45085641922929797776 0.45111660944625697756 0.63329686214666103261
913 409 0.45085149700655602345 0.45112040469677300303 0.63330193884095697943
903 399 0.45084518846221000032 0.45111855844581000285 0.6333072038341810428
907 403 0.45084513997003000663 0.45111781668395800615 0.63330139350615599625
935 431 0.45084819139811999067 0.45111633166922199267 0.63330518702702298661
945 441 0.4508410275332380146 0.45110801554776397415 0.63330376089232798265
929 425 0.45082982826392697939 0.45110548710503201031 0.63329758739591701655
912 408 0.45083449915973100586 0.45110897785202297428 0.63329449226547496199
909 405 0.45083532998403097469 0.45111340947277600577 0.63328756345230696745
907 403 0.45083684468884099861 0.45111982172169901029 0.63328620577306304895
924 420 0.45083496948678097871 0.45111388300965599152 0.6332861640350420096
946 442 0.45083765872701797583 0.45110426866376501787 0.63328950039918996406
927 423 0.45083345972967497906 0.45109800446320802436 0.63328364025017003236
916 412 0.45082321469969299788 0.45109536155817997471 0.63328504048343203792
922 418 0.45082761349801397932 0.4510958468414639766 0.63327761601145404757
920 416 0.45083598047184597624 0.4511053482779039947 0.63327622324030596879
909 405 0.45082698926766701097 0.4511111431488289969 0.63327743479923204184
904 400 0.45082914285377101438 0.45111738095005199378 0.63327250479123997629
920 416 0.4508292465647280034 0.45111282030242699781 0.63327299656905400305
915 411 0.4508368620717320141 0.45112042396189699911 0.63327653243973902608
904 400 0.45082993836007601018 0.4511139148747549954 0.63327382842103396854
895 391 0.45083100395782998993 0.45111970282734398241 0.63328305723118605286
891 387 0.45082653448943899033 0.4511188893871109773 0.6332830669414150071
887 383 0.45082868579533602604 0.45112743779260100485 0.63328620661168699701
904 400 0.4508272326576620026 0.45111714383311102283 0.6332873508564049736
883 379 0.45082238198343699276 0.45112574634350099956 0.6332920399063940442
882 378 0.45082871172960597983 0.45112766579432600489 0.63329322147398503517
895 391 0.45084364301286100618 0.45112280935529197601 0.63328885244972099589
880 376 0.45083793053353898861 0.45112805293486701874 0.63328965545392201797
879 375 0.45085558121656099662 0.45114199077411099026 0.63329729083698604875
879 375 0.45086018392581100889 0.45114552170716798463 0.63330076389426903649
869 365 0.45086668072244601158 0.45115271496516701211 0.63329860263087600636
889 385 0.4508745988915550118 0.45114784705828597788 0.63330237642443099055
894 390 0.45087196873176599299 0.45115127274563399107 0.63330123592628195794
879 375 0.45086572484832299068 0.45115665292815698706 0.63330405064558603634
898 394 0.45086759763129402589 0.45114001342759302293 0.63330594481851498756
903 399 0.4508754790367839882 0.45113964162787401069 0.63330054887504194649
915 411 0.45086774576283200622 0.45113197921553099823 0.63329044663943701021
914 410 0.45087032809429600233 0.45113492706947799782 0.63328948520970296254
937 433 0.45088196369495897597 0.45113801028353101019 0.63328961931788296802
944 440 0.45088344767098198496 0.45113347614423898735 0.63329277231278802152
902 398 0.45087787313156801883 0.45113742690686897685 0.63329218881874205227
898 394 0.45088080478978997956 0.45114163180830002542 0.63329007138198001314
897 393 0.45088184378905499239 0.45113350106895699909 0.6332879037126050159
925 421 0.45087958799501998142 0.45112401740428698105 0.6332913190301280304
908 404 0.45087535111611098948 0.45113834451394801972 0.63329966051897101931
904 400 0.45086576710344899999 0.45113069563418500829 0.63329937779148004484
887 383 0.45086436941606600204 0.4511349261244210207 0.63330170867370094712
914 410 0.45087840743940199584 0.45113231069482401248 0.63329815979565395878
915 411 0.45087634607370702389 0.45113658471077400236 0.63329265246165700187
906 402 0.45087007689893199291 0.45113874273479898092 0.63330068412621898233
905 401 0.45086975865640699368 0.45113912601017497339 0.63330443154093296609
878 374 0.45086659084699798328 0.45114911344597502518 0.63329839911373997374
887 383 0.45086922264723600096 0.45114933651372701728 0.63329156645352802091
902 398 0.45087126627006901547 0.4511495421867059985 0.63329521302802205263
880 376 0.45087001754971001155 0.45115359817752298532 0.63329854455417600168
878 374 0.45086843017664102184 0.45114802738062198539 0.63329942912208703198
891 387 0.45086837775451199528 0.45114832402558202595 0.63329910974761505216
894 390 0.45087156739247702397 0.45114139783091000702 0.63330211283740400763
884 380 0.45087645050852798168 0.45114629580953402588 0.6333006145118750263
894 390 0.45088075829805901451 0.45114710724862000513 0.63330342834472796998
873 369 0.45088541658805297851 0.45115836056190899983 0.63330477498339998732
871 367 0.4508947723114939965 0.45115662960513597257 0.63331100727339695311
894 390 0.45089842714184297234 0.45115006497848197942 0.63330621386526297911
888 384 0.45089457039333502575 0.45115609326912997634 0.63330336340697102049
888 384 0.45089778139497899145 0.45115552812348902467 0.63330085205115405067
881 377 0.45089224717127202036 0.4511494360863539943 0.63329871719972397059
874 370 0.45089670733147202419 0.45114419949587097891 0.63329897391100997694
879 375 0.45089485391423500538 0.45113379630326200243 0.63330381100782295878
888 384 0.450902256202908025 0.45113744944468298081 0.63331238743432505256
892 388 0.4509018291641179732 0.45113600773852802206 0.63331151581908595727
898 394 0.45090219591684699285 0.45113250576487901045 0.63331444695405203493
897 393 0.45090300436488900404 0.45113876532053098778 0.6333112243402629904
916 412 0.45090590100846800192 0.45113887068493502275 0.63331572953947801174
915 411 0.45091598212230599163 0.45114256486583897976 0.6333151455489119952
896 392 0.45091299645530402707 0.45114634186571400676 0.63331237418394004113
915 411 0.45092755508495402372 0.4511459436016360125 0.63332015047181500211
911 407 0.4509277857731889827 0.45115183937222602673 0.63331835383402101947
911 407 0.45091576710395697702 0.45114889729974000376 0.63332134198185796592
914 410 0.45091889228117698618 0.45115277794406699607 0.63332250572546899825
910 406 0.45091552765418302373 0.45116183179175800566 0.63332722755174497564
896 392 0.45091117895487997647 0.45115846076205501358 0.63332730363477196533
885 381 0.45090662764422700937 0.45115804335378401069 0.63332795376593997716
885 381 0.45091245177648298093 0.45115875866572002773 0.63333063781843301765
879 375 0.45090401381501699074 0.45115712527393297959 0.63333574136649495312
887 383 0.45091326933631598051 0.45116069007736098184 0.63334106754563501696
882 378 0.45091527583898299847 0.45116234487806600173 0.63333909546481603758
891 387 0.4509199219579150264 0.45116966835965599536 0.63333236069126697121
905 401 0.45091978670365301385 0.45117048894604300235 0.63332303535499101521
920 416 0.45092768400402799545 0.45116712122040197874 0.6333162811984389684
917 413 0.4509331300399480047 0.4511656620755170044 0.63332193003586101376
904 400 0.45092850881846102684 0.45117139278770701516 0.63332056153521998354
898 394 0.45093374853157597304 0.45117804317188897612 0.63332032712824004594
907 403 0.45093734570196097877 0.45117385568481599423 0.63331976902538600349
888 384 0.45093504010481799682 0.45118166109206797598 0.63331332055331202024
882 378 0.45093336519186200118 0.45119083040370300264 0.63331816779338701018
906 402 0.45093922965366900479 0.45118545758928202405 0.63331961467220698747
889 385 0.45093790516192999718 0.45119274570243800282 0.63332297784100199944
900 396 0.45094174740583797822 0.45119809918000902682 0.63332550592240099974
891 387 0.45094103821943198884 0.45121012865473897335 0.63331774356133097026
901 397 0.45095476494703001791 0.45120186903429099212 0.63332275977346497164
899 395 0.45094064217077500789 0.45119760076555398554 0.63332590843925595792
901 397 0.4509481942172819946 0.45119755941098899088 0.63332824756073802241
902 398 0.45094637294501399571 0.45119460498053098885 0.63332920577873796919
902 398 0.45095339512098198131 0.45119283515219599234 0.63332806295787602568
912 408 0.45095220207876801632 0.45119254868772201705 0.63333066135229598714
913 409 0.45095057090853502002 0.45118911462274802204 0.63332861163378295632
929 425 0.45095852322348500829 0.45118274340342201523 0.63332956912460802723
901 397 0.45095398495579702702 0.45119601095967898363 0.63332988032701997838
899 395 0.45095266076931500576 0.451192769044710007 0.63333052674850198738
917 413 0.45095108958660001797 0.45119185539354200731 0.63333606490183702586
901 397 0.45094837995913500395 0.45119732382606098087 0.63333451266109197508
887 383 0.45094810806351398602 0.45120004530970198031 0.63333716850414800703
901 397 0.45094572148067002537 0.45119625067956298237 0.63333338297036101405
895 391 0.45095087758687102397 0.45120046127716101347 0.63333633580852699563
886 382 0.45095562345181200437 0.45120246324500801194 0.63333494592821004687
897 393 0.45095328023125097472 0.45120699772686201356 0.63333793453935804951
899 395 0.45095879694115198477 0.45120796254567702155 0.63333501971179495538
906 402 0.45095916566197302711 0.45121046115927399001 0.63333479624686994658
956 452 0.45096871694312401502 0.45120425387137097495 0.6333243840817980308
949 445 0.45095678399844002504 0.45119814018664300415 0.63331650377414594466
938 434 0.45095973147845602735 0.45120956761476899155 0.63331357042602998142
937 433 0.45095491334943199613 0.45120107833681100118 0.63331700562130399668
937 433 0.4509419694519539723 0.45118572591977801345 0.6333125622618870354
946 442 0.45093615156635402652 0.45117685377115901435 0.63330618874332900159
910 406 0.450930859752900981 0.45118888480772301186 0.63330022590779799785
907 403 0.45093704086152197608 0.45119423887122600547 0.63330492376742997251
902 398 0.45092948061284598982 0.45118866067918000917 0.63330818402143695955
921 417 0.45093528169738400502 0.45118633715258898986 0.63330937676773702005
929 425 0.45093336934502298297 0.45117843366801002603 0.6333073276029299592
923 419 0.45093308703214801669 0.45118088712830700659 0.633312416342627027
936 432 0.45093609234722797918 0.45117854869783602378 0.63331404020367898511
922 418 0.45092297059156499772 0.45117575865543202429 0.63331673923777698221
913 409 0.45092082990693399536 0.45117857365532199054 0.63331242751399896562
901 397 0.45092241020125700679 0.45118031046900597403 0.63331255499715299884
904 400 0.4509315766611100007 0.45118620925039099046 0.63331469680520702248
893 389 0.45092876721837399367 0.45119552580175897871 0.63331734443981901883
881 377 0.45093127481520001165 0.4511951777482329784 0.63332761348531296797
900 396 0.45093811020835600223 0.45118821765093902743 0.63333493902664095287
895 391 0.45093685496063901086 0.45119430034106400296 0.63334023656449001116
894 390 0.45093572997864300733 0.45118818406829397372 0.63334128473374295965
884 380 0.45094867240616998139 0.45119613607320802062 0.63334294980143002185
910 406 0.45095420892634202614 0.45119673676500798853 0.63335384651818904533
909 405 0.45095258852567998709 0.45119681323989402344 0.63335965493869494924
915 411 0.45095107056912497878 0.45119347478186200284 0.6333570592846630154
932 428 0.4509566900238130005 0.45118880082923401575 0.6333527745990119584
917 413 0.45094894927291201414 0.45117875537321300294 0.63334944088517297622
917 413 0.45094392365751101437 0.45118036078639500719 0.63334761287473295699
897 393 0.45093537584692500175 0.45117554742871102125 0.63334651285682896926
901 397 0.45092919572179601673 0.45117736963415000506 0.63334906215053599077
924 420 0.45093011894284401597 0.45117190824205899435 0.63335068611239098146
916 412 0.45092307203423798168 0.45116805575560098296 0.63335270385043296315
923 419 0.45092474859645598206 0.45116818212719000947 0.63335394450041004877
904 400 0.45091744474615097493 0.45117420788175799373 0.63335411326158497225
916 412 0.45092019329232602143 0.45117237615682798113 0.6333551561114489914
898 394 0.4509085189664360227 0.45116561387288200979 0.63335009129433195163
891 387 0.45090533232399898633 0.45116021560344299335 0.63334789688391701645
903 399 0.45090593965093200834 0.45115190787364201075 0.63334959276920399507
898 394 0.45090378251325402559 0.45114839762218400532 0.6333572565661029774
899 395 0.45090065759925201938 0.45115348216607198406 0.63335500047777204546
903 399 0.45091348792704899484 0.45115266633690498388 0.63335233930245005141
898 394 0.45091188044651597799 0.45115770366031898719 0.63334049152395199833
903 399 0.45092015038603200372 0.45116524273918900967 0.6333397647002669828
899 395 0.45092293694029800255 0.45117027598621600726 0.63333937004046103603
898 394 0.45091716539021997612 0.45115753144558101706 0.63333950418758899747
900 396 0.45092009617378298048 0.4511576147833680217 0.63333517686855800299
904 400 0.45091122132364702679 0.45115205639210598232 0.63333813794572502154
904 400 0.4509195402295529953 0.4511546865383809779 0.63334026243584795601
903 399 0.4509131814602280186 0.45115400529379101613 0.63334518674630002621
891 387 0.45091746869495702432 0.45116310966808598204 0.63334525831062205015
904 400 0.45091960388073798471 0.45116027028089700224 0.63335173957368695596
906 402 0.45092723754741398379 0.45116838946429699275 0.63335470714236397072
896 392 0.45091209160854300864 0.45115755975330501526 0.63335329160484599154
901 397 0.45091014268301599088 0.45116317797978799931 0.6333505881103169699
877 373 0.45090589867970998217 0.45117290958605998918 0.63334851124534796707
869 365 0.4509159958826339798 0.45118487461774697822 0.63335721859258298228
893 389 0.45092692643474402425 0.45118972131419798899 0.63336250049651598992
908 404 0.45093336804518802108 0.45119072338750398909 0.633361109424692037
901 397 0.45093967671764201288 0.45119915896507201136 0.63335716839447597781
912 408 0.45093769527627197702 0.45119367807682797533 0.63334811722351402885
923 419 0.45094394402086601659 0.45120108683220000456 0.63334318745532203199
900 396 0.45094451242108202216 0.45121056600963799221 0.63335012149952596427
919 415 0.45094227192974500884 0.45120723901975201553 0.63334768023129794923
889 385 0.45091917503777600995 0.45120712469432899816 0.63334952733578298023
890 386 0.45091750127030399975 0.45120366523108001999 0.63334510306328994922
902 398 0.45092677109407497404 0.45120307634584500001 0.63335113773012596816
874 370 0.45092636440025801736 0.45122551866363197481 0.63335859074629796694
890 386 0.45093665125122900372 0.45122599261600399023 0.63336918669639497015
859 355 0.45094204052601699617 0.45123223730877798365 0.63337740456523394794
892 388 0.45095683861281599114 0.45123137508416000241 0.63338889804543396789
895 391 0.45096003656550298633 0.45123530565453501273 0.6333948212175649628
898 394 0.4509612916000120264 0.45123198874215098009 0.63338875533846294985
901 397 0.45096431481433502109 0.45122613882989498491 0.63339884658978296006
900 396 0.45096311005063899335 0.45122594959026002259 0.63340038750538896206
913 409 0.4509687195977389873 0.45122528599760597379 0.6333919889913790513
913 409 0.45096587585563202571 0.45121709570284501689 0.63339271138649300141
926 422 0.45097155470706001834 0.45121352580263901499 0.63339833460343097915
926 422 0.4509734959389180009 0.45121476157011097818 0.63340005813501898402
923 419 0.45097259218200902442 0.45121568374292497783 0.63339429166154803674
891 387 0.45096228149493200466 0.45121720484326099943 0.63339829887717902235
902 398 0.45096818653476999916 0.45121996822191101639 0.63340223075214696635
910 406 0.45097133300888397889 0.45122051348183800368 0.63339963005672494933
890 386 0.45096331087844299113 0.45123072987676099421 0.63339801928396999298
864 360 0.45096014216921898043 0.45124424922178502095 0.63340041140216096771
865 361 0.4509660573644940218 0.45124178754068999808 0.63339801901450298871
854 350 0.45097796755976998773 0.45124982327437301866 0.63340232598547596687
858 354 0.45097907249426899545 0.45124629860304499296 0.63341005898947799757
874 370 0.45099099046351698306 0.45124910662993800159 0.63341743604280398294
899 395 0.45100124021542098429 0.45125290475020901626 0.63341747054260000294
912 408 0.45100456220356599513 0.4512512919912249898 0.6334123590226690137
898 394 0.45100832743635199673 0.45126262108746201251 0.63341193025134201466
886 382 0.45100896779017302096 0.45125813315660801006 0.63341501099371300132
902 398 0.45101073873335301156 0.45125739460956099114 0.63342011432842904028
905 401 0.45100908556884100609 0.45125217790709398757 0.63342102512386899704
891 387 0.45100014316944897486 0.45124682060347398593 0.63342661216567697213
901 397 0.45100798677212700083 0.45125622335231402316 0.63343094254673004695
896 392 0.45101499732353300676 0.45125893521578902545 0.63342936681076000838
880 376 0.45101101136145699266 0.45126263549087397564 0.63342333613191803554
871 367 0.45102105317677099183 0.45126702020578701724 0.6334295644474720044
876 372 0.45104093611603401914 0.45128190890453701023 0.63343826053027496581
872 368 0.45103969505942298479 0.45128816124701098822 0.6334554204410489664
854 350 0.45104195924051598832 0.45129430255599400912 0.63346182144095697364
854 350 0.45104326375291098339 0.45129358501555300043 0.63347106653935703058
843 339 0.45104402464320297872 0.45129969686848298016 0.6334744464191159885
872 368 0.45105572236634400296 0.45129348730568402681 0.6334835142627019966
872 368 0.45105144904999200373 0.45129311854794501579 0.63349377009843099717
886 382 0.45105642323369399271 0.45129080017975997663 0.63349732715449902365
899 395 0.45106649662929398925 0.45129925795218600593 0.63350033520654203123
901 397 0.4510659659555000256 0.45130281980343600612 0.63350012283207102204
904 400 0.45107366231069301321 0.45131520314562700857 0.63350175742898495734
914 410 0.45107367280258198194 0.45131840591016597619 0.63350585611904497441
915 411 0.45107788202793197563 0.45131822698565099428 0.6335053033601429906
937 433 0.45107770576699501852 0.45131742860296397701 0.63349841216167301905
930 426 0.4510700091711790094 0.45132102918679301018 0.63349487339693200116
919 415 0.45106341480422201817 0.45131483358427099128 0.63349750250927494566
905 401 0.45106074585433697521 0.45132691785075401691 0.63349492385856098764
905 401 0.45107142987021298097 0.451334608030263984 0.63349735765528902842
896 392 0.4510769906666979856 0.45133978184179301962 0.63350439928028101644
898 394 0.45108145079676997824 0.45134208640813400226 0.63349675194123700184
910 406 0.45108365683888601572 0.4513378124853389961 0.63348538420102995516
895 391 0.45107547088849597738 0.45133720511251701479 0.63348171909243400357
874 370 0.45107786285254497516 0.45134465431198900198 0.63348589875824101725
873 369 0.45108187733700499944 0.4513477094828959868 0.63348336338758903796
885 381 0.45108752910883198606 0.45134623162774900607 0.63349330785931401433
893 389 0.45108212403131098256 0.45134086017796798407 0.63350071795952100917
893 389 0.45107549725600099011 0.45133745993114099404 0.63350497501658498134
896 392 0.4510835978509949995 0.45133678253148801218 0.63351080352011002184
893 389 0.4510758484987120176 0.45133279879354198938 0.63350957256514794924
905 401 0.45108243523576702083 0.45133259199467201661 0.63351004950644596025
899 395 0.45107342270808398199 0.45132165248674499525 0.63351058711585894745
889 385 0.45107892682016198505 0.45133503971556898637 0.6335128294395030446
859 355 0.45107489824167201764 0.45134816500033697606 0.63352547529432601259
860 356 0.45107220762079397458 0.45134273031481597638 0.63353368948149002549
877 373 0.45107574610270401161 0.45133584529678399955 0.63353413691024496046
861 357 0.45108023695347199133 0.45134142676025401641 0.63353434306145195443
870 366 0.4510843125409539911 0.45134121865587700784 0.63354374964160098394
899 395 0.45108460459470001158 0.45133056778794300445 0.63354338641027796442
916 412 0.45108229688827300441 0.45132471739111901243 0.63353987948027501442
902 398 0.45108381387672302765 0.45132947523946098656 0.63353990208654398231
914 410 0.45108150715465999969 0.45132856338714699707 0.63354236496886195962
911 407 0.45107539460317902513 0.45133209947779800997 0.63353446435841298534
906 402 0.45107022122797302277 0.45133769406265600299 0.63353099976535298676
892 388 0.45106916945644298655 0.4513415094760390156 0.63352724403709803624
901 397 0.45107281596239900967 0.45133924267683900311 0.63353662489623197018
912 408 0.45107015931118099594 0.45133706659174199771 0.63353419653429199343
916 412 0.4510685537414390045 0.45134265025846398434 0.63353305987066599325
900 396 0.45107818720382497624 0.45134193545550099769 0.63352615886237895193
885 381 0.45107646675797502533 0.45134939375030702635 0.63352201166790900189
905 401 0.45107941300036702437 0.45133911663096398792 0.63351860093985901123
906 402 0.45106997813150800924 0.45134490720762898697 0.63351385222270695241
897 393 0.45106629117181701316 0.45133788246639799935 0.63351664072512003933
906 402 0.45106536786333600864 0.45134280651740898982 0.63350754098124295588
903 399 0.45106183682596601159 0.45134694084282800386 0.63351125915339301375
893 389 0.45106671108403201265 0.45135182262862100222 0.63350746727283402393
897 393 0.45106296894328001823 0.45134741368301900533 0.6335049427932040178
896 392 0.4510579679153490229 0.45134470896912498583 0.63350745416385401132
913 409 0.45106398652578599817 0.45134916037666999999 0.63350524087327297895
896 392 0.45105942652364500178 0.4513623825513439769 0.6335092908759419883
900 396 0.45106606636927298881 0.45135923488110002433 0.63351167903674099335
916 412 0.45107244895422299313 0.45134944285443201473 0.6335138375531960131
938 434 0.4510674628430759725 0.451349368945217988 0.63351269848181701594
952 448 0.45105360833041002744 0.45134065013009000422 0.63350801027822700728
937 433 0.45104384818845999483 0.45134165766657302621 0.6335066571953460457
938 434 0.45103759968981199657 0.45133201642372400286 0.63350479822598704249
932 428 0.45102818633162899964 0.45132915268108797502 0.63350343112099205545
918 414 0.45102491241218600759 0.45132582991136699357 0.63349715949651796976
919 415 0.4510157443983019987 0.45131880324140599692 0.63349408897479098091
912 408 0.45101275621596997878 0.45131885588218201288 0.63348396219145897135
925 421 0.45102221709739998001 0.45132344886824299346 0.63347970574543299715
932 428 0.45102341077329999308 0.4513205189434900122 0.63348084350416900001
911 407 0.45101700470739697346 0.45132659737352998075 0.63346925859319402896
892 388 0.45101970995044499135 0.45133774765626299974 0.63346916183652701715
896 392 0.45102522426860902627 0.45133642486935598992 0.63346940098983495204
891 387 0.45102926881920202273 0.45133621907789001071 0.63347132057805000116
917 413 0.45102258247935700375 0.45133089111933000215 0.63347023918404199438
889 385 0.45101613961918801676 0.45134293850060802633 0.63346532920746900786
911 407 0.45101894102638101502 0.45133080697231497957 0.63346718970715998331
932 428 0.45101559054303902441 0.45131844380370900183 0.6334638652985590257
889 385 0.45101346855326801544 0.45133716109936899974 0.63346560637075899347
891 387 0.45101821524248097983 0.45133684062666701298 0.63346432340623803903
897 393 0.45102747311192398216 0.45132711502399097681 0.63346407147475303212
890 386 0.45102952320798600505 0.45133090578159601458 0.63346819619934402468
892 388 0.45103365878804002609 0.45133420476008501154 0.6334740688259019592
881 377 0.45102999976248897562 0.45133483407378299779 0.63347647540403795308
891 387 0.45103682496396002577 0.45133701690819200136 0.63347858175872195918
929 425 0.45104673277225099115 0.45132668873825299016 0.63347304336739196362
940 436 0.45104276215565597408 0.45132286321341802404 0.63347283883246896519
943 439 0.45103855435499701221 0.45131319669151298557 0.63347070617041201235
932 428 0.45103844568467998943 0.45131543279572400307 0.6334713880441550371
934 430 0.4510290589058140176 0.45131135684891099391 0.6334727164842429703
903 399 0.45102550334767299578 0.45131997248542399248 0.63347373403231999056
912 408 0.45102825309620597771 0.45132139199766302395 0.6334785204768329514
897 393 0.45102855498522798072 0.45132172374787998814 0.63348173611851199549
884 380 0.4510233131436859888 0.45132770699323299102 0.63348359934941800287
874 370 0.45102047843233200597 0.45132324496824199889 0.63348837008989200559
888 384 0.45102625120279099535 0.45131891797922801812 0.63348879629736498664
904 400 0.45102756424933199142 0.45131938321530601366 0.63349796317185802508
890 386 0.45102620668064902221 0.4513208966631390151 0.63350073094463599244
899 395 0.45103548927920300571 0.45131784915272599168 0.63350254207544598462
892 388 0.45103532399889700866 0.45132524275992397245 0.6335046172068470316
858 354 0.45102798032574098475 0.45133349069397499242 0.63351238965788103652
888 384 0.45103745319929700042 0.45133175664447200415 0.63351823597338996485
865 361 0.45103752778324501804 0.4513388896575539766 0.63351434487154700825
863 359 0.4510468701319190199 0.45134250445437501531 0.63351366844590495386
875 371 0.45104674534021599319 0.45134213392127697784 0.63352297354686204489
885 381 0.45104500606338998603 0.45133705018869701986 0.63352446921269001123
901 397 0.45104506435124802621 0.45133723259436697717 0.63352958996640695855
907 403 0.4510491362156299755 0.45134019229717198263 0.63353375479818097027
908 404 0.45104084532606897318 0.45134049438601397952 0.63353241969554197066
907 403 0.4510407366706929988 0.45133393741618199613 0.6335306427244680183
917 413 0.45103846742517400559 0.45133608492813998003 0.63352621715921797474
917 413 0.45103824675464199156 0.45133548771888998274 0.63352070872525101386
926 422 0.45103872630158897694 0.4513323754230579854 0.63351770817623698218
921 417 0.45102377379795899337 0.45132803541204602471 0.63351705476320796517
920 416 0.45102351354467701272 0.45132423529109999549 0.63351763171196795454
916 412 0.45102869013209900828 0.45132544534473401088 0.63351997171263596531
898 394 0.45102139674686897441 0.45132644600574500782 0.63351903385660701673
918 414 0.45102745377015102113 0.45132169886391099167 0.63350912581696594561
925 421 0.45102990991782399011 0.4513184533405240062 0.63350397321957896413
916 412 0.45102904695837997551 0.45132235901752298934 0.63350493161948195908
907 403 0.4510298366694169836 0.45132243587236797744 0.63350590091076297572
932 428 0.451046749679172021 0.45132854687138301841 0.63350877337069799733
941 437 0.4510429022267909982 0.45132562493714800667 0.63350954159880301653
959 455 0.45104142138467201439 0.45131155048935200913 0.63350609633076504501
947 443 0.45102992574000999593 0.45130727358417899175 0.63350344840857297779
930 426 0.4510204489230210112 0.45129763228589198087 0.63349906368455499717
935 431 0.45101209319940199771 0.45129144440365698276 0.63350148460049804378
942 438 0.45101404467711098123 0.45128867101819897245 0.63348624540545495076
930 426 0.45100548367839099484 0.45129022563658199863 0.63348711017583403393
927 423 0.45100294947371999399 0.4512936427328890221 0.63348594127406998577
934 430 0.45100330884862199765 0.45128831256283097328 0.63348351266279800953
921 417 0.45098869090338000731 0.45129158979024702747 0.63348856046598300829
910 406 0.45098357700991498209 0.4512907248143510075 0.63349431766514596731
911 407 0.45097670509350301637 0.4512888689816629828 0.63350051301437904083
922 418 0.45098029441202597267 0.45129228338069399262 0.63349528141351496568
903 399 0.45097961032012101601 0.45129415723783999903 0.63349686550450901024
876 372 0.45097552050746497754 0.45130860941282702203 0.63350310544382104627
870 366 0.45098181569677198155 0.45132298701035100663 0.63351836571288400179
872 368 0.45098833187651299337 0.45132706156627100391 0.63352356685698296701
862 358 0.4509950413361060173 0.45132541605571202536 0.63352870646446102221
880 376 0.45100446833468499364 0.45132679693834398815 0.63353217068216305385
859 355 0.45100266519066301019 0.4513257508311659949 0.63352997718472203736
855 351 0.45101517012397202011 0.45132371580309399439 0.63354327217793804383
839 335 0.45101442515164902325 0.45132980881874801282 0.63354665014088096253
845 341 0.45102168203909098754 0.45132985879249198913 0.63355411607681799691
850 346 0.45103269936215500957 0.45133567142223102175 0.63356338172897497252
879 375 0.45104298733828501744 0.45133619901388599693 0.63357251376945000754
887 383 0.45104508027787498792 0.45133255217805501314 0.63357806325036603035
882 378 0.45104570942609001349 0.45133379757598901527 0.63357654011787600812
867 363 0.45105150667268201214 0.45133866756905499651 0.63357481416282801501
879 375 0.45106150583664800235 0.45133913112695001058 0.63357942717517201636
862 358 0.45105937604036300259 0.45133973288485901287 0.63358247395191003015
861 357 0.45106342798773602087 0.45133900108503899329 0.63359397059506195049
883 379 0.45107705368449002581 0.45133215033642098968 0.63359282283409401604
871 367 0.45107606399859001556 0.45133772063796501195 0.63359454828560501927
860 356 0.45107844139003100414 0.45134017689024197306 0.63358943649000198928
890 386 0.4510947258340179955 0.45134409690449600605 0.63359907040507401632
891 387 0.45109896111860198209 0.45134565865446102384 0.63359635152721105467
915 411 0.45110597800423202219 0.45134040909497802341 0.63360066415810900597
911 407 0.4511056779356160118 0.45134162556840701219 0.63360560631411499966
934 430 0.45111469054774500087 0.4513387650977400134 0.63360560589933301312
905 401 0.45111163880301602402 0.45134248072380700467 0.63360625509711199221
891 387 0.45111787076523002238 0.45134580563832699118 0.63361280125681396225
886 382 0.45112261420091798181 0.45134605971578400929 0.63361082408883195871
885 381 0.45111633489022900934 0.45135036221932700595 0.63361163996989200431
898 394 0.45112268540622202373 0.45134713872156800862 0.63360886325899901106
870 366 0.45111891093298200905 0.45135645229413501323 0.63361071765376197895
879 375 0.45113313294143597698 0.45136075061001901254 0.63361521292554801033
885 381 0.45112810699303101947 0.45135622254902801886 0.63361890662828701526
902 398 0.45113155033547902573 0.45134918143462599005 0.6336156574630229521
919 415 0.45113759970640798791 0.45135594325099698265 0.63361544166955496848
925 421 0.45113542206903400889 0.45134627781248398692 0.63361081347782799433
937 433 0.45112562804084299639 0.4513352871930200183 0.63360869940648001375
939 435 0.45112546356419902516 0.45133207096604299746 0.63360361492016903373
918 414 0.45112567662914299094 0.45133369913414800312 0.63360328255208897552
906 402 0.45111294952805597314 0.45133005212013999063 0.63359415871852597935
890 386 0.45110582932218601382 0.451328780211295022 0.63359570454357494462
896 392 0.45110528049367498715 0.45132330692961697416 0.63360152812310099879
888 384 0.45111252141335100863 0.45132628162148502593 0.63359922900485399211
897 393 0.4511087416875629863 0.45132407210231600958 0.63360009048983600977
892 388 0.45112059026293699349 0.45133592037700198674 0.63360801999746496627
909 405 0.45112286456513600585 0.45133475511072701503 0.63361052474594703465
902 398 0.4511114704938239961 0.4513327267286619815 0.63361162906849100018
913 409 0.45110438605254499222 0.45132388046059501718 0.63361780753621699258
900 396 0.45110613643246999516 0.45132808408564101255 0.63361468589730296497
919 415 0.45110731840877998922 0.45131899161342098337 0.63362336833221999388
934 430 0.45109403646709300695 0.4513113152289680019 0.63362215507385599711
932 428 0.45108714058287702198 0.45130961135108299542 0.63362271470175002275
915 411 0.45108748177269597512 0.45131809597497901665 0.63362146393568996583
927 423 0.45109215057955998063 0.45132126580494702495 0.63362654059049805522
925 421 0.45108369503481798857 0.45132245397043202484 0.63362547816158898417
924 420 0.45108358063490400225 0.45131918149725702705 0.63362570840705001451
913 409 0.45107652787125701588 0.45131060766430097786 0.63361849766408095963
930 426 0.45107869402188000008 0.45130647028947001864 0.63361167703645604465
917 413 0.45107578862476399584 0.45130887171162797911 0.63361576622797599612
917 413 0.45107122625924001014 0.45130458029719999757 0.63361476584846398996
915 411 0.45107100313657599866 0.45130508988549999927 0.63361659582438900618
914 410 0.45106912267745097322 0.45130928078549698013 0.63362151282937895225
892 388 0.45106757556093401984 0.45130793049155198959 0.63362064106263504826
882 378 0.45107360926449102667 0.45130857649936900744 0.63361599681562996711
878 374 0.45107609087395900138 0.4513173362347450146 0.63361276590327497704
884 380 0.45106820552419901738 0.45131884075299899539 0.63361047702424500017
879 375 0.45107508910664301238 0.45132316918061599065 0.63361558192450795346
888 384 0.45107726686157201268 0.45131388208346701063 0.63361764316606294933
887 383 0.45108391323034602305 0.45131230157692298066 0.63362315311133399209
904 400 0.45108754901411901583 0.45130901406891699157 0.63362225786157599927
917 413 0.45109523853025101925 0.45130879289423297962 0.63362825631892705225
887 383 0.45108214942081598098 0.45130692156327201214 0.63362964833660595509
889 385 0.45108213117983797513 0.45130100902588599077 0.63362873126104601873
904 400 0.45107745290943801475 0.45130192245145900332 0.63362580933692802532
885 381 0.45107625149208602222 0.45130325343747001998 0.63362908765663394917
893 389 0.45107919734665602451 0.4512964107884869791 0.63363312380667002888
885 381 0.45108508959781401515 0.45130567664982501608 0.63363865817301501249
884 380 0.45108788027315299685 0.45131040321040599705 0.63363443556310394822
880 376 0.45108315151449401847 0.45131319948227599514 0.63363921979432402676
891 387 0.45109593494076699605 0.45132107671006099769 0.63364618275676298786
898 394 0.45108903190268800909 0.45131396325298500649 0.63364550771247596384
906 402 0.45109213642093498597 0.45130950749839199299 0.63364798258925603136
912 408 0.45110035773348400312 0.45131538553911798584 0.63365115876539501727
898 394 0.45110193417269300875 0.451319154375476983 0.63365117140242499527
893 389 0.45110613680190797536 0.45131257491894399836 0.63365351545204495753
914 410 0.4511062249478700048 0.4512956649213840099 0.63365178705182201302
909 405 0.45111171729734100833 0.4512976711271680097 0.63365002450501595188
912 408 0.45110714430915399564 0.45128778845103101336 0.63364061522768200252
931 427 0.45110581472752397936 0.45128037432988299393 0.63364532064600098682
943 439 0.45110778434688597605 0.45128339334444800279 0.63364440037230096436
948 444 0.45110875193986799125 0.45127955828357901868 0.63364644823625404513
971 467 0.45110163886615300965 0.4512736814120499873 0.63364801643765600314
948 444 0.45109513388985400528 0.4512876973618760168 0.63364170045926204722
945 441 0.451092970419588013 0.45128791565028797406 0.63363619480756705471
932 428 0.45108490529673300751 0.45128639036050099964 0.6336344132128199913
910 406 0.45107078921708998465 0.45128511362418000097 0.63363795579507697919
902 398 0.45107289978653902773 0.45129500637660902029 0.63364041500656398398
892 388 0.45107527182705897673 0.4513018200464720131 0.63363634549176495181
873 369 0.45106744757194999762 0.45130757138862598321 0.63363555968802498519
885 381 0.45107058778228598106 0.45130574617938001847 0.63363691636900498771
873 369 0.45107146479541199158 0.45130740465788199423 0.63363728150968501307
880 376 0.45107427277356099138 0.45130558676983101307 0.63364071908228203345
897 393 0.45108445596765400776 0.45131015615999398038 0.6336435356059849644
870 366 0.45109313093839098485 0.45132348824156498512 0.63364894875870603208
894 390 0.45110345926689698892 0.45131888778838197274 0.63364777399699401261
907 403 0.45110465652600600928 0.45131284636702900803 0.6336449931445210515
897 393 0.45109915449622600692 0.45130924625186097376 0.63364596549265594927
873 369 0.45109327088368400549 0.4513109517921590208 0.63363958649509100063
872 368 0.45111088137015598054 0.45132104128117600528 0.63363726912099804789
860 356 0.45111830948897302385 0.45132578789739097314 0.63363347833311600699
860 356 0.45112598190380898133 0.45132554694900800518 0.63363138742211499999
875 371 0.4511291581544369933 0.45132798407631602444 0.63363491021658802094
884 380 0.45113291063659899383 0.45132604846330798276 0.63364016432438097226
880 376 0.45113187070086202546 0.45132083064329098221 0.63363832192120994602
896 392 0.45113868543835600189 0.45131675819423600071 0.63363686065999802466
917 413 0.45115135193558197901 0.45131253282348099409 0.63362779282419201543
920 416 0.4511584074083589968 0.45131495156880102604 0.63363013834863202156
897 393 0.45115148556252498979 0.45132121838294597671 0.63362469947392396907
886 382 0.45115140307060497271 0.45132437595814500764 0.63362069266252196709
898 394 0.45115344821303998701 0.45132683455153999041 0.63362213304810299785
912 408 0.45115791440143299118 0.45131457757650800255 0.63362394577692404685
906 402 0.45115423591516401469 0.45130907292253602536 0.6336171650602669958
896 392 0.45115242889444701069 0.45131515620718098969 0.63362112545711002376
876 372 0.45114899884521797446 0.45131871940629497697 0.63362030801943103331
852 348 0.451149163057330993 0.45131702432932002678 0.63362282735694697156
860 356 0.45115409260569200312 0.45131100502453097567 0.63362682976441497829
887 383 0.45116774302240597594 0.45130865164694000669 0.63363366606708104722
898 394 0.45116394030401302251 0.45131036289835901876 0.63363196411810396302
881 377 0.45115723466549101373 0.45131421348874201094 0.63363609039712498472
899 395 0.45115597321234401917 0.45131138587205299473 0.63363934627145701572
887 383 0.4511576897834990163 0.45132520838801698515 0.63363873361219302804
898 394 0.45115316993857801364 0.45132085142862299332 0.63363871388573600463
910 406 0.45115425871558101356 0.45131575649003602413 0.63364043431239702731
908 404 0.45115249712896299261 0.45130938821853400222 0.63363795765394803627
906 402 0.45116330495678802492 0.45132533927832801934 0.6336369560351979846
873 369 0.45115642001672101591 0.45131940278533200228 0.63364694497344198343
902 398 0.45116294265926898399 0.45131357297244500959 0.63365137949049799015
902 398 0.45115874017555501752 0.45131310742056901519 0.63365447675484298795
879 375 0.4511577680458169759 0.45132496532620097751 0.63364844380141005509
884 380 0.4511698774953509794 0.45132542118723101288 0.63365795937471203203
890 386 0.45117575671658499692 0.45133024566212498474 0.63366508345052796614
895 391 0.4511837853903140072 0.45133634818364998242 0.6336714067835580444
901 397 0.45119053240600098809 0.45134580750156499951 0.63366951335114896082
879 375 0.45118531258018501617 0.45134110533874199911 0.63366717358675395122
889 385 0.45118588626623101767 0.45134473715995798715 0.63366510286477395475
873 369 0.45118416504568298331 0.45134940048613297892 0.63366750919566394717
870 366 0.45118419673824500249 0.45134835144347601465 0.63367458286397804201
843 339 0.45118363517999698908 0.45134864857325801557 0.63368048203221405412
860 356 0.45119610287500999668 0.45134522235645702093 0.63368616942426903016
870 366 0.45120154592450201214 0.45134370177293797743 0.63369483030278694891
868 364 0.45120103303303699116 0.45134455286349900449 0.63369751773802796002
867 363 0.4511948634562449878 0.45134687787327498754 0.63370021437023205113
853 349 0.45119567071084998311 0.45134829269886000969 0.63369972389761697329
875 371 0.45120374740993002272 0.45134046137036798463 0.63369665513442097193
870 366 0.45120974225029597537 0.45134520998673000047 0.63369713695312102075
878 374 0.45121707859531801077 0.45134478939588201785 0.63369634884963799148
887 383 0.45121645382099700994 0.45134103123575397554 0.63369298011194097331
878 374 0.45120912216702002695 0.45133897374432102589 0.63369290263539002073
916 412 0.45121600723540999933 0.45133201586201998623 0.63369710953799296416
940 436 0.45121853266422901063 0.45132571019043699057 0.63369019615020705238
928 424 0.4512094652595809996 0.45132805911600498705 0.63368923118353903678
898 394 0.451204731292936978 0.45133939551367402432 0.63369294301187295559
916 412 0.45120420225030000161 0.45132637312975598665 0.63370232348137500722
900 396 0.45120866878603699268 0.45133346445864197527 0.63370368101131901994
890 386 0.45120925283516100102 0.45134126412554598229 0.63370621325774900701
910 406 0.45122007737466601762 0.45133510428729400887 0.63371078662378799162
912 408 0.45122404971689600295 0.45134204959488499753 0.63371201139195199037
904 400 0.45123270090566497403 0.45134654234138998907 0.63371548612989303528
891 387 0.45122944416067500839 0.45134757367512101656 0.63371831621097896026
896 392 0.45123343803193799451 0.451354647852127977 0.63371763914191703293
910 406 0.45124328837112898105 0.45135542689517599291 0.63371780053988602255
917 413 0.45123844731946599618 0.45135258877867201477 0.63371888233745199415
884 380 0.45122889828170398285 0.45134929185138400465 0.63372110705574202782
887 383 0.45123519813842899451 0.45134539068842299825 0.63371686804002202997
917 413 0.45123780634329002659 0.45133254761782998221 0.63371741307742501803
902 398 0.45122755456515001304 0.4513326385161339771 0.63371817284629794464
886 382 0.45122239175881401207 0.45133819615052600538 0.63371724761482295385
884 380 0.45122548918061999856 0.45134639937623199923 0.63372074954621504528
910 406 0.45122781105895998222 0.4513410289865270042 0.63372407966632204879
882 378 0.45122553755247801766 0.45134653927564999387 0.63372784619154598484
883 379 0.45122493909597499728 0.4513564482300940206 0.63373431020084303178
901 397 0.45123314866941399703 0.45136436885222702697 0.63372975957327704055
886 382 0.45122969786348599008 0.45136532730616601983 0.6337260010817340472
900 396 0.45122987277147097451 0.45135924387261699975 0.6337259179305939627
920 416 0.45122233728452698642 0.45135562996322398099 0.63372861796817203661
898 394 0.45121779723844801513 0.45135876952428100051 0.63372277865456394519
904 400 0.45122400889330099849 0.45137016210949598705 0.63371910616706694785
890 386 0.45122203325795701145 0.45137221091806001283 0.63372012456535697922
893 389 0.45122121779334700697 0.45137583425134797377 0.6337156381473619815
899 395 0.4512176220942620275 0.45137367221307800325 0.63372078798543696188
891 387 0.45121575784675999055 0.45137978339816797746 0.63372616441000995113
890 386 0.45121975572490097273 0.45137106918207897666 0.6337303834635360511
893 389 0.4512203098328759765 0.4513676649047310141 0.63373238024954303693
877 373 0.45121906727331401177 0.45137804186493202252 0.63374541998380296004
907 403 0.45122124958416398588 0.45137290076147001949 0.63374687502452897725
908 404 0.45122404377570102252 0.45137467317214102769 0.63374421848493200926
917 413 0.4512215845955669935 0.45137127053224801454 0.63374985157106100697
928 424 0.45121626576147999543 0.45137139764510197937 0.63374241594674296518
918 414 0.45121289462630997935 0.45137488107189099873 0.63374262025957095457
916 412 0.4512112354123640201 0.45137612152927197862 0.63374506265359598078
913 409 0.45121498462675202479 0.45137818359967601944 0.63374451060435899041
910 406 0.45120704671359002091 0.4513784862967090139 0.63374592582942002039
923 419 0.45121110548267201468 0.45137264506581697976 0.63374125783940404855
932 428 0.45121647019179000893 0.45136745081823398396 0.63374017906690705004
909 405 0.45121779452361698848 0.45136936041006797682 0.63373785173075203314
919 415 0.45121434336811500065 0.45136303689788198623 0.63373687992448202166
914 410 0.45120913432284098787 0.45135844363488297759 0.63373466571723302554
896 392 0.45120822311373898206 0.4513602629584290149 0.6337360953325269497
907 403 0.451202472849901004 0.45135529468977697576 0.6337330395069460387
907 403 0.45120884642971798018 0.45135420760820899044 0.63373667499289698668
911 407 0.45120320672062602663 0.45135943234548198122 0.63373992197816098049
895 391 0.45119751849431699586 0.45136594379575700753 0.63374023789477196278
904 400 0.45120040070504202623 0.45136292864279098369 0.63373560304912002206
896 392 0.4512101839163629724 0.45136950932751501719 0.6337398821771440538
880 376 0.45121420889135999133 0.45137303148899599048 0.63373817737129101157
888 384 0.45121879294753497458 0.45137705741723899155 0.63374183628711200367
883 379 0.45122593420969397959 0.45138451359775100258 0.63374258631950997067
880 376 0.45123594920154802557 0.45138820745849600469 0.63374602587791295516
897 393 0.4512424916868240099 0.45138430548682800802 0.63374492510512103749
915 411 0.4512399967923589883 0.45137810399200800626 0.63375308488745796254
913 409 0.45123909067768097625 0.45138628359370597254 0.63375306935802500075
899 395 0.45124114264700099231 0.45139326995311601642 0.63374674995977298142
931 427 0.45124594161372999501 0.45138631782436500206 0.63374415799767203072
916 412 0.45123416122068898959 0.45138354768934502159 0.63374707779817596176
936 432 0.45123701429389601048 0.45138349619337098106 0.63375334429151197746
921 417 0.45122811149159397504 0.45138514842362398305 0.63375383043201094502
913 409 0.45123027207850102682 0.45138750906087599102 0.63375689641041399458
895 391 0.45122088928916698203 0.4513910391482700013 0.63376387648345899883
884 380 0.45121972080949501738 0.45139953849821501386 0.63377148095059598898
862 358 0.45121907834663199655 0.45141145903923302063 0.63377446048314101112
879 375 0.45122819593919899495 0.451413856401807978 0.63378145797312801513
888 384 0.45123430784898099777 0.45141532586795501958 0.6337836057944250534
877 373 0.45123159513471500226 0.45141918072218700786 0.63378938050169697505
886 382 0.45123983892660002315 0.45141722708108400486 0.63379754251030195888
856 352 0.45123092434646300264 0.45142169799090198223 0.63378956337846603653
864 360 0.45124150737300999792 0.45142956435095199508 0.63380016375794800965
871 367 0.45125136151217698499 0.45144170788797699512 0.6338092344038489534
872 368 0.45125400523296899102 0.45144456214489397938 0.6338198087292730154
872 368 0.45125868971643601224 0.45143996061615299098 0.63382546556174701458
862 358 0.45126218180769100963 0.45144964690248501338 0.63383450760622395137
853 349 0.45126265781911600872 0.45144976422204902144 0.63383782661158805105
839 335 0.45126156850263998699 0.45144772189385001804 0.63384170248088400612
827 323 0.45126928745522598696 0.45144973680871297583 0.63384640915763601487
845 341 0.4512783096196730237 0.45145044759448399452 0.63385145566543199536
836 332 0.45127924814626302341 0.45145657924633197933 0.63385932268225098074
842 338 0.45128056073498501455 0.45145253151559699978 0.63387363810309604872
837 333 0.45128575960238398457 0.45144694402005497436 0.63388102702184900838
844 340 0.45129305876095299199 0.451453139303504003 0.6338919706951200439
858 354 0.45130497165802102577 0.45145948484242698351 0.63389825420530698796
872 368 0.45131357980552100351 0.45145852028999700067 0.63390704787557095035
886 382 0.45132556945702301254 0.45145940428381398091 0.63391420970930700829
893 389 0.4513281031671009802 0.4514546780480960253 0.63391740848041500112
907 403 0.45133239105248001977 0.45144940041126302432 0.6339150973784200005
914 410 0.45133103346273700796 0.45144817333038900209 0.63392149625189397888
910 406 0.4513274758301700218 0.45144762851546099691 0.63392771951420701093
893 389 0.45132301513640799007 0.45144673314113697993 0.63393311010331698796
906 402 0.45132271456794098574 0.45144555006124398311 0.63394220333661199795
892 388 0.45132451706489801202 0.45145226123088100234 0.63394660111983003326
884 380 0.45132660821131298512 0.45145332376617097747 0.63395164223239797163
886 382 0.45132904805017998173 0.45145161444130399442 0.63395794597896704126
868 364 0.45132911405297199137 0.4514562346265860171 0.63397019246000596571
886 382 0.45134213916135901279 0.45145975558563800067 0.63397790760380900998
895 391 0.45135010831316002555 0.45146496450933698563 0.63397971295387400836
913 409 0.45134721475817402014 0.45145102278932197626 0.63397654523261703918
922 418 0.4513480720546579894 0.45144389292889197662 0.63397156205903504311
913 409 0.45133859659829100863 0.45144451272974001066 0.63395905800813900921
921 417 0.45134059813571897335 0.45144504658468498359 0.63396452142948300779
927 423 0.45134520399295502413 0.45144156421099101983 0.63395878065800903567
905 401 0.45134811834320998081 0.45145421053030498904 0.63395163335480697597
905 401 0.45134594985029402592 0.4514563205840579907 0.63395603581339099453
909 405 0.45134591042814697914 0.45145783905088898713 0.63395958137736696525
903 399 0.45133778548529701613 0.45145714239062501028 0.63395681869204500991
885 381 0.45133174313790197507 0.45146637862264399343 0.63395107507152603787
906 402 0.45133422426453900789 0.45146377054865599598 0.63395062839621796336
922 418 0.45133558697833997542 0.45145546618650500559 0.6339531293350939567
924 420 0.45132479641983802576 0.45145064754407998597 0.63395456213856804517
922 418 0.45132114503957099227 0.45145047699307599975 0.63395433030961101384
882 378 0.45132199874833800468 0.45146192236919802099 0.63396298144298601773
869 365 0.45132171741813797983 0.4514667673528299785 0.63397092651106801142
868 364 0.45132104603669098708 0.45146736211559002072 0.63397554876144501801
873 369 0.4513277877706979857 0.45146670775992897573 0.63398580611301502685
905 401 0.45132897597545401647 0.45145565169670898165 0.63399244398261600519
908 404 0.45133077579173802585 0.45145600760038601118 0.63399631553436497367
917 413 0.45132874746344397998 0.45145765126939202405 0.63399007295050902044
897 393 0.45131910803688901623 0.451457874980443985 0.63399938568294800234
894 390 0.45131175103637499735 0.45145527677698998881 0.63400537001090695455
909 405 0.45131567535893402088 0.45145267949331602253 0.63400928571673398348
904 400 0.45131196638777498764 0.45144774286607797231 0.6340149452191720103
888 384 0.45130998495625401778 0.45144862641969502048 0.63402136253748597738
907 403 0.45131482445838899675 0.45145158240108301806 0.63402560553471098981
907 403 0.45132066273472898343 0.45145587313389601292 0.63402929366975802061
916 412 0.45131571554166299842 0.45145642251536000078 0.63403150208359104756
907 403 0.4513129502730059972 0.45145391651652699849 0.63402959625261501309
916 412 0.4513097310155649855 0.45145925031771799718 0.63403685731732195574
928 424 0.45131011132837201005 0.4514533123653450275 0.63403899710113298394
925 421 0.45130381015876597228 0.45144931903271001694 0.63402873167024098588
924 420 0.45129963022278501983 0.45144487029209401374 0.63401813845949195336
923 419 0.45128858153547002363 0.45143629590839901011 0.63401775523037995352
893 389 0.45128152770431800844 0.45144156941910801306 0.63401864138913599511
893 389 0.45128607625027999939 0.45145403757947399903 0.63402228507944202729
878 374 0.45128251228949400886 0.45145784113912201807 0.63402294886274002117
879 375 0.45128821320702300346 0.45146284196703501124 0.63402722488995499894
901 397 0.45129799051308000513 0.45146138316512901545 0.63403060043143000257
891 387 0.4513031429593319932 0.45147083286531297652 0.63403559845045198706
910 406 0.45131269929905298843 0.45147118479024000992 0.63403990172380497725
894 390 0.45130575721732102412 0.45147777157342899867 0.63404042260465998115
869 365 0.45130210373044798988 0.45148182942541398299 0.63404372754943905122
873 369 0.45130851241915398431 0.4514788005251539893 0.63404311080828901215
869 365 0.45130884397793302742 0.45147265683558701621 0.63404083032949898335
859 355 0.45130565184026899539 0.45147313925620802255 0.63403976890581703607
861 357 0.45131525763607099888 0.45147588703465002524 0.63403571144032799811
884 380 0.45132508124656300907 0.45147595271410601026 0.63404046352978904455
888 384 0.45133716388743400083 0.45147465101740802407 0.6340379365382540211
898 394 0.45134286804913398283 0.45147815755957898531 0.63403458920114497133
869 365 0.45134080084557298695 0.45148345121723199025 0.63403368615765598459
860 356 0.45134991545299801841 0.4514922250980120122 0.63403486451897894671
864 360 0.45135841318218899998 0.45148704427571201281 0.63403224414015801891
863 359 0.4513616946129039853 0.45148184523698797754 0.63403440083758799695
877 373 0.45136762855624101842 0.45147588547365302691 0.63403064513062701302
886 382 0.45137412670543697324 0.45147295226967698589 0.634030523662719947
900 396 0.45138646557350198263 0.45147523719793497543 0.63403267252470396631
885 381 0.45138272406511598112 0.45148219725255700485 0.63404053150191796995
908 404 0.45139071277787601311 0.4514725447138610015 0.63405124784368505075
926 422 0.45138901513514301245 0.45147330450508899036 0.63405431223145702901
915 411 0.45138720587650499327 0.4514761536121100205 0.63405188831567105279
900 396 0.45138967416734598892 0.45148080660396200381 0.63405417072251701871
899 395 0.45139468399515197961 0.4514867822862759783 0.63405415305120704783
925 421 0.45139379046786398675 0.45148082802431599436 0.63404964486226700338
930 426 0.45140324545681698165 0.45148538983415298365 0.63404917679663097552
932 428 0.45140158942059699365 0.45148753865738999735 0.63404155230054803916
923 419 0.45140279685071699189 0.45148962405336900972 0.63403568551987898871
907 403 0.45140213623603397952 0.45149515880227697462 0.63404510683308801244
906 402 0.4514024327521030111 0.45149671993241302648 0.63404521375057298904
902 398 0.45139516250426697797 0.45149788898934400949 0.63404113799311301314
904 400 0.45140033723926498155 0.45150565334630299308 0.63403576026259800269
929 425 0.45140392832466502693 0.45149909681588901167 0.63403243422019894826
927 423 0.45139386691807298346 0.45150067644046099069 0.63402613299594601237
913 409 0.45138430350195102303 0.45149746411272800861 0.63402384212759999027
898 394 0.45138449077479497751 0.45150468175463198683 0.63402165940756505247
894 390 0.45138119469382498306 0.45150920875386002518 0.63401515024249299746
891 387 0.45138032412863099418 0.45151306231633397958 0.63400962665859894596
884 380 0.45137596696252801909 0.45151034881667201359 0.63401349898714498554
871 367 0.45137576872477602752 0.45151188448990797752 0.63402083316524104895
878 374 0.45138195473353298626 0.4515209336153819808 0.63402409839142603865
858 354 0.45138536642938598131 0.45153169317891300727 0.63402905623435801274
893 389 0.45140356314360302603 0.4515385064710989993 0.63403274276421395239
874 370 0.45140850738429999511 0.45154982297872398034 0.63403475902255101992
904 400 0.45141315150257499411 0.45154219024947300776 0.63402999094211998088
889 385 0.45140632637308597541 0.45154146590222998814 0.63402719709808397219
874 370 0.45139610948959502101 0.45152977013160600084 0.63402449244570902032
879 375 0.45140077228949399002 0.45152681997447402518 0.63402341676612194998
870 366 0.45140757003641002187 0.45152661874140498366 0.63402205629913499507
898 394 0.45141958118773400921 0.45152498908560201318 0.63402021252933005169
887 383 0.45142106035330997749 0.45153201138736498432 0.63402268634846603579
899 395 0.45142751118085799877 0.45153948465714099925 0.63402290362022395431
892 388 0.45142462582780501501 0.45154913924761902466 0.63402651239885199352
884 380 0.45142495937123000571 0.4515514850705780181 0.63402756982371299976
885 381 0.4514214709596989783 0.45154125101147402077 0.63402638791744903024
915 411 0.4514324308581920131 0.4515399658191759924 0.63402656301462001487
913 409 0.45142622328708198465 0.45153779583013897714 0.63402605985529603139
921 417 0.45142537102173702079 0.4515336823441850056 0.63401560432947401402
935 431 0.45143276146838001717 0.45153682665454297762 0.63400612537827305548
935 431 0.45142994366351602009 0.45153368647101399525 0.6339992437397280467
941 437 0.45143234731307302354 0.45153598787566201489 0.6339880324063049688
925 421 0.45142476175925699833 0.45153666992353397314 0.63398482045140103214
937 433 0.45142375759652597633 0.45152610559983502592 0.63398895889431294837
934 430 0.45142040459959398291 0.45153198962920398918 0.63398851268091604982
942 438 0.45141556722911602151 0.4515296292923730026 0.63399175099981897041
952 448 0.45140934906159102535 0.45152243589713397798 0.63398915232685604249
929 425 0.45140752707754899786 0.45152812496208200033 0.633991045928258945
915 411 0.4514136801373659913 0.45153939812100901685 0.63398719238700096401
918 414 0.45141261390482301241 0.4515384178276289906 0.63399662407311196954
913 409 0.45141268895703101638 0.45153758953200501258 0.63400060932730994967
917 413 0.45141126111087997996 0.45154251703946102214 0.63400217238511002993
926 422 0.45141695945324900041 0.45154188259852801046 0.63399809045248600725
901 397 0.45140284540469999275 0.45153780067550497446 0.63399787039152200041
925 421 0.45141112482868900324 0.45153124100325298107 0.63399524141913699005
934 430 0.4514041845624430227 0.45152218411769301509 0.63399573957586896622
933 429 0.45140976948239097677 0.45152872485593398277 0.63399576636424503917
924 420 0.4514024888070030106 0.45153194750782998934 0.63399239766997295131
925 421 0.45140235220334801181 0.45153202561645400248 0.63398869647845601527
904 400 0.45140025698631397466 0.45153488223062399065 0.63398816860138496043
910 406 0.45139584280554501117 0.45153005220143999088 0.6339816377663980429
917 413 0.45139947074046199438 0.45153290651748700935 0.63397942871755497141
920 416 0.45138654238439601674 0.4515194490543290029 0.63397628561262697744
931 427 0.45138243366667202272 0.45151670978559699243 0.63397307818186299233
914 410 0.45137007246573601638 0.45151775830535800793 0.63397047300692299654
916 412 0.45137200463055598965 0.45152555888678497231 0.6339658542028669963
904 400 0.45136564346052798768 0.45152927216214600037 0.63396091888899197553
893 389 0.45135779976543599634 0.45152571700104099373 0.63396689760461899521
898 394 0.45136089364020698378 0.45152846168836102692 0.63397034686341502407
913 409 0.45136961224799398984 0.4515340848892610004 0.63397229327244397634
910 406 0.45137298019667798643 0.45153672019764001799 0.63397834755233495319
900 396 0.45137492821382702024 0.45154109463549202408 0.63398096648274304687
893 389 0.45137713443165300431 0.45154463000708500164 0.63398499634023797178
878 374 0.45137865152364098353 0.45154678989462698757 0.6339949257428579843
892 388 0.45138100894835597732 0.45154190447691799903 0.63399848875177200469
872 368 0.45138368414477397783 0.45154885252156901077 0.63400864748965801709
861 357 0.45138080844452699303 0.45155927535709899923 0.63401295287390602162
863 359 0.4513836766899649855 0.45156168798948398413 0.63401668266271005159
886 382 0.45138433764860602659 0.4515557294231349883 0.63402316033826700004
899 395 0.45138688595592602049 0.45155020324997502401 0.63402597722076703413
889 385 0.45138839976846600877 0.45154933455500501083 0.63403468032842402735
887 383 0.45138882429897697612 0.45155346371541799089 0.63403487676856196131
895 391 0.45138562767864298664 0.45155002037764602196 0.63403426294375997418
894 390 0.45138772205814198246 0.4515464506879710016 0.63403668746330599237
894 390 0.45138801737290901173 0.45155002050358400423 0.63404353559793102946
902 398 0.45139344866314901061 0.45153721327981899414 0.63405113475752195029
910 406 0.45138746909993598955 0.45153008851820597425 0.63405511111562296023
920 416 0.45139364994424902022 0.45152361011068897767 0.63405470498511296018
908 404 0.4513929764229859809 0.45151529239833199103 0.63405586979384398472
930 426 0.45139939385223998292 0.45151218138709298122 0.63405481547153896837
911 407 0.45139893169563999331 0.4515141254188150266 0.6340645526964979739
917 413 0.45139822060297601913 0.4515136065934249876 0.6340670016481539939
899 395 0.45139605454742198765 0.45152696176658502214 0.63406851947176101625
896 392 0.45138796340284498276 0.4515238287999819855 0.634071315418471948
883 379 0.45138331850568802484 0.45152838138177897598 0.6340768116478230354
901 397 0.45138584186433400314 0.45153810942207200929 0.63408161884833502686
907 403 0.45138515206026502691 0.45153371384574197966 0.63407672969673500862
899 395 0.45138456828989698133 0.45153451862767002289 0.63407515686662996313
905 401 0.45138550289869699972 0.45152725965837597899 0.63406869389576503426
880 376 0.45138806092707101092 0.45154008476552098816 0.63406659714738700107
884 380 0.45139508377890097401 0.45154563459943197756 0.63405969355094005113
895 391 0.45140280793310899599 0.45154365743128599409 0.63406113826395604782
892 388 0.45140004700447100561 0.45154285729401499871 0.63406369613212498759
920 416 0.45140170460382700313 0.45152863482207200585 0.63406086727871002751
913 409 0.45139253809744200874 0.45152407600212801642 0.63405158685204898728
901 397 0.45139114058543200469 0.45151924169682200461 0.63405161912206398078
910 406 0.45139081400450298265 0.45150874841625798783 0.63405163454656099375
899 395 0.45138881998066299195 0.45150235960203799479 0.634054370482966978
918 414 0.45139459806933501795 0.45149943104798201388 0.63404905925297605496
930 426 0.45139640643455197777 0.45150075120261901063 0.6340422251970929679
920 416 0.45139697457137301084 0.4515019448452319839 0.63404025760560200897
915 411 0.45139268087237000016 0.45150452326243201151 0.63403879166498300357
891 387 0.45138845283632500482 0.45150838402705101293 0.63403621180303004756
933 429 0.45139254643168402747 0.45151006256373499292 0.63403864094814099683
940 436 0.45139241275751701421 0.45151304329394198467 0.63403444311695100755
939 435 0.45138305349855800674 0.45150849528656300524 0.63403043081661103475
941 437 0.45138193983437802093 0.45150902319881297542 0.63402341524772198866
926 422 0.45137784563661198511 0.45150885004273200174 0.634017955133760025
920 416 0.45137275331743897944 0.45151992999753398639 0.63401150759064495155
907 403 0.45136704373255798206 0.45152397402811300653 0.63401234325279598458
916 412 0.45136387098277397367 0.45152377447566199864 0.63400934553804100258
903 399 0.45136216557932501425 0.45152257589729799525 0.63400861044325496074
898 394 0.45136329264738400679 0.4515257868677109987 0.63401118514893395339
909 405 0.45137018745459300817 0.45152480054276900034 0.63401213257357302844
925 421 0.45137054792864300667 0.45151606183719900089 0.6340035421660560333
919 415 0.45136469307978299703 0.45151235097602998581 0.6339968952755620224
924 420 0.4513667760172420107 0.45151021738942798134 0.63399851287947994738
911 407 0.45135741683987301576 0.45150910637459301666 0.63399371012115202095
909 405 0.45135605822873198223 0.45151201848978800291 0.63399237484780401886
916 412 0.45135863135713399918 0.45151114142702397647 0.63399396009049202583
940 436 0.4513625215310619887 0.45150364682309401809 0.63398632263114196306
935 431 0.45135146709506102081 0.45150419401590097257 0.63397506425748395564
931 427 0.45134587844048401628 0.45150240344959202687 0.63397133128636395938
908 404 0.45134033248119498349 0.45150663292925402592 0.63396283362758798496
908 404 0.45134271390243402289 0.45150720363615898245 0.63396334573131196688
875 371 0.45134239125037400875 0.45150807385927199666 0.63395894909180394716
912 408 0.45135189046072998753 0.4515077494424060145 0.63395266609692102477
913 409 0.45134775076454297649 0.45150500350139599615 0.63395097156907098679
908 404 0.45134652414974302248 0.45150525685475900728 0.63394444819385598056
929 425 0.45135537749065901547 0.45150501892481398336 0.63394362260907799467
923 419 0.45135370190766199716 0.45151232194002599574 0.63394193040026503017
926 422 0.45135637524619998118 0.45151567225026900676 0.63394877103847102617
905 401 0.45134016767521101254 0.45151235478099299714 0.63394613858967696629
932 428 0.45133765156920102601 0.45151105275079600476 0.63393849317940698107
930 426 0.45133152938486198469 0.45151274650295297741 0.63393116160090301481
915 411 0.45131978437499697954 0.45150251246663197779 0.63392946404121197634
900 396 0.45131813381166102639 0.45150327416517599399 0.63392819271779199397
910 406 0.45131606528090500996 0.45150112739096998071 0.63391893495635898148
918 414 0.45131482301465797313 0.45149666968277102352 0.63390874984119505164
890 386 0.45129936243780999217 0.45150135518431999682 0.63391198667527504096
895 391 0.45129878019516900256 0.45149923179502698956 0.63391450070626198521
896 392 0.4513107089382660253 0.45149891181214202307 0.63391629539541805016
904 400 0.45130318202499697389 0.45149469040826401001 0.63391371929647000183
895 391 0.45130606714636500865 0.4514948592137250083 0.63390883930248498324
921 417 0.45131736208574502189 0.45149320410772297851 0.63391216143198303445
916 412 0.45131012777399298619 0.45148714256688099455 0.63390507296603504361
893 389 0.4513044168619519958 0.45149057435240702585 0.63389847645063002179
880 376 0.45130518696246402222 0.45149154988646400533 0.63389873899637194654
892 388 0.45130369305332102003 0.45148599877721101725 0.63389384210414001508
908 404 0.45131150862975000226 0.4514809174333049846 0.63389957191672896553
908 404 0.45131625191434798783 0.45147941576797501195 0.63390218058090896935
882 378 0.45131458264601997943 0.45148411677091598859 0.63389731775008195669
897 393 0.45132368046526499805 0.45147950346390697263 0.63389852630909204745
904 400 0.45132529346620398059 0.45147916534071802497 0.63390310120709203456
896 392 0.45132451676372398186 0.45148035215436499445 0.63390337161069898464
892 388 0.45131983253919399912 0.45148092431996600382 0.63390471307961804293
902 398 0.45131793822669302729 0.45147777259772098324 0.63390898925138905451
908 404 0.45131549388544600632 0.45147758158824702335 0.63390907741443902612
880 376 0.45130563246331500959 0.45147982438976902442 0.63391606902383001998
897 393 0.45131290777697702366 0.45147889479183700434 0.63391872671350302237
903 399 0.45132452542119200212 0.45148420002827299724 0.63392037184762095592
893 389 0.45132739887390299627 0.45148916627492502451 0.63392373262354195784
885 381 0.45133101272379000379 0.45149592734365101565 0.63392657191068002565
875 371 0.45133787394059099451 0.45150399600729901328 0.63393301990474304475
892 388 0.45134547395772500744 0.45150724400396097247 0.633933407803760951
915 411 0.45134771127479600406 0.45149292086065900831 0.63393401766035695211
910 406 0.45134343078242800118 0.45149720511644497734 0.63394194520640201329
895 391 0.45133683125712698025 0.45150393754355699905 0.63394481126993396103
909 405 0.45133551042260300346 0.45150553762440298611 0.6339435908890059812
920 416 0.45133288274184402145 0.45151251838600298116 0.63394003491325801036
918 414 0.45133036013020499944 0.45151481449953101421 0.63394159796311799759
914 410 0.45132834150210299207 0.4515147887887570044 0.63393690217665499276
922 418 0.45133283375041000074 0.45151461444810397916 0.63394152949000603936
936 432 0.45133060723214701859 0.45151176119381297713 0.6339378477949669799
941 437 0.451319636793443002 0.45150485928792399859 0.63392776035379605482
944 440 0.4513174941488189984 0.45150249380604401406 0.63391812254089097145
926 422 0.45131383248883799597 0.45149817066685299372 0.63391890002553397121
930 426 0.4513167867046080084 0.45149700911807100212 0.63391674660286301268
928 424 0.45130803802751201514 0.45149572119042802321 0.63391701379207698874
914 410 0.45131357928627802156 0.45150006173064100023 0.63391488465542500386
905 401 0.4513139221920229871 0.45150831734755897395 0.63391122900852803213
935 431 0.45132051740350098701 0.45150384606061899628 0.63391288425595904155
941 437 0.45132272923515898144 0.45149916653088800755 0.63390573668424399223
932 428 0.45131722421607500806 0.45150156482335701558 0.63390402444232196721
912 408 0.45131268449051298308 0.45150680460790998394 0.63390550533248601894
893 389 0.4513123924265560194 0.45150473952950498369 0.63390560809677198861
899 395 0.45131481769956799388 0.45149968549900498793 0.63390427812331695545
899 395 0.45131272025013402516 0.45149372766783602007 0.63390921683127798847
877 373 0.45130791316433299665 0.45150088056848802776 0.63391014560582403803
864 360 0.45131600551444500669 0.45149564232897898552 0.63391970052942103742
861 357 0.45132048676226599326 0.45149911126556802055 0.63391962632275000722
881 377 0.45132911095565497739 0.45150585836113799054 0.63391957539248600106
891 387 0.45133071280434899908 0.45150621140250901675 0.63391997831419399922
907 403 0.45133590954787000671 0.45151390135318097974 0.63392205636292797699
870 366 0.45133164504192402333 0.45151841754041899257 0.63392378479518496359
860 356 0.45133412700294700537 0.45152679787758398522 0.63392316915647495268
878 374 0.45134861624037098116 0.45153248506114401772 0.6339294319283820256
873 369 0.45134626896719798328 0.45153747756214701603 0.63392656003583802704
881 377 0.45135145333413301261 0.45153713258272298869 0.63392935899689495383
892 388 0.45136246756503600741 0.4515306770212880183 0.63392584589228895275
883 379 0.45136338862822700246 0.45153948859667797366 0.6339278828959700185
892 388 0.45137246945631098738 0.45153622603532800328 0.63393143259788997668
897 393 0.45136368157913098198 0.45153560762760197589 0.63392813578884199543
896 392 0.45135613360831400298 0.45153102389226801305 0.63393203277226295445
877 373 0.45134967554721999727 0.45153865470635901058 0.63393290900402998744
859 355 0.45135105804311798083 0.45154466838140600027 0.63393755868401902021
847 343 0.45135350954733699513 0.45155254660536997546 0.63393624532370995706
874 370 0.45136650360842001106 0.45154943113476397887 0.63394526035777198913
876 372 0.45136488788774398184 0.45154765852011802263 0.63395393288821300093
903 399 0.45137173788071399683 0.45154368436589997771 0.63395834687093599591
897 393 0.45137083431783497911 0.45154254309654301425 0.63395920069836397825
887 383 0.4513693627599220104 0.4515484229840530106 0.63396050901150002854
906 402 0.45137308943308201981 0.45154828603124902431 0.63395948604450402808
909 405 0.45138118642531499525 0.45155324170437100006 0.63396169563641102673
906 402 0.45137683021443997244 0.45155314682378400182 0.63395761506826098231
909 405 0.45137408854162702765 0.45155340814600797295 0.63396066814853802018
923 419 0.45137450546769597448 0.45154998240324101255 0.63395946333177399801
916 412 0.45137389524420801212 0.45155095628208602454 0.6339548634352569767
904 400 0.45136899334766200642 0.45154091661125500545 0.63395331227315798728
898 394 0.45136539461489499914 0.45153883545207701422 0.63394543058229602117
860 356 0.45136607770844400234 0.4515386616848999779 0.63394100026315103324
877 373 0.45138138091393897877 0.45154790195175198431 0.63394553514862295174
877 373 0.4513819401597030101 0.45154960694655399411 0.63395100935263704045
871 367 0.45138398416867597795 0.4515572740777399896 0.63395335010996300973
898 394 0.45139162878294797343 0.4515535381370179846 0.63396453662544605123
908 404 0.45139889311484199252 0.45155371480706801846 0.63396676431680398789
903 399 0.45139790211029101608 0.4515492079417440241 0.63396736268931896952
893 389 0.45139421772444598968 0.45154992912561997542 0.63396301474750504923
885 381 0.45139557017315901088 0.45155205161358097365 0.63396429069991300231
889 385 0.45139788412573300658 0.45155613724171500545 0.63396513241139196282
885 381 0.45140647663351002317 0.4515599917595620183 0.6339693560256040028
877 373 0.45140544472285099031 0.45156060648230200716 0.6339684764817999918
878 374 0.45140802558052700588 0.45157011948291797543 0.63397087446816402512
874 370 0.45141085299372302186 0.45157142135611999523 0.6339671859498540174
876 372 0.45141284816655602441 0.45157531240138398809 0.63396733291720697157
888 384 0.45141938800887898564 0.45157669612289197403 0.63397392116539996731
873 369 0.45140994885228602485 0.45157371667892998168 0.63397833573444595245
868 364 0.45140843704512600976 0.45157541355709102104 0.63398135372720598735
880 376 0.45141962504002802747 0.45157268593611199492 0.63397664769180894773
892 388 0.45142589016312101302 0.45156415860909698834 0.63397810106855201351
911 407 0.45142965335206597377 0.4515608699501719725 0.63397918427825195042
910 406 0.45143537207482098417 0.4515631315006309876 0.63397798135819405374
917 413 0.45144025478171601051 0.45155792566203301064 0.63397986903801895053
931 427 0.45144011977178999384 0.45155776782943501946 0.63398131253006795305
923 419 0.45143533547745101631 0.45155579627965497513 0.63398125219061995939
932 428 0.45143357442509701727 0.4515540333131159989 0.63398345300644398659
932 428 0.45143414538385301382 0.45155954493940098082 0.63397556305965796497
934 430 0.45143317446436598273 0.45155551076385802567 0.63396587957339300967
923 419 0.4514283317250329941 0.45155833275709000851 0.63396553906215402652
919 415 0.45142374128078499584 0.45155280064655800576 0.63396423634696297267
911 407 0.45142189496935097859 0.45154239636722798279 0.63396149562142201095
918 414 0.45142361001332598214 0.45154219862133299079 0.63395556897978999622
912 408 0.45142128895664801469 0.45154227249958800439 0.63396165172398999399
898 394 0.45141668031579101905 0.45154172227800898343 0.63395848670195198427
893 389 0.45141171942115898563 0.45153705033690499926 0.63396315876031494874
882 378 0.45141784444295002254 0.45154676156848400082 0.63396052146118797577
889 385 0.45141852017017902732 0.45154494064888101024 0.63396440565090994568
911 407 0.45142817739878499106 0.4515412691724550176 0.63396117897062098656
920 416 0.45142540129250602332 0.4515300479843969983 0.63395408522588303502
916 412 0.45142100251611499973 0.45152413331954499576 0.63395361473778200079
916 412 0.45141592441503297639 0.45151874204628100751 0.63395265295159097807
897 393 0.45141053111524698238 0.45151277061842298721 0.63394984721913605341
912 408 0.45141083594093200926 0.45151008387356600382 0.63395016887926403104
945 441 0.45140993780793198242 0.45150012274668999135 0.6339525639119989453
932 428 0.45140502634676998861 0.45150327791091698915 0.63394785299168299186
929 425 0.45140767429123801469 0.4515046461801530131 0.63394432819254697975
933 429 0.45141098712118998826 0.45150507918711701993 0.63393971235285295762
933 429 0.45141083176473700833 0.45150316460761502624 0.63393671595805300978
940 436 0.4514034792025879983 0.45149913179157902254 0.63393607390559303383
913 409 0.45139554418926197688 0.45150884682848502205 0.63394081010897795903
916 412 0.45139358705549198492 0.45150116142307600287 0.63393572675663600879
938 434 0.45139903822321997273 0.45149970494308200308 0.63393435567369604833
938 434 0.45139842943857000357 0.45149094558960500834 0.63392703800525695979
916 412 0.45138894691717101892 0.4514944312242230029 0.63391903355263001796
928 424 0.45138127511979098117 0.45148917968859098027 0.63391891157597002326
944 440 0.45137946921072302775 0.45148287154076899297 0.63391386726747400715
951 447 0.45136952199204599667 0.45147884706612800843 0.63391506336526803889
945 441 0.45136193768574600638 0.45147509513239997281 0.63391409560302502957
922 418 0.45135499301216397416 0.45147362541197799679 0.6339169783140109482
921 417 0.45135598858004799538 0.45148133818493102476 0.63392400492409395341
900 396 0.4513576832225810187 0.45148403513590401603 0.63392165107117703915
901 397 0.45135136696566802161 0.45147531041046901068 0.63392449098662495555
908 404 0.45135324910691498879 0.45147064869363701112 0.63392784894162601539
907 403 0.45135291580858499794 0.45146398045427998946 0.63393346749058598899
902 398 0.45136032226015299074 0.45146473043138801717 0.6339371352629850076
906 402 0.45136952641700101019 0.45146121333615102378 0.63393809381196997155
890 386 0.45136077199759599976 0.4514612592645810274 0.63394331549340299237
901 397 0.45136571578434397933 0.451461448553601985 0.63394531265019304911
897 393 0.4513639736032419858 0.45145820164193201096 0.63394886719037901734
926 422 0.45137394219020898767 0.45145332050019199022 0.63394691946938297455
938 434 0.45136455653005602695 0.45145127484921998562 0.6339457770372789458
940 436 0.4513612716778639955 0.45145537653485101615 0.63393926995801397339
925 421 0.4513577161529280235 0.45146084364364902353 0.6339366749387800315
924 420 0.4513515764651729878 0.45144982366114000394 0.63392985931454504112
911 407 0.45135136866487002294 0.45145359367307602572 0.63393622595713694512
906 402 0.4513480432185659752 0.4514514283513609838 0.63393823608747101872
912 408 0.45134721814825101704 0.45144847653567299339 0.63393999665495703866
918 414 0.45135353876820100139 0.45145354518889702078 0.63393798408370904962
943 439 0.45135166452494301925 0.45144604667762799899 0.63393253208829203338
947 443 0.45134910586582799308 0.45144408911273198326 0.6339347530773999928
917 413 0.45133696547431600976 0.4514494048588379993 0.63393166459703298443
921 417 0.45133724125854901565 0.45145085783421501358 0.63393030643418002423
904 400 0.45133251783656397338 0.45145555225411398981 0.63392932590722894659
895 391 0.4513333661695870247 0.45145405133724597624 0.63393025731205199236
898 394 0.45133805167980700634 0.45145535674822301342 0.63393164266529500317
901 397 0.45133683889417397506 0.45145538175382299295 0.63392443519614405378
917 413 0.45133927600936302182 0.45145102997759600783 0.63392706914521801398
910 406 0.45133595898985900963 0.45145159298681897253 0.63393062175074998965
900 396 0.45133703238033001659 0.45145644731224299218 0.63393415892870397244
893 389 0.45134264108422800232 0.45146016680282202715 0.63393730390865499214
889 385 0.45134206746345700845 0.45146646169086201983 0.63394079895433597116
899 395 0.45134847647524201086 0.45146473129567099569 0.63394091107235495119
894 390 0.45135368545819698483 0.45145927120155998624 0.63393968213164997305
887 383 0.451352426742065993 0.45145439007883397808 0.63393210894245100029
897 393 0.45136076945594699739 0.45145056227352498013 0.63393216544332797735
914 410 0.45137149942317300599 0.45144869289828598591 0.63392534302300096449
903 399 0.45136287119930301737 0.45144476507006997545 0.63391884770750894784
904 400 0.45135870866002397728 0.45144052504642001589 0.63391502324610604635
895 391 0.45135827460041100245 0.45144121279749199749 0.63391129112054500627
876 372 0.45136008259176502166 0.45144476448838199989 0.63391554057916199572
876 372 0.45135880694947499991 0.45144866191390398136 0.63391857473856194627
878 374 0.45136427771327797265 0.45144910005313998447 0.63391444785059103406
910 406 0.45137065497910300316 0.45144887484158702229 0.63391588032108903139
938 434 0.45137877932806502734 0.45144863120100897635 0.63391981584382195436
919 415 0.45137971948448402104 0.45145592351595398295 0.63392044378053302722
936 432 0.45137436891194598898 0.45144547168867699138 0.63391473337896797613
932 428 0.45137927979519598676 0.45144831905917398585 0.6339129647353449748
911 407 0.45137662152247198799 0.45144752483300898405 0.63391546637571705158
893 389 0.45137414993698299348 0.45145133656326802418 0.63391881536768102112
883 379 0.45137355059024297788 0.45145134360262501039 0.63391664287005300427
895 391 0.45137169973537299983 0.4514498869205160192 0.63391622942535497121
910 406 0.4513730337805659798 0.45144769127787398588 0.63391053928927798555
919 415 0.45137165205690399361 0.45143394596053798562 0.63391438470035699204
918 414 0.45136965631548797706 0.45142912481287700288 0.63391503532742898841
924 420 0.45136546417350498217 0.45142282365697899982 0.63390927143777697772
915 411 0.45134795232653601715 0.45141878460469997414 0.63391101710679897963
914 410 0.45134358446977501655 0.45141503816731098908 0.6339140098704819648
898 394 0.45134337930426599028 0.45141638667445299626 0.63391444980119604491
904 400 0.45133878303988600456 0.45141255418364500951 0.63391150843501498091
924 420 0.45134014323666399315 0.45140605705673098047 0.63390788870766900942
918 414 0.45133458656150898802 0.45140200595648799498 0.6339093690266019987
932 428 0.45133703304276701074 0.45140357709146100573 0.63389920437883096049
920 416 0.45133418479382697575 0.45140547889573900964 0.63389462006898000812
922 418 0.45132736050211702539 0.45139621734131801789 0.6338905255068749689
931 427 0.45132490840483402428 0.45139233389527100293 0.63388699692301797572
941 437 0.4513232949600030075 0.45139496980339999244 0.63388261294141801105
938 434 0.451317763166385999 0.45139018260006602556 0.63387364170662996443
913 409 0.45130821939969001377 0.45139651308755301962 0.63386887238057698646
915 411 0.45130989210009397894 0.45140235151113600187 0.6338663476522320428
913 409 0.45130791109490697721 0.45139789633937499325 0.63386402871415303828
893 389 0.45130594728689699124 0.45139887444444898312 0.6338616967343260189
899 395 0.45130828763063901565 0.45139452279471797835 0.63386542222507002986
892 388 0.45130863865244502664 0.45139127971280601503 0.63387039412663603866
887 383 0.45131148893472000649 0.45139242162379999979 0.6338624862725229514
879 375 0.45130721815875801672 0.45139235490638801584 0.63386677349416897798
882 378 0.45130950107539502536 0.45139329342398798461 0.63386927636561896104
897 393 0.45131036845064698149 0.45138577225963799622 0.63386946703525604008
898 394 0.45130507856446000492 0.45138813959688600663 0.63387021597441295384
884 380 0.45130576110025300007 0.45139167842208199888 0.63386667580295297242
877 373 0.45129793139974999638 0.45138111205902498035 0.63386898839170102704
905 401 0.45130037667978201155 0.45136979131945198507 0.6338689692592720526
916 412 0.45130807090016700212 0.45136162830864301476 0.63386540845782801679
895 391 0.45130441726114101098 0.45136355305693498519 0.63386565323910304404
877 373 0.4513007195062300192 0.4513555172723590081 0.63386585297797004568
902 398 0.45131215578966499269 0.45135882864555099125 0.63386102658497900375
895 391 0.4513107736431110073 0.45135786974943697958 0.63386253077387799681
901 397 0.45131078195954399401 0.45135320977337101134 0.63386058041728399193
917 413 0.45130924398666499853 0.45135039060961501534 0.63386021963519800781
913 409 0.45131037294665699022 0.45134918704103099696 0.63386202628093002431
905 401 0.45131887379942198235 0.45135560732775997783 0.63386347578298596339
902 398 0.45132284073539902236 0.45135775478496298341 0.63386405966677195067
904 400 0.45132076379113100772 0.45136040658609999365 0.63386153465729300205
881 377 0.45132621295306901699 0.45137041375133701848 0.63385953638821301848
876 372 0.45132515501182002282 0.45137079912030597661 0.63385921969028102829
895 391 0.4513287098999509972 0.45136518015235299606 0.63385398701932105237
897 393 0.45132612398125498965 0.45135875033669697887 0.63385402379456601274
895 391 0.45133018681773801051 0.45136007785041698526 0.6338564306742440202
881 377 0.45133269856415098031 0.45136658898046000399 0.63386047182449101189
881 377 0.45134744402504800576 0.45137163101070099103 0.63385659683264194975
864 360 0.45134980709789501718 0.45137418111627297668 0.63386527261433400771
860 356 0.45135223096752602467 0.45137114060406602345 0.63386345924923503947
867 363 0.45136244301405498147 0.45137750050863600926 0.63386971813936698883
880 376 0.45136611055207198628 0.45137409159233599087 0.63387013939238900928
885 381 0.45137285172111701881 0.45137396668070700612 0.63387191776992601877
891 387 0.45138038466198099341 0.45136887016209897849 0.63387908910023904596
897 393 0.45137378198416699959 0.45136674511509800034 0.63388219120249000849
883 379 0.45137518293863299057 0.45137528094969497916 0.63389086186335796835
879 375 0.4513747290246339916 0.45137222157629802721 0.63389390753695096237
867 363 0.45138048629899701902 0.45138071445503197276 0.63389481800431402014
862 358 0.45138217046456602377 0.45138014139499099686 0.63389716003061102878
863 359 0.4513871317631930058 0.45138219450376398933 0.63390016362872603217
866 362 0.45139174542260102063 0.45138377792869999183 0.63390228153637695474
866 362 0.45139357162428200843 0.45138845500627500229 0.63390797670273102415
877 373 0.45139407883049198489 0.451392845807042975 0.63390925863741798274
863 359 0.45139010625188302761 0.45140112150258998591 0.63391799841879403754
859 355 0.45140301345548000667 0.45140772972368298221 0.63392618062441397075
864 360 0.45141713803711097652 0.45141699894139697413 0.63393138418874195317
886 382 0.45142481494899000527 0.45141678448476801888 0.63393254076585303647
897 393 0.45142411335153798113 0.45141597914227798993 0.63393322127447004899
886 382 0.4514301376419970202 0.45142154325625000189 0.63393489220019094699
880 376 0.45143057298489297491 0.45141694152885597502 0.63393739838428897482
869 365 0.45143701926894497234 0.45142150600896802093 0.63393201497314299875
878 374 0.45144086519902298926 0.45141001439096101189 0.63393253202119304035
862 358 0.45144432487001201482 0.45141701935151401504 0.6339312123593620063
845 341 0.45145257580174602552 0.45143285823317097494 0.63394382955973505034
861 357 0.45146314056633901624 0.45143477570816098465 0.63394907641666498055
871 367 0.45146905172493900782 0.45144320925277797718 0.63395160574283204724
889 385 0.45147051604908899902 0.4514384616447260079 0.63395276566147396036
888 384 0.45147634190849600389 0.45144321927386299453 0.63395780312342897567
898 394 0.45147894075904099198 0.45144009869179402283 0.63395741075926703711
896 392 0.45148322156488102097 0.45144081609506997443 0.63395874610336000465
896 392 0.45148525063792299683 0.45144029633311200111 0.63395568262305501683
879 375 0.45147993477681602759 0.45144312372497502617 0.63395647301223201353
888 384 0.45148488457016999753 0.45144724791388801677 0.63395445525229099371
890 386 0.45148401324123599299 0.45144767981898997755 0.63395288186108100792
911 407 0.45148731911698497532 0.45144176231015797907 0.63395842496632504037
909 405 0.45148484612320499698 0.45144594584370600909 0.63396169002447100294
930 426 0.45148681202792101397 0.45144067716670399637 0.63395625460225102366
926 422 0.45148674958084100695 0.45143717697194901683 0.63395258305612800509
929 425 0.45149345607919300072 0.45144342770138701226 0.63394476647624398158
930 426 0.45148995018398202506 0.45144213640873598337 0.63394171785384800799
946 442 0.45148691169802801504 0.45143727716756898438 0.63394127546587097921
929 425 0.45147648065547801854 0.45143639280512698475 0.63394417275999703776
930 426 0.45147929625506999507 0.45143660330024898419 0.63394155461427503795
925 421 0.45147107834278998872 0.4514388986149480143 0.63394275793521903672
907 403 0.45146247638861397578 0.45143394582131401993 0.63394190095066604851
904 400 0.45146142764612301468 0.45143705147041601755 0.63394473472093904043
933 429 0.4514642650567229909 0.451424809082642986 0.63394197243735195268
906 402 0.45146025989279597868 0.45142500337278401723 0.6339438332540690002
915 411 0.45145678560156499159 0.451421834401703026 0.63394736850340804857
904 400 0.45146261461576797647 0.45142777559572599966 0.63393964182288597975
886 382 0.45145780500086102327 0.4514336933297219967 0.63394069854977097567
886 382 0.45146065908439997338 0.45143485366709501516 0.63393493496329800241
900 396 0.45145702565552697783 0.45143773013185201082 0.63393327123780096599
881 377 0.45145711071882599352 0.45144265462717697579 0.63393103993028798726
867 363 0.45145365848740098835 0.45144373408159499395 0.63393377910992998459
871 367 0.45145099493545498559 0.45143573431914202354 0.63392695705126000938
884 380 0.45145984989956300382 0.45143531779748202748 0.63392619639687897148
904 400 0.45146942873021600473 0.45143237373892597386 0.63392499407128999334
888 384 0.45146439925256798276 0.45143143166944199596 0.63392528270474801655
878 374 0.45147096572205297482 0.45144200776157999977 0.63392287298154503805
867 363 0.45146688851343602655 0.45144086398578897601 0.63392948281575500769
881 377 0.45147078796453499194 0.45143487236680102104 0.63393515141439205074
904 400 0.45147850160453301127 0.45143413090023898349 0.63393007781875498896
911 407 0.45148245870316799921 0.45143823645740899231 0.6339306923347219902
908 404 0.45147676949255599599 0.45143979786660498599 0.63392170397993996556
919 415 0.45147576133594702341 0.45143191130907600606 0.6339222358352929465
915 411 0.45147574303062698586 0.45143440276622398555 0.63392596272277301761
911 407 0.45146568072949100348 0.45143362258284702726 0.63393100100505495043
899 395 0.45146033796212797773 0.45143748205582101551 0.63393271497975600681
886 382 0.45146235823794900188 0.45144142583462598672 0.6339347523334479817
874 370 0.45146915349505500892 0.45144302796987401116 0.63393525099543401868
872 368 0.45146961871435198344 0.45143769189046401014 0.63394079542067405253
882 378 0.45147457873836699394 0.45143020019211599347 0.63394389095451098015
896 392 0.45147794514495098728 0.45142821072392297355 0.63394797857627505078
893 389 0.45147860913771198366 0.45142596118547900774 0.63394388872327800399
910 406 0.45147853239628299438 0.45143388759422697909 0.63394289901927602937
913 409 0.45148495809819200186 0.45143562878151100026 0.6339439899177999882
908 404 0.45148145327110200675 0.45143045950563398527 0.63394600900975095481
910 406 0.45147710404432300768 0.45142430339813699458 0.63394281146748299172
908 404 0.45147706449474800383 0.45142552075500097519 0.63394248587663704075
904 400 0.45147177205445798709 0.45142470428016800987 0.63394177865280698647
909 405 0.45146929816323599916 0.45142193333467500738 0.63394494754295804828
914 410 0.45146525630728201461 0.45141590363102002126 0.63394358545647400138
924 420 0.45146574237660397344 0.45140649560759799064 0.63394048836535099589
918 414 0.4514694464276770014 0.451402688394823004 0.63393559576857605453
916 412 0.4514682426354340028 0.45140471358935602142 0.63393559748203898163
925 421 0.45148045234301198425 0.45141245122568102177 0.6339400346461739888
925 421 0.45147822140910398581 0.45141332674769202304 0.63393774725720997143
924 420 0.45147577029335200782 0.45141629343798600482 0.63394044860398202079
904 400 0.45146698588477401914 0.45141604241241400919 0.63393791968620605282
918 414 0.45146363300455999434 0.45140762764924702299 0.63393837738223701717
908 404 0.45145991835567500505 0.4514115589656019778 0.63393255829079098174
908 404 0.4514545781823229853 0.45140903697915002457 0.63393109447314699434
913 409 0.45145068469150601009 0.45140315833648897437 0.63392746725359394588
909 405 0.45145304020116200361 0.45140548339081998375 0.63392452247213304517
897 393 0.45144884904486998201 0.45141214610677998786 0.63392231540312704574
896 392 0.45145016168208701446 0.45142139734019998132 0.63392477946074499151
896 392 0.45145042852198197236 0.45141829597735799728 0.63392485785210894722
900 396 0.4514504747797519757 0.45141529519839801443 0.63392476947231002349
900 396 0.45145015855685799444 0.45141048854955601044 0.63392115207557198087
901 397 0.45145554368095902609 0.45141694609751598088 0.63392017515615495249
905 401 0.45145193892437002203 0.45142265470089498747 0.63392151543001595826
915 411 0.45145232602219298457 0.45141935287161699675 0.63392556336389505045
905 401 0.45144821883200397794 0.45141866118565698862 0.63392246459080903165
914 410 0.45145319941313100109 0.45142422836387502416 0.63392585861412198422
921 417 0.45145216197356802246 0.45142136844113001093 0.63391976517831305493
934 430 0.45145515526578999799 0.45142526713043901188 0.63391898933127599491
916 412 0.45145397606503701038 0.45142377570181602131 0.63391310970140801739
925 421 0.45144979352536501738 0.45142045542809400294 0.63390936310990397828
904 400 0.45144324511317202031 0.45142331193759099861 0.63391232659936302962
905 401 0.45143966546793301564 0.45142247828846998603 0.63390921109232400976
895 391 0.45143358180566300897 0.45142036329313101062 0.63390725596619101889
923 419 0.45143263015458401366 0.45141155408206301569 0.63390975516935199607
927 423 0.45142434658316898943 0.45140246704981801251 0.63391210399902597761
918 414 0.45141392706180200056 0.45140380184661499374 0.63390744335082804817
918 414 0.45140961363358700353 0.45140229045714097555 0.63390594434850700001
911 407 0.4514075636766969879 0.45140654799717699897 0.63390249186874503273
922 418 0.4514131787492440262 0.45140898095363202192 0.63389947286157299899
935 431 0.45140346970508199442 0.45140548689444098818 0.6338998124491449504
942 438 0.45140280405739902081 0.4514097206619290259 0.63389932105653901129
922 418 0.45139949488063002558 0.45141125542171900431 0.63389637019576494659
913 409 0.45139004706310997816 0.45140570321113399066 0.63389628113252305397
921 417 0.45138766201656799204 0.45140367200071201959 0.63390000493061904319
899 395 0.45137861916167698606 0.45140938490124499216 0.63390067944465100513
905 401 0.45138261441817401076 0.45140965723849502123 0.63390119297938796183
909 405 0.45138852745427299196 0.45141252990597302563 0.63389575596295799631
893 389 0.45138210878425799599 0.45141798029986701657 0.63389646654807896287
904 400 0.45137856983997098892 0.45141544955021600805 0.63389268108853602524
901 397 0.4513733502360799954 0.45141236005579099544 0.63389398432322197063
914 410 0.45137768288683000062 0.45141478774902799032 0.63389614714404396434
899 395 0.45138267193135001021 0.45142655004946702357 0.63389838382942798045
910 406 0.45137805608763098553 0.45142293998252497333 0.63389294708279697588
906 402 0.45136778962025297934 0.45141569643367801534 0.63388596390170703909
903 399 0.45136184121746297793 0.45141802315796797362 0.63388611690444296443
928 424 0.4513583311469209769 0.45141187913912700358 0.63388157436521497257
933 429 0.4513604066060840081 0.45141336740591198051 0.63387644469294002203
912 408 0.45134941051208998797 0.45141144219177498087 0.63386794321130002228
910 406 0.45134528066386997436 0.45141077276851399036 0.63387200270263899249
867 363 0.4513430236905360271 0.45141974964857300989 0.63387562135323405332
913 409 0.45136035937422802622 0.45141672476986899332 0.63387886874530796621
920 416 0.45135473613648502411 0.45141206417124102312 0.63388114345847601516
918 414 0.45135403738964502418 0.45141147649139901077 0.6338829950547969494
914 410 0.45134987158765599302 0.45140921410862000496 0.63388326148128704141
919 415 0.45135447739955897317 0.45141379242091300705 0.63387574787533695897
927 423 0.45134696691489301079 0.45140885601939001459 0.63387287242193202097
921 417 0.45134698591991201377 0.45140671522062897347 0.63386758660222997097
932 428 0.45134384031987101471 0.45139954959269801282 0.63386080994385796128
923 419 0.45133163570232798234 0.45140069800063098437 0.63385716827611604529
930 426 0.45132865198686500374 0.45139477109860298709 0.63385528485548803257
922 418 0.4513187426387380019 0.45139313148007598198 0.63384995755255801875
902 398 0.45132215210353099355 0.45140470274452298982 0.63385235970274000916
897 393 0.45131954802050699982 0.45140210578290601573 0.6338554174834329924
888 384 0.45131491919931898682 0.45140496786235501103 0.63386133992817794702
905 401 0.45131381300306200322 0.4514033836776890074 0.63385738799778001962
872 368 0.45130975951220897446 0.45141411023983002426 0.6338562801445920547
865 361 0.45130614376896699413 0.45141201062212399364 0.63386012621535603451
870 366 0.45131044688661997588 0.4514121013276869987 0.63386522689519597673
870 366 0.45131693651476301188 0.45141663062569398202 0.63386297567162497302
881 377 0.45131827461704898674 0.45140921960850799444 0.63386529033002503297
894 390 0.45132098124724900901 0.45139749359617398206 0.63386231868174303106
909 405 0.45132364894358201202 0.45139646889753198833 0.63387172703909799854
920 416 0.45133083057429101981 0.45140298477985901782 0.63387906218009604231
909 405 0.45133152789934100069 0.45141045345201402661 0.63387817307361604691
908 404 0.45133063875313600422 0.45141406302462899758 0.63387796620386804847
918 414 0.45133455683078099741 0.45141347710594698084 0.6338799161098600532
925 421 0.45133622863364097899 0.45141193710126098493 0.63387769574277397222
926 422 0.4513311112230199984 0.45140841208817900077 0.63387357241246800044
919 415 0.45132380560149598647 0.45140039646968499465 0.63387681455088995541
920 416 0.45132329417471700461 0.45140009103350997588 0.63387871129188799735
913 409 0.45131170612536597453 0.4513997430712120007 0.63387692988764099411
904 400 0.45131504627522400774 0.45140722441673397647 0.63387320288860404816
892 388 0.45130999047654601908 0.45140398076693999396 0.63387061728132398919
926 422 0.45131825629945199196 0.4513990882440320207 0.63387347222365097998
937 433 0.45131939524512698636 0.45140205724893101014 0.63386952215578395986
947 443 0.45131773689014498263 0.45139756387807100646 0.63386765773071196417
913 409 0.45131188954241602262 0.45140678730470401581 0.63386323748409501011
924 420 0.45131167987324199986 0.45141201403835001793 0.63386165542817196616
941 437 0.45131099723280598823 0.45141446269703999761 0.6338563368473999482
921 417 0.45129595797748900399 0.45141030742416998756 0.63385708637601601012
930 426 0.45129470169148300229 0.45140932630989299978 0.63385617768757795965
925 421 0.45129070523878000998 0.45140755141299199193 0.63385870574085301232
927 423 0.45128416164777401809 0.45141113044092001649 0.63385640336962001395
911 407 0.45128710281011902294 0.4514161206650039726 0.63386951623077503193
926 422 0.45128872356871702065 0.45141266373505400944 0.63386478196844098232
913 409 0.45128114455762097235 0.45140611453496998218 0.63385780697814597673
935 431 0.4512826021567289958 0.4514029124153030037 0.63385131422827400982
942 438 0.45127293661004497238 0.45139501870705800446 0.633848556505929972
948 444 0.45127180526857801901 0.45140016152729500742 0.63384536693641202465
943 439 0.45126389672831701549 0.45139086333041400501 0.63384608206272696762
933 429 0.45126711452680401404 0.45138884198774897882 0.63384536245725098258
952 448 0.45126940354688899193 0.45138139013769301711 0.63384257237556895781
924 420 0.45126658432481497885 0.45138604162393597408 0.6338493165393940254
916 412 0.45126268123134699595 0.45139201276457102674 0.63385496077804404091
906 402 0.45126028215235297614 0.45139046548444400342 0.63385636572474801653
896 392 0.45125900570489502206 0.45138782804561000672 0.63385336800893299358
878 374 0.45125615204959002025 0.45139128711896198132 0.63384968065191404918
884 380 0.45126741609361598062 0.45139553724890602027 0.63385389696076799293
908 404 0.45127644895585800056 0.4514045088508760184 0.63386034837170601719
895 391 0.45127515545045399081 0.45140396979036900849 0.63386155717205194815
911 407 0.45128081681177301121 0.45140174540754501864 0.63386499638214399699
924 420 0.45128059087206900957 0.45139657613564798666 0.63386310503187104359
930 426 0.4512787446586090101 0.45139352354869899386 0.6338610502398810409
925 421 0.45127783155236400603 0.45140090994013298831 0.63386183971907894552
937 433 0.45128516851415101385 0.45140447786038800926 0.63386390942261805481
934 430 0.45128841355045201666 0.4514065046972610129 0.63385387225699396652
931 427 0.45128625342441902601 0.45140782053759298531 0.6338489357088169518
928 424 0.45128294555828801782 0.45140328852662298109 0.63384796700039502948
920 416 0.45127287143028799177 0.45139753330705501 0.63384813246924698316
933 429 0.45126376977164500692 0.45139260469149200539 0.63385076298540299344
925 421 0.4512581837749790048 0.45139327148061397788 0.63384729113458504468
910 406 0.45126430835264097485 0.45140220891789700763 0.63384399635683097429
878 374 0.45126518893126199572 0.45141491682421497345 0.63384231009093094933
866 362 0.45125339505069800294 0.45141291572647601615 0.6338490371915289634
871 367 0.45125274128811099228 0.45140724491459899292 0.63385052056604895832
882 378 0.45125437558639497349 0.45140792607488899879 0.63384515194022295059
882 378 0.45125786451708699287 0.45141222069582298548 0.63384264437788595536
916 412 0.45125991433764500727 0.4514044978168519906 0.63384574661702597353
915 411 0.45126077265628000701 0.45140401577033201219 0.63384214991386900184
918 414 0.45126214446048201756 0.45139801535704898727 0.63383797796639396172
933 429 0.45125595675690399755 0.45139063327921302715 0.63384055870029398783
918 414 0.45125157370147400693 0.45138380932973598547 0.63383145761586601186
912 408 0.45125316220755601337 0.45138490903086797568 0.63382577064842504644
925 421 0.45125352949981401007 0.45137786737502599843 0.63382229176495497036
926 422 0.45125510194090301397 0.45138156777588800406 0.63382317469700200085
910 406 0.45125051255488501933 0.45138589898821701585 0.63381908266775899286
919 415 0.45124308996184397946 0.4513770879190259766 0.63382072667006295053
922 418 0.45123801285961301355 0.45137649181989797365 0.63382017372910204323
896 392 0.4512394385608620162 0.45137613782837598952 0.63381574438551901984
898 394 0.45124315397811598505 0.45137889047886498028 0.63382090743435604008
919 415 0.45124923250995102597 0.45137571794337300046 0.63381606702429105216
889 385 0.45124216540515499352 0.45138059690081799857 0.6338140502646359975
898 394 0.45124774467227601882 0.45138011939899497227 0.63381356743659200692
895 391 0.45125033444003798122 0.45137158171945002128 0.63381371190377400193
918 414 0.45125642349033801004 0.45136665875858100749 0.63381921478513902901
905 401 0.45125490241448201756 0.4513664420917140041 0.63381816474860697141
873 369 0.45124143556551199463 0.451363926782243019 0.6338145482349240023
895 391 0.45125441675638700012 0.45135963816102797619 0.63381489829585901941
900 396 0.45124989570725998478 0.45136167798145598873 0.6338130855356439719
873 369 0.45124879206581397506 0.45137590974184998993 0.63381540941619196605
878 374 0.45125154182473498077 0.45137751965398797971 0.63382125895329100018
864 360 0.45124547188263697262 0.45138380373901099141 0.63383042215225104954
890 386 0.4512605717120869997 0.45138937956043501121 0.63382757910897102871
874 370 0.45125715168917301945 0.45139513129115299561 0.63382740389777503243
892 388 0.4512652929105320232 0.45139559552241997897 0.63383091997703799869
913 409 0.45126566377134297303 0.45138838152823601568 0.63383248048857199208
922 418 0.45126975862637197512 0.45138890579811502546 0.63382575978869204469
939 435 0.45126798593937300641 0.45137704133744199764 0.63382360502871004648
924 420 0.45126582086030697649 0.45138316252078902746 0.63382015266524605046
918 414 0.45126271484728702754 0.45137599718621601586 0.63382235210792503555
883 379 0.4512607815803579836 0.45138463035938902745 0.63382062284113405148
884 380 0.45126287306329598836 0.451382527441638981 0.63382214051428598101
896 392 0.45127349363590402165 0.45138666314710201855 0.63382298976289996872
882 378 0.45127796934547498298 0.45139332703739099006 0.63382585931619694897
876 372 0.45127214405454801893 0.45139826211276801171 0.63383030353113900546
884 380 0.45127223912844399711 0.45140252876428599293 0.63382863873500594476
902 398 0.45127707436495401172 0.45140628352481598773 0.63382576755396202728
890 386 0.45127473334864498522 0.45140709958239999544 0.63383325616955299431
907 403 0.45128052253014699913 0.45140501241074498795 0.63383737978847898287
929 425 0.45128537599094598054 0.45140663019313898019 0.63383763992271602294
915 411 0.45128487747827200627 0.45141352039719701006 0.6338338796099860506
935 431 0.45129113536867898615 0.45141309919727301558 0.63383597028971905285
926 422 0.45128513795463298663 0.4514150101229900125 0.63383104844969795355
920 416 0.45128297527933797229 0.45141975852085802767 0.63383473320386296557
933 429 0.45128087235043801151 0.45141275556669502311 0.6338342195647179711
946 442 0.45127963470691001557 0.45140935865594900012 0.63382665066590004876
947 443 0.45126982721687597389 0.45140439498919299188 0.63381973764546295502
946 442 0.45126037733991397616 0.45139908283297902614 0.63381363006515800684
942 438 0.45125538826716998786 0.45140197179464902622 0.633811091080504041
941 437 0.45124768092118799911 0.45140196157507700425 0.63380507197355995253
945 441 0.45123636196132499432 0.45139338340747597877 0.63380371794125700546
936 432 0.45123020424507798154 0.451392106584365016 0.63380073755973698191
924 420 0.45123027664915799084 0.45139532754286898486 0.63379580291708204065
923 419 0.45122415861971898465 0.45138896467567901638 0.63380107541363395196
946 442 0.4512229687741419748 0.45138201426391999505 0.63380106288286397476
939 435 0.45122085622802499127 0.45137728006101701661 0.63380112288863499348
911 407 0.45121638149183801447 0.45138400283591001427 0.63379966830977896297
897 393 0.45121220339612400085 0.45138855226009300114 0.63380025319656896343
887 383 0.45121624214531502739 0.45138686945030997988 0.6337977499779290369
893 389 0.45121605076841697635 0.45138739135990801898 0.63379975929313003835
906 402 0.45122011729170097283 0.4513942220335219746 0.63380036521345095579
896 392 0.45121352115920898562 0.45138954911763701228 0.63379281975886503364
909 405 0.45121313855339700849 0.45139028483798099289 0.63378513585228402061
894 390 0.45121374431748301204 0.45139666630720298723 0.63379228998795300587
933 429 0.45121810365600301118 0.45139050720421597385 0.6337968212780979993
914 410 0.45121186598978602067 0.45139464244728200182 0.63379510083158296929
909 405 0.45121332679604997384 0.45139309518523601517 0.63378716562187598083
898 394 0.45120984120202500822 0.4514019681094519898 0.63379283294297594775
903 399 0.45120920149825799461 0.45140045804768802462 0.63379657360820496059
886 382 0.45120799452276799668 0.45140486220498698966 0.63379742189573495814
877 373 0.45121154011111197502 0.45140672849423402191 0.63379864035214394935
897 393 0.45121158560205298915 0.45139765194687397898 0.63379983286392205244
892 388 0.45120965696159698322 0.45139898991703697462 0.63380113997252696123
885 381 0.45121178687886498437 0.45140232108289901625 0.63380676607858998928
900 396 0.45121595568589101255 0.45139958274783598124 0.63381504976905100879
910 406 0.45121481515439998411 0.45140573315274401534 0.63381317607182796614
906 402 0.45121658987816798403 0.45141153333729000519 0.63381427195976003386
923 419 0.45122044689844398313 0.45140400381034900823 0.63381569077891197761
904 400 0.45121912217865800532 0.45140703811970600556 0.63381461302062702678
922 418 0.45122071885610198771 0.45140019119704200001 0.63381706444936003475
929 425 0.45121779810011397593 0.45139301499864098455 0.63380956333407301173
937 433 0.45121993881580901853 0.45139030178671102345 0.63380361597853496214
931 427 0.45121764417094500921 0.45138696899831098897 0.63380297414351405294
928 424 0.45120920282067900065 0.45138275701581398458 0.63380156340817295213
898 394 0.45120177104978798077 0.45138931214764699273 0.63379703475599902252
888 384 0.45120760308272400696 0.45139271438241101997 0.63380159778297495698
909 405 0.45121472728352302051 0.4513925923063250023 0.63380207364268803527
922 418 0.45121436056746400123 0.4513919802344170118 0.63380762821485203684
917 413 0.45120688128064101452 0.4513885705874099985 0.63381115585078096064
905 401 0.45119761146383302597 0.45138241914730797832 0.633817301692844004
892 388 0.45119472056901599455 0.45138515837546100418 0.63381825458467200285
899 395 0.45119385025261499189 0.45138003913489599395 0.63381954664265904853
882 378 0.45119064465499997274 0.45138052183089300007 0.63381523282818497123
894 390 0.45119721307529797594 0.4513743963868189768 0.63381166713539105473
910 406 0.45120356669404698691 0.45137571228927997335 0.63381634044015700002
885 381 0.45119445954207199057 0.45137510768888400303 0.63382198785737497992
880 376 0.45120108327664099068 0.45138281922456902073 0.63382332927443196802
877 373 0.45120539346152799265 0.45138565166616001489 0.63382295299885005324
882 378 0.45121023078316702115 0.45138990089228497871 0.63382212754743705307
880 376 0.45121221290260898895 0.45139469241357399465 0.63382749094934898171
877 373 0.45121134113600702698 0.45139967491394200616 0.63383163621463300963
868 364 0.45121693070756402344 0.45141391888448401115 0.63383555148504200361
905 401 0.45122546632150201118 0.45140505497176697247 0.633836656432760992
896 392 0.45122767233106497731 0.45140694972117900718 0.63383207607474501
928 424 0.45122975282292798749 0.45140142775031399935 0.63383171173384500463
932 428 0.45123296892157999105 0.45139814222685398226 0.63382831947739903811
939 435 0.45123246842185699146 0.45139964873421001279 0.63382467005362297385
934 430 0.45123015851530701159 0.45139597610049697618 0.6338277615224230388
926 422 0.45122246458493098231 0.45139957463438901142 0.63382952697789696206
894 390 0.45121788603404300311 0.45140877925811101479 0.63383149070976696482
870 366 0.45122067670342397294 0.45141945842525899035 0.63382999703737397112
874 370 0.45122410365177401115 0.45141964178359700322 0.63383519698472201576
893 389 0.4512271634836380052 0.45140908719390998582 0.63384018826450394535
901 397 0.45122265276754397467 0.45140217856937597807 0.63383657892283695734
876 372 0.45121986353634901956 0.45141410846287199909 0.63383953410492999136
864 360 0.45121959269867600861 0.45141966087170198874 0.63384237012217403695
872 368 0.451222241623087994 0.45141639495071200772 0.63384246954859302381
897 393 0.45123040639951000896 0.45140898481126501274 0.6338500130253480469
883 379 0.45123175817345900773 0.45141411018054200532 0.6338489450748110432
904 400 0.45123648123419501932 0.45141135083837502506 0.63385247957620405312
911 407 0.45123866533191198114 0.45140389028146699069 0.63385052454089296781
907 403 0.45123251301678402037 0.45139902442744500588 0.63384628859293401515
905 401 0.45123204331758398622 0.45139566853392798507 0.63384545807049097466
900 396 0.45123036015250900244 0.45139560500187697611 0.63383773565876699863
919 415 0.45123505808926300809 0.45138915549300601127 0.63383511238066803095
931 427 0.45123857793165600416 0.45139060073708897614 0.63382455656492497909
919 415 0.45124099346553597778 0.45139802562510200623 0.633823367206305055
908 404 0.45124297758671499947 0.45140008945771697979 0.63381961592846203235
915 411 0.45124415031002601539 0.45139515030571297771 0.63381257822305703264
930 426 0.45124650554414602599 0.45139146968038801333 0.63381541230645499496
928 424 0.45124312750038497732 0.45140143730678400358 0.63380852090547701305
940 436 0.45124015232991299129 0.45139313765001098933 0.63380688335699397751
939 435 0.45123412671306301069 0.45139011631258901813 0.63380620370209994618
930 426 0.45122751912369901683 0.45138535692885101147 0.63379911434720304086
917 413 0.45121646172857998724 0.45138529507572699995 0.63379343956431599683
912 408 0.45121306186504800406 0.45138215978384499394 0.63379123198004094775
899 395 0.45120534400256301355 0.45137705870174099632 0.63378812287887997812
909 405 0.45120883275144701985 0.45136589317214997896 0.63378749300907499808
899 395 0.45120530422346799559 0.45136778388394999117 0.6337862480083670258
915 411 0.45120793168581102561 0.45136648587281197331 0.63378590928080802414
917 413 0.45120735744533502221 0.45136036815038899084 0.63378624445456999137
916 412 0.45120456719246099242 0.4513603101755799818 0.63378699658163595299
910 406 0.45120123844533799318 0.45136324342729600145 0.63378304433999999024
883 379 0.45119956493520302354 0.45137607435218801699 0.63378182192141896412
888 384 0.45120114916402898064 0.45138004246257501517 0.63377918123629595204
888 384 0.45120049611397999856 0.45138233181796899585 0.63378442151276903616
889 385 0.45120737567205398966 0.45138130730009701219 0.63378814909092595631
904 400 0.45121306615052297895 0.45138340488007100415 0.63378724645144801642
903 399 0.45121504792623901015 0.45137732904470601047 0.63378203979188796335
895 391 0.45121319905131102024 0.4513751105583799772 0.6337825014118929623
908 404 0.45121125610257700744 0.4513634858964140073 0.63377856303200796884
935 431 0.45120989620395302033 0.45135918269778302347 0.63377966019179698964
938 434 0.45120299073603997719 0.45135557804238901625 0.63378356591350204496
943 439 0.45120166889811902378 0.45135987137099797817 0.63378029354992404532
939 435 0.45119618538012501441 0.45135540091091497228 0.63377585774093403437
928 424 0.45119830581751702026 0.45136083382765601613 0.63376896845090702204
957 453 0.4511995676972910263 0.45135796042031300912 0.63376712426847103821
936 432 0.45118291676380101185 0.45135380354301901651 0.63375696033930095652
932 428 0.45118688514397498057 0.45136175391179300664 0.63375787058396104712
918 414 0.45118260030747597833 0.45136471673574901642 0.63375325243921498686
907 403 0.4511749369044690261 0.4513686979005179789 0.63375280203263195666
909 405 0.45118009668177599947 0.45136806311586602503 0.63375060452821296852
892 388 0.45118100335648997357 0.45136831507037300515 0.63374933146332901313
908 404 0.45118018846763102703 0.45136358024995798521 0.63375108984801498124
909 405 0.45118104466621999915 0.45136650340391498704 0.63374477133952500374
902 398 0.45118677403168899742 0.45136938851162899944 0.63374131318178295036
894 390 0.45118374294173102523 0.45136894436568897326 0.6337402984885970314
896 392 0.45117814242244502765 0.45137180294073897535 0.63374639205397398367
905 401 0.45117554252347097377 0.45137295168644397947 0.63374956773577195701
906 402 0.45117510600363297524 0.45136704947759098694 0.6337549656427290401
883 379 0.45116720065253801408 0.45136528226053401758 0.63375502298008601354
883 379 0.45116669344589599433 0.45136770149162802612 0.63375459389145405442
884 380 0.45117228871762798947 0.45136998783820797554 0.63375624015770204434
894 390 0.45117786026041500902 0.45137522569061899747 0.63376396092039499752
903 399 0.45118514253328600994 0.45137900689565901846 0.63375968288621198354
918 414 0.45118478507789899767 0.45137103365808500799 0.63375641624150602649
915 411 0.45118333255010301119 0.45136945736545702745 0.63375336848218100094
887 383 0.45116799522417699864 0.45137020419577500441 0.63374545333379495027
888 384 0.45117141753086797973 0.45137005008425701291 0.63374258801494798288
895 391 0.4511725552989069854 0.45136672687567902518 0.63374322960417095452
882 378 0.45117469328152698393 0.45137871835143200672 0.63374388322857500011
898 394 0.45117943952084899051 0.45138439083029502363 0.6337375486835770122
885 381 0.45117593867720001688 0.45138751365542600924 0.63373580425751596668
879 375 0.45117811116067602084 0.45138946697432297261 0.63374077839631703934
873 369 0.45118127493444198928 0.45138516909802700594 0.63374591862064699743
872 368 0.45119080422610102765 0.45139231913674199292 0.63375066366883903157
882 378 0.45119825953821801612 0.45139354029635897492 0.63375243296407102189
898 394 0.45120106481603100557 0.45139727017230502071 0.63375392550863196561
911 407 0.45120349979494400738 0.45140107342024499149 0.63375037381573995354
909 405 0.45120335018647700354 0.45140369137298297364 0.63374312571114399528
906 402 0.45120026964723797258 0.45139994784731601873 0.63374095614696002166
890 386 0.45119793520799100772 0.4514052089028430248 0.63374068556147100661
904 400 0.45119767068641797314 0.45140383766869801585 0.6337440144452769486
903 399 0.45120396705561099937 0.45140561247485400109 0.63374875032141197995
889 385 0.45120517726238301703 0.45141296030339300716 0.63375025405392204636
884 380 0.45120885298290597243 0.45141234219074699574 0.63374824745784696933
889 385 0.45120457426333399065 0.45141068621262697702 0.63374558592103302779
904 400 0.45120975988543998714 0.45140908837349197347 0.63374686853168304967
894 390 0.4512102744408270083 0.45140586742643101781 0.63373897902285203365
897 393 0.45121041318594401481 0.45140848078141998512 0.63374666784057298585
899 395 0.45120628848506399988 0.45140447438942599145 0.63374839623092604768
893 389 0.45120988859661298465 0.45141695843150697609 0.633747585799512958
890 386 0.45121486004411198723 0.45141913209057499268 0.63374164965782597836
885 381 0.45121726589703897714 0.45141805290401398887 0.63374457184407395616
902 398 0.4512199093851679832 0.45141888427508597426 0.63374114582512197646
902 398 0.45121758432238401326 0.45141946824586398623 0.63374054534733703647
919 415 0.45121696379124898169 0.45141703163739999027 0.63374028265078596878
913 409 0.45121349224361001484 0.45141734825948498511 0.63373433104459298004
893 389 0.45120635546225801304 0.45141881237007497329 0.63373020772889898655
913 409 0.45121067997100000602 0.45142115251094500072 0.63372917536345696465
913 409 0.45120860345308899664 0.45142225001631497427 0.63373158363681703076
893 389 0.45120684474136402153 0.45142695746989902617 0.63373140300895403065
905 401 0.4512125735750689981 0.45142769183379699571 0.63373606074451405146
905 401 0.4512075986282709783 0.4514277562272049904 0.63373849614835398025
910 406 0.45121295776719799742 0.45143093214017399051 0.63373842287826998021
902 398 0.45120858968579602433 0.45142565311586002608 0.63373671598523695359
896 392 0.45120782712856999375 0.45142440255653898395 0.63373729654189303595
904 400 0.45121364530915797353 0.4514230577414050094 0.63374458215805395955
903 399 0.45121210402132799766 0.45142581328618702763 0.63374290430614699243
889 385 0.45120128281758398181 0.45142910202555802668 0.6337428632325540212
880 376 0.4511920641688090261 0.45142569581699398817 0.63374638983202002951
893 389 0.4511987383564080023 0.45142091897793701349 0.63375127636384098739
893 389 0.45119826608685398295 0.45142094712440899995 0.63375478002201601768
898 394 0.45119947187427800195 0.4514279702114650239 0.63375953124907402625
895 391 0.45120012280162402618 0.45143142848504502762 0.63375688740615399031
912 408 0.45120138555996702756 0.45142767999094002285 0.63375496394338104444
916 412 0.45120690886464298597 0.45142601231722800925 0.63375397684852197155
909 405 0.45120635647506202037 0.45142289702208798774 0.63374998745058297445
904 400 0.45120066652203399959 0.45142225653217898929 0.63374649856617404353
925 421 0.45120318765500300184 0.45142460616234697524 0.63374261959324595939
922 418 0.45119740645963501979 0.45141549319034401933 0.63373735710175005398
923 419 0.45119769749522897762 0.45141516117578700529 0.63373934496116202109
930 426 0.45119941219075498928 0.45141191478131897918 0.63372943888208599361
943 439 0.45119592089154397785 0.45140923918822800642 0.63372432633342801189
937 433 0.4511855074511579855 0.45140898224309300435 0.6337183595221840271
915 411 0.45118155904939399869 0.45141451487063799508 0.6337145000856380106
914 410 0.4511781217823009893 0.45140763639769498905 0.63371146475703898915
931 427 0.45117600091896797876 0.45139917889643499382 0.63370596360755004905
955 451 0.45117737997579099307 0.45139462298087501546 0.63370124050733600551
961 457 0.45117525986936102278 0.45139026077351002142 0.63369771833679799933
955 451 0.45116863672666801532 0.45138820099878601555 0.63369385283724299907
947 443 0.45116004894804101477 0.4513917341922100146 0.6336890698035070324
936 432 0.45115667535518000353 0.45139134899140498369 0.63368611970912303022
919 415 0.45116043853022602672 0.45139339904946701454 0.63368046963540303196
951 447 0.45116599670220397522 0.45138672006177199547 0.63367820997546397965
928 424 0.4511646904965799787 0.45138856157060902596 0.6336704925687830503
909 405 0.45115777369880200043 0.45139279564665502065 0.63366198443845300758
913 409 0.45115810556191299208 0.45139047181481301019 0.63366139582135194708
901 397 0.4511554958631520118 0.45139010759247200077 0.63366427275976100475
912 408 0.4511543287103420008 0.45138508607962801733 0.63366096511799197
911 407 0.45114584760703102528 0.45138804257504699935 0.63365969218073803226
890 386 0.45114604410562997305 0.45139844229636699735 0.6336562871839359623
894 390 0.4511470228202499877 0.45139198293609100743 0.63366068363150396259
886 382 0.45115082567961101168 0.45139488394428400886 0.63366396046575101941
886 382 0.45114653541322902175 0.45139851972293099092 0.63366832249526194865
890 386 0.4511492986316720244 0.45139597298037098527 0.63367914699213501173
903 399 0.45115080647504102185 0.45139165840197698065 0.6336826525125950349
877 373 0.45114855921138602435 0.45139723288168398518 0.63368558078477699169
889 385 0.4511518864053720157 0.45139745224925997835 0.63368745743423005035
913 409 0.45116105053667998614 0.45139778586130402394 0.63369116680221004856
923 419 0.45116558494156200343 0.451393228531070001 0.63368649017131895018
951 447 0.45116633824722102153 0.45138783576123697738 0.63368776093599599175
917 413 0.45115948665536498297 0.45139376600360997527 0.63368554389531195348
910 406 0.45115464920837700102 0.45139565467230702289 0.6336779330009909561
892 388 0.45115122987595501769 0.4513964084378199737 0.63367659043335200497
920 416 0.4511551838767470235 0.45139289494898499067 0.63367401560403502359
931 427 0.4511562957462449952 0.45139122201494502606 0.63367020903342197169
904 400 0.45114859925891498404 0.45139112377498502582 0.63367116713801596717
911 407 0.45114794369620697667 0.45138420363124698298 0.63366755382514294848
914 410 0.45114695296331497332 0.45138380066668298829 0.63366021674238404149
902 398 0.45113548671564301928 0.45138489390202202189 0.6336648740890500342
890 386 0.45112887754812297514 0.45138104684850699488 0.63366564651137702313
884 380 0.45113024820880798238 0.45137795899370397601 0.63366575363020405387
881 377 0.45113241178861201996 0.45137893846179699686 0.63366620044331800621
886 382 0.45113546922288999541 0.45137955917440497622 0.63367467496479401579
893 389 0.45113627440727999129 0.45137039937326700612 0.63368090016497302663
875 371 0.45113702210506501089 0.45137134730117400849 0.6336816233388600228
863 359 0.45114064142087700882 0.45137641577727999342 0.63368529473903500993
866 362 0.45114488927702600662 0.45138390116631998961 0.63368824256899403125
870 366 0.45114917117338698693 0.45138739482323098073 0.6336905541218109672
852 348 0.45116246931597997483 0.45139350061136501724 0.6336977759884370176
854 350 0.45115947934643702011 0.4513906226006200173 0.63369447339678697251
858 354 0.45117015310486502377 0.45139205467642301572 0.63369865629708099775
863 359 0.45117710514228698271 0.45139129339435102306 0.6337036381908629501
879 375 0.45118347004487002749 0.45138508941986699163 0.63370340590508600354
901 397 0.4511822339561349926 0.45137622309113900609 0.63370024926218604389
908 404 0.4511821250750630008 0.45137357328137800438 0.63370470112972498988
922 418 0.45118240822233601772 0.451362990938503017 0.63370347173017704812
931 427 0.45118024527270100821 0.451359493975949988 0.63370030471843197262
955 451 0.45118065062808898613 0.45135322140073602659 0.63369330605211404706
954 450 0.45117826020576001778 0.4513511251423280024 0.63368692350205402253
946 442 0.45116870512824097661 0.45134780211843800179 0.63368958148185294821
929 425 0.45116169770463399047 0.45134991699948601163 0.63368753039726899434
928 424 0.45115764999333601848 0.45134827273280597737 0.63368087639784298482
910 406 0.4511562835293870255 0.45134869377345199215 0.63368257323567100947
906 402 0.45115772485580601936 0.45134980857361400863 0.63367881933514302872
930 426 0.45115417960681497567 0.45134565520183300702 0.63367751190615695389
913 409 0.45114742952045500113 0.45135408681775901485 0.63367970317150101867
929 425 0.45115184872804198202 0.45135150145690799972 0.63367814133846800395
921 417 0.4511507475827339908 0.45135319974721699321 0.63367202409245504402
920 416 0.45114663512179797866 0.45135649615488399045 0.63366823396326099616
907 403 0.45115065326254799594 0.45135674486391602622 0.63366907189226195918
883 379 0.45114759533499099176 0.45136556659418697324 0.63367097072801104041
900 396 0.45115621071477701731 0.4513681824552209787 0.63367386923239499286
906 402 0.4511578211497330182 0.45136441322436399171 0.63367850128831904044
923 419 0.45116661707277899707 0.45136431516147401677 0.63367971279258095141
923 419 0.45116725139076602202 0.45136887271477799111 0.63368481083646699403
920 416 0.45116319763397000342 0.45137417879711999591 0.63368149939881901478
927 423 0.45115975000017399799 0.45137266875127302068 0.63368599188847396508
911 407 0.45116160008183797681 0.45137856080513599766 0.63368362583351300898
926 422 0.45116426044846402732 0.45137559958677397898 0.63368297008428797756
933 429 0.45115949919588099748 0.45137329982310298027 0.63368193936108996311
928 424 0.45116097167456897798 0.45137687154501399123 0.63368261499915601309
924 420 0.45115284313556397455 0.45137682862988498522 0.63368439037228796451
927 423 0.45114655712365697715 0.45137085978736402048 0.6336820839914899528
923 419 0.45114467082531201081 0.45137443035792701451 0.63367387090644200498
921 417 0.45113853678002902026 0.4513612641765349931 0.63366643070348704914
929 425 0.45113090679274897576 0.45135576974626001601 0.63366539164106094884
938 434 0.45112246912317399694 0.45134809472400599928 0.63367040192410095667
909 405 0.45111628405245601803 0.45135666957294201529 0.63367050760225795969
907 403 0.45111223272594297429 0.45135768625107297591 0.63367076330223104375
902 398 0.45111500967370898874 0.45135860967469998428 0.63367188102905902536
900 396 0.45111556270474401087 0.45135608930768400526 0.63367314819999798203
889 385 0.45111416422672401261 0.45135028551663497476 0.63367664038858595443
889 385 0.45111284497644399405 0.45134840615878701886 0.63367802467507394759
888 384 0.45112323108893598311 0.45134621263931601343 0.63367376340625103381
887 383 0.45112461376639700905 0.4513455194183270125 0.63367743835453704815
885 381 0.45112545821764998832 0.45135169907648198251 0.63368006657259801084
901 397 0.45112761405643297952 0.45135107761379400504 0.63368733717429204244
889 385 0.45112698895340297423 0.45135635341404600762 0.63368212660615996779
895 391 0.45112345735684100667 0.45134850624691097432 0.63368662171096801217
891 387 0.45112590972817201429 0.45135246783898902434 0.63369012803356195018
877 373 0.45111658954599997973 0.45135124915257102129 0.63369492307973596112
888 384 0.45111488294472801286 0.45134757053379198632 0.63369470546970196878
901 397 0.45112471799958298035 0.45134772198406197807 0.63369691973719199929
899 395 0.45112478833040398074 0.45135233518534101371 0.63369528605076896888
894 390 0.45112448306279301358 0.45135516670361497393 0.63369853524028896263
895 391 0.45111616100289197995 0.45134937009216402615 0.63369803521178302841
891 387 0.4511222792238540058 0.451354377007239016 0.63369938470467301883
909 405 0.45112570677778202066 0.4513512461124459807 0.63370414476149905525
914 410 0.45112519642367598927 0.45135435419005998092 0.63370436852316902598
919 415 0.45112857888243701465 0.45135165598748500093 0.63370106212849297567
902 398 0.45113413333338098221 0.45136522439241300031 0.63370245079576703606
903 399 0.45113120937922202014 0.45136377972487301546 0.63370605498496801467
911 407 0.45113719365537902073 0.45136220666302800941 0.63370537366307599925
912 408 0.45113636363610198909 0.45135866614535602448 0.6337043332200690271
905 401 0.45113115558452498988 0.4513616779404219792 0.63370663673798999227
912 408 0.45112892703338697276 0.4513616373082289801 0.63370354543123197377
918 414 0.45112477662729899563 0.45136129857183598935 0.63370370638936801555
934 430 0.45111912804857901005 0.45136203932703500286 0.63369995559678804486
917 413 0.45112076795663197393 0.45136643984035101917 0.63369419090054501797
922 418 0.45112317874627599901 0.45135910681604202166 0.63369072181669294785
909 405 0.45111758955495701029 0.45136311138696899592 0.63368479644208597357
909 405 0.45112076237771997489 0.45136284941205601084 0.63368336412159798066
898 394 0.45112041483216497317 0.45135890271754397496 0.63368307991830696846
884 380 0.45112483629477301283 0.45136303862264498532 0.63368459486578598838
890 386 0.45112746247798402033 0.45135770805612801526 0.63368957462534603042
893 389 0.45112640887944499557 0.45135671395281301566 0.63368719283513896823
879 375 0.45111768070805102759 0.45135422727994700676 0.63368718934995704739
909 405 0.45112210890569498511 0.45135353151337298527 0.63369195432639402465
917 413 0.45111687866652300238 0.45134493395822000705 0.63368973117831595143
914 410 0.45111706301871401514 0.45135179133253899852 0.63368905073840398057
914 410 0.45112232020023002033 0.4513510084990409732 0.6336879664617429686
920 416 0.45111961087977797691 0.45134766346670102122 0.63368933266821403372
901 397 0.45111217424528798903 0.45134465747560098547 0.63369457512205695782
905 401 0.45111004556068501348 0.45134174465282200783 0.63369714611424399209
896 392 0.45110045588926200866 0.45134254705589599288 0.633697593694251049
912 408 0.45110888553999201056 0.45133515819107999922 0.63370198812067202176
908 404 0.45110867513988500699 0.45133958232507698227 0.63369916437100104467
913 409 0.45111230708817900981 0.45133794185733699944 0.63369900448937399595
886 382 0.4511093668173429827 0.45133518555564300367 0.63369919098792204526
882 378 0.45110862220593400673 0.45133541473931099164 0.63369918893077004096
876 372 0.45111892605261799671 0.45134055250842397555 0.63370379170601198737
883 379 0.45112617752472000676 0.45134738287253300948 0.6337080756002979598
886 382 0.45112734612223598374 0.4513384351624650237 0.63371482470200901638
892 388 0.45112849267822602295 0.4513326931423949917 0.63371724293539799522
894 390 0.45112394200890598706 0.45132799633717801679 0.63371610805651801268
891 387 0.45112719436497999981 0.45132852307694698579 0.63371197919326305303
871 367 0.45112972088203900922 0.45134153818744798814 0.63371538912950797773
895 391 0.45113504183681901738 0.45133792115166299075 0.63371484096931895991
890 386 0.4511333917828009854 0.45133443795051197966 0.63372051897158598877
886 382 0.45113427621153601166 0.45133421713097698902 0.6337235887639709464
879 375 0.45113801078320298066 0.45133623497749197906 0.6337261122962689619
892 388 0.4511446506043739757 0.45134003591882299045 0.63372765183745305428
889 385 0.4511376130486299818 0.45133860340856302162 0.63372154592872098622
881 377 0.45113654060201102691 0.45133665018222801635 0.63372690175350698816
885 381 0.45114600489932599192 0.45134586922715197455 0.63372636420368000376
897 393 0.45115211943590999288 0.4513481598789539917 0.63373088438024305358
903 399 0.45115804172071999334 0.45134903529019099189 0.63372815330132004075
889 385 0.45116157880845697559 0.45135099268943501549 0.63373383362932800278
909 405 0.45116403994920400988 0.45134163141800598407 0.63373249579927004582
918 414 0.45116300781075402426 0.45133616241691598692 0.63373169805744000715
935 431 0.45116288985767200037 0.45133506393412498037 0.63372991020007296559
938 434 0.45116350884120898224 0.45133288892143397231 0.63373111850802399392
907 403 0.45115470733812701454 0.45134271044419599361 0.63373444889619301446
920 416 0.45115401473154898015 0.45133995846869501278 0.63373532295177203988
913 409 0.45115398104285797665 0.45133613086909002421 0.63373652990917195282
897 393 0.45115316803049299033 0.45133775148912397279 0.63373320549847500516
878 374 0.45115087452620600272 0.45134403769088099478 0.63372392368783803107
893 389 0.45115957512920201733 0.45134173568573199287 0.63372199654074701236
886 382 0.45115776593251200044 0.45134679096932500686 0.63372918497073604804
887 383 0.45115757125813499284 0.45134625298413300065 0.63372982806070699002
893 389 0.45115993781110097505 0.45134799856224400161 0.63373087250428594697
901 397 0.45115540809895898766 0.45135026347631801436 0.63372857243141600403
894 390 0.45114957405048600192 0.45134920548073798052 0.63372455507415803577
875 371 0.45114459781895699386 0.45135591161549898365 0.63372936306318905508
884 380 0.45115297473205501211 0.45135882625474399443 0.63372906584577703981
893 389 0.451149724333832991 0.45135659628515700792 0.63372774377328000561
890 386 0.45115186523785999473 0.45135783970134601972 0.6337245229077419495
900 396 0.45115517659570297804 0.45135796786648901824 0.63372339241846298297
903 399 0.45116185777676198754 0.45136186322721799646 0.63372640038202798785
904 400 0.4511656505172009779 0.45136297778107098422 0.63373799683643494696
914 410 0.45117267848703701549 0.45135930325617901193 0.63373938272963303842
925 421 0.45117957886027199033 0.45136037757955899119 0.63373731185786796871
909 405 0.45117501061168402421 0.45136757232529500783 0.6337372159848140285
892 388 0.45117088453085602007 0.45136696081634697375 0.63373842283374404172
891 387 0.45116816714359697649 0.45136634510131401488 0.63374098508481901959
899 395 0.45116647327331299566 0.451367285938731988 0.63374536649337798178
879 375 0.4511687770420079735 0.4513750903565830197 0.63374640978364005228
894 390 0.45118024272955598031 0.45137169715143898863 0.63374277072875295769
887 383 0.45118485316288897691 0.45137175156794900888 0.63373864370272403601
886 382 0.45118893093168499497 0.45137197354527597293 0.63373731465436100585
886 382 0.45118867637624998634 0.45136858232945498148 0.63373987834336897862
908 404 0.45119675442400097864 0.45136659964076497609 0.63373747024905702219
900 396 0.45120232555312400624 0.45137104422541801663 0.6337430354793179843
895 391 0.45120756656042498856 0.45137473021969798381 0.63375086914898104418
906 402 0.45120529562817601743 0.45137130057016200402 0.63375096151787202459
908 404 0.45120775882752400809 0.45137259425136599944 0.63375459183216398262
906 402 0.45120735505436398993 0.45137357278073797495 0.63375889957365905136
922 418 0.45121416498082400626 0.45137506891238099449 0.63375699582053002246
907 403 0.45121124439138599049 0.45137477228587402633 0.63375673578505098416
923 419 0.45121553612546300149 0.45136909114344597738 0.63375233009490195002
914 410 0.45120977259732697462 0.45136846088979998282 0.63374730414600299877
898 394 0.4512068887489850133 0.4513726562672100151 0.63375022205394804242
900 396 0.45120098147283299594 0.45136816013062702746 0.63375006803911204667
906 402 0.45119758284324501529 0.45135664002156800079 0.63375065666248797669
895 391 0.45119566567944402458 0.45135893314051700465 0.63375034940662899885
902 398 0.45119373539364399095 0.4513581375944020202 0.63374620645241397376
890 386 0.45118844067330299286 0.45135943111036397335 0.63374535555186795044
896 392 0.45118499741563500294 0.4513566586428189864 0.63374858112916099273
900 396 0.45118288848856802353 0.45136282824924500723 0.63374685493617299858
915 411 0.45118309593192901241 0.45135829788377901384 0.63375136193890502234
911 407 0.45118112668682097688 0.45135859248956200496 0.63375402942517600202
887 383 0.45116939930693400473 0.45136108577674299847 0.63375444730382601843
916 412 0.45118244885561198387 0.45135726143428300805 0.63375862867979204651
917 413 0.45118118521068101279 0.45135823978554201474 0.6337578734226669841
914 410 0.45117389064549501265 0.45135624511390598501 0.633753924181357009
940 436 0.45117668613921602105 0.45135317776593597561 0.63375040319149600343
933 429 0.45117481772409201435 0.45136148257800501327 0.63375227085696594909
965 461 0.45117645579664200639 0.45135382350072000834 0.63374399128638003731
950 446 0.45116600916965099444 0.45135166361212497588 0.63373744199030401791
972 468 0.45116644185076099083 0.45134129547591500531 0.63373457339634198249
972 468 0.45115738651462700126 0.45133530224035101064 0.63373284035731503039
959 455 0.45114939902694500828 0.45133419815731201652 0.63372864934930295266
965 461 0.45114108730921098633 0.45132758033252901031 0.63372564210440895938
955 451 0.45113319461960899037 0.4513233062506170068 0.63371857713317203409
952 448 0.45112539421885200497 0.45131151316459200418 0.63371208540566503764
966 462 0.45112522719151498807 0.45130847631151799204 0.63370613008739296035
945 441 0.45111741728072801694 0.45131778685141099583 0.63370013672670499894
941 437 0.45111128738339101307 0.45131571055198899112 0.63369404365501702525
925 421 0.4510969821078449904 0.45131024320007101513 0.63368924354624101003
922 418 0.45109530943506997991 0.45131489001772601144 0.6336888498994940333
915 411 0.45109262046921400069 0.45131461891842400425 0.63368957788497903838
928 424 0.4510961377666760086 0.45131094267725802016 0.63368756023351302531
951 447 0.45110167780731297293 0.4513053882368630032 0.63368749190559503504
944 440 0.45109470655657901705 0.4513028911596019821 0.63368040601381903087
938 434 0.45108481869494998495 0.45130720222402898045 0.63367316966037301462
929 425 0.45107351498540398937 0.45130562448727001845 0.63366808379578698496
909 405 0.45107075381612898868 0.45130625881425101564 0.63366863353673896775
905 401 0.45106202567253400604 0.45129925506650397926 0.63366611527636595991
894 390 0.45106373522912501794 0.45129974385521098856 0.63366683729465200781
906 402 0.45106732067448801482 0.45129568515517898275 0.63366902062864405298
889 385 0.45106063997796097542 0.45129942884290602523 0.63366936402990803323
893 389 0.45105858526463699087 0.45129634496655401943 0.63366911492156396957
885 381 0.45106199059361401504 0.45129373218324397854 0.63367010694547598604
902 398 0.45105650803457897347 0.45128597946943799224 0.63367160618494100532
899 395 0.45105598343145697493 0.45129175936368798316 0.63367093113470895904
904 400 0.45106193325160498508 0.45129097782677501938 0.63367275116920795952
907 403 0.45105747987285299549 0.4512896619103510254 0.63366920107150703778
925 421 0.45106090471634202599 0.45128665790185501505 0.63366519824773703817
913 409 0.4510586849716229918 0.45128789854889900246 0.63366717051976395592
905 401 0.45105671039948497247 0.4512914721492959913 0.63366695303818199037
898 394 0.45105730197283200322 0.45129550317515798596 0.63366904845416205383
895 391 0.45106281094360201056 0.45129652580359197467 0.63366253540101402653
917 413 0.45106527435309601293 0.45129208695967998333 0.63365990790129700372
914 410 0.45107180645542799269 0.45130287004739100265 0.63366033361348195196
911 407 0.45107204962492297717 0.45130581450773099572 0.63366394632978195744
912 408 0.45107198072000598277 0.45130591325141700132 0.63366737785928095583
900 396 0.45106665196625000958 0.45130839834813102351 0.6336658911341890299
890 386 0.451068980114583018 0.45130739959134097417 0.63367125487642195214
896 392 0.45106792045667198909 0.45130545956655399031 0.63367787485249504886
889 385 0.4510651568917499743 0.45130433051922902443 0.63368137844943894788
886 382 0.45106357359110699212 0.45130544094318797432 0.6336790974293760037
869 365 0.4510591415555750272 0.45130883980607400252 0.63367871540917497519
885 381 0.45106549944071799851 0.45130376706949998367 0.63368068179734404755
889 385 0.45106345048238699613 0.45129402377461397267 0.63367971488186303208
918 414 0.45106899188388599464 0.45129100611454198155 0.63367691232101397425
898 394 0.45106578615005799016 0.45129195171354902216 0.6336777902513369698
890 386 0.45106807764159101426 0.4512931183842530114 0.63367467676825395273
885 381 0.45105580377129100844 0.45129004683050299995 0.63367405126958598061
885 381 0.45105420191474199232 0.45129071553688598906 0.633672594224608976
887 383 0.45106086553986601828 0.45129109280795198789 0.63366810043676202735
896 392 0.45106281127552000365 0.45128764136777799187 0.63366834698366203416
879 375 0.4510625218331609787 0.45129517737137797573 0.63366586894413701181
886 382 0.45106786890016797864 0.45130164611410300557 0.63366943238309803021
889 385 0.45106885748503500189 0.45130013296692100822 0.63368088790177301561
895 391 0.45106785571734697715 0.45129697321821399258 0.63368088539270894799
915 411 0.45107418858424097596 0.45129474827244797641 0.63367850248191404106
903 399 0.45106748558016002137 0.45129916542975900828 0.63368524777151102878
893 389 0.45106463992486101056 0.45130169929869801138 0.63368471714251495275
894 390 0.4510657945797009738 0.45130097525623297239 0.63368450645770701968
892 388 0.45106561592937699512 0.45130164137601197494 0.63367870435551898467
884 380 0.45106605913494701721 0.45130888983732997399 0.63368174294696200111
875 371 0.45107178674892300929 0.45131892064682999077 0.63369048870201905022
875 371 0.4510738721678499985 0.45131713631788400454 0.63369088318666899617
873 369 0.45107416943477302018 0.45132390301874097949 0.63369809111742703145
916 412 0.45108182520052098052 0.45131790615038902548 0.63369303384983899363
924 420 0.45108390830658601223 0.45131210167962199087 0.6336944846004960441
911 407 0.45107745936866100456 0.45130863478575700132 0.63369781804545100012
895 391 0.45108372463800799901 0.45131984508234002096 0.6336964486925460438
910 406 0.45109491363541898146 0.45132200613960199442 0.63370060503166802945
897 393 0.45109075009053201111 0.45131750228018402415 0.63370823143098997665
882 378 0.451092243442437979 0.45132234843848700878 0.63371406277080799541
881 377 0.45109237177598399127 0.45132658704458400445 0.63371498806927994973
887 383 0.45109585873198299044 0.45132817991726997819 0.63372057339002796361
886 382 0.45109709574319900582 0.45132407832850202078 0.63372022651360804257
909 405 0.45110497112624098337 0.45132172536355197323 0.63371840675441704072
931 427 0.45110630459931999603 0.4513187521920080103 0.63372076421621403863
923 419 0.45110648611449000178 0.4513249607142040265 0.63372383756822603385
907 403 0.45110012085737699605 0.45132377984919702651 0.63372524213762004841
909 405 0.45109812012294597805 0.45132290960351401088 0.63373073750309605323
888 384 0.45109155826561098124 0.45132461152732000764 0.63373557909780997566
865 361 0.45109005975945298816 0.4513314910752719844 0.63373860912269297518
864 360 0.45109572478977399967 0.4513336114396470089 0.63374798767346596229
881 377 0.45110883880890600972 0.45133939244226800591 0.63374669473732903047
893 389 0.45111080249188101332 0.45133862574964200842 0.63374857247407501148
909 405 0.45111439126863001059 0.45133594902981999386 0.63374762146901397752
910 406 0.45111386278286702556 0.4513366077650530217 0.63374156919523505493
909 405 0.45110814539744997775 0.4513329473399230185 0.63374132338933797381
918 414 0.45110920028546702687 0.45133194695907902227 0.63374367357611505192
916 412 0.45111016586740598777 0.45133171639342400949 0.63374635640485799115
922 418 0.45110676286431600213 0.45132871278717701102 0.63374098348426199934
929 425 0.45109856085626098832 0.45131957491754698397 0.63373944219447897463
920 416 0.45109482959361202337 0.45132369211291101241 0.63373359935599604675
913 409 0.45109402873632398201 0.45131814875011300181 0.63373130851186099122
916 412 0.45109364782259697702 0.45131782543259701956 0.63372855420996099252
938 434 0.45109850530203898789 0.45131737229678497991 0.63372362856688302379
927 423 0.45108747108843399998 0.45131326488620698845 0.63371779463484301242
918 414 0.45108841731908000394 0.45131823873802701108 0.63371199019922397344
923 419 0.45108317496922301082 0.4513190435768280051 0.63371198648014503974
928 424 0.45107611258738500304 0.45130988249744602436 0.63371515803759903562
937 433 0.45107860586646097989 0.45131185077696600594 0.63370749538513704291
930 426 0.45106900600577698457 0.45131429254357502412 0.63370258001226797973
907 403 0.45106833203236401664 0.45132476984761898953 0.63369934169181696415
904 400 0.45105775423684302261 0.45132295469814298627 0.63369730105449095792
892 388 0.45105332840944101225 0.45132779269232098374 0.63369118437205096406
900 396 0.45105061396714601907 0.4513256136168879995 0.63368974471151395811
903 399 0.45104934655338901894 0.45131880352737202555 0.63369509003171597961
890 386 0.45104606089021898052 0.45131771802059500454 0.63369760760091198293
901 397 0.45104922841642697273 0.45131999213718498876 0.6336987285281160398
909 405 0.45105329979909397631 0.45131698317824398003 0.63370252407582694509
896 392 0.45105203271852900571 0.45131944119878797395 0.63370008925026399815
901 397 0.45105546357590498019 0.45131773842023897858 0.63369991399764002971
892 388 0.4510539861077880186 0.45132128660067399872 0.63369980886246302099
901 397 0.45106113113832901895 0.45132130734349401591 0.63369660383453896291
911 407 0.45106514304191397402 0.45131788197955702291 0.63369408779234304152
911 407 0.45106222251424399339 0.45131111641238902399 0.63369453147365795154
916 412 0.45106715866801500026 0.45131117853301999654 0.63369382574842103573
917 413 0.4510552361727219739 0.45130296210311598992 0.63369091582664205387
929 425 0.45105230630908998979 0.45129502176857499984 0.6336836046437620551
946 442 0.45104632501239999565 0.45129085572836302731 0.63368064434708604171
935 431 0.45104300060633800706 0.45129849865899201999 0.63367727024049902429
933 429 0.4510384773489000132 0.45129176144355998002 0.6336755270701349696
965 461 0.45104205796104501758 0.45128417005320398125 0.63367202393859001219
942 438 0.4510296212246699965 0.45128359906810000535 0.63367386630587496654
932 428 0.45102430891750699971 0.451285892830395996 0.63367574712338603504
907 403 0.45101886639932597944 0.45128355250268498144 0.63367490592603503696
918 414 0.45101385382274999936 0.4512829616909539987 0.63367371746732803484
917 413 0.45101019622604299197 0.4512838776067100155 0.63367569206222695843
911 407 0.451000401686382002 0.45127866988875997567 0.63367501788486602088
907 403 0.45099533924638701698 0.45128518167615699896 0.63367709455801202179
922 418 0.45099260975832100584 0.45127803734225502286 0.63367199775515303806
929 425 0.45099626928208397247 0.45128507427468200763 0.63367444929490801542
941 437 0.45100192872656297283 0.45128649590452601936 0.63367380341993195803
960 456 0.45100261796222101962 0.45128407757254601629 0.63366665142770095542
935 431 0.45099127276370798434 0.4512854442765850127 0.63366291098805604953
927 423 0.45099469990284701826 0.45129357845499401547 0.63366629235045701662
916 412 0.45099277518084401883 0.45129423856512701496 0.6336630110463009613
918 414 0.45098988404870499203 0.45129346879151999161 0.63365828471845497827
897 393 0.45098796050037398553 0.4512961937818529834 0.63366085502032698518
892 388 0.45098385182346800715 0.45129534928167902574 0.63366889596662601125
894 390 0.45098575110501398777 0.45129684257482799437 0.63366546082356300928
899 395 0.45098657390375301857 0.45129431631043698259 0.6336702674095540111
885 381 0.45098380647021701906 0.45129758018199600533 0.6336704162022089859
907 403 0.45099166539748902771 0.45129863578761597598 0.63367111679698295834
907 403 0.45098199452780401986 0.45130357397018699972 0.63367543817872296064
901 397 0.45098361839241302151 0.45131053928286601895 0.63367652872755098059
907 403 0.45097835137360298141 0.45131475076773297506 0.63366935895878395701
921 417 0.45097845042431100593 0.45131883737254802069 0.63366687772092700204
920 416 0.45097021337508802485 0.45132171347184801835 0.63366291465628399315
931 427 0.45097264947678800118 0.4513144041216110014 0.63366559395532895405
927 423 0.45097253003183102038 0.45132304315298799047 0.63366176233563598075
917 413 0.45096979022893202149 0.45132736426236297334 0.63365903142149104799
932 428 0.45096860794484300294 0.4513248030468700045 0.6336499617616110358
936 432 0.45096642850170298722 0.45132310936973601967 0.63364327057657499065
949 445 0.45097297294250998645 0.45132839940606400697 0.63363815411753199314
934 430 0.45097454089425298429 0.45133578762565901288 0.6336311037504770427
929 425 0.45096711361108199334 0.45133337026002101622 0.63362697023728598023
938 434 0.4509685175912809818 0.45133474085560598699 0.63362087038173697806
920 416 0.45096693106890201053 0.45134215987311099294 0.63362176181714602308
896 392 0.45096532299072700223 0.45134811666315199918 0.63362379848818994876
872 368 0.45095913819941602085 0.45135302288415402039 0.63362166034542399817
883 379 0.45096891812260697652 0.45135307855328099524 0.63362325934028496111
892 388 0.45097254323940000331 0.45135262956618599217 0.63362539971959996876
879 375 0.45097680203300999358 0.45135250700751999853 0.63362433487074099059
905 401 0.450981377109098025 0.45135309746456897528 0.63362069928427500187
933 429 0.4509843970868769869 0.45134193778372500017 0.63361665557260304915
927 423 0.45097318211163300861 0.45133779236158999559 0.63361511710698603661
921 417 0.45097215480807900656 0.45133855223711100146 0.63361636193552295371
912 408 0.45096918078705300337 0.45133878798551102518 0.63361703742799901917
916 412 0.45096519066743401272 0.45133603347374801062 0.63361606846347096056
921 417 0.45096455849785699321 0.45133129808308697362 0.63361389836194004221
935 431 0.45096723937650901037 0.45133090229304401175 0.63361290009394799494
917 413 0.45096027760159701492 0.45132662340863499706 0.63361296486108797943
947 443 0.45096145002079202069 0.45132032037985497785 0.63361118563747698129
938 434 0.45096008663634401525 0.45132669770511002483 0.63360807027790000401
927 423 0.4509534241290110157 0.45132963614808302433 0.6336015462086199701
940 436 0.45095786358588801912 0.45132602144440897574 0.63360224226430095218
933 429 0.45096179934757402163 0.45132852963531999713 0.63360459363201204752
925 421 0.45096114637876599796 0.45132473843509601785 0.63359682593723898325
928 424 0.45096763628925701228 0.45133152520946401287 0.63359383599321894565
910 406 0.45096698274737501144 0.45133331102758600384 0.63359498791177804033
916 412 0.45096477927791700502 0.45133399608900498512 0.63359711564802301265
923 419 0.4509682857464850092 0.4513370736904370184 0.63359802655530894633
917 413 0.45096745785594999356 0.45133324935121099664 0.63359237421070402352
910 406 0.45096632460444502355 0.45133143844370998687 0.63359237570529303163
912 408 0.4509573352103740107 0.45133057494297901258 0.63359431556186396328
926 422 0.45095243977464000151 0.45132309948419302437 0.63358549112289097582
911 407 0.45094382556295897757 0.45132303105199500504 0.63359112435801401286
917 413 0.45094372159492501773 0.45132330275040699608 0.6335911153833370113
922 418 0.45094606071738602138 0.45132733012354797619 0.63359284191515796714
920 416 0.45094002492471602084 0.45132661556384900958 0.63359207449591004035
907 403 0.45093586559897297361 0.45132636931187902762 0.63358932165626902222
912 408 0.45093508733183002013 0.45132777357120901218 0.63359240244418402188
916 412 0.45093661980809501832 0.45132928581303699556 0.63358800068956699914
917 413 0.45093589619580598526 0.45133497928436100421 0.63358481436455404978
885 381 0.45092740319855001419 0.45133945464638197675 0.63358675472586001298
911 407 0.45093610483682400325 0.45133414494070300815 0.63359317030651596259
913 409 0.45093403037205598283 0.4513311506780500193 0.63358776928404902939
894 390 0.45093273001047601278 0.45134136444292499712 0.63359327490791195192
908 404 0.45093382549348798305 0.45133788285782899807 0.63359837799651297363
918 414 0.45093432253955201272 0.45133953496623802071 0.6335934430564119646
918 414 0.45093539544328897772 0.45133603968199298428 0.63359096099173695116
895 391 0.450935107373181987 0.4513439693026879973 0.63359216494094694472
910 406 0.45093441732045602688 0.45134040068302599957 0.63359548021576994614
913 409 0.45093495679986700386 0.45133470317147900142 0.63360159066024801522
913 409 0.45092802132709297602 0.45133095969890901777 0.63359713986059895685
926 422 0.45092510289684800684 0.45132902678031400212 0.63359167301485797008
931 427 0.45092300053510397939 0.45132960179977399395 0.63359019342213296344
928 424 0.45091757062861498317 0.45132326506826198065 0.63358851297473994801
924 420 0.45091572003599900142 0.45132683398762701854 0.633583824829868969
921 417 0.45092408977354098143 0.45132906028920699582 0.63358366865818604996
918 414 0.45091885753801902448 0.45132968903102899105 0.63358284752446802912
922 418 0.45092579092328999302 0.45133660626176502761 0.63358160307337596517
940 436 0.45092532081477099126 0.45132984067643200365 0.63357536648187096073
897 393 0.45090989705266498744 0.4513316919822910056 0.63357346709146000752
915 411 0.45091248227404800986 0.45132172720164798196 0.6335717163548070241
899 395 0.45091479479217100312 0.45132685423332097319 0.63357168463086499521
912 408 0.45091020896555800146 0.45132150293090600446 0.63356710351985001672
907 403 0.45090609171896500751 0.45132359980959801948 0.63356792098191605511
889 385 0.4509004007009079773 0.45132657469885301138 0.63357294171230105206
895 391 0.45090057513184900184 0.45132561295259798761 0.63357389768261995755
908 404 0.45090550511873800366 0.4513297839895559771 0.63357663626863203188
882 378 0.45089616886125899464 0.45132778686641000787 0.63358591056183399814
917 413 0.45089818967181499731 0.45132360245116898145 0.63358538645820094981
892 388 0.45089402331497502319 0.45133047457660302459 0.63358711609581497282
901 397 0.45089882057097202539 0.45133273003622997877 0.63358102635441704287
917 413 0.45090025240903597314 0.4513269923167250175 0.63358214327226602958
901 397 0.45089865841550702541 0.45132994872088100236 0.63358154808140898506
889 385 0.45090186789984698645 0.45133225723158398868 0.63358326466639502961
887 383 0.4509016938801119756 0.45133113416105902216 0.63358134707838698052
866 362 0.45090345039223700407 0.45134096434222598093 0.63358260477338401717
856 352 0.45090736379842100146 0.45134861130080999869 0.63358359391366703139
857 353 0.45091847323391398561 0.45135138127639301553 0.63358786439267000823
878 374 0.45092949338025400952 0.45134848788433901134 0.63359156145015105288
885 381 0.45092811367813201429 0.4513486662771429847 0.63359578528149695931
896 392 0.45093450326046802257 0.45134866815466900825 0.63359148232735196249
929 425 0.45093607049829398381 0.45134514967569799859 0.63359263629700501852
903 399 0.45093517707706998188 0.45135059625376500181 0.63359116266451598332
901 397 0.45093784731480501815 0.45134758238335298541 0.63359233321273800144
911 407 0.45093685707554198583 0.45134424644576198737 0.63358718500441002508
917 413 0.45093622451913101257 0.45134298149055102067 0.6335809518596999812
930 426 0.45093545152545000398 0.45134269565355900067 0.6335804297431230081
909 405 0.45093157140403100636 0.45134961656302302613 0.63358498999534695884
915 411 0.45092670842262200237 0.45134959887074099782 0.63358224085251502178
900 396 0.45092779783966402407 0.45135518145887398855 0.63358033788172096745
903 399 0.45092873619011197839 0.45135839065456700991 0.63358258804968203837
889 385 0.45092585440114602013 0.45136193650459999205 0.63358278269283996309
893 389 0.45092754931218498315 0.45136086593301999459 0.63358013444293503902
905 401 0.45092785961775200265 0.45136047056303002512 0.63357754173340496973
912 408 0.4509305924616929806 0.45136401471170101152 0.63357503395318304218
902 398 0.45092360317987800755 0.4513614830570100156 0.63357374870528304633
901 397 0.45092935163156200318 0.45136399477833799576 0.63357950052488298809
885 381 0.45093408223074299412 0.45137277440694500985 0.63357936480550802738
912 408 0.45093665041615099698 0.45136959833923001595 0.6335801661389169892
905 401 0.45093557488404800715 0.45136286638237999025 0.63358125147530997001
895 391 0.4509426797994389724 0.45136274383172497737 0.63358291742860495255
888 384 0.45094531025690898218 0.45136694339347899207 0.63357609050466900946
901 397 0.45095027371031498609 0.45136891563142500505 0.6335782344129160526
872 368 0.45095056908519898231 0.45137544635025500517 0.63358105735378900114
880 376 0.45095340307507497668 0.45137928618957001703 0.633587418091526966
902 398 0.45095381727899197521 0.45137198778959697343 0.63358809968496798692
916 412 0.45095397254516500496 0.45137132767698001645 0.63358747918378099939
906 402 0.45095219481016601826 0.4513717704357150251 0.63358328381414796837
938 434 0.45095618187798597321 0.45136851088107898811 0.63358712391741001113
920 416 0.45095096169433801503 0.45137165629470799022 0.63358345325209597387
924 420 0.45095165635233702695 0.45136984074209002271 0.63358203283322600541
936 432 0.45095724912663698314 0.45136852314093500738 0.63358019035056800661
916 412 0.45095569856668499265 0.45137047738031799149 0.63358138507944594675
924 420 0.45095366348460602657 0.45136819976705400137 0.63357901157613705223
920 416 0.45095039926754998394 0.45136533763680197762 0.63357559247604000596
937 433 0.45095717528087697623 0.45136892032308700839 0.63357310717157699909
938 434 0.4509510436981080117 0.45136415825257197865 0.6335762302224939857
924 420 0.45094161508142799333 0.45136509845223998783 0.63357195186382597729
927 423 0.4509403374558629829 0.45136285736753800624 0.63356290424515504522
907 403 0.45093876868965299121 0.45136180987480001292 0.6335598825301429482
916 412 0.45093861274237401204 0.45136235597902601979 0.63355201267565597334
905 401 0.45093859679465897461 0.45136858486995401485 0.63355063458179394775
889 385 0.45094053084639501572 0.45137430024944402707 0.63355381261443000085
910 406 0.45094232444766901846 0.45136547687136802098 0.63354987886296998401
903 399 0.45093309970341199922 0.4513674776897789731 0.63355169894770202443
893 389 0.45092687127577701922 0.45136543737311402014 0.63355156944493795645
904 400 0.45093715061379302522 0.45136565083065799397 0.63355269430408800435
902 398 0.45093375456996898087 0.451357582375401023 0.63355463455061800104
894 390 0.45093770020908202634 0.45135893064555199228 0.63355163655983903759
922 418 0.45094527286694702228 0.45136569848241897551 0.63354654287697098614
906 402 0.4509427593717770244 0.45136646140224601087 0.63354607469244694773
899 395 0.45093667446243601571 0.45136192329945001855 0.63354819719718702409
894 390 0.45094116627118002727 0.4513601872555860206 0.63354686775892798956
881 377 0.45093942856867297309 0.45136429612887102314 0.63355464136086603322
881 377 0.4509475113904050092 0.45136836970594002016 0.63356253205979096155
903 399 0.45095743181293601598 0.45137483364825797816 0.63356836525556903261
906 402 0.45096102645464597458 0.45137474415900502578 0.63357190129612694918
917 413 0.45096472763396699968 0.45137160804271198034 0.63356992220286501016
930 426 0.45096927698929201167 0.45137491579518401741 0.63356771342647799639
918 414 0.45096544144425598777 0.45138107414047101695 0.63356817471808701825
912 408 0.45096410020851701583 0.45138544324059798329 0.6335650163648109956
920 416 0.45095897707625798301 0.45138180792411497499 0.63356396042442597594
916 412 0.45094823656247501331 0.45137838697970200652 0.63356461452568901827
898 394 0.45094980918326899033 0.45137715043429699202 0.63356417385747298976
893 389 0.45094737534005802093 0.45137467223971100561 0.63356384217938199743
886 382 0.45094248270337700113 0.45136786034137299506 0.63356239560292704205
912 408 0.45094543066917497365 0.45136614179464801255 0.63355919645031899545
919 415 0.45094324539467700586 0.45136426369873000608 0.63355338411973094459
897 393 0.45094400154142699755 0.4513681202673620052 0.6335523495272089578
883 379 0.4509429975572760152 0.45137250473592999134 0.63355683925360195552
854 350 0.45094416144722798689 0.45137664458785498045 0.63355565999066798533
879 375 0.45094504623691600287 0.45136871894107799541 0.63355476996951398672
867 363 0.45094733593548297357 0.45137159840064999816 0.633556563712204035
866 362 0.45094986138996501213 0.45137659613959701943 0.63356295634407899797
875 371 0.45095459590544700879 0.45137857214827897812 0.63356614606995198535
884 380 0.45095624036651899003 0.45137671360027298295 0.63356799372056504804
888 384 0.45095364867116399799 0.45137137577856700776 0.63357113597147296513
884 380 0.45095196876159499011 0.45136837033037402467 0.63357019013370297067
873 369 0.45095039654961099895 0.45137301149279701606 0.63356693707344602373
874 370 0.45096121571376901471 0.45137534022183101179 0.63357199085542204031
861 357 0.45096278302976000596 0.45138075854256898278 0.63357699926333199691
868 364 0.45096830432631301866 0.45138585609137898969 0.63358498707532995287
866 362 0.45097060957885398702 0.45139192130752497922 0.63359053703262102619
870 366 0.45097498195566199097 0.45139355846103601522 0.63359540517693002659
873 369 0.45097845332184000045 0.45139780510956600823 0.63360125470936101699
901 397 0.45098522248185701766 0.45139365217908800076 0.63361062008800295153
903 399 0.45098982674252502401 0.45138675065589800584 0.63361378752503505485
878 374 0.45098709521317098536 0.45138209159237102641 0.63362002191744604129
867 363 0.45098911779295397517 0.45138612859902699226 0.63362386304791695757
886 382 0.45099121467995101353 0.45138814859739101459 0.63362790089117804193
894 390 0.45099315046035598487 0.45139133343657800168 0.63363451446132801337
889 385 0.45099211059873201002 0.45139247548926597631 0.63363924427382700699
890 386 0.45098921992014501248 0.45138774664848901885 0.63363981253557699613
865 361 0.45099164764576699094 0.45138800861935002295 0.63364422708102496884
874 370 0.450998952490861027 0.45139034947047501634 0.63364222156027805166
879 375 0.45100484351953501472 0.45138828577693201893 0.63363751437601101291
887 383 0.45101148195212797942 0.45138583201779802767 0.63363405975743603005
878 374 0.45101522053637999043 0.45138901781994000828 0.63363569268194896988
882 378 0.45101848741670702569 0.45139202452991700198 0.63363772495503900561
890 386 0.45102625418017400216 0.45139612225844299997 0.63363507367280502702
878 374 0.45103009607518401713 0.45140030970593697512 0.63364051591820202969
899 395 0.45103029146827000595 0.45140352227224100901 0.63363986559176799229
928 424 0.45103048680108698276 0.45139768821809300725 0.63363704480072202685
921 417 0.4510275629678189846 0.4514022225384369813 0.63363781227703996901
918 414 0.45102983256342799034 0.45139943612279398444 0.63363683347981303307
929 425 0.45103233605195497402 0.45139343068495701994 0.6336343031449650498
939 435 0.45103496658114300422 0.45139769862654399724 0.63362885685981495953
926 422 0.45103378416990902444 0.45140552130888300653 0.63362921752116296847
913 409 0.45102388976259899511 0.45140535621471100658 0.63362551845723802391
936 432 0.45102245257929701738 0.45140239344843602343 0.63362647007609895766
943 439 0.45101613878668100899 0.45139712616084598507 0.63362255983000104198
935 431 0.45101208933598102568 0.45139049371440798097 0.63362097724475896499
906 402 0.45100450892917598456 0.45138340911741497985 0.63361827069967402437
895 391 0.45100323610482700998 0.45138242231597297538 0.63361569984660104371
896 392 0.45099979760276498464 0.45138182166826901209 0.63361254178581805085
897 393 0.45100226957675998429 0.45138615770590201359 0.63361021758959001904
907 403 0.45100362090013301763 0.45138840097076099456 0.63361776406619496615
908 404 0.45100885398513601565 0.45139132816717197905 0.63361735046906397795
887 383 0.45100940479758799828 0.45139392553363899552 0.63361361227895696135
892 388 0.45101644792083300795 0.45139574715485197842 0.63361631248236605085
901 397 0.45102242295787198234 0.45139554961342898132 0.63361459782841000887
898 394 0.45102486874186997756 0.45139589640069599508 0.63361388005977903326
891 387 0.45102929595230101256 0.45139991260215100999 0.63361290929571900676
872 368 0.45103263512809699254 0.45140887756621000948 0.63361309900392204231
862 358 0.45103330987861600665 0.45141248654840798737 0.63361623336340000545
866 362 0.4510432846173170196 0.45141386580652598237 0.63361891230627098714
886 382 0.45105315991405897647 0.45141601535918401966 0.63361710732064202567
913 409 0.45105501273594500455 0.45141123451522102705 0.63362001380983901111
910 406 0.45105843163871800483 0.4514145241770829986 0.63362523604433296232
910 406 0.45105638754583299299 0.45141561954941800128 0.63363119922676902629
903 399 0.45104895674342099232 0.45141536665130899131 0.63363614114377897479
914 410 0.45104896813038297676 0.45141621626297900871 0.63362710144583600513
904 400 0.45105174634318800919 0.45142585107040700265 0.63362878384427301359
886 382 0.45104672535054901594 0.45142785727651502103 0.63363244479616798177
893 389 0.45105428019667198614 0.45143058318046702659 0.63363066925542399499
904 400 0.45105845078803302739 0.45143412789788800454 0.63363093460717401229
907 403 0.45106463075978098232 0.4514344685240069821 0.63362715798524604782
911 407 0.45106069555222699785 0.45142512054969802238 0.6336260049106750003
933 429 0.45106262981195799355 0.4514179999215620076 0.63362739602010498263
916 412 0.45106175779545898408 0.45142238826123098905 0.6336218216543579862
913 409 0.4510616727069189924 0.45142094357512302372 0.63362010034748594833
918 414 0.45106253340551100139 0.45142051344933797896 0.63361646219458500617
893 389 0.45106226832217000133 0.45142446238358202582 0.63361255385879899915
883 379 0.45106538182412497795 0.4514292845977759816 0.63360930694389094864
891 387 0.45106625087689600218 0.45143359705171998142 0.63360833144209205425
888 384 0.45106771688330299375 0.45143297330408399537 0.63360266267905396287
894 390 0.45106833185057398916 0.45143322380137002048 0.63359834250891899909
870 366 0.45106800165721000484 0.45143655766299600751 0.63359492973791398107
873 369 0.4510697525796990015 0.45143761323047099099 0.63359429787226095865
866 362 0.45106888078047902013 0.45143167578585902122 0.63359271070104095092
875 371 0.45107775505527697435 0.45143269760859200401 0.63359648609504704009
880 376 0.4510828257190589996 0.45144015233247197783 0.63358981463933394807
895 391 0.451088468587403979 0.45143737900780001038 0.63358518548192199749
892 388 0.45109021555329598119 0.45144070652956397316 0.63358767876961197274
878 374 0.45109360600721598589 0.45144919095054097946 0.63358943353787200436
901 397 0.4510997656110600218 0.45144187326485901712 0.63359345897603103204
916 412 0.45110020481735102482 0.45144123087565202201 0.63359807013969804412
898 394 0.45109409137084199859 0.4514396817614400037 0.63359912441029697661
914 410 0.45110070401981500199 0.45143930278348698426 0.63360095513608094553
904 400 0.45109876828259298787 0.4514444435417889756 0.63360145112605303908
891 387 0.45109472317075199888 0.45144616130848497226 0.63360117260939596839
888 384 0.45109977590875699471 0.45144717960851798999 0.63360143299042304132
920 416 0.45110499447532398376 0.45144431960106601309 0.63359932319698597514
905 401 0.45109852395109101275 0.45144933339947102002 0.63360020508887104906
897 393 0.45109461912439602349 0.45145043752261698744 0.6335954912478169998
914 410 0.45109589544391798244 0.45144955057577801361 0.63359097680110298967
937 433 0.45110077418842497998 0.45144267933324400133 0.63358779657664399121
938 434 0.45109616013069597784 0.45144503887001097286 0.63358173496613301445
934 430 0.45109142121029799366 0.45144240987313699609 0.63357773789026394784
936 432 0.45108931038220001497 0.45143916986127302637 0.63358253074600501265
921 417 0.45108722063507999955 0.45144416414062699117 0.63358042582237195095
918 414 0.45108303356270201823 0.45145081291449101757 0.63358323941803396107
907 403 0.45107839570193597467 0.45144401785627097379 0.63358996554962099257
919 415 0.45108221322984798363 0.45144569587938798705 0.63358690600366496248
900 396 0.45108142778557197561 0.45145220278290199012 0.63358746471192994854
885 381 0.45108812372155498993 0.45146086915152500163 0.63358768939673404397
891 387 0.45108537897328399024 0.45146092363519602086 0.63358933791426896853
894 390 0.45108579844125601399 0.45145894067362501989 0.63358592987918604944
913 409 0.4510863966193410235 0.45146019620484501012 0.63358282766522899809
900 396 0.45108307289044097255 0.45146164534373001143 0.63358465537778096976
883 379 0.45108404342836000422 0.45146662995005398811 0.63358342423156799317
877 373 0.4510874224335970073 0.4514739298801799805 0.63358672781207603375
876 372 0.45108997723360799714 0.45147210363187900706 0.63359082939969402215
882 378 0.45108749847028900559 0.45146998184357001183 0.6335873539325910242
867 363 0.45108838298208098205 0.45147477128433499693 0.63359160668225400492
871 367 0.45108893924387200025 0.45146775947119599515 0.63359782796238495184
886 382 0.45109954233755200637 0.4514653615332879788 0.63360203502288703348
879 375 0.45109700220049597785 0.45146654655569801173 0.63360952678717996633
881 377 0.45109741947761999858 0.45146778362167699905 0.63361502301850103347
871 367 0.45109934706467297305 0.45147432668669301714 0.63361591002225203795
869 365 0.45110700759234301227 0.45148083384128701034 0.63362127033549198174
885 381 0.45111249193646602018 0.45147813766598399177 0.63362315139272296083
915 411 0.45111770792594901858 0.45147735505659497557 0.63362250320928603653
894 390 0.4511184416639030248 0.45148085046266900333 0.63362013591662103007
884 380 0.45111788448296402665 0.45148611856589199176 0.63362451423828802799
915 411 0.4511223287174879748 0.45148062431103902492 0.63362704142815295949
915 411 0.45112029444025597558 0.45148145813407797311 0.63361966037559303011
936 432 0.45112265792346201154 0.4514821871948789811 0.63361892259194196875
933 429 0.45112110952216799564 0.45147563871065699015 0.63361697500659897031
914 410 0.45112344381465802057 0.45147479129830198064 0.63361353854847601852
911 407 0.45112661861657998852 0.45148196670793999674 0.63361289230643702552
913 409 0.45112533311513597356 0.45148076879566201303 0.63361051489138797699
898 394 0.45112523233414497659 0.45147582108168499149 0.63360496123279996805
906 402 0.45112859560407297943 0.45148066552280602393 0.63360467352419003184
906 402 0.45111625319452297589 0.45147797408488998805 0.63360657435027800677
891 387 0.45111713153552701616 0.45148299179134698811 0.63360687762337997153
917 413 0.45112217119655800834 0.45147667292571602715 0.63360670458573498109
912 408 0.45111639919662299691 0.45148300616720299372 0.63360224903148298914
920 416 0.45110829016382697487 0.45147757402100602286 0.63360240096615094707
911 407 0.45111081269782898895 0.4514790671655419807 0.63360503302840798234
913 409 0.45111093208708602509 0.45148146076696799023 0.63360807666928897763
935 431 0.45111265049218102208 0.45148319359110899995 0.63360659723688494971
920 416 0.45111221240282300959 0.45148834453568398306 0.63360971160919499212
928 424 0.45110606712932999063 0.45148317601391901865 0.63361126906118603319
914 410 0.4511040399873910145 0.45149080448378098307 0.63360898410962596117
893 389 0.45109941450766100068 0.45149473914996002266 0.63361174848367296519
909 405 0.45109964029505600358 0.45148461542157397597 0.63361327841810399786
899 395 0.45109901460231299763 0.45148834133047699435 0.63361746359496895487
880 376 0.45109643263704402028 0.45148863659536697668 0.63361753343924198667
897 393 0.45110554777415201588 0.451481792814640015 0.63361107189749299451
912 408 0.45111341862778397971 0.45147938559273897985 0.63360748404870204098
891 387 0.45110663012734097954 0.45147800087932499213 0.6336060332953229457
899 395 0.45111107178817100305 0.45147349934661701321 0.63360598784707600206
935 431 0.45111319850326897507 0.45146449354696699396 0.63360062058836996712
939 435 0.45110754565542698913 0.45145857498860597623 0.63359743943476398709
943 439 0.45111144938635999724 0.45145593030745201357 0.63359239828228897107
946 442 0.45110764785048801384 0.45145652168055999676 0.63358465058358703903
953 449 0.45110271481574198971 0.45144463420407299203 0.63357911934169797163
949 445 0.4510982022207020159 0.45144488048495201582 0.63357280387996595117
926 422 0.4510902552292500034 0.45144775943245502026 0.63356782389578303327
927 423 0.4510953667262569966 0.45144963252996600511 0.63356231562772402643
920 416 0.45109181157362499004 0.45145728168904497579 0.63356098956894302265
925 421 0.45108800421511902057 0.45146138374724198439 0.6335616392479079817
913 409 0.45108309801667600958 0.45145680516111502678 0.63355786787001500127
916 412 0.451088111582387985 0.45146355256891501639 0.63355139245697000838
915 411 0.4510822932549560238 0.4514582126260420214 0.63354595334590402267
907 403 0.45108024327927997987 0.45146039500469398176 0.63354290901381604684
925 421 0.4510814569686399933 0.45145626645995001747 0.63354150680594101264
921 417 0.45107876792928597309 0.45145639130389597637 0.63354462927356702817
941 437 0.45108005422448299582 0.45145150507381198723 0.6335434516685980455
945 441 0.45108544194593197529 0.45145639908235202231 0.6335377412393869978
910 406 0.45107902125928500681 0.45146093037454598784 0.63353546619567102649
914 410 0.45108003655624101524 0.45145371392196698146 0.63352490575208697532
906 402 0.45107882856726100318 0.45145190538297397254 0.63352710948915502698
920 416 0.45108341753652797523 0.45145113154242999531 0.63352382837507703606
935 431 0.45108650621848400686 0.4514490457448990246 0.63352353494152002789
931 427 0.45108280268370298804 0.45145274361910198158 0.63352170851720002176
961 457 0.45108706398377401703 0.45145177767086702714 0.63351530912070497248
955 451 0.45108143316185700389 0.45145509510663700548 0.63351024126903399125
953 449 0.45107444215640102314 0.45145056087901902497 0.63350494382546196359
951 447 0.45107031270425002045 0.45144671864545099504 0.63349587933181095156
948 444 0.45106587077067300529 0.45144479084243699374 0.63349466369803997257
938 434 0.45106107325968797239 0.45144672902369797907 0.63348363453677603019
926 422 0.45105518869386501679 0.45145009677981701168 0.6334836321898440481
921 417 0.45105817280973697914 0.45145208561191602081 0.63347774449305305211
897 393 0.45105887540473499353 0.45145519487923502222 0.63347901558559704949
891 387 0.45106221487028702599 0.4514505975876009769 0.63347609432196394508
897 393 0.45106049819001198253 0.45145092774809397751 0.63347892273615702408
890 386 0.45106129338119699268 0.45144914139376901563 0.63348303333244304625
900 396 0.45106612748900398735 0.45144738648718502061 0.63348357222581697101
885 381 0.45106516464521301257 0.45145004567259200412 0.63349150602486004047
869 365 0.45106554128385001334 0.45145072326500901294 0.63349102199422302473
895 391 0.45107192992163397394 0.45144872777351702231 0.63348942605022795505
889 385 0.45107094632765398767 0.45144800813754598634 0.63348862127396798893
889 385 0.45107655885057701406 0.45145213018400298655 0.63349066431395795185
912 408 0.45108172948741698249 0.45145340829720098652 0.63349255597670794948
923 419 0.45108475763442901219 0.45145461610536802288 0.63349768119875304873
925 421 0.45107988287076300482 0.45145704645595702287 0.63349667311617896548
