# step atoms n_gas iacc dacc tacc
881 377 0.13927682571832400438 0.13881444098983999891 0.16869986697878200377
870 366 0.13927402126110799419 0.13882428961210799279 0.16869435264041698908
870 366 0.13928460193082500829 0.1388341753531069922 0.16869729334178198976
873 369 0.13928759599549900283 0.13882811688445201304 0.16869596498577599242
871 367 0.13928907146448599175 0.1388340875941669883 0.16869264478831200171
874 370 0.13928315606576699426 0.1388251037150030065 0.16868607395737900134
875 371 0.13929367638453399314 0.1388346616564339886 0.16868791633617799541
861 357 0.13928033974369499748 0.13884026659708900708 0.16868836248610799555
879 375 0.13928560616057600319 0.13883496539392201075 0.16867384336030699643
877 373 0.13928397366244499311 0.13884579262641100206 0.16867663957715300915
877 373 0.13929425475457898886 0.13885316004957098945 0.16868170016893899166
874 370 0.13929149485047098711 0.13884936901836000822 0.1686842126230740091
885 381 0.13929145256973399225 0.13883399130782400621 0.16868253929046400641
886 382 0.13929106975582999928 0.13883264245713300422 0.16868678584865398618
870 366 0.13928193357831700205 0.13885180452744799728 0.16868815259864100575
874 370 0.13928732578734900893 0.13885963879738300042 0.16869039985093001177
866 362 0.13928782996326699584 0.13887192892055300053 0.16868973250663599206
882 378 0.13929683245972199201 0.13886694566765800385 0.1686874468371299951
873 369 0.13928290898682199606 0.13887344173505800082 0.16870320057772900113
868 364 0.13927178937261200375 0.1388699622789139887 0.16870208816360199311
865 361 0.13927133594730101152 0.13886847089394999122 0.16870168518258099599
857 353 0.13925762025727700388 0.13887442946990899428 0.16870441844892100636
871 367 0.13926930511084101294 0.1388636396082069957 0.168702333075882005
875 371 0.13926311871954100141 0.13885479599743300039 0.16870551380917300777
880 376 0.13927238820715601153 0.13885520540562198977 0.16870903504224599168
866 362 0.13927517976481901263 0.13888079046251000648 0.16870849644185201277
876 372 0.13926731548814400008 0.13887001408065099972 0.16870797766822501207
881 377 0.13927569114474400158 0.13886997742212800477 0.16870358537269200538
881 377 0.13926719444154600502 0.1388592147346200123 0.1687003034623779929
875 371 0.13926958313102699716 0.13887324478396501082 0.16869253415794699391
886 382 0.13927003011384100906 0.13886481665369099225 0.1686946618315079971
887 383 0.13927211653185200824 0.13886899708951799814 0.16870463584941400303
884 380 0.13926433415465799825 0.13887027754754999176 0.16869605486289099283
885 381 0.13924839209256700823 0.13886365898058400381 0.16869226837622799953
884 380 0.1392386903933940101 0.13886248440710100005 0.16869899760086901064
893 389 0.13925087849208300783 0.13886810678716299261 0.16870824229245198755
907 403 0.13926018567792800007 0.13885834107744499111 0.16872333491919799808
898 394 0.13926099470317698792 0.13887898756196198624 0.16873474770502300268
889 385 0.13925180250132698778 0.13888017405128699755 0.16874366296667900333
896 392 0.13925689590322198885 0.13888118412404398816 0.16874533530980700968
904 400 0.13926714085523900222 0.138883812668347012 0.16873979291570800898
902 398 0.13927162801350800869 0.1388843834785910003 0.16872809746173200729
893 389 0.13926819380302998819 0.13890423681433899938 0.16873317867607701137
894 390 0.13926573772555700392 0.13889334705377401336 0.16874812621413901037
893 389 0.13926554914216798808 0.13889334528674698865 0.16873799481787599142
889 385 0.13925755254743199529 0.13889264477886700822 0.16873927722804199503
876 372 0.13924799337273499611 0.13889796893345598972 0.16873353370586000044
873 369 0.13923544403036400285 0.1388891507134639991 0.16871946242062399457
873 369 0.13922869859523501201 0.1388753232842739882 0.16871092891011799098
874 370 0.13921210041239601152 0.1388655610580890043 0.16869207374980699221
876 372 0.13920519074429099637 0.13885497836155299978 0.16868405874423200719
884 380 0.13920823768506299101 0.13884671367960799149 0.16868472618124799589
895 391 0.13920523913552498851 0.13883792912023198984 0.16868518486560699077
899 395 0.13921123490358400243 0.13884695987175399434 0.16869012890055198883
902 398 0.13922609421847900735 0.13885576855261100304 0.16868897143323000054
896 392 0.13922479359752099048 0.13885900164580000649 0.16869458976835899344
888 384 0.13922869680430299821 0.13887384270471400671 0.16868964912514700094
881 377 0.13921954572415501383 0.13887271839533599227 0.16869066139929600467
886 382 0.13921755710268599038 0.13886781354741201122 0.16868380293796200742
874 370 0.13920650109011400986 0.13887346892799701248 0.16867756277814199839
872 368 0.13919237310593199353 0.13886713529359701047 0.16867221262968801199
877 373 0.13918719730447901006 0.13885316678390299816 0.16865351890817001368
884 380 0.13920665831964199044 0.1388594723768979966 0.16864715672425401038
885 381 0.13920341637876398888 0.13885913606093899797 0.16864011341808299305
884 380 0.1392078473650389947 0.13886135870909199763 0.16863801199103800599
894 390 0.13921269064049798803 0.13885465194265600442 0.16862764064511401307
898 394 0.13922277106705199801 0.13885886728871599249 0.16863297661624498947
906 402 0.13923059805176898895 0.13884788122426600099 0.16863041909134598995
913 409 0.13922579741910801054 0.1388359923577499877 0.16863781535573899029
903 399 0.13921611922081600365 0.13884224398155201041 0.16864367572572799836
894 390 0.13919362108873700734 0.13884381686166999414 0.16863742245683099874
894 390 0.13917481724301100643 0.13882381509022900801 0.16863120178795099058
892 388 0.13917043820199601067 0.13881705673836600146 0.16863175255152398901
901 397 0.13917748245646899274 0.13881479384620601381 0.16862567917388798788
904 400 0.13918990429731700753 0.13882747662425498625 0.16862780460072399058
907 403 0.13918917870777500201 0.13882568693252100855 0.16862860894924699973
898 394 0.13918209180162899319 0.13883162259427600516 0.16863414922095398829
910 406 0.13918739411503300296 0.13882448312737299956 0.16862227467531498704
916 412 0.1392016931713200012 0.1388264076136520031 0.16861496238318299246
912 408 0.13920880468834900823 0.13884375751629199347 0.16860587355845899071
919 415 0.13921306947472000815 0.13884183420182000246 0.16860029562795500468
926 422 0.13921758590035898662 0.13883521943119500608 0.16861092505754599058
930 426 0.13922066992848500244 0.13883636002880100913 0.16861576612343298631
925 421 0.1392158227209769894 0.13883229344017000706 0.16861282995937099116
921 417 0.13921943256732899341 0.13883924284688300976 0.16860951336671700651
922 418 0.13921032666366001118 0.13882829758984199797 0.16861422803484499289
912 408 0.13919518588117099633 0.13883326266115700309 0.16861511939466700127
913 409 0.13918820646689800125 0.13883108987179901272 0.16860207003326699304
916 412 0.13918414403936998913 0.13882380958987100561 0.1685956611153620055
909 405 0.13918578675169498982 0.13883534316560799948 0.16858629598731200705
912 408 0.1391777458717819993 0.13882128613635399961 0.16858467243497499144
922 418 0.13917347778746300135 0.13880256280330000029 0.1685842040635349981
921 417 0.13917208052346100033 0.13880371176658098942 0.16858631225775899676
922 418 0.1391672301952769919 0.13879101324039300192 0.16858195859808000616
916 412 0.13914761327692801163 0.13878355153315199977 0.16857828507412700447
921 417 0.13914840957833099488 0.13877849386727200698 0.16857523774554800111
919 415 0.13913159874615699252 0.13876295112120198838 0.16857413296856499363
915 411 0.13911676678918399874 0.13875161606941199821 0.16857302902409299072
919 415 0.13912325582804099811 0.13875337918477700927 0.16856894850616999104
928 424 0.13912555709214799449 0.13874260901678600599 0.16856628120030800466
924 420 0.13913429529551099573 0.13876087833178099573 0.16857697638734900347
935 431 0.13913342577343698614 0.13874964226675198797 0.16859882308850498989
920 416 0.1391197300920989921 0.13875636352429498999 0.16860899711444399252
915 411 0.13911342294215400806 0.13875317088148400591 0.16861619120087301127
919 415 0.13911879110609901011 0.13875573820103098699 0.16862271381453500241
909 405 0.13911908876093900811 0.13876577878873200267 0.16862108591238200717
900 396 0.13910601852682000223 0.13876578244997900269 0.16862594540625100437
900 396 0.13910457548362600844 0.13876318601002898823 0.16862953388542700761
895 391 0.13910840745892599779 0.13877376281432898808 0.16863862876946900116
904 400 0.13911177044224801169 0.13875919529277899733 0.16862612158296799714
898 394 0.13910802526266100032 0.1387658477722449879 0.16861453773188600502
894 390 0.1391011834100160105 0.13876887283317598798 0.16861263130937501065
894 390 0.13909417447648100841 0.13876963807996700595 0.16860497630119100632
887 383 0.13908747537073298806 0.13876930286816699378 0.16859108960768098839
884 380 0.13908417078303600412 0.13877347311803400753 0.16858181528671500882
892 388 0.13908117256021199082 0.13875281770623199007 0.16857776665666698857
902 398 0.13908283775200000476 0.13874228614590500275 0.16857905795752700651
902 398 0.13907403026512499267 0.13873189469542299146 0.1685798677668740031
905 401 0.1390702308172530044 0.13872108735373400723 0.16858067696716200201
906 402 0.13904952753914900931 0.13870107645154600151 0.16857487551741801024
919 415 0.13906374104142099624 0.13869897538333200715 0.16857789844682799507
912 408 0.139068366898896012 0.13872228669129199607 0.1685757823759490015
907 403 0.13906707715534999403 0.13872175975509298818 0.16857974686429499922
905 401 0.13905989946942298729 0.13872474302441600846 0.16857506846585199045
910 406 0.13906152724417600308 0.1387186612530640073 0.16857267262514200046
903 399 0.13905592852035200679 0.13872215471520998875 0.1685795367491589869
911 407 0.13905882567658600646 0.13871192908852500447 0.16858297102595901085
906 402 0.13905947571581001032 0.1387209706215400129 0.16858037061482400443
896 392 0.13904855992075498827 0.13873236433615199203 0.16857668418306900882
893 389 0.13905314655544198654 0.13873614663235500633 0.16856934106567400544
898 394 0.1390543508304059872 0.13872352987701699889 0.16857498908249199387
893 389 0.13904109485029300664 0.13870973630069999283 0.16856244823883700934
907 403 0.13905102731492799406 0.13869852859539399947 0.16856883734318300894
911 407 0.13904346084740298872 0.13869028076682199391 0.16856723812984900079
927 423 0.13907137137844699515 0.13869449348623499874 0.16856222605406501192
933 429 0.13907833919728099237 0.13868659699535598739 0.16855668850544100468
925 421 0.13908108681465800038 0.13870164571546300669 0.16856255835300398838
917 413 0.13908126416285099269 0.1387147442461869884 0.16857159550392100678
919 415 0.13908017782279000207 0.13871329379957600403 0.16857342452586299153
917 413 0.13907817026524099679 0.13870961872044801355 0.16857868597629099838
913 409 0.1390752825153699912 0.1387122982848149888 0.1685707680703920075
909 405 0.13906395335626300924 0.13870588449185899949 0.16857838394402299698
901 397 0.13905703849714701192 0.13871520835584300047 0.16856997006809701367
901 397 0.1390542917765290043 0.13871089846449599636 0.16856493062062100075
897 393 0.13903458944650398665 0.13869776452582999182 0.16855816079554100662
913 409 0.13903893519035800952 0.13868623078089201139 0.16855655557803900235
903 399 0.13901875331139598724 0.13868126283672699284 0.16855077099668999696
902 398 0.13900755237980799706 0.13867399221966600353 0.16855297513114100849
908 404 0.13901488012166698938 0.13867973291155399895 0.16855085572471700806
903 399 0.13900499402866900445 0.13866974459051001345 0.16854874649693799005
910 406 0.13900855247072199661 0.13866202330519500352 0.16854927733409599822
907 403 0.13899758172030998726 0.13865674345560399794 0.16855123274837499614
910 406 0.13898297937050499429 0.13864232444271901157 0.16854801532228300132
917 413 0.13899549373875300096 0.13863898291768700366 0.1685523083616840001
909 405 0.13899357060275699394 0.13865197748952198809 0.16855625955590000653
904 400 0.13899114935054798781 0.13865826158240698862 0.16855666801052898718
902 398 0.13898325475755998748 0.13865558880500300498 0.16856277342610201386
894 390 0.13898029900985600649 0.13866103139843599656 0.16856579342719499315
908 404 0.13898915339998499374 0.13865354531047699438 0.16857463118570201188
906 402 0.13898740451974300747 0.13865618311674099417 0.16857215743482401038
907 403 0.13899187196942300315 0.13865761149187899592 0.1685824907642750059
909 405 0.13898928888761299949 0.13865214468421399596 0.16858028669321500903
913 409 0.13899558863226799121 0.13865423039259000548 0.16859279503951998813
908 404 0.13899009292084199552 0.13865510856737300882 0.16859404033158501002
898 394 0.13897959979228100003 0.13865953981939699302 0.16858796118942401265
888 384 0.13896920072342300312 0.13865717207524200227 0.16858800227634498925
895 391 0.13897216691142300071 0.13865162737194799969 0.16859015108915600956
899 395 0.13897238434548001007 0.13864263849688099328 0.16858197303678099099
884 380 0.13895097723628199726 0.13864610317026399011 0.16857162570992101358
880 376 0.13894538352730201325 0.13864744223127400957 0.16856415861850498894
883 379 0.13894565201110201103 0.13864291752327900786 0.1685582470354730078
883 379 0.13893495513069101244 0.13863376892653000994 0.16855940996440099688
885 381 0.13893929655130998757 0.13864417238538601085 0.16855057573167001039
885 381 0.13894056418948100284 0.13864825289765500549 0.16854499491322899596
884 380 0.13893946613311999871 0.1386500037414669928 0.16854627917527401082
882 378 0.13893310080994100697 0.13864735311345999236 0.16855744675108799702
885 381 0.13892835820874799291 0.13863593877331900628 0.16856808503466300109
887 383 0.13891806565946299146 0.13862067006597400542 0.16856612576855900532
881 377 0.13890280859978801353 0.13861985381673699869 0.16855820737370699747
887 383 0.13890172669271799721 0.13861094761603801051 0.16855961016754300585
897 393 0.13890486821259601102 0.1385998891951449874 0.16854930051721600526
899 395 0.13889786864442299485 0.13859373087340398634 0.1685418751785320024
893 389 0.13889840276123199825 0.13860996082799700857 0.16854143833534299124
884 380 0.13889988835111399812 0.13861773094481499857 0.1685393258425710028
881 377 0.13888306048964699224 0.13860317252012499534 0.16853453449411098797
891 387 0.13889235987126799521 0.13859768631188901233 0.16852139866130799728
876 372 0.13887484460391300023 0.13859907916478400591 0.16852131341456499936
883 379 0.13886597125885599691 0.13857820159327299825 0.16851013448093798974
878 374 0.13886321420590100328 0.13858319771394700393 0.16851453620136899736
876 372 0.13886421366904000418 0.1385800567356089974 0.16851101699190698668
871 367 0.138861088425067003 0.13858117537120701046 0.16850195032969000897
874 370 0.13886085268305700668 0.13858525108471000942 0.16848816164571900345
869 365 0.13884788011404200492 0.13857793159612699641 0.16848066444113299345
875 371 0.13884402202831000461 0.13855989252820000157 0.16846762035591500428
873 369 0.13883123198613001037 0.13854995736721001376 0.16845797203917001195
881 377 0.13882289824939200718 0.13853519026944000059 0.16846574329398900094
882 378 0.13882008189657599195 0.13852748952395399495 0.16845405403788099585
883 379 0.13881751498337799311 0.1385231282400780084 0.16845609549609399935
880 376 0.13880253208011500421 0.13851514212080401345 0.16844701849461898857
883 379 0.13881991162339299417 0.13852698316654499244 0.16844563561335801349
887 383 0.13882638713197700819 0.13852415401993101174 0.16843865983647499096
889 385 0.1388281779113829939 0.13852187234223800605 0.16843187691128100325
880 376 0.13883058293451200349 0.13853649867432099585 0.16843101561017900791
879 375 0.13882777116914199467 0.1385309583587890081 0.16842356971989400072
882 378 0.13882845077017799684 0.13852813212161699252 0.1684207098711880124
885 381 0.13882531854871799082 0.13852826660650000012 0.16841604535844900692
886 382 0.13882652993430699695 0.13852462410219498756 0.16840861307626900367
875 371 0.13881843653292000318 0.13852571332259400183 0.16840366077224500074
879 375 0.13881956612780899096 0.13851570996244100265 0.16840791461098800208
889 385 0.13882287028552600661 0.13851112322304098834 0.16840839367868801202
890 386 0.13882375481730099831 0.13851003669148900799 0.16840542895528901046
891 387 0.13882222251667600266 0.1385048869836809915 0.16839849623492700315
893 389 0.13882224725865199844 0.13850085279395099591 0.16840328123108300185
886 382 0.13882170045042799278 0.13851504322168101124 0.16841456937998400267
894 390 0.13882409727894098883 0.13850944406008600107 0.16841516161891201264
906 402 0.13884622852986699959 0.13851956332359299795 0.1684271586755969885
889 385 0.13885453537443900873 0.13854875851369599649 0.16842686165105499874
883 379 0.1388527503735539903 0.13854856548695299034 0.16843554269742500029
886 382 0.13886019346978001332 0.13855274470294901001 0.16844020323811101369
878 374 0.13885755081154999013 0.13856054674832599116 0.16844747796482001378
879 375 0.13885813301202801218 0.13855976461914198961 0.16846004443581899523
870 366 0.13885288422985300749 0.13857274164471000688 0.16845959584804601206
872 368 0.13884804676818199298 0.13856139009740900403 0.16847120506591400924
872 368 0.13884178719139400604 0.13855380080244000807 0.16847803321516299779
870 366 0.13883211293523201046 0.13855367706337501366 0.16847421642834001232
870 366 0.13882464332700300558 0.13854772393518599571 0.16848079123332901363
880 376 0.13883427151472799155 0.13854380889031001067 0.16848096982070701055
872 368 0.13883510502722901103 0.13855465884058901227 0.16847921005384200455
873 369 0.13882967509174098941 0.13855110644307200296 0.16847265562521698823
874 370 0.13882550949451000211 0.13855064813165199333 0.16846597470959601139
891 387 0.13883479947722199288 0.13853879913085098696 0.16846557278502299893
881 377 0.13883181212567999308 0.13854832919366300015 0.16847552111408800601
886 382 0.13883325390098699703 0.13854316043553899229 0.16847813746754800035
876 372 0.13883108076489100724 0.13855511659964400706 0.168482438992123007
884 380 0.1388352819318099951 0.13854508196700998646 0.16848167776837499887
886 382 0.13883704696711798854 0.13854849636306398875 0.16848321935510698899
891 387 0.13884935250329000223 0.13855341505596999174 0.16848511355346199037
889 385 0.13885196215893899629 0.13856170352111799038 0.16848118933046898893
881 377 0.13883483532525200954 0.13855532625133901159 0.16847844358191799152
879 375 0.13883582637991701003 0.13855184937880898888 0.16847378599340501193
884 380 0.13884021888362998998 0.13854743381706699501 0.1684765501470019966
886 382 0.13884153253871001077 0.13855423445710299268 0.16846576266521601228
898 394 0.13884891457582398955 0.13855272222007400384 0.16847239088285501096
912 408 0.13885705882418400425 0.13854400406157699188 0.16846916972015998915
906 402 0.13886062850111399736 0.13855806505225801151 0.16847094856963901188
901 397 0.13886581183752499946 0.13857045593358499613 0.16847842726726300344
895 391 0.13886868851389699842 0.13858239027604798976 0.16847981729783700899
890 386 0.13886699951419301247 0.13858626768237800042 0.168472480819930992
890 386 0.13885102041389399408 0.13856914840921899512 0.16848882746234300489
885 381 0.1388507898130089957 0.13856559101257800992 0.16848097073444298633
888 384 0.13885080375744499048 0.13856336031808799691 0.16847569436599998949
888 384 0.13884726844007699853 0.1385617359019939987 0.16847029146991299164
887 383 0.1388472836622970108 0.13856592951927901303 0.16847047224187300385
889 385 0.13883549093294700327 0.1385533236223329967 0.16846835780679800254
887 383 0.1388279758898539884 0.13854980468729899412 0.16847723421989499459
893 389 0.13882163619737200588 0.13853806215787001221 0.16846787173083599409
902 398 0.1388194477653399983 0.13852693151615699807 0.16848077830604499261
902 398 0.13881786429800299643 0.13853028149672200198 0.16848156626161500671
902 398 0.13882481055237899659 0.1385433854162390066 0.16848792902796100313
887 383 0.13880730319411399565 0.13855031929164099425 0.16847990449938099466
894 390 0.13879860968396801058 0.1385327526873159909 0.16848285106743998707
880 376 0.13878666365757200141 0.13852770554090698685 0.16847796940823600575
874 370 0.13878380879644899859 0.13853483802515201284 0.16848624557710600858
870 366 0.1387791505309519946 0.13853706160787898627 0.16847510824928299544
875 371 0.13877934977820899354 0.13852790033268899683 0.1684784339842700096
871 367 0.13877930718664199805 0.13853293209467801295 0.16848161174057499356
873 369 0.13877561629256998654 0.13852843293280500681 0.16847418784511800083
878 374 0.13877950482681200572 0.13852317928670199176 0.16847424436780000789
884 380 0.13879012801697598878 0.13852805089627198698 0.16847071784212999668
883 379 0.1387837937244769948 0.13852464703209599328 0.16847813912472101028
878 374 0.13877766418980500007 0.13852722530846400817 0.16848169989961600534
879 375 0.13876673253720700485 0.13851351351331300799 0.16847970896958200382
882 378 0.13877234033949401026 0.13851409397309799587 0.16848291747349400382
891 387 0.13877570420537299611 0.13850736962413098818 0.16848346481566500721
892 388 0.13878862138603101362 0.13851776397782300521 0.16848470947007498921
874 370 0.13878413467884900823 0.13853012399183300962 0.16848787332320899757
879 375 0.13879060906929699404 0.13853728868523398909 0.16847891112518101342
882 378 0.13879975087683699142 0.13853841475171099762 0.16847066045397598999
891 387 0.1388016201548279982 0.13852701585113599836 0.16847505504378801344
895 391 0.13881007614871798683 0.13853062623571699152 0.16847368667348100457
876 372 0.13880327437766398768 0.13853868380456099696 0.1684685683193239969
879 375 0.13881611453896700037 0.13855331519920199845 0.16846744568513200013
874 370 0.13880545153785600609 0.13854652961086100227 0.16845734554708299835
870 366 0.13879415766700101131 0.13854105695187698966 0.16844853851987198756
862 358 0.13878187606962999467 0.13854153787743400672 0.16844453419810700989
869 365 0.13878012328979100198 0.13853877130986499977 0.16844518327784799294
877 373 0.13876873359245001094 0.13852192515500300063 0.1684406992909359968
876 372 0.13875619344896999996 0.13851187347199100941 0.16844229373532901284
867 363 0.13875465096767500284 0.13852135161811399144 0.16843643231881200162
872 368 0.13875493926775100961 0.13851594264445599158 0.1684230159469090049
871 367 0.1387475070259429899 0.13850524005230899216 0.16841065842847999234
886 382 0.13876063739936700392 0.13849975332418598684 0.16841336359336300799
884 380 0.13875539900777200675 0.13849647472361401035 0.16840547619291498793
892 388 0.13875322320199501291 0.13848133700563999837 0.16839699851346298654
899 395 0.1387599071329370104 0.13848108736865100132 0.16839032061240299942
912 408 0.13876575178398001253 0.13847259833546698982 0.16838792762173299122
903 399 0.13875000714229199228 0.13847636062728399531 0.16839818351728899626
900 396 0.13874739928038298808 0.1384799221498350108 0.16839505183712799585
898 394 0.13875268190927900203 0.1384851974505729999 0.16839859900820200456
894 390 0.13874745998747300968 0.13848815924931601185 0.1684079900723350065
894 390 0.13875040475386099526 0.13849279016921600682 0.16841119144551500164
900 396 0.13875073434191700916 0.13848543567211599181 0.16842345881836701116
895 391 0.13874896302801600911 0.13848991002064400813 0.16843201200798899042
900 396 0.13874493632899501105 0.1384804096563179987 0.16842756727304100672
892 388 0.13875926590639400815 0.13849698243110100671 0.16843299557573299108
897 393 0.13876674564821200875 0.13849723387932000307 0.16844315003550899834
900 396 0.13877493502000098902 0.13849829546245198686 0.168438623962731987
899 395 0.13877276310415098681 0.13849823832936000723 0.16845309164251900946
897 393 0.1387661689275830057 0.13850070414886600512 0.16844615711283000836
901 397 0.13877398961692199997 0.13849740172191898901 0.16845096145341401095
913 409 0.1387724527489989923 0.13848400031317301129 0.16845292939004899435
918 414 0.13877214071143201268 0.13848042182165098968 0.16845882218108801376
915 411 0.13876370102799301387 0.13847929842222100882 0.16846898000295398856
917 413 0.13876094685290199515 0.13847793513923001285 0.16847058756573599081
919 415 0.13875815397871799073 0.13847377150364201248 0.16846934988206399564
901 397 0.13874665338642699908 0.13848538277764399496 0.1684664827637950002
914 410 0.13874792573767300019 0.13847398166870600322 0.16846427449814899147
912 408 0.13874939389365600895 0.13848114792048998867 0.168463623346396002
919 415 0.13874184903132399937 0.13846787596395099262 0.16846336211016099682
923 419 0.13874221303500899882 0.13845872039012199761 0.16845301424405301205
914 410 0.13873479105068900474 0.13846160397304499434 0.16844826827743900055
900 396 0.13871923162939100993 0.13846420164375100592 0.1684472805651940075
922 418 0.13873879483814099967 0.13845702135969301105 0.16845730232625300005
915 411 0.1387307116065820134 0.13845796095326601272 0.16846386212496100576
901 397 0.13871458169790198967 0.1384617347189920078 0.16845471820286400666
912 408 0.13872547980046098792 0.13845558740453400848 0.16844887592610299776
908 404 0.13872294840303001084 0.13845999130303099367 0.16845203368986300108
917 413 0.13873132082596101311 0.13845278145900799527 0.16845595546877700777
915 411 0.13872545004118599921 0.13845080270956899859 0.16845965112844898948
913 409 0.13872511647587398853 0.13845457246736600498 0.16845053289661798823
893 389 0.13871325584132798703 0.13847185327870800697 0.16845154184075800119
902 398 0.13871844758798698716 0.13846069007624400848 0.16844252939755299803
901 397 0.13872308976827499305 0.13846430015160998694 0.16843942821363500073
913 409 0.13873125753380000091 0.13845992983090998907 0.16844209791837500001
907 403 0.13873879206567199529 0.13847390284292798723 0.1684427968418880095
885 381 0.13873825132666001148 0.1384941426957879973 0.16845003945003500512
891 387 0.13873932240848599329 0.13848820337930101143 0.16844153379549101079
890 386 0.13874680576948200672 0.13849563889896199242 0.16843739179053399124
879 375 0.13873480791270900725 0.13848905136235500901 0.1684306478003040064
875 371 0.13872321625781200427 0.13848687317839700195 0.16842848565303700226
878 374 0.13871490880736200846 0.13846522443782899314 0.16843057427315399899
871 367 0.13870078740138000462 0.13845458105906799373 0.16842842112515998831
870 366 0.13869230758399400671 0.13844875541296600141 0.16840906242904199464
873 369 0.13869116700696199063 0.1384417211595400099 0.16840670341668700916
878 374 0.13868764870607799833 0.13843728889870199339 0.1684057163518730138
871 367 0.13867730743884498779 0.13843686472550700839 0.16839550590864399426
873 369 0.13867118419481899716 0.13842819754462901138 0.16839502631720701387
874 370 0.13866623265635399931 0.13842094238462898659 0.16839735084432799761
890 386 0.13868130943345000072 0.13841734464551599948 0.1683907412102630119
866 362 0.13866475237316000513 0.13843475915299599532 0.16838369963358099102
882 378 0.1386758497735920137 0.13842465676451801149 0.16837865083654499077
887 383 0.13868137595533000517 0.13842210036565599784 0.16838509918286601041
883 379 0.13867825960277399555 0.13842584925923900885 0.16838099113244400784
887 383 0.13867592208849199853 0.13842167361332299858 0.16837440627663999293
894 390 0.13867631416875900174 0.13842088802414201365 0.16837918229674400661
888 384 0.13866530862917200717 0.13841699788979100472 0.16838311452582399586
880 376 0.13865676088053000004 0.13841837206610299593 0.16838006023194099225
879 375 0.13865548568197599844 0.13842362392467599808 0.16837338155027400943
878 374 0.13865836307865600507 0.13842818367436199312 0.16836800412173399955
875 371 0.13865405921181200855 0.13843377306323401132 0.16836586524756799732
879 375 0.13865321473492300819 0.1384314784824280109 0.16836586218945900906
884 380 0.1386558552066609884 0.13842468743334698789 0.16837121808106400578
876 372 0.13865263569225999563 0.13843350019632200132 0.1683736062012070045
881 377 0.13864419548789899683 0.13842083995713300171 0.1683734828202619882
883 379 0.1386367978932599998 0.13840992955364800343 0.16836982390490298767
880 376 0.13863409805419499299 0.13840956152122199652 0.16835737474351800125
884 380 0.13862895785056000841 0.13839928597648398778 0.16835746381114599646
889 385 0.13862583508051098957 0.13838828810570000249 0.1683558259946069946
893 389 0.13862689277855699821 0.13838616473327700063 0.16835777334740900657
886 382 0.13861805200698598672 0.13838735063132701075 0.16835591592861398613
894 390 0.13861679651925198908 0.13838157980979701178 0.16835879365797901119
893 389 0.13861245636690600058 0.1383854680127299952 0.16836460939175901252
878 374 0.13860902799393198803 0.13839182419548198832 0.16836031703339898735
894 390 0.13862341468549699286 0.13839019469027000198 0.16835365471511601343
890 386 0.1386286816618229889 0.13839804324127399915 0.16835355980848198953
886 382 0.13862417837062299131 0.13839783005817699046 0.16835285808215499914
886 382 0.13862863015772200481 0.1383981326438780135 0.16834928534200499506
883 379 0.13863303778925401 0.13840314340077999877 0.16834650641071899346
891 387 0.13864014878124300556 0.13840230777128900708 0.16835590517451398673
894 390 0.13864736511299899369 0.13840737594234400754 0.16836457437171500895
894 390 0.13864402924612700962 0.13840989644848400442 0.16836169730909100739
895 391 0.13863861018936599057 0.13840739099061299955 0.16836040960928699839
894 390 0.13863954798482400199 0.1384142259063589897 0.16836803759780899492
895 391 0.13865010106420500025 0.13842483757220400142 0.16836731861397200016
895 391 0.13865860448091299473 0.13842920716334700115 0.16836741772561700237
889 385 0.13866586919512299825 0.13844104485359098877 0.16837165630393000071
893 389 0.13866909885065600849 0.13843977140301499951 0.16837579642107400324
888 384 0.1386735882626110028 0.1384478213782129874 0.16838187448838701221
887 383 0.13866913042015899249 0.13844750605395000909 0.16837272968454899957
881 377 0.1386661283541210099 0.13845288295097898934 0.16837809783571799915
886 382 0.13865527054482398861 0.13843879910161399627 0.16837073043753100765
879 375 0.13866198739894600167 0.13844992799360500424 0.16836438121061200746
882 378 0.13866083612778601353 0.13844354314012999319 0.16835456347794700016
876 372 0.13864932410955299602 0.13843597049211500694 0.16835083890505800341
886 382 0.13865393109521501058 0.13843008360842498639 0.16835081306308999349
888 384 0.13865658111312900713 0.13843005206405600838 0.16833549624691698798
890 386 0.13864820653699000408 0.13842855246986598972 0.16832827436410499611
895 391 0.13865645280689700702 0.1384380238497059934 0.16832861221090200665
905 401 0.13867116164109899445 0.13844056126623599523 0.16832759670453201206
900 396 0.13867995629504500932 0.13845367729799099021 0.16832261875504200832
893 389 0.13867566543832698933 0.13845835260315900173 0.1683261820337960124
897 393 0.13868162885940099605 0.13846003099626399968 0.16831709796240598709
897 393 0.13867699888492099336 0.13845890656626000381 0.16831537107211899662
902 398 0.13868173237254799446 0.13845396383617200597 0.1683117008409500126
899 395 0.13867454533931600213 0.13845116675333099532 0.16830827181607899146
892 388 0.13865189766359900525 0.13844315536590801052 0.16830196787048498641
904 400 0.13864656280262199761 0.13842917135091001302 0.16830426321223498909
903 399 0.1386465372025869891 0.13843155618585201161 0.16829994742292500587
909 405 0.13864818500323600192 0.13842826144405301347 0.1682939799382859869
912 408 0.13865464301092300659 0.13843411716919098997 0.16829619359827399649
909 405 0.13866417043872700243 0.13844443496583200282 0.16830384487664701298
905 401 0.13866310659344599499 0.13844666309963399309 0.16831178970086199675
905 401 0.1386691318467200007 0.13845677908988099358 0.16830905700859999374
910 406 0.1386725605473700107 0.1384555119542320023 0.16831250030034400345
907 403 0.13866841371616001055 0.13845745879411400225 0.16831379322880399285
904 400 0.13866928997906599608 0.13846272178602200831 0.16831815673656400079
905 401 0.13867027527490699557 0.1384616440799409931 0.16832031635901001376
898 394 0.13866220479322000081 0.13845885668070098684 0.16832167318987600879
894 390 0.13866300198317399461 0.13845951204233300502 0.16831746297266200751
894 390 0.13866270040523900886 0.13845966045138899392 0.16831599024855500857
899 395 0.13866308851127900903 0.13846124313721600019 0.1683140572533020074
893 389 0.13867223820495799824 0.1384750975918100091 0.16830879613383800675
897 393 0.13867310045022099296 0.13846295080870099636 0.16830067820595900896
899 395 0.13866922474595000381 0.13845525882867398826 0.16828551170183500552
899 395 0.13866072538444801365 0.13845117402501599946 0.16829258113653999818
893 389 0.13866353500230299556 0.13846246504370199326 0.1682907745926719989
900 396 0.1386655855278420002 0.13845501255428699361 0.16829205592129700686
907 403 0.13866740537445698678 0.13844790181935501261 0.16829776225838999348
906 402 0.13866607735270100599 0.13844971543729300834 0.16830435774759200385
918 414 0.13867145950703599344 0.13844313669183500037 0.16831961774370798879
920 416 0.13867535494933799778 0.13844286959758700384 0.16833223751800399648
916 412 0.13866903239502900713 0.1384418884212089973 0.16832156205368400959
900 396 0.13866607451305598686 0.13845479472986799152 0.16832031068755198833
908 404 0.13867821875870600667 0.13845744317775099397 0.16831531224901599697
914 410 0.13868131179928100405 0.13845129313619899958 0.16830790734132100583
914 410 0.13867654523932901323 0.13845056184814699685 0.16830881470887901208
907 403 0.13866324194216300691 0.1384481738165629916 0.16831042294774500867
917 413 0.13866306189650398628 0.13844161332741899972 0.16830964954152299873
918 414 0.13867016503964399443 0.13844952450503200669 0.16831828785178801211
911 407 0.13865363498964600186 0.13845219004884498637 0.16832599019981400734
908 404 0.13864152901665299789 0.13844703856983700541 0.16832894459288899602
895 391 0.13863696243221299009 0.13845512880715399318 0.16831734349960200681
904 400 0.13865028842466900483 0.13845536145666301198 0.16831080630826900091
906 402 0.13865247986301099115 0.1384515123106790091 0.1683109428995220036
900 396 0.13864871868252900966 0.13845955062273798686 0.16831593016615301051
909 405 0.13866085850313400463 0.13846199864832600679 0.1683247744809200086
901 397 0.13865288177210899345 0.13846739337247099266 0.16832887309251298724
900 396 0.13864606627344500112 0.13845595738041999168 0.16833622170756298853
903 399 0.13863979070766299651 0.13845054697264899679 0.16833948695039499532
905 401 0.13864258443367200035 0.13845032098263901355 0.16834751888021901034
910 406 0.13866399501754800294 0.13846807459400001239 0.16834401724604700079
913 409 0.13867791233341500434 0.13848592127401398999 0.16835497527350298808
914 410 0.13868820521127400713 0.13849588853029098923 0.16837009217596499155
912 408 0.13868335742890100515 0.1385013228246770034 0.16837967905732700857
902 398 0.1386833189575210068 0.1385162200739079863 0.16839211038674800625
895 391 0.13867681899190500983 0.13851886984194300423 0.16839446463751600591
882 378 0.13867005689237899002 0.13852806229212699662 0.16840006605133600592
889 385 0.13867771251512500674 0.13852668469506199123 0.16840581984869298915
884 380 0.13867815882435099994 0.13853245162188598805 0.16840929902883600144
886 382 0.13867796436294099749 0.13853184688360001275 0.16840258528593099463
885 381 0.13867571184921800853 0.13853042837121701258 0.16839670811140300399
889 385 0.1386627895212710071 0.13851848445815401201 0.16838599878783000463
881 377 0.13864919670140898877 0.13851740491764200081 0.16837201951587699167
879 375 0.13863565298006000348 0.13851200218387099694 0.16836344412843298746
884 380 0.13863199081615598662 0.13849319362089299035 0.16835512923645398753
884 380 0.13862754420990400228 0.13848391579662200357 0.16835207660304998822
887 383 0.13862258033223801013 0.13847530944184499591 0.16833462831355200384
895 391 0.13862633561154999451 0.138469075684958004 0.16832148462983501092
897 393 0.13863052850826698692 0.13846409148352301077 0.1683167649490089901
904 400 0.13863521106469500754 0.13845977476547499663 0.1683188997359650052
907 403 0.13862503159993599944 0.13844913455789700785 0.16831533782816698874
896 392 0.13862272551278301269 0.13845610592351900725 0.16830199147806199078
903 399 0.13862117897456699422 0.13844742288023800802 0.16829585811550801244
905 401 0.13861934083392599137 0.13844985191322201068 0.16829926928208199799
909 405 0.13861223941704800544 0.13844393130497500977 0.16829816288491700194
900 396 0.13860587365107299163 0.13844207409382799923 0.16829996684746800772
898 394 0.13859558017406800601 0.13843692691853901056 0.16830428510145800658
898 394 0.13858550575313899333 0.1384272510112629917 0.16829230593457900067
904 400 0.13859831443705500353 0.13843580541870900702 0.16829221430076499177
902 398 0.1385961431736930094 0.13843674477726899963 0.16829817355389500855
886 382 0.13858257587007599687 0.13844283055736600341 0.16829268947652500921
903 399 0.13859473565038299414 0.13843297966489701012 0.16829192013003299588
893 389 0.13859147988469899815 0.13844170667006200359 0.16828911246053898654
907 403 0.1385961530221339888 0.13842950800288500446 0.16828766112687099099
905 401 0.13860059768268900848 0.13843781744772398756 0.16829335335673001328
891 387 0.1385929587732520063 0.13844657589357001193 0.16830094598522998828
891 387 0.13860104319895899527 0.13845417313692900962 0.16828732642715998891
896 392 0.13860124582666899506 0.13844382242365699254 0.16828264819589699997
898 394 0.13859829909723800356 0.13843935438547799732 0.16828077035081701052
901 397 0.13859917749558600675 0.13843701227784899199 0.1682786749739020038
901 397 0.13859448774181901132 0.13842976866750400511 0.16827056571469700685
904 400 0.13860181802626300729 0.13843019185156998918 0.16826603115689500734
895 391 0.13859037693243100864 0.13842507651380100975 0.16826338016480099635
893 389 0.13858932788901098809 0.13842601511144000948 0.16826730906245598862
893 389 0.13858883413927200468 0.13842594449998199546 0.16827456346893499006
901 397 0.1385910076459030138 0.13841822260587899329 0.16826555695075198771
904 400 0.13858856116825199467 0.13841478327441100737 0.16826282928772398617
886 382 0.13858288281907199524 0.13843097489236699804 0.16825650275211800899
891 387 0.13857628509447600385 0.13841606823022900574 0.16824829719739500811
885 381 0.13857663937082098649 0.13841967818921699362 0.16825442356108399888
884 380 0.1385667918960180045 0.1384093435814409967 0.16825410797523798756
878 374 0.13855739965140301262 0.13840595468857200268 0.16824993033628599104
867 363 0.13854852657468400001 0.13840901058284899028 0.16824262860977801104
874 370 0.13855827890386199219 0.13840728494461798648 0.16823699408476200379
876 372 0.13856917024406600891 0.13841669354540800385 0.16824289001277401012
869 365 0.13856363254535700169 0.13841978407614399793 0.16824505562020700133
870 366 0.13856695104060900992 0.13842127344995799887 0.16823976179277699838
885 381 0.13856160189752700362 0.13839985939366500345 0.16824489258228200739
888 384 0.13856510280070000185 0.13840035033664199737 0.16824579932522598646
877 373 0.13855418488384899089 0.13840004470765798761 0.16824351817612098747
877 373 0.13854672694419001289 0.13838340979235899675 0.16823057903960700332
892 388 0.13855124443553598623 0.13837394525549401303 0.1682252429557299922
896 392 0.13855480798027600131 0.13836710388480299994 0.16822426181934499456
890 386 0.13854415495908001255 0.13835820300543699712 0.16823014467029601127
884 380 0.13854437366384900199 0.13836792110701501279 0.1682335730375940086
867 363 0.13852361938708199207 0.13836699301646698812 0.16824223314391500983
875 371 0.13852205005941101157 0.13835907756171700322 0.16823915223736399249
879 375 0.13851915790458699251 0.13834890581252501374 0.16824185566602700703
881 377 0.1385207478048660068 0.13835047087881299777 0.16824948180386700702
880 376 0.13852046385153199415 0.1383526690748309862 0.16824276014145500557
884 380 0.13852113626065198915 0.1383495628308419878 0.1682448773565229927
875 371 0.138514241591903009 0.13835353554077001181 0.16824280968202701136
877 373 0.13851983631846701006 0.1383567306314640033 0.16824416464751701383
881 377 0.13851941013158700078 0.13835051109450499651 0.16824751655563199848
876 372 0.13851486116266201187 0.13834621108191799688 0.16824224109519200776
885 381 0.13852213652544800859 0.13834274588990200239 0.16823664165541199478
867 363 0.13851890964274499174 0.13835679148555299345 0.16823941781091500403
865 361 0.13852067781024798854 0.13835558823822299845 0.16823594178635800644
880 376 0.13852520324970499233 0.13834601974540100544 0.16822628106609999188
882 378 0.13852228130124799588 0.1383370319604509957 0.168226329808377012
875 371 0.13852678594952000379 0.13834609911442599661 0.16821765358720799921
870 366 0.1385181485223550002 0.13834063096422699601 0.16820712040740298798
879 375 0.13852315394224601341 0.13834058898153100969 0.1682003735790910115
870 366 0.13852455238064501075 0.13834899876303799471 0.16819164008505499419
876 372 0.13852598983323100024 0.13834422370458498985 0.16819168177164500744
866 362 0.13852532378627699372 0.13834749116216599196 0.1681884096181129884
862 358 0.13851963448071599738 0.13834767106362300115 0.168183192948289012
865 361 0.13851180274850899421 0.13834450084940999592 0.16818060854524000125
872 368 0.13850379455228201131 0.13833387363292498629 0.168168270997217012
870 366 0.13850606666411899304 0.13833683317462600049 0.16816961914148501056
877 373 0.13851199533255700858 0.13833415862428599663 0.16816703583633899055
879 375 0.13851272802248498772 0.13832939909483299434 0.1681682669409139963
879 375 0.1385079456377610041 0.13831810386901899346 0.16816028492280599149
870 366 0.13850195142488999633 0.13832928100016500528 0.16815814955750599258
886 382 0.13852008845068100595 0.13832192388862998844 0.16815254393217399231
885 381 0.13851274233775501266 0.13831958052605400344 0.1681616853876859996
876 372 0.13850362474671598645 0.13832924995512899113 0.16816405018587998743
886 382 0.13852021017727400576 0.13833497143379600014 0.16817207774291501043
877 373 0.13852047369147899025 0.13834148366172599465 0.16817346206769601125
889 385 0.13852994776465898941 0.1383370975364540123 0.16817645904850700433
885 381 0.1385229734364959997 0.13833415154702999317 0.1681736851355669915
873 369 0.13852049801162100162 0.13833857765559298691 0.16816717579713999497
877 373 0.13852080082912898717 0.13833677891912898872 0.16816743398273301113
877 373 0.13853171274864101159 0.13835103920627400687 0.16817761283598700595
866 362 0.13852732312254401048 0.13835966801632099132 0.16818389039821499131
871 367 0.13852563088319300166 0.13835582867092299786 0.16817335344857201052
872 368 0.13853297115544999096 0.13835431595753000522 0.16816611986363000364
864 360 0.13851366802856199256 0.13834115805928701159 0.16816500037289200398
866 362 0.1385161041690710082 0.13833505701213799632 0.16816723307231701279
863 359 0.13850559852046198661 0.13833104962755499168 0.16816302881388101031
863 359 0.13849343270742900391 0.13832470706428801055 0.16815663457913099244
868 364 0.13848645530565600881 0.13831303870131100853 0.16815047030127100447
875 371 0.13850406839212300869 0.13832720768479500606 0.16815316751411898966
872 368 0.13849310012463100783 0.13831820166190700316 0.16815668910016198789
875 371 0.13850257688594000416 0.138326911040282996 0.16816958567214901343
882 378 0.13849843274469900156 0.1383125882518639882 0.16815670825457698645
885 381 0.13849296721489900985 0.13831445942963199736 0.16814861405068298739
887 383 0.1384976250664050057 0.13832091203509799815 0.16815400289324999861
883 379 0.13849142386924701009 0.13832214046874499735 0.1681561164156130106
887 383 0.13849103461184000818 0.13831405527951901036 0.16814582097615798917
891 387 0.13848932330378599387 0.13830844473408798745 0.16815131487628098839
892 388 0.13849709990135000703 0.13830633280383300421 0.16815278160450400358
894 390 0.13849026573510400673 0.13830307185188500663 0.16814796051579600222
891 387 0.13849587662083301387 0.13831086002251699596 0.16814138553911800456
887 383 0.13850066339434699558 0.13832020860613300495 0.16814287136607500295
881 377 0.13850081195175301119 0.13832660150972800328 0.16814115540926899417
876 372 0.13850681371582498902 0.13834026052109699156 0.16813848534889999642
886 382 0.13850801766191600528 0.13832796774905900539 0.16812814270426598706
889 385 0.13850806320758199397 0.13832290695069798803 0.16812884308691600221
875 371 0.13850309843347599625 0.13833385567485700918 0.16812543241625799162
872 368 0.13849987223719700813 0.13833475685123200472 0.16812116756644698845
870 366 0.13850057765824899669 0.13834171370181999605 0.16812090427599898912
863 359 0.1384993291894690004 0.13835014525272701369 0.16811078019761299673
866 362 0.1385025469839349932 0.13834952086784299552 0.16811289185122599288
869 365 0.13850374962900299791 0.1383481373663600078 0.16811057122314798651
859 355 0.13848391215706498669 0.13834397913828300197 0.16810869372112499653
863 359 0.13847962270825700526 0.13833399725675599168 0.1681100749508269987
867 363 0.13847997504870698804 0.13833208157063300869 0.16810420791811700458
863 359 0.13847495387686600821 0.13832617970079399972 0.16811171218775899927
866 362 0.13847741708500099778 0.13832390908106600991 0.16810788305966900547
872 368 0.13848304146780199275 0.13832343244570299845 0.16811052367206899549
876 372 0.13848486376009200294 0.1383190549167739869 0.16810942814092300068
869 365 0.13846976840928498786 0.13830730957441400575 0.16809753724651299578
855 351 0.13845712669183199428 0.13830744394786700924 0.16809558236764499117
860 356 0.13845988956764798683 0.13830558222945199542 0.16808607744839099141
864 360 0.13846612604640098909 0.13830384541724899394 0.16808219408246499738
863 359 0.13846719661366499454 0.13830537058118699822 0.16806096718725899164
869 365 0.138462074312212996 0.13829861506141399863 0.16805061391187101072
878 374 0.13846189557502400214 0.13829186361051098997 0.16803961636165601345
876 372 0.13845491426557299253 0.13829304755327900822 0.16802937987287100419
880 376 0.13845664144686400943 0.13829520647901799579 0.1680301345873700114
874 370 0.13845061767344199466 0.1382914297739669951 0.16803303008869799329
881 377 0.13845640669635900233 0.13828967393882299342 0.16802783989342198745
872 368 0.13844696018697000284 0.138291337708648987 0.16804125904271099978
882 378 0.13845171719650001263 0.13828486212003299194 0.16803748772436299941
869 365 0.13843802230276000542 0.13828438636043899335 0.16803297169077299755
886 382 0.13844735021037998801 0.13827204740075099698 0.16802791750184500885
890 386 0.13844957053934800473 0.13827256277658900308 0.16802844937015901094
882 378 0.13845117620047700524 0.13828667431951999212 0.16802607174610401097
895 391 0.13846310019269600367 0.13828603370933700845 0.16802015989716201361
881 377 0.13845483880895201323 0.13828568191339798976 0.16803227553302599317
888 384 0.13846663576000001195 0.13828587756471200088 0.16803171972242800236
888 384 0.1384592473911619992 0.13827692956953099856 0.16802775567488101305
892 388 0.13846141999651098708 0.13827206544370398977 0.1680287289224099978
875 371 0.13844975482316901338 0.13827624647515499023 0.16803194185092398816
887 383 0.1384471936568540118 0.13826488901668199105 0.16802624464944299065
881 377 0.13844270072039099873 0.13826619841181700399 0.16802184547805398829
892 388 0.13845181698846101281 0.13826428105279500724 0.16801401983094599313
903 399 0.13845684699015001207 0.13826396291094000812 0.16801219863440999824
899 395 0.13845495673184798902 0.13826460264908399522 0.1680116715296960106
894 390 0.13845320549001000066 0.1382691458667379969 0.16800919565567601355
895 391 0.13844349947627901387 0.1382612109577709969 0.16801784192200100443
893 389 0.13843954786770498733 0.13825579277581501181 0.16802947588800298817
898 394 0.13844026357616701084 0.13825122318965599177 0.16803011215190299943
891 387 0.13843371814479799031 0.13824713501828600482 0.16802124643523699832
877 373 0.13842153172669799388 0.13825220774011198754 0.16800756278199299731
892 388 0.13841977593324200635 0.13823802179654098854 0.16800073709780000142
895 391 0.13840634609937099708 0.13822857106251398851 0.16799220666899800092
886 382 0.13839469308187699048 0.1382309490462189927 0.16799115021602201159
892 388 0.13839229855835699645 0.13822056933982498905 0.16798732272451000203
893 389 0.13838069784461701217 0.13821585480357601039 0.16798433621906300184
896 392 0.13837430510437800923 0.13820583984532200383 0.16797721190831899074
906 402 0.13837382092752001372 0.13819261888426800922 0.1679763409285920106
901 397 0.13836839669117201312 0.13819698931530599584 0.16797624626044099783
896 392 0.13836338489564700693 0.1381980533791919985 0.16797006626968899456
888 384 0.13835257356999500211 0.13819342608802401284 0.16797146395246201345
891 387 0.13834255438662901305 0.13818277941357900995 0.1679712488080389865
892 388 0.13833350313262399167 0.13817601078459199049 0.16797210974254700444
890 386 0.13833362613506799965 0.13818367912097800909 0.1679697981977530119
889 385 0.13833293880161900979 0.13817919701958600309 0.167961830679605989
893 389 0.1383360941263319932 0.13817642925174200563 0.16795900362752400059
895 391 0.1383285046025919951 0.13817178527333198734 0.16795847697973098622
884 380 0.13831899993370899704 0.13817456473509601156 0.16794066122089099102
891 387 0.13831830343223400215 0.13816763546366200854 0.16792848220030801021
896 392 0.13832151429385200481 0.13816435581749500483 0.16793199179595499904
896 392 0.13832160086559699974 0.13817223744646800476 0.16793158140405700651
884 380 0.13832363387457499715 0.13818273473225500814 0.16793912056672799515
897 393 0.13833428118762100545 0.13817919428222200096 0.16793816477181200408
897 393 0.13833699663432499904 0.13817915354182899734 0.16792888220214599593
895 391 0.13833769957292699204 0.13818087014009999836 0.16791821880080398666
885 381 0.13832864721434198763 0.13818385695815499359 0.16792841346256098811
897 393 0.1383499884625239984 0.13819057157219499787 0.1679255726328429954
896 392 0.1383391294647889902 0.13819049506744499056 0.16791989969048801146
907 403 0.13834957606700498678 0.13818651553220098749 0.16790754824330100803
909 405 0.13835385848834799716 0.13818586295674900599 0.16790694341473699769
903 399 0.13835601174042699846 0.13818708937094700828 0.16790178554437498737
912 408 0.13835536151218000289 0.13816858015838601181 0.1679006602915779911
913 409 0.13835928819624698782 0.13817130578050398904 0.16788949151973400764
906 402 0.1383454213995609916 0.13816318404409699827 0.16788296666991700534
920 416 0.13833917613891899556 0.13814659352650499047 0.16786822473504300901
911 407 0.13832684332944999994 0.13814184492418599137 0.16786616429319900501
917 413 0.13833129845458100315 0.13814069103901899238 0.16785701179494000312
905 401 0.13831954008447999716 0.13814328794483698992 0.16784767547979800861
900 396 0.1383123575862079957 0.13814107717787599272 0.1678350950918620077
898 394 0.13830606668231801293 0.13813210611100198988 0.16782902051897399809
909 405 0.13830811858173999718 0.13812711865461599348 0.16782959158386501208
905 401 0.13830608829947799165 0.13812845169319498684 0.16782479936919600383
895 391 0.13829505400635000445 0.13812869401580399331 0.16782253623580500879
897 393 0.1382952427312509891 0.13812693175551898905 0.16781259726089800544
899 395 0.1382902543386130001 0.13812015756113799059 0.16780488420590300436
897 393 0.13828644888064800522 0.13811752667167198627 0.16780242208955400973
904 400 0.13828611746308300257 0.13811015268797000033 0.16780248439751099809
918 414 0.1382877827778999924 0.13809960898273901386 0.16781230887562600951
913 409 0.13828944701075898682 0.13810538325987101183 0.16781165359045099872
900 396 0.13828247330271500881 0.13811328658252999824 0.16780721354933900158
893 389 0.13827225117696700929 0.1381107039924600044 0.16779941075039100928
901 397 0.13827310201841100379 0.13810238931931900774 0.16779389483139600658
893 389 0.13825759242871199506 0.13809976995539299804 0.16779082900089001273
897 393 0.13825962336240898987 0.13809054572380399795 0.16779046818269699459
887 383 0.13825038268462699897 0.13809027729646999871 0.167778677452594005
891 387 0.13825275017948598921 0.13808766435317298971 0.16777204386277100312
899 395 0.13826429559129899127 0.13809043631937800711 0.16777327589014900955
904 400 0.13827125151749999898 0.1380937757997499904 0.16777887773210301003
893 389 0.13826574416684001001 0.13809345879032000615 0.16777999724772399426
897 393 0.13826953216643100841 0.13809297423457900234 0.16777525190492501017
905 401 0.13826756600445000434 0.13808568824048300661 0.16777498970159598901
905 401 0.13825846402318200945 0.13807887959136300182 0.16777599985927899029
910 406 0.13826635827408301216 0.13808195423513400235 0.16777167313552998618
895 391 0.13826418139942500685 0.13809953909854999488 0.16777999299873699868
906 402 0.13826428596467799093 0.13809212839687298735 0.1677760886633450077
899 395 0.13825895389931500135 0.13809510657352400131 0.16777439152446699255
899 395 0.13825423694842300937 0.13808713419009399637 0.1677737261502739996
891 387 0.13824744629408999841 0.13808903068920500012 0.16777568088450001138
901 397 0.13824907280872800186 0.13808267149627201364 0.16777636082107300064
906 402 0.13824677274074601008 0.13807501476429098752 0.16778008274062000682
901 397 0.13824283751000299159 0.13807652533591799338 0.16778192443612099938
896 392 0.13823821346136999644 0.13807751588268898923 0.16777949377724099556
897 393 0.13824096939625399316 0.13807370996273499175 0.16777861812729999436
905 401 0.13824736832882600357 0.13807829003211199992 0.16778879827886200582
904 400 0.13824157900438199809 0.13808019069874799545 0.16778938036821200441
899 395 0.13823041398692101356 0.13807599980959001096 0.16780674874413800679
902 398 0.13823200130784699113 0.13807129335706599949 0.16781212199963499443
888 384 0.13821767155848499464 0.13807569585055198824 0.16781205010404501299
890 386 0.1382086033441169981 0.13805896431063899299 0.16780126336389999953
890 386 0.13820150738962899695 0.13805379647923099462 0.16778914753445300923
895 391 0.13819252086178099304 0.13803565604532300193 0.16777915404356899542
898 394 0.13819312467659300436 0.13803515057465701177 0.16777412782744599573
895 391 0.13818517042039799025 0.13803856432782399266 0.16777068236516198829
895 391 0.13817732118977399391 0.1380260871300439951 0.16776421403316499337
902 398 0.13818208981221000164 0.13802597175663400275 0.1677628442238509876
898 394 0.13817587581939200225 0.13802357555989699933 0.16776468271956901379
890 386 0.13817064764868899895 0.13803301057803099572 0.16776319682285401047
901 397 0.13818425147277799137 0.13803624756056800948 0.1677592253127190014
907 403 0.13818288523618998953 0.138030026526085009 0.16776168159424600934
914 410 0.13819377806045698986 0.138033132537455 0.16776850041495000587
907 403 0.13818984327996100547 0.13803692445667500865 0.16775778024937099131
909 405 0.13819935379747799731 0.13804745673195600864 0.16774977519009801052
902 398 0.13819695481379801194 0.13805656574190999786 0.16775151350111000559
908 404 0.13819609186738199269 0.13805584216909200235 0.16775512334934300496
899 395 0.13818042828618701257 0.13805567618061098667 0.16775385662999400815
901 397 0.13817274135922499867 0.13804586062671100888 0.16774645551613601158
890 386 0.13815347216175999367 0.13803132853411201331 0.16774839293321100464
890 386 0.13814237163709100487 0.13801955139184599042 0.16774020147311199946
892 388 0.13813354487631199219 0.13800636757440901126 0.16774080251775499995
894 390 0.13813540315238800882 0.13801024433072300868 0.16774273591215599355
910 406 0.13813939545571399248 0.13799681561078699921 0.16774509220248901009
902 398 0.13813540851388200759 0.13799662296367498637 0.16774702302710900459
896 392 0.13812232669542401364 0.13799014010369001215 0.16775608174972000963
897 393 0.13812077430388500221 0.1379892669911740033 0.1677545983077780023
897 393 0.13811747297243401333 0.1379856557731199973 0.16775880607062199079
895 391 0.13811387966364499502 0.13798268892123499718 0.16775298047472900209
887 383 0.13811190756745800323 0.13798485167767299275 0.16774315744897499991
897 393 0.13811462187225301279 0.13797812683937399347 0.16773631862334900666
899 395 0.13810928476874501092 0.13796777398660300951 0.16773216199972398877
906 402 0.13810496822571699527 0.13795191764653799704 0.16772432916441901152
900 396 0.13808455825126100813 0.13793944496358401253 0.16771606666940699903
912 408 0.1380851027053079938 0.13792996748499800064 0.16770977859483199301
911 407 0.13807752404867498774 0.13792177581987200008 0.16770461094378300015
911 407 0.13806939745461499491 0.13791111534405400829 0.16770273800756399507
916 412 0.13806399567769800374 0.1378976902462860088 0.16769696984654899885
918 414 0.13806382401521899439 0.13790209029452799028 0.16769366659022999499
916 412 0.13805290316519400196 0.1378948539224159886 0.16768068062745800084
913 409 0.13806404227404001084 0.13790773123387700672 0.16767872542272199698
930 426 0.13807304582624899125 0.13789836922406301101 0.16767154645408000047
928 424 0.13807053213730799412 0.13790740486924199515 0.16767937067669000384
920 416 0.1380764727823000082 0.13792856578566500825 0.16768860700349000337
923 419 0.13807065866182999248 0.13791975833453098965 0.16769176457096099386
919 415 0.13807044892749500975 0.13792418567682498964 0.16768116361547599769
923 419 0.13807460872714200084 0.13792040293054899647 0.16766893266818599928
919 415 0.13807367257409100536 0.13792529524229299454 0.16767222276924900748
913 409 0.13807392510606900093 0.13793213946764398825 0.16767448285697100774
908 404 0.13806841362750199576 0.13793043968929899479 0.16767131950410499308
907 403 0.13806566061083500041 0.13792623521207800219 0.16766896809577799821
917 413 0.13806070043480800358 0.13791901848934398633 0.16767430851413200887
913 409 0.1380538470036239973 0.13791694209416399675 0.16766916784913998839
922 418 0.13806413921154800373 0.13791283031946199866 0.16766638875549599863
918 414 0.13806422482106001093 0.13792008975676300908 0.16766024251184000193
910 406 0.13805462571908200253 0.13791983864404799842 0.16765041602364200157
919 415 0.13806020936292501267 0.13791814614073899525 0.16765236841561900749
923 419 0.13806143500324499773 0.13792060807471900885 0.16765615689960500223
920 416 0.1380578907378030018 0.13791383242227400752 0.16765657091106700438
931 427 0.13806186365184200393 0.13790790744049499783 0.16765698102621401366
916 412 0.13805743483206800448 0.13791515577188800945 0.16766239825288600795
908 404 0.13805300416503898941 0.13792210279232600123 0.16767057566019100134
903 399 0.13803895361557999566 0.13791910068217300145 0.16766300868115399658
894 390 0.13802719357047998905 0.13791127834106300942 0.16765331178935199974
904 400 0.13802058168377198677 0.13789885005575799881 0.16763300968128899693
902 398 0.13801435611463100384 0.1378989857373779937 0.16762280079957300738
904 400 0.13800910508978200819 0.13788944280106099627 0.16761525483977798845
909 405 0.13800651150495699127 0.13787754021687098627 0.16760792911647298675
911 407 0.1380070789149520083 0.1378729951451830027 0.16760519624104999736
918 414 0.13800242073066701365 0.13786587538819400356 0.16760348970136498825
917 413 0.13800218799127500491 0.13786994708641001073 0.16759973548099998952
911 407 0.1379945902662169932 0.13786785629033398992 0.16759202063202199851
915 411 0.13800378513773500777 0.13787306516304201343 0.16758390434167899641
917 413 0.1380084315713830112 0.13787835421251901091 0.16758321273506399107
908 404 0.13800576096139000049 0.13788115375992099354 0.16758058461030500563
907 403 0.13800220663069701077 0.13787952502360700802 0.16757847612981399688
904 400 0.13800453868468601226 0.13788202803253199469 0.16757098723244501226
903 399 0.1380022906156180007 0.13788002062105800261 0.16756500939803900541
901 397 0.13800474798973200175 0.13788412076903799885 0.16756218590005800273
898 394 0.13800615428061299705 0.13788670335033501035 0.16755896220655000506
889 385 0.13800390770019299591 0.13789563875839400131 0.16754679549622200629
899 395 0.1380088790663620002 0.137888454916548997 0.16753353624913699949
895 391 0.13800805886458300531 0.13788615625170000389 0.16752354304111399808
897 393 0.13800732173029001126 0.1378865476537189938 0.1675201344119369995
906 402 0.13800687669590600004 0.13788290309036299597 0.16751582278470800169
903 399 0.13800186695950800164 0.13788106830116500512 0.16751119566192498866
903 399 0.13800578649258798958 0.13787948748233400109 0.16750373121156000855
905 401 0.13799893586247599653 0.1378708934080929982 0.16749820640334200927
914 410 0.13800167828210699317 0.1378618860810519875 0.16750617091838498895
898 394 0.13798826050255499909 0.13787030071968001121 0.167499633899406003
897 393 0.13797284307807000658 0.13785374531658900477 0.16749492022696199633
904 400 0.13796939890958800912 0.13784533713500099483 0.16748667959730501043
905 401 0.13796549770926200273 0.13784494070730499149 0.16748358176688799004
894 390 0.13796147419511001209 0.13784777732508499137 0.16747331682193700164
895 391 0.13796175749668698751 0.13784621068747099359 0.16746579560287899735
901 397 0.13796074572442298956 0.13783157590342398624 0.16746737961547100704
900 396 0.13795881479239199829 0.13782938844500300379 0.16745431460067200513
902 398 0.13795905712438499835 0.13782874766247599219 0.16745558220623099621
901 397 0.13795850566123399328 0.13783212615345100116 0.16745493823596799277
906 402 0.13796880635766201051 0.13783525345885000446 0.16746065978152199771
904 400 0.13797375996266200704 0.13784101482258198645 0.16746184015125401001
899 395 0.13797316308134899288 0.13784685461467699463 0.16746603830919398748
887 383 0.13795292692083099828 0.13783680570272299759 0.16746175467298199391
891 387 0.13795112775120899062 0.13782618022353398946 0.16745648343552899107
898 394 0.13795308060349401047 0.13781535207104300689 0.16744919229070098776
908 404 0.13795603152877400355 0.13780657663642201238 0.16745763654802900411
918 414 0.1379604388276129967 0.13780093402591700458 0.16745880133953500168
908 404 0.13795630838170799826 0.13780577407471900075 0.1674614777017779943
920 416 0.13796083818483600991 0.13779683824295699268 0.16745981639837301258
907 403 0.137956626308121999 0.13780455791982099134 0.16746290976814098839
899 395 0.13794929702506900093 0.13780826423876299525 0.16746709044637700381
896 392 0.13794650556649198925 0.1378036336905389958 0.16746110837132499594
900 396 0.13794388151246700369 0.13779904421861399744 0.16745211576443599921
899 395 0.13793502459492801293 0.13779041879252298952 0.16744665269558600684
895 391 0.13792126978601801368 0.13778233565357700385 0.16743363664367599819
903 399 0.13791944489602300794 0.13777354854119000516 0.16742776498720599032
904 400 0.13791562797290599085 0.13776739581807700974 0.16742844744968099491
907 403 0.13791521744609999689 0.1377662347691769873 0.16743333038104998844
908 404 0.13791667469027699133 0.13776420611166800834 0.16742667674515698817
894 390 0.13790900318354298859 0.13777145234905399662 0.1674252418578349999
894 390 0.13790390775435801274 0.13776356070847400881 0.16741447910950699174
897 393 0.13789475329668499093 0.13775994831152599263 0.1674085396124239955
890 386 0.13788618277097400289 0.13775750601006500617 0.16740369547094699487
909 405 0.13789166804847000081 0.1377516107422940006 0.1674029740160480062
902 398 0.1378870809624669902 0.13775332619521099553 0.16740926091471200476
895 391 0.1378870529568219927 0.13776226470507899058 0.16740934050072600603
906 402 0.13789315198738599788 0.13775517573406600991 0.16740150307984300038
909 405 0.1378977577569429902 0.13775688856623999334 0.1674004841392310039
911 407 0.13789723012812898917 0.13775615154651699168 0.16739956368447700408
918 414 0.13790088093028099459 0.13775359268818698766 0.16739725270823099801
910 406 0.13788798871812299462 0.13774966759059500965 0.16740423866835699163
898 394 0.13787485539241800536 0.13774814857530098822 0.16740691499723300839
901 397 0.13786838506776799562 0.13773942171124800571 0.16739470617402998909
900 396 0.13785910855877600567 0.13773251994126800568 0.16739698494862700895
896 392 0.13784818374311599842 0.13772425610177399524 0.16738906435153699803
897 393 0.13784998329618899926 0.13772373865459999753 0.16737895749854800331
899 395 0.13784678662730198706 0.13771850031304999629 0.16737813315815200377
893 389 0.13784495344757399793 0.13772026220303298927 0.16737412476005500417
895 391 0.13784312130302600607 0.13771061174983900699 0.16736523414922299668
900 396 0.13785040581156599027 0.13771030732158098808 0.16736562444440900022
901 397 0.13784239102476300576 0.13770342865208198835 0.16735963315148000286
912 408 0.13784596259911899296 0.13769700571664000854 0.16735094758541699256
901 397 0.13783712732253400324 0.13770169743272200891 0.16733837212073499057
906 402 0.13783732125988498729 0.13769776022420798789 0.16732811230637600897
897 393 0.13783257361415898745 0.13770645672593098685 0.16732891304532698795
901 397 0.13783087480344799469 0.13769934593572100145 0.16733270523168300437
896 392 0.13781864228146900597 0.13769096493132199077 0.16731948147501099489
917 413 0.13783546126690798816 0.13768373360300500963 0.16731470346932500459
898 394 0.13782492065198501119 0.13769823760875199437 0.16731252268245899728
899 395 0.13783050297725399358 0.13770152397352300455 0.16731084007482599496
904 400 0.13782469641740199839 0.13769453875342499427 0.16730099492089900437
908 404 0.13783031740246098895 0.13769658652658001152 0.16730110585035801174
915 411 0.13782788223028100139 0.13768796206702998974 0.16730001526227000763
918 414 0.137836865748979992 0.13769540111839201346 0.16729545129442199847
913 409 0.13783286938573499625 0.13769904743698799243 0.16729247375115599561
907 403 0.13783104995639000601 0.13770113461145699896 0.16729963058563798728
904 400 0.13782845338628799126 0.13770264160290698885 0.16729378264957900369
903 399 0.13782852357240199526 0.13770032748861898986 0.16729280228768200756
903 399 0.13783536295293299934 0.13770804520943100147 0.16728796210325899696
892 388 0.13782547029036198993 0.13770930644150999878 0.16727667549146699177
897 393 0.13783091232782798685 0.13771048103807401186 0.16727015141430298661
901 397 0.13782594696435798709 0.13770733944391300163 0.16727413915291899915
889 385 0.1378183999380719893 0.13771180133378699284 0.16727296719904199973
888 384 0.13782293716208598999 0.13771724417878100644 0.16727476711921598906
889 385 0.13781690968450899248 0.13771069697346399741 0.16727497386170100957
884 380 0.13780388666353599048 0.13770427436849699832 0.16727062177078999561
897 393 0.13780642038333199006 0.13769400222652000698 0.16725619059482699225
900 396 0.13780707081233500855 0.13769177533225498977 0.16725660775554901383
917 413 0.13781352785066600108 0.13767938488443098866 0.16725821552779099322
918 414 0.13780914958289600114 0.13767417539631798817 0.16724993920115399648
932 428 0.13781053554589900445 0.13766420773353499341 0.16724007680246599783
937 433 0.13782058116239900847 0.13766985886302199327 0.1672388271607969934
935 431 0.13782747407073500656 0.13767706391501199903 0.16723283306812800064
933 429 0.13782154493088699665 0.13767288490466400575 0.16723128695497999074
942 438 0.13781986415410299451 0.1376659562448230012 0.16724503206912200159
929 425 0.13781124431449601198 0.13766706131041800409 0.16724120576226600421
931 427 0.13780744855240101288 0.13766990959091499058 0.16723935350009799805
918 414 0.13779798505328499925 0.13767767117359300255 0.16723395593122999947
910 406 0.1377987523243039969 0.13767555093553598966 0.16722136575463700248
904 400 0.13778041453234798897 0.13766773901126500013 0.16721065801159498698
902 398 0.13776717600075399917 0.13765099701247099362 0.16720380234106799189
914 410 0.13776010355701701071 0.13764032968578299165 0.16719881693587398952
910 406 0.13774879476872700645 0.13763213255324899253 0.16719078497194600486
922 418 0.13774421393549399206 0.13762249680426799636 0.16718570571185101259
922 418 0.13774040645622401269 0.1376195310335369959 0.1671880194949730003
929 425 0.13773944800869900029 0.13761179235614401373 0.16718934492031900518
927 423 0.13774658251476701309 0.13762118788051699858 0.16719008308352700798
927 423 0.13774029336228199583 0.13761312805559500205 0.1671898287842810138
929 425 0.13773896891988299251 0.1376119141934409873 0.16718898477982899187
925 421 0.13773776533558398927 0.1376169333971259956 0.16719482121555701015
923 419 0.13773884037402001068 0.13762366180664600823 0.1671895577413420042
931 427 0.13774247408922798974 0.13762065850748000928 0.16719107930771198722
934 430 0.13773689290658699957 0.13761789529582998948 0.16719043663198399075
927 423 0.13773082227551100565 0.13761685496397599304 0.16718812765260898656
937 433 0.13773956253755700874 0.13761336932193399263 0.16718709242056700726
940 436 0.13773597331774201091 0.1376111407917370022 0.16718811900994501318
921 417 0.13772046054943601345 0.13761574974693899232 0.16718796434961299968
928 424 0.13773110330139801127 0.13762274590123599327 0.16719702598721400411
932 428 0.13773460532004599965 0.13762044086318200864 0.16719618418024700945
919 415 0.13771923333070498763 0.13762345446304699581 0.16720102776061199212
918 414 0.1377119639248700067 0.13761558644648799743 0.16719352115911501055
898 394 0.1376982589603799878 0.13762298488433799548 0.16719541525312800467
909 405 0.13769416293532998896 0.13761048927163899158 0.16719291083015400123
905 401 0.13768646472025600214 0.13760782417245601139 0.16718375161120399564
910 406 0.13769494594984199587 0.13760448107032699494 0.16717469949535199158
918 414 0.13769610607975699135 0.13759771963972200481 0.16717112225070698828
912 408 0.13769027425266200382 0.13759798366413300563 0.16716628439886099811
906 402 0.13768141418670901133 0.13759472189822499755 0.16716584779834300911
907 403 0.13767885867849000148 0.13758874580412799871 0.16716218181467198955
918 414 0.13768491080928799142 0.13758483066737300926 0.16716007897713699992
923 419 0.13768272063456599152 0.13757582304534798912 0.16715719886763399926
918 414 0.13768170229486600964 0.13758070196016200515 0.16715431873804501017
920 416 0.13767777586620499886 0.13757073218800100478 0.16714509539767299917
903 399 0.1376686461973150033 0.13757799934522499385 0.16713675336277400429
901 397 0.13765758937797301087 0.13756589556379900108 0.1671253981948689904
907 403 0.13765468115466700239 0.13755371222541498688 0.1671242848982660012
909 405 0.13765479867097299427 0.13754990189558299885 0.16711868769588200667
910 406 0.13764585585306299276 0.13754382429021300149 0.16712644901611201087
904 400 0.13763662957771899409 0.13753953564634899265 0.16713459496615498678
905 401 0.13762718277866001215 0.13753472271001399019 0.16713388245791699349
912 408 0.13763608087075698827 0.13753016089305800107 0.16712780223847900629
916 412 0.13763793791698000768 0.13752640664758500333 0.16712805860787499634
915 411 0.13762962323336400128 0.13752426372237100405 0.16712997408194099624
915 411 0.13763441361933098639 0.13752797055136600779 0.16712759678209099246
912 408 0.13763429072555799504 0.1375268805886339929 0.16713465521850501272
908 404 0.13763792122501800064 0.13753812450227700936 0.1671384134951879874
901 397 0.13763632104208600726 0.13754376615650498739 0.1671353648057180008
896 392 0.13762800891574999973 0.13754081793578099013 0.16713143739522701159
903 399 0.13763280291745599859 0.13754277771921799567 0.16713198287657698993
892 388 0.13762152682744399623 0.13754482326975800421 0.16712941916974599632
884 380 0.13762221904010799034 0.13755327257918401052 0.16713064656142098685
884 380 0.13761364324036601259 0.13754710177468199017 0.16712789002390598947
894 390 0.13762392249512500619 0.13754544054563899724 0.16713066294295300662
876 372 0.13761298224253801226 0.13755372189971398766 0.16712208990941598841
870 366 0.13760156835004899722 0.13754864856655799055 0.16711400646906499068
879 375 0.13759982331112599607 0.13753786726422301268 0.16711087218449199865
882 378 0.13759579796273499475 0.13753548272808299724 0.16710860983611000585
883 379 0.13758640318761000687 0.13752539561222398845 0.16710896770184899274
892 388 0.13758398225396201164 0.13751250478921800413 0.16709915339550499014
884 380 0.13757983673292301097 0.13751592104542501027 0.16709176335209399711
882 378 0.13757431822228499696 0.1375058486132819946 0.16709114611765898961
877 373 0.13756509993578500128 0.137502443474135011 0.16707824761753500842
876 372 0.13755648234602599334 0.13749594320588801044 0.167064382327161004
874 370 0.13755654009401599436 0.13749322616116099738 0.1670640692710080033
875 371 0.13755476995732299206 0.1374887088503579935 0.16705331849385299248
889 385 0.13756059338029599792 0.13747957407128899576 0.16704353495873999758
879 375 0.13755962009986799632 0.13748688556763299928 0.16703231317657399324
879 375 0.13756284608774399514 0.13748742691333099009 0.16702264707952999001
882 378 0.13756650522413399473 0.13748986876405000501 0.16701674340524599871
882 378 0.1375660946852899913 0.13748788401137901349 0.16701007989273000676
877 373 0.13757333953715800146 0.13749762104787899286 0.16700196661665600573
878 374 0.13756384177637198674 0.13749238666998800373 0.16699241767466099784
884 380 0.13756790020620199289 0.13749191039837099781 0.16699106918506098629
889 385 0.1375656970389209921 0.13748695591663701032 0.16698181186776800411
885 381 0.13756640058249000602 0.13749375507836700261 0.16697718661969498943
883 379 0.13756008372121200645 0.13748513846415999495 0.16696485331000698871
887 383 0.13755557404156398826 0.1374834912762840089 0.16695811272476199227
889 385 0.13755417155619301117 0.13747931237743798993 0.16696679891746199487
873 369 0.13754731404036199538 0.13749321217704998932 0.16696420676416801054
873 369 0.13754567020468599914 0.13749141995277600059 0.1669597853492079953
874 370 0.13753678549568099099 0.13747961938425098949 0.16695729421220900646
875 371 0.13753355876965500659 0.1374766751924260122 0.16695268660481599188
871 367 0.13753558197563900412 0.13748112031403600386 0.16694202281116898856
868 364 0.13753604789381398965 0.13747712356323599225 0.16693713793678899293
871 367 0.13752781011869000261 0.13746334776869301164 0.16692773193981200186
893 389 0.13752821885020599657 0.13744931762939099906 0.16692332981493299138
894 390 0.13753634809361200975 0.13744760135778799626 0.16692585128732201349
890 386 0.13752978723633499381 0.13744122347534701301 0.16692501067857098973
888 384 0.13752776335302099864 0.13744121239251100297 0.16692570789705998835
892 388 0.13753569788265901375 0.13744489324854300416 0.16692716870094401194
882 378 0.13753688164256500093 0.13745685040226299223 0.16692277388295800877
886 382 0.13753664069782101098 0.13745471406261700054 0.16691454244884801339
891 387 0.13753754997063000198 0.1374522619089960096 0.16690881042551700131
884 380 0.13753697956952801174 0.13745471144996299073 0.16689953215893499339
881 377 0.13753162396290399827 0.13745298152434701211 0.16689380860353000835
885 381 0.13752477693560299921 0.13745071788841300986 0.16689182544232800121
886 382 0.1375193422651760089 0.13744318744613900907 0.16688869200141501214
878 374 0.13751411144667999298 0.13743894659985000928 0.16688077776637799676
878 374 0.13750505161819701061 0.13743225883669699106 0.16687027796092598897
874 370 0.13750053085668501041 0.13742586425519298654 0.16686629292026700089
877 373 0.13749697354258200166 0.13742123930236499474 0.16684986607481999688
884 380 0.13750164901014899632 0.13741726614552299268 0.16683986312685600284
886 382 0.13750081711229900083 0.13741399768191900344 0.16682995816399098787
873 369 0.1374921607809319879 0.13742012830031499759 0.16682751948872501235
887 383 0.13749560150226600164 0.13740514154635100064 0.16681533116225799596
899 395 0.13750181901916500027 0.13740314196256400714 0.16681825115456500042
902 398 0.13750426708134200204 0.13739886417780700079 0.16681333460977398886
907 403 0.13751430066715000788 0.13740400170367200738 0.16682102922371699893
912 408 0.13751635722913699289 0.13740067238024999963 0.16683149028810700942
909 405 0.13751485060107698777 0.13739932460405399062 0.1668349745016969865
910 406 0.13751107022454200912 0.13739521054233899688 0.16683750542570499609
905 401 0.1375158000696199978 0.13740619093912601056 0.16683945773173700089
901 397 0.1375163820252439939 0.13740682058403799748 0.16683225320537800607
899 395 0.13751736359203400872 0.13740697739705501346 0.16683563886930899423
901 397 0.13752158721906598826 0.13741115756676000603 0.16683902378747500483
906 402 0.13752462305570700707 0.13740708965081199766 0.16684669642056199068
908 404 0.13752521548803500751 0.13740841767251199546 0.16685016989759998696
912 408 0.13752359549006398787 0.1373991008800730107 0.16685278508970399769
903 399 0.13752229039025901103 0.13740451026266500834 0.16685073276963199862
916 412 0.13752363865847999636 0.13739275486827701167 0.16685763375207099402
909 405 0.13752316145917500845 0.13740173376339501199 0.16686090765444600015
907 403 0.1375312114667280039 0.13740489438029299119 0.16686884370896398755
897 393 0.13751984199371300455 0.13740433582325500828 0.16686726394997600242
894 390 0.1375122125280449914 0.13739622318071301188 0.16686045715528100009
892 388 0.13750772169512900933 0.13739089704321000296 0.16685735666015699685
893 389 0.13750213643547098963 0.1373834027937219926 0.16683648712823601068
907 403 0.13750662102651500796 0.13737116315378999909 0.16683368504087300876
905 401 0.13750713163995600952 0.13737399564626501247 0.1668237586974279929
905 401 0.13750808295141900284 0.13737687033826201377 0.16682656372477000506
900 396 0.13751004399996200056 0.13738253892727300687 0.16681750018073399078
906 402 0.13750844800224701348 0.13737836617183898924 0.16681204954547901309
909 405 0.13749987203955299497 0.13737093184456000694 0.16681684801315699307
903 399 0.13748854366355200973 0.13736692123545299338 0.16681063966110801222
909 405 0.13749823800349000869 0.13737108996622698909 0.16681685730628101338
900 396 0.13749580930177299209 0.13737612624142900297 0.16681036885194500119
894 390 0.1374904847925539908 0.1373754652257709874 0.16679914621752900405
909 405 0.13748810224218799281 0.13735900270621700936 0.16679617003489100036
906 402 0.13748861651787200322 0.13736234341993000529 0.16679234432676601219
916 412 0.13748800989841800102 0.13735352151445801017 0.16679117429334999745
905 401 0.137481118660337992 0.13735478674738499372 0.16678394377050301256
903 399 0.13746841733238898686 0.13734405386025699825 0.16678788580750000814
903 399 0.13746900683478699423 0.13734124182388998681 0.16678690402324999886
903 399 0.1374583851155490033 0.13733187997752099863 0.16677514227128800717
903 399 0.13745057406619298757 0.13731706208510899292 0.16676556281162699391
906 402 0.13743520468165298931 0.13730094089807601265 0.16675995887193700851
896 392 0.13743400330817601152 0.13730629376331499047 0.16675360047705900524
893 389 0.13742949051929201354 0.13730318480433201245 0.16674535694296699351
903 399 0.13742830775138301092 0.13729349114022298961 0.16674155673494001073
912 408 0.13742423933674999259 0.13728064303091300213 0.16673313317840199321
924 420 0.13742514021341301067 0.1372740523952999947 0.1667367960841359964
917 413 0.13740996043730599463 0.13727086744884700598 0.16674545754087199967
914 410 0.13740889699180500183 0.13727542041871598766 0.16673713308635199071
910 406 0.13740247404946098753 0.13726763618790499555 0.16674201577625499815
910 406 0.13739451864312698937 0.13726281152041200362 0.16673294344102199127
923 419 0.13740004249167400707 0.13725117044603599159 0.1667370716393689889
923 419 0.13739674089858300299 0.13725086066300801191 0.16673488586654600097
912 408 0.13739506190950601106 0.13725794308922900644 0.16674899761588798941
913 409 0.13739681435657999375 0.13726311309890901202 0.16673852056302199132
905 401 0.13738420190589301084 0.13726204592961899209 0.16672833233246700524
911 407 0.13737704067050898749 0.1372445441864749982 0.1667252097384609999
917 413 0.1373763423390770011 0.13723709698743599694 0.16671409021304101072
930 426 0.13737281234970699639 0.13722293696411799746 0.16670993784743901034
925 421 0.13737045522177399048 0.13722983793933998808 0.16671810772142500734
929 425 0.13737062013277800965 0.13723033186692598639 0.16672608423898099828
938 434 0.13736974471752000371 0.1372253769799149925 0.16673142523928199954
937 433 0.13737697790007999399 0.1372381393351279899 0.16673873567090599646
921 417 0.13736628193085900773 0.13723807803452700571 0.16674115735410999228
918 414 0.13735922894089999668 0.13723737450676098959 0.16674573830171798838
916 412 0.13735573578952500751 0.13723383969266700344 0.16674524648423399986
905 401 0.1373448750390869888 0.13723338134869400573 0.16674250265510401348
910 406 0.13734661118838500937 0.13723818513353100434 0.16674548404558001136
902 398 0.13734056645981901346 0.1372377701214229917 0.16674489939486900059
895 391 0.13732592690010500536 0.13723194068895799846 0.16673268641472999141
900 396 0.13731931742685599129 0.13722109921990299775 0.16673126153487199952
903 399 0.13732172412266599459 0.13721691232362800972 0.16673471063309799889
898 394 0.13731529722051399878 0.13721195523023099749 0.16673291083226099429
903 399 0.13732232637465799363 0.13721417466247298744 0.16672717830653999149
902 398 0.13731964272066399246 0.13721557624178901125 0.16672631887081099111
907 403 0.13732642552163598637 0.13721662383472299496 0.16672995259163300719
897 393 0.13732442567347499796 0.13722605239845800384 0.1667244126057789988
895 391 0.13731983187096999388 0.13722048231369299298 0.16673122676528800978
890 386 0.13731798892890800801 0.1372199638458400095 0.166722042375793994
898 394 0.13731845266440900755 0.13721516995663299299 0.16671697816770700284
894 390 0.13731658769031898637 0.13721597548026098767 0.16671659138682601298
891 387 0.13731834937408299302 0.13722144846781200722 0.16671713857895401056
885 381 0.13730754798333499878 0.13721384074326500868 0.16671983458693800939
891 387 0.1373182932413229973 0.13721497502911600419 0.16672103380505701176
900 396 0.1373211724836669867 0.13721148677371600155 0.16672120510515300862
892 388 0.13731470237646800636 0.13721416053891100084 0.16671848208269599012
892 388 0.13731022993364400131 0.13721678855025198907 0.16671809486785699184
879 375 0.13729955615991498719 0.13721515126695599252 0.16671266874963699967
878 374 0.13729265982497199095 0.13720584295392099228 0.16671088290299901358
887 383 0.13729514840301298984 0.1371971992611110136 0.16670387622915100456
876 372 0.13728021351629599023 0.13719073631740699715 0.16669407673916000756
878 374 0.13727126762719799036 0.13717801827576400764 0.16669518785949699602
880 376 0.13727608134946300833 0.13718093843301398804 0.1666921983689340081
875 371 0.13726317858268100025 0.13717639315473900696 0.16668921026234800875
879 375 0.13726632840437699712 0.13717433098095499489 0.16668147425453999633
886 382 0.13726065741349599558 0.13716222112320700099 0.16667150797409899243
897 393 0.13726146523343599193 0.13715244379807900454 0.166673833536053001
889 385 0.1372581170495550118 0.1371599039740490078 0.16666955122093898845
892 388 0.13724803625497100645 0.13714386636366199257 0.16665885257933699126
886 382 0.13723754590214098936 0.1371411585510819986 0.16665448375022198779
885 381 0.1372352779899989883 0.13714048870283498949 0.16664528286300100968
906 402 0.13724751793500100661 0.13713714496315598801 0.16665151625833998783
896 392 0.13724498661150499879 0.13714549866050498861 0.16665895412328399217
904 400 0.13725055703948099706 0.13714019090085000085 0.16665923486634701134
898 394 0.13725861268585198838 0.13715361472657799924 0.16666638805155800651
892 388 0.13725887353177598782 0.1371576914622560095 0.16666722374480999469
884 380 0.13725370211709100876 0.13716360148541001385 0.16666221123205798849
893 389 0.13725922020588499084 0.13716049947078398641 0.16667028567315100851
897 393 0.13726270749179700359 0.1371604818544990001 0.16667362436543500803
889 385 0.13725195931283701301 0.13715834389196598919 0.16667473525289600023
881 377 0.13725368164723400488 0.13716870355707100337 0.16667658736220200555
874 370 0.13725137271356499524 0.1371754304481550002 0.16667676983943399693
881 377 0.13725344274880399431 0.1371733986580890019 0.16668603329085598941
874 370 0.13725890827589098953 0.13718577525638100956 0.16668750996995398972
861 357 0.13725448837204398678 0.13719247209739698912 0.16668676315565300605
878 374 0.13726036397359400731 0.13718633666127000303 0.16668388762592600827
885 381 0.13726741083350199601 0.1371903676101030034 0.16669452730119999062
877 373 0.13726247044036699041 0.13719265393974799938 0.1666988689233969978
875 371 0.13726392498809400489 0.13719910088762099498 0.1666938645014039988
879 375 0.13726755239236099193 0.13719800535431700417 0.16669441198233300727
888 384 0.13727224266911200456 0.13719089801077299917 0.16670180106303700285
879 375 0.1372663072500009962 0.13719481379197098758 0.16670373215232200947
875 371 0.13726415407809700042 0.13719300271588100171 0.16670362961343798691
888 384 0.1372681901583870101 0.13718233215610900477 0.16669179433731298734
878 374 0.13726438802313201126 0.13718309390226599009 0.16669169503359598794
875 371 0.13726499302171699113 0.13718720356784899761 0.1666910418043769937
878 374 0.13726898236599499592 0.13718546090976699303 0.16669085028485000621
870 366 0.13725923992144201113 0.1371832188456580115 0.16668669092083698846
871 367 0.13724935084452399847 0.13716841626837400492 0.16668419461996999975
882 378 0.13724458320696100722 0.13715207745043300758 0.16668197629175399155
883 379 0.13724036018256999259 0.13714980218177399984 0.16667588679152600672
869 365 0.13723724453701000026 0.13716221155471100546 0.16667662176906200555
882 378 0.13723653499246399323 0.1371503171283290079 0.16667044490081200925
887 383 0.13723848910321601036 0.13714949908658100042 0.16666731155623901173
887 383 0.13724202191653200877 0.13714881415451798952 0.16667210068133300749
892 388 0.13724457924126198805 0.13714936261814700269 0.16667937320303799487
884 380 0.13724860614110198642 0.13716014958325101203 0.1666907840086739867
880 376 0.1372557887617469885 0.13717027969886400052 0.16668488769761999335
875 371 0.13724977723652501127 0.13716843996115798965 0.16668571078434299415
884 380 0.1372507731062199976 0.13716269904843800265 0.16668984447680099126
883 379 0.1372496288448979973 0.13715783182164101306 0.16669112576195599384
887 383 0.13724036180473001001 0.13714612013344801289 0.16668624696427200571
892 388 0.13724239580151201268 0.13713963289993300054 0.16667815411887698662
882 378 0.13723315683270800869 0.13714037810648899152 0.16667658897490100767
870 366 0.13722346941344398807 0.13713969777582099563 0.16667254495226099809
880 376 0.13722037062296998933 0.13712755006896901189 0.16666988048444900117
885 381 0.13722344365861299798 0.13712377901882899511 0.16667345969832000896
887 383 0.13721987104509500432 0.13711847212405500751 0.16667630259902199708
882 378 0.13721358388290000319 0.13711967545623798825 0.1666787770294120008
873 369 0.13720639507061799245 0.1371212062767739881 0.16667492157824700949
870 366 0.13719724989955101035 0.13711824071202599606 0.16667757864178001093
874 370 0.13719827785125099373 0.13711141266021800722 0.16667730065389899097
877 373 0.13719232873326400735 0.13711017463324398635 0.16667445670006100777
880 376 0.13718732702481001295 0.13709855864746800513 0.1666792187922550017
883 379 0.13719292274401501119 0.13710406094428098656 0.1666794902514190102
887 383 0.13719784598280099219 0.13709843339637201032 0.16667902897110600802
876 372 0.13719579442672999448 0.13710458005176501262 0.16667829304281300828
877 373 0.13718658292406998855 0.13709623325126099602 0.16667563575251501118
875 371 0.13718363246292100688 0.13709308614707899077 0.16668222082652600635
878 374 0.13719177901933199415 0.13709828091361800362 0.16668002129413700407
869 365 0.13719345093226700816 0.13711017157709398662 0.16668897906502599948
871 367 0.13719679917224600341 0.13711225834782800326 0.16668495068243299739
865 361 0.13719309778127899979 0.13710943762516900057 0.16668348344123498639
877 373 0.13719764645046800267 0.13710024458451700036 0.16667891038901799794
886 382 0.13720897637193998908 0.137102651114247992 0.16667379153928699176
876 372 0.13720177691354598637 0.13710779048203800001 0.16668684822019699809
874 370 0.13720140478043799104 0.13711053876278800345 0.16668538178000599781
882 378 0.13720290064361098659 0.13710314153104999346 0.16668674606416400419
858 354 0.13719611570612599838 0.13711952202139199297 0.16668810930150498861
868 364 0.13720633712548599425 0.1371171735945820036 0.16668892425769099574
874 370 0.13720793709256298709 0.13711147730644299148 0.16668755051099801157
868 364 0.13720720041340100925 0.13711914088157600711 0.1666875448903689938
870 366 0.13719851627655699211 0.13711397783505899217 0.16668115882577100306
878 374 0.13719853198167500374 0.13710645966131498885 0.16667951470489900112
879 375 0.1371973259192560135 0.13709892784735799864 0.16666812420395699101
888 384 0.13720237120477599135 0.13708996214178501005 0.16666411667304201205
881 377 0.13719406047560200879 0.13708872016602999255 0.16667322198031300773
878 374 0.13718922056623100714 0.1370877786962269862 0.16667285609888499165
889 385 0.13718926230119099507 0.13708301992393198687 0.16667995225913301294
876 372 0.13718130466059899608 0.13708943176499699401 0.16668458821459000707
875 371 0.1371802349348479888 0.13709022685362901028 0.16668376484394600845
867 363 0.13717694270319399918 0.13709524132024700216 0.16667475880419999057
860 356 0.13717232647371399579 0.13709408803230699325 0.16666293984851998644
876 372 0.13717954583566199789 0.13708058252518198761 0.16666494008102999969
875 371 0.13717666123579100312 0.1370782101866580005 0.16667220834371299087
876 372 0.13718381287390499224 0.13708491191912000606 0.16667729287735100208
877 373 0.13718342788214299421 0.13708660420897100796 0.16668119434980299687
880 376 0.13719569586382798776 0.13709490967926798999 0.16669035920604000078
867 363 0.13719810021502298891 0.13711017396333100016 0.16669225835178300144
879 375 0.13720809593654800795 0.13711132208518200803 0.16669315855933100612
864 360 0.13719857920832601028 0.13711740809497699467 0.16669541882820299028
870 366 0.13720176954583399032 0.13711483739379601299 0.16669967237293600859
871 367 0.13720734377616899957 0.13711562296456100696 0.16670863721177400785
859 355 0.13720281938617401307 0.13712149174510199212 0.16670500115538200436
856 352 0.13720519796454300199 0.13713074657264298639 0.166698648656638998
867 363 0.13720985278997699375 0.13712376037742099455 0.16669229970758400738
857 353 0.13720454385083499793 0.137128894371893989 0.16669781633566499446
857 353 0.13720866382256399763 0.13712871825532998993 0.1666933722527869921
855 351 0.13720844196055800857 0.13712726224957000332 0.16669327460030200494
864 360 0.13721776988163900124 0.13712610518932299986 0.16669118664945700714
869 365 0.13721901325126800719 0.13712388029356400998 0.16669543130669300934
857 353 0.13722136040823199044 0.13713527102208100672 0.16670310990094899806
855 351 0.13722502433014499568 0.13714143589628399744 0.16670671596970901285
863 359 0.13723325416897400042 0.13714265859385199597 0.16670643407783300449
864 360 0.13724022590826198686 0.13714500956323499858 0.16671347065868599713
862 358 0.13723935913872800652 0.13714544308137199824 0.16671454152855200159
855 351 0.13723556393705699241 0.13715595733031399339 0.16670612987305100106
855 351 0.13723179159143300554 0.13715264407548000136 0.16670783417717699448
856 352 0.13723177730252000828 0.13715647714676398872 0.16671278759004198866
854 350 0.13722968353813100317 0.13715314666802100318 0.16670691010509100516
859 355 0.1372312803269599979 0.13714875303043499999 0.16671176988257999096
860 356 0.13724033843830399371 0.13715528337934199121 0.16670778967089300293
867 363 0.13725157474683299941 0.13716285014825199684 0.16670363173692900882
860 356 0.13725375785674701068 0.13716907596280300541 0.1667063255568559943
857 353 0.1372534192635309902 0.13716725540977600661 0.16670144952601601007
849 345 0.13724918433256000361 0.13716441591091499408 0.16668909806837700627
844 340 0.13724147983379400562 0.13716227693844199043 0.16668287785294400027
860 356 0.1372411023844949951 0.13714698615837700446 0.16667567030260499461
851 347 0.13724089406102699118 0.13714971007864198982 0.16666882693937601356
860 356 0.13725033256609800447 0.13715020260233098948 0.16666711659340999185
850 346 0.13724868409683999015 0.13715523400137999421 0.16666279833591599036
841 337 0.13724473180784799164 0.13715702100701099297 0.16666342893273100589
840 336 0.13723729389111000154 0.13714741245854800145 0.16665983323541699868
852 348 0.13724180000114499789 0.13714240049401998922 0.16665848674277100594
868 364 0.13724754984340400976 0.13713417050201298641 0.16666711598062700084
866 362 0.13725063552917299292 0.13714137685368299469 0.16667008053117898791
861 357 0.13725059443797898995 0.13714291263713498936 0.1666751093142339879
863 359 0.13725414199862701059 0.13714241330415899434 0.16666406275665299197
867 363 0.13725673803735299883 0.13714117470680101118 0.16665912633387600095
866 362 0.13724063945547398946 0.13712778092834901345 0.1666498848515310105
874 370 0.13723648810719199509 0.13711783708955599392 0.16665195297351201309
881 377 0.13723748397572799185 0.13710659428036900409 0.16666218195781901112
890 386 0.13723879602099400832 0.1371022389995799895 0.16666496292744301111
882 378 0.13723119189715599076 0.137100760916829989 0.1666620050581139878
880 376 0.13722045277716499179 0.13709071332421299272 0.16666308173947499971
885 381 0.13722271579247000139 0.13708896132120398925 0.16666048437942099225
878 374 0.13722541974396298969 0.13709555053108299361 0.16665663427628799043
873 369 0.13722925873894900595 0.13709772853909898971 0.16665377130278299922
871 367 0.13722808731247199132 0.13710169212602899003 0.16665305850569100965
889 385 0.13724509670294399166 0.13710236711506901264 0.16665825319040800112
891 387 0.13725145207545699777 0.13710279027655800088 0.16666308740965998791
896 392 0.13725031746561799917 0.1371003014361079908 0.16666407238362498933
899 395 0.13726467794182101168 0.13711460488727200691 0.16667060182095699838
897 393 0.13726013535950801203 0.13711607284773399962 0.16666845489523998691
889 385 0.13725553230211098854 0.13712745566499601191 0.16667971729120201196
884 380 0.13725441882723399267 0.13713247765973299308 0.16667122420224800283
869 365 0.13725063886559599191 0.13714261183122600229 0.16667059758111199552
863 359 0.13725066092440899035 0.13714365417407500813 0.16666211159278798704
874 370 0.13725271902014898884 0.13713423915185699031 0.16665961273363499862
878 374 0.13725423046778401082 0.13713105507189399246 0.16666755933370999698
876 372 0.13726711131353000472 0.13714334721604498624 0.16667817925465500117
862 358 0.13726215853979101267 0.13715165766032999528 0.16667389357379799875
865 361 0.1372699566912929936 0.1371549616307080055 0.16667166163236599163
863 359 0.13727186035358698857 0.13715698435433298918 0.1666723736656769983
856 352 0.13726820926613900187 0.13716291033844699165 0.16666809303630300554
862 358 0.13726810077417700429 0.13715890403904598682 0.16667192502393399223
852 348 0.13726332206344499243 0.13715926653722598783 0.16666746856676001309
860 356 0.13726535084425900424 0.13715761156834999079 0.16666292547974501104
886 382 0.13728295311858099148 0.13715186772403001325 0.16666773529267700504
895 391 0.13728254755681901234 0.13714774026481599267 0.16667254250895999212
872 368 0.13727519703257198835 0.13715986694580101224 0.16667156185524800716
880 376 0.1372826589032780098 0.13716175624842399938 0.16667476377348999783
882 378 0.13728369624785100034 0.13716538479198001066 0.16668027701043899858
874 370 0.13727934050289899992 0.13716446851798599904 0.16667787229628600043
871 367 0.13728150724412999106 0.13717148758991901114 0.16669218396988799702
876 372 0.13727654786144799504 0.13716340743035698724 0.16668782192878001114
879 375 0.1372835602748679884 0.13716638449485898943 0.16669225978714699576
882 378 0.13729334695119199683 0.13717214125085300247 0.16670291361490499615
872 368 0.13730125012895499914 0.13718812514989001117 0.16670556800744801285
874 370 0.13730612140609399496 0.13719251388219499965 0.16672553604421899709
876 372 0.13730387441137101301 0.13719415959991498877 0.16672933692373501091
892 388 0.13730888834734900072 0.13718537408605399608 0.16673056238875899604
887 383 0.13731221050489800239 0.13719406586622198696 0.16673533657829700538
876 372 0.13731127767088799341 0.13720795425712001281 0.16673824481847798751
884 380 0.1373135756272919894 0.13720775637418999859 0.16674274733123600756
880 376 0.13731806124689999171 0.13721478597218000894 0.16674769158750299414
885 381 0.13732848150002699428 0.1372224162455840113 0.1667527208085470003
879 375 0.13733137892195398932 0.13722968837306098733 0.16675110240460200295
865 361 0.13733206892765500995 0.13724223581317898657 0.16675453271903301067
867 363 0.13733625358160000962 0.1372422810657639991 0.1667690323045940004
870 366 0.13734651271134498685 0.13724691447300599312 0.16677352101445200305
858 354 0.13734039471421699563 0.13724524895331099983 0.16677004120811900201
862 358 0.13734421874919100492 0.13724514743697799335 0.16675585795641201248
862 358 0.13733816367725099061 0.13724362864224298741 0.16675680681992099963
879 375 0.13734252774105398798 0.13723142370522201094 0.16675377599010599017
880 376 0.13734009300003799381 0.13722970116549298991 0.16676383200272498764
881 377 0.13734607310910099121 0.13723976446711799726 0.16676654677509200608
886 382 0.13735516930491101228 0.13724170438992400189 0.16676925882853699257
875 371 0.13735410620841601026 0.13724433048321699191 0.16677250146817099163
868 364 0.13735941998585599055 0.13725055385306000888 0.16677997860223800486
868 364 0.1373531448024140067 0.13724327546652501097 0.16677456267672199908
869 365 0.13735689784897001098 0.13723945298898698741 0.16677727068811601385
863 359 0.1373561667749750026 0.13723900027124300016 0.16677971342769601359
870 366 0.13735941744436200307 0.13723515989221699019 0.16678197688105200758
868 364 0.13735086535620200099 0.13723020001023800152 0.16677647960354799461
877 373 0.13735722350717699536 0.13722968714400599066 0.16676780925152198676
877 373 0.13735790424938298937 0.13722516737215700866 0.16676672345651999407
873 369 0.13735018946223800929 0.13721909383762601053 0.16676299706875299944
868 364 0.13734906666933899277 0.13722010018538699505 0.16676596831255399711
865 361 0.13734514769700501002 0.13722010957532901343 0.16676497387979100084
878 374 0.13734955533086801172 0.13721196657671200225 0.16676477022095700931
873 369 0.13735406506625100209 0.13721745273326899084 0.16676756119429200775
877 373 0.13735360353215500528 0.13721511974577299542 0.16676999903876199571
866 362 0.13735442880369699847 0.13722035374457300372 0.16676469159623599769
869 365 0.13736217951746099164 0.13721628341160699294 0.16676308480318199901
868 364 0.13735778783285199078 0.13721776314802000551 0.16675523087281399204
878 374 0.13735176511377800157 0.13720425020025200924 0.16674808551396899658
882 378 0.13735093404986400967 0.13720227473805499119 0.16674850230229701364
890 386 0.13735450337523999464 0.13719976270234399141 0.16675832244088401035
891 387 0.13735650224673098818 0.13720060448962700939 0.1667550468976609912
887 383 0.13736874197641099626 0.13721350770787499318 0.16675739554532600928
880 376 0.13737118720427599072 0.13722613417248799572 0.1667537722329049954
887 383 0.13737431361245600048 0.13722206873848000197 0.16675278406750798643
882 378 0.13736970260717099035 0.13722232529882499863 0.16675951854624099235
887 383 0.13737635349709401145 0.13722318185013299141 0.16676844547945898767
880 376 0.13737522887618699996 0.13722845842125300231 0.16676271722548799414
889 385 0.13737709123621899554 0.13722493340242800097 0.16676006181434599451
872 368 0.13737850249681499148 0.13723980847404099181 0.16675749576794199336
874 370 0.13738178302705100764 0.1372498444504529902 0.16674984656849201059
867 363 0.13738166850673799724 0.13725034126283899849 0.16674693423448599949
870 366 0.13738184262473498998 0.13724378190052799464 0.16673806511424499321
875 371 0.1373890783010459915 0.1372452285578200093 0.16673559353910799574
883 379 0.1373972559597969878 0.13724316923211299368 0.16673741457706400815
873 369 0.13739775453517799608 0.13724974847361401387 0.16674413706632099097
871 367 0.13739821276233099567 0.13724787458431100817 0.16674490456018400963
872 368 0.13739722952390701072 0.13724616635795400255 0.16674138405287700082
875 371 0.1373906113180780042 0.13723772367137798689 0.16674844957956599933
873 369 0.13738901428843100505 0.13723638983362199117 0.16673784726767901243
882 378 0.13739555514548099091 0.13723598268445699744 0.16673826529880900194
872 368 0.13738662274069399216 0.13723454727122399999 0.16673623667498399525
881 377 0.13738792296984600472 0.13722774188930300654 0.16673525718815598862
875 371 0.13738033222618700746 0.13722560962801499951 0.16673104590484300047
873 369 0.13737841205342299356 0.1372232319936139977 0.16671792939776999831
873 369 0.13737332924385600719 0.13722163619915600519 0.16670866136773898614
880 376 0.13737090017451800139 0.13720413425843600019 0.1667119674085159875
889 385 0.13737101294904199844 0.13719428486380000343 0.16671073416087700547
894 390 0.13737656254725200133 0.13719666157464899259 0.16670252139890701093
894 390 0.13737997787249200954 0.13719452160382500372 0.16669928508101800047
885 381 0.13736555542531200813 0.137188398573239001 0.16669125486654501334
893 389 0.13736423381452000925 0.13718248285204601156 0.1666823571744500132
889 385 0.13736150062051799559 0.1371832616241059899 0.16667459705346898691
898 394 0.13735780468172600899 0.13717134071107600635 0.16667703459201699268
900 396 0.13735355978422500445 0.13716246253927799614 0.16667494147956399275
907 403 0.13736108848977698904 0.13716316269405298689 0.16667694211119299386
905 401 0.13736081363730198723 0.13716689719473099118 0.16667493717452300239
900 396 0.13736639281723500572 0.1371747503303979987 0.16667780724219199984
897 393 0.13736294688949399201 0.13717735177132600599 0.16667188743186001076
905 401 0.13736639660898000703 0.13717335573105698954 0.16667484360295700685
917 413 0.13737014804906699794 0.13716778575345700553 0.16667692869619998852
909 405 0.13736627427583800176 0.13717073802280199679 0.16667318754722199037
902 398 0.1373705162673909963 0.137180053256029999 0.16667492433791300521
895 391 0.13736429747230000098 0.13717845701092901134 0.16667414007947900512
901 397 0.13736175602384700922 0.13717070361511399246 0.16666692730030499559
888 384 0.13735676709096400483 0.13717745468184899815 0.16666197646971700475
904 400 0.1373600690427000115 0.13716498107936300754 0.1666572888532359964
901 397 0.13735595816944298764 0.13716633342562201126 0.16665798566793199598
906 402 0.13736060214448800321 0.13717140197986099626 0.16666033121060799815
909 405 0.13735935099382701186 0.13716592862710400014 0.16665859754492198808
905 401 0.13735522630803301269 0.13716515485466901358 0.1666572118388839896
901 397 0.13735222349625600402 0.13716693430627399652 0.16665790803217100935
908 404 0.13735835406946900195 0.13716354868216198981 0.16665652317519000225
897 393 0.13734928240589400206 0.13716253208389900253 0.16665045875320100288
893 389 0.1373367104597379984 0.13715329264661799136 0.16664665045604901139
890 386 0.13733561002144001328 0.13715250506345499915 0.16664215081140598684
887 383 0.13732186691351899732 0.13713905370045101351 0.16664025179512900743
896 392 0.13731906023421799889 0.13713035639446699565 0.16663350520141501088
893 389 0.13731647808100699848 0.13713336527962599609 0.16663377300037698903
892 388 0.13731267715508199689 0.13713079072575901085 0.16662971353613101333
888 384 0.13730857477135099964 0.13712803346918300829 0.16663006920286199675
888 384 0.13730752359892400838 0.13712588905861899935 0.16661744976883599567
897 393 0.13730889291353901016 0.13711553976795398668 0.16660890174697398636
897 393 0.13730709036810900825 0.13711207719825999063 0.16660303739836199166
893 389 0.13730016952159099231 0.13710479179235399161 0.16660149787942199473
908 404 0.13730230997036499407 0.13709669052253900534 0.16659105932359499769
901 397 0.13729454079964600877 0.13709508448367199729 0.16658485929555499894
891 387 0.13729323183697800248 0.13710049556630599099 0.16658125340370599776
902 398 0.13730217305554098806 0.13709610536079200327 0.16658421111789201152
899 395 0.13730538847778001044 0.13710020946268600128 0.16659096664857500625
897 393 0.13729336470223499345 0.13709640651537999267 0.16658451393360398929
895 391 0.13729262538140499239 0.13709579675224700668 0.16658125790022498824
882 378 0.13728576244461199174 0.13710158496054500321 0.16657972769463399998
881 377 0.13728851233631500506 0.13710044811091701145 0.16658380382346898996
894 390 0.13729075281428199107 0.13709283404466698908 0.16658391158438398683
896 392 0.13729609197145900557 0.13709871873533799325 0.16658307099797400874
891 387 0.13729662943852499746 0.13709837612341199686 0.16658231774291198946
886 382 0.13728841742572100992 0.13709664907252699928 0.16658793955816700305
893 389 0.13728367119556400544 0.1370889601034329941 0.16657263314518000463
902 398 0.13729337915201700326 0.13708928730180300337 0.16657084931356699875
901 397 0.13729173009134498784 0.13708999767433699413 0.16657078823423598912
896 392 0.13729299524046401082 0.13709180784524899188 0.16656762805528999016
887 383 0.13729092229350400856 0.13710233916906300333 0.16656378324691500925
875 371 0.13729556375921700417 0.13711631288571399234 0.16656398126266599991
873 369 0.13729049976944299183 0.13711292733881400019 0.16655841928201500779
886 382 0.13728982307711498634 0.13710326717492699045 0.1665569857623699912
882 378 0.13728415720574699277 0.13710247495669700135 0.16655435104852300832
886 382 0.13728521982762201259 0.13709946156395300121 0.16654647462736599239
892 388 0.13728779696053000636 0.13709745627212499564 0.16653972173800499212
889 385 0.13728916171238800259 0.13709687398160300131 0.16654215796075999556
881 377 0.13728120062363999287 0.13709394766559898637 0.16654244570883100507
892 388 0.13728385711169699412 0.13708588659879600291 0.1665489996760080027
889 385 0.13729187756666799691 0.13710116138164799016 0.16655666574676000757
896 392 0.1372923315535319877 0.13709459779596200324 0.16656106801659700811
896 392 0.13729488180015900212 0.13710045321173200406 0.16656066589061399585
897 393 0.13729164632157800363 0.13709806941524799173 0.16655734938771199483
878 374 0.13728740574618600312 0.13711032063619099652 0.16655840665947299617
887 383 0.13729827586015599938 0.13711269873758899496 0.16656331849430100478
899 395 0.13730994656610900906 0.13711406385652499806 0.16657294158640101323
887 383 0.13730934962174198843 0.13712105940852900576 0.16656971127154399093
885 381 0.137308590641782996 0.13712212270349699583 0.16657127708319199866
878 374 0.13730457202902499048 0.13712336765223900881 0.1665666784460149985
893 389 0.13731017363601799586 0.13711219746789599094 0.16657029945375401159
900 396 0.13731313578956200194 0.13711295613805599136 0.16657143693190498701
894 390 0.13731223577613599351 0.13711826993877399006 0.16657710659897700944
888 384 0.13730413759006199204 0.13712299366379099297 0.16657635968441500407
886 382 0.13730104955411401302 0.13712228310235100026 0.16658202523844900522
887 383 0.13730531717990698826 0.13712867527046901373 0.16658495307443099698
879 375 0.13730285414522400145 0.1371340381580929968 0.16658523142383499516
883 379 0.13729926723179100567 0.13712539958047900712 0.16659029283461398996
876 372 0.13729321229422400408 0.13712276138752699239 0.16659808374350701388
872 368 0.13728525344711700606 0.13711766931425600768 0.16659033110158499857
879 375 0.13728791527753300694 0.13710743784696100001 0.16659231354302500572
872 368 0.1372801820550610119 0.13711028649942400004 0.16659113800434999231
875 371 0.137278831674601004 0.13710478028735900713 0.16658245422187600848
876 372 0.13727455422190198986 0.13709937612717801314 0.16657914912468799185
876 372 0.13726654983493899453 0.13709646038165398951 0.16657524938489501332
877 373 0.1372649036204380002 0.13708947583933600578 0.16657518858713299403
872 368 0.13726129425865798983 0.13708582973230601376 0.16656677337852399123
881 377 0.1372621740523869982 0.13707824930280398945 0.16656773588591800017
882 378 0.13726034952949600632 0.13707797355687600938 0.16657014559934599229
886 382 0.13726479300953900453 0.13708469140308598977 0.16656906361359899438
882 378 0.13726274868497301274 0.13708565936636099569 0.16656942823795500841
892 388 0.13727121209478299058 0.13708171361327600724 0.16657609389595701144
874 370 0.13725986385936400636 0.13708304465018000817 0.16658028667256299937
884 380 0.13726246291816399103 0.13707407623067499602 0.1665842219747180053
881 377 0.13727068009630000178 0.13708191537589600739 0.16658909126533300027
884 380 0.13726875642329300353 0.13708201783213200264 0.16658928050247900909
879 375 0.13728140455585999269 0.13709563814895700529 0.16658538800012301362
880 376 0.13729160913048599202 0.13710068344182799183 0.16658540889142001151
882 378 0.13729267892588101208 0.13709794255127599749 0.16658874394858300128
873 369 0.13728490029056400479 0.13709770369925700084 0.1665938609765580114
882 378 0.1372865701217650114 0.137088706856589998 0.16658530147070599314
887 383 0.13728737981881000696 0.13709048461324499502 0.16659220000327801259
878 374 0.13728445775246000959 0.13709957711537801295 0.16659714295746899659
878 374 0.13728700423077599968 0.13709993794432401293 0.16659834865600200993
878 374 0.13729236159205698842 0.13710367505925100118 0.16660226834796298956
873 369 0.13729167450611901025 0.13710658900701300222 0.1666152632515630061
878 374 0.13730308906008700798 0.13711576703012900991 0.16662341798871899146
871 367 0.13729833360596199743 0.13711873430412799268 0.16661936023382301064
862 358 0.13729130843045100896 0.13711922915643501297 0.1666115744506879992
872 368 0.1372898249305939955 0.13710663668629899381 0.16660608035718998954
890 386 0.13729489463608998689 0.13709651989655499693 0.16659830243210599354
893 389 0.13729747294971100802 0.13709526521300699486 0.16660340109600998981
899 395 0.13731163571706900273 0.13710507159429599633 0.16660849792031900973
900 396 0.13731347222292900057 0.13710831568105699696 0.16661029086855999592
913 409 0.13732256810864398866 0.13711151736731999606 0.16661132064733200076
910 406 0.13732668687371199501 0.13712153383805300577 0.16662131772509100602
910 406 0.13732384367608199693 0.13712333817811100944 0.16662902638887999718
897 393 0.13731969173571700882 0.13713256909926099802 0.16662928998847900686
894 390 0.13731450697358799085 0.13713075028563700974 0.16662202838377598857
896 392 0.1373156440827379976 0.13713129845045698985 0.16661967316858899979
898 394 0.13731771514006599344 0.13712971850779701044 0.16661985426971301361
895 391 0.13731247442589000762 0.13713006977103001094 0.16661581023412200264
885 381 0.13731140768328900514 0.13713446022402200897 0.16661261290471099383
889 385 0.13730968577893498672 0.13713359309162501121 0.16660713860505399486
898 394 0.13731613963557098845 0.13713320744107798665 0.16660512670891600151
893 389 0.13731644094225700647 0.13714001392352800912 0.16660885540271999639
882 378 0.13732517243772099369 0.13715633414974601201 0.16661730720057599253
890 386 0.1373306878466009906 0.13715087872807499303 0.16661521097668000047
890 386 0.13732941873453199944 0.13714923911719900662 0.16661716286001798659
883 379 0.13732799005449000673 0.13715952815019100131 0.16661692141286998936
890 386 0.13732648396737401342 0.13715847768781200267 0.16661710277822500137
883 379 0.13732733697384100213 0.13716756853001899064 0.16661424998803400777
892 388 0.13733222916800100211 0.13716853996221001211 0.16661249467328401175
881 377 0.13732898115106301207 0.13717742693959800171 0.16661781383220800046
876 372 0.13733155679361100376 0.13717816246500599831 0.16661934172172199187
885 381 0.13733066651583000772 0.13717126343588501025 0.166608914916939993
879 375 0.13731648358730000337 0.13716343763502200637 0.16660371146173599821
883 379 0.13732546727803399134 0.13716746210377600557 0.16659657554812901115
895 391 0.13733250780473599262 0.13716451257091799576 0.16659146199884600215
896 392 0.13733144073797398654 0.13716081396556101257 0.16659248987756000715
887 383 0.13733254586707499545 0.1371742389443020016 0.166590237324374002
875 371 0.13732827919466600308 0.13717893079525500521 0.16659773764867699675
878 374 0.13732826034604600496 0.13717523131084199961 0.16659632583879999124
870 366 0.13732798627099099265 0.1371776663262559981 0.16660096426251300161
878 374 0.1373286978163159866 0.13716924373920399982 0.16660215606517300713
886 382 0.13733256698564999532 0.13716703079318098846 0.1666078828138020107
878 374 0.13732862099766399155 0.13717284241791000143 0.16661276754357701169
863 359 0.13732221134513500349 0.13717908797840200341 0.16659884795472901242
866 362 0.13732355408379098849 0.13717910745466299627 0.16659550772233999716
868 364 0.13732115006939599189 0.13717610539861699315 0.16659552491530099649
863 359 0.13732060206115401235 0.13717717258094100363 0.16658975565438499666
868 364 0.13732342343686698705 0.13717417258395200874 0.16658742700509499013
866 362 0.13731911071083899301 0.1371727327162750032 0.16658141080090399511
876 372 0.13732447068713199423 0.13717221963961800935 0.16657556537686699083
859 355 0.13731128034590200926 0.13717159097867900885 0.16657399624349600309
860 356 0.13731323502377298929 0.13717381947475498771 0.16657025061296701351
864 360 0.13730727535519798854 0.13716910696443798678 0.16656307266662701005
868 364 0.13731257608085201127 0.13716698077634201236 0.16656284818950600757
863 359 0.13730626610255000641 0.13716393088430600677 0.16655391645024800185
862 358 0.13730757040191299279 0.1371686216830650118 0.16655201985908699158
861 357 0.13730317181283299699 0.13716925264945700746 0.16654594118929100244
870 366 0.13731259492419900514 0.13717147840602900155 0.16654705936662300703
882 378 0.13731717852822999948 0.13716598718798600487 0.16654357718755599671
887 383 0.13731830219311200181 0.13716378497882100729 0.16653909393591501131
887 383 0.13731624368265199498 0.13716272489174399785 0.16653703717625001346
893 389 0.13732268828777499659 0.13716168769923800519 0.16654032655901399029
887 383 0.13732742333221800712 0.13716643316514801065 0.16654236224505500341
885 381 0.13732198751358901112 0.13716633596444099963 0.16654256092113900456
880 376 0.13732379566588098774 0.13717264786589600245 0.16653507726026500757
870 366 0.1373219743771789958 0.13717744440756299285 0.16653419179048101206
880 376 0.13733037128008399042 0.13717697223004399198 0.16653222232729100738
883 379 0.13733635196363899733 0.1371812335982920128 0.1665301700833360099
877 373 0.13733211764198199889 0.1371831755990139956 0.1665241163590029938
874 370 0.13733756725434098644 0.13719304638930299167 0.16651698312011600778
883 379 0.13733490014555199688 0.1371853874439870058 0.16651076754381999301
887 383 0.13733584014467700718 0.1371826380020479963 0.16651814156584099358
876 372 0.13733029843890298682 0.13718606940473498934 0.16651859614135100518
873 369 0.13732652081037599601 0.13718683081624100106 0.16651338636823301287
868 364 0.13731890676723199074 0.13718863149334201146 0.1665140897151639876
881 377 0.13732153300465499424 0.13717459520884900392 0.16650555063456398686
885 381 0.13732575994143600417 0.13718063012447301308 0.16650608968827798617
898 394 0.13732932085421400981 0.13717247877461899441 0.16650055326739099382
902 398 0.13732844166229998817 0.13716901235380499213 0.16650824950694301241
909 405 0.13733069071594200539 0.13716445173254498968 0.16650454546580500947
897 393 0.13733008537828500506 0.13717408798537400472 0.16650433505236900134
897 393 0.13733033996265500698 0.13717616244119398838 0.16649814055917100397
897 393 0.13733616123404498999 0.1371798428476830034 0.16649784774569800772
896 392 0.13732971601228499692 0.13717373910288399586 0.16649581172708100008
899 395 0.13732471848902000344 0.13716947445052499188 0.16649926200706799406
891 387 0.1373198216133059979 0.13717477345940298772 0.16650428901253999658
903 399 0.13732179555426898832 0.13716632852949101062 0.1665105573103189962
902 398 0.1373204332484919965 0.13716408419385500705 0.16651391683759700357
903 399 0.13731444833585398912 0.13715699541019299446 0.16650723135806200226
904 400 0.13731757405174599418 0.1371565706223620007 0.16650818511566201074
900 396 0.13731605639614499759 0.13716290173653500339 0.16650938559834699282
896 392 0.13730799126094400675 0.13716389866088499194 0.16650934265757999508
894 390 0.13729636482506099582 0.1371572834940210095 0.1665100452451840074
887 383 0.13730138072299000185 0.13716917209407200606 0.1665018794691900117
895 391 0.13730290765511699025 0.13716550429197599259 0.16649628677910099928
897 393 0.137306556115347006 0.13716665821081300281 0.16649152353637000634
888 384 0.13730269036023298734 0.13716631095697801035 0.16649753155496299639
886 382 0.1373047223930189964 0.13716682177188299629 0.16649989168726900268
891 387 0.13729926254024898968 0.1371561429561249934 0.16650241754172401265
882 378 0.13729164641234301025 0.13715490161185500684 0.16650485894910899143
898 394 0.13730161406446200756 0.13714561625203999795 0.16650018220607099018
893 389 0.13729860719304098904 0.13715156379110399198 0.16650113144679398736
887 383 0.13730112312757100645 0.137161440877696994 0.16649588003078300003
894 390 0.13730155819971298636 0.13715700572524600065 0.16649352427606800564
898 394 0.13730418766662200181 0.1371581591684389867 0.16649753292891700251
895 391 0.13730444722215801034 0.13716170490592399789 0.16649476458994100225
904 400 0.13731334711110798619 0.13716417777173300907 0.1664929901444769933
904 400 0.13731042136711699153 0.13716046603183801311 0.16649766017693298781
905 401 0.13731023301560799088 0.13716027482413301053 0.16650174934573999663
899 395 0.13730680438432499302 0.13716336917307500598 0.16650096473686298859
881 377 0.13730126303258699538 0.13717446955260301222 0.16649844589754300705
882 378 0.13729456109225499083 0.13716869839538800568 0.16649205275642400825
888 384 0.1372929220216690116 0.13716753231172598704 0.16648343461825099165
886 382 0.13729740951068100663 0.13717485520495401041 0.16647655206500799885
884 380 0.13729697355429199002 0.1371724876776179991 0.1664748686933429922
887 383 0.13729266236967199721 0.13716685821408700074 0.16647359960422100644
895 391 0.13729695235899100347 0.13716748034732101358 0.16647620196733300957
900 396 0.13729550897450801261 0.13716546215879599213 0.16647707582191900721
904 400 0.13729729943194698971 0.13716224571039101199 0.16647794586085298829
903 399 0.13729746270042800238 0.13716804531936799272 0.16647634652521201004
906 402 0.1373010312329029925 0.13716882408063998944 0.16647070970334398865
909 405 0.1373025480439170054 0.13716795351706401185 0.16646351461600000787
910 406 0.13730066045389699436 0.137162802510371995 0.16646430431865499866
908 404 0.13729496476644401093 0.13715653070808400682 0.1664616381024530134
898 394 0.13729244158578199353 0.13716499921461999811 0.166465306895898002
894 390 0.13728763945041100314 0.13716742062667400259 0.16645943732290899297
888 384 0.13728670430110401224 0.13716999815370001237 0.16645225385022299758
896 392 0.13728903390023999842 0.13716446430743400864 0.16645575987587898914
889 385 0.13727682088927201098 0.13715659293205101354 0.16644702037845898746
891 387 0.13727027013707499004 0.13715065914658000623 0.16644616920986299302
893 389 0.13727406873632300166 0.13715252264722699316 0.16644753636092898819
895 391 0.13727253939028499774 0.13715256550312499018 0.16644282869440199524
894 390 0.13726873442965600858 0.13714706502802900823 0.16643959700791799428
895 391 0.13726759335845301058 0.13713928673838898797 0.16643817605390501257
910 406 0.13727969977888901387 0.13713734523793699727 0.16644077426029499356
896 392 0.13727130789062799709 0.13713924915939801341 0.16643968139035800191
896 392 0.13726893308654400383 0.13713933442237200011 0.16644482224964199379
900 396 0.1372696040470509915 0.13713731551936400588 0.16644151612072999313
896 392 0.13725967938571301263 0.1371349881781379898 0.16644329301123300668
896 392 0.13725742495470699689 0.1371256053145299969 0.16644047861383801101
896 392 0.13725478643317298721 0.1371263682530459993 0.16644536874485199585
888 384 0.1372427551241459931 0.13712005492303300236 0.16644018233414001329
888 384 0.13724412424346399408 0.13711767806276700665 0.16643303454946500874
888 384 0.13724454999078800066 0.13711503278112599502 0.16642662621665799128
891 387 0.1372400125577490082 0.13710568319402799409 0.1664258661940860029
901 397 0.13724242034867001339 0.13710059369269000928 0.16642387945962999751
901 397 0.13724282720661701296 0.13710292199103199517 0.16642786705553599957
894 390 0.13724294520856800128 0.13710509852205698955 0.16642023921039500456
906 402 0.13723691406581101093 0.13709175387490199483 0.16642103280038000879
907 403 0.13723905130038299705 0.13709577669956199419 0.16642248265239001359
903 399 0.13723701895370199466 0.13709662381443199486 0.16642450520348800458
905 401 0.13722995618171199284 0.13708667752493500225 0.16642366684274800814
897 393 0.13722556551458101048 0.13708854700036399166 0.16642944455709199336
899 395 0.13722298196157300954 0.13708752869767901195 0.16642901173762200684
900 396 0.13722298992748399593 0.13708820299617899274 0.16642923347936999789
895 391 0.13721948699470801203 0.13708707487113999668 0.16642267698386301045
891 387 0.13721101757406700683 0.13708146607763399549 0.16641637316133800484
894 390 0.13721102851781499798 0.1370787045245460134 0.1664189625799570027
895 391 0.13720651470370701097 0.13707256344868398723 0.16641894223208100745
901 397 0.13721538091584700725 0.13707076948372701186 0.16641573891893499115
895 391 0.13721322497533700036 0.13707169988630499291 0.16641115248465099263
895 391 0.13720516926526699075 0.13706084546288199721 0.16640347269319699652
913 409 0.13721575369213800943 0.13705534583058198717 0.16639547129802900738
905 401 0.13720843025456699871 0.13705708396620999712 0.16640604416089099793
909 405 0.13720497713025500697 0.13705216377550000217 0.16640838844645200467
897 393 0.13720167766191498915 0.13705982317623799371 0.16641334007559899222
895 391 0.13720023615156901053 0.13705862629523499208 0.16640648201689400842
883 379 0.13718203751585400507 0.13705014737717499673 0.16639441969389801024
895 391 0.13718314365181499825 0.13703473915090400026 0.16638586291854298715
895 391 0.13717951093254998618 0.13703502189526600707 0.16637917653838099619
885 381 0.13717335267563499079 0.13703423389977700819 0.16637217457151501354
879 375 0.13716425577027599458 0.13702699905674400882 0.16636606456798100351
892 388 0.13716382132821100526 0.13701712140557700814 0.16636044429630600372
902 398 0.13716583114291300283 0.13701235524462399007 0.16635417951756900634
892 388 0.1371626254439849979 0.13701626412036399527 0.16635035254431798646
887 383 0.13715281665785100662 0.13701242206932701118 0.16635075178635300164
888 384 0.13715205781614200897 0.13700965072306101056 0.16633929872272099071
896 392 0.13715114898440800006 0.13700298118660900193 0.16633653526681899115
899 395 0.13714940108590001344 0.13700128167003400304 0.16632525138579198898
894 390 0.1371436464570749969 0.13699668606682899319 0.16632046394078700557
900 396 0.13714102327196400766 0.13699171943484000913 0.16632363464647800799
906 402 0.13713887922019399324 0.13698616795182400052 0.16631803846744699915
894 390 0.13713720816738500519 0.13699261049434699467 0.16632129016240598807
905 401 0.13714121894438099925 0.136986621419030008 0.16631643054906999901
901 397 0.13713728302064098763 0.13698247512665401304 0.16631691876876100733
905 401 0.13713095128227900665 0.13697694444566299588 0.16631935665796399038
917 413 0.13713973845760998871 0.13697144324628598988 0.16631280033667500406
910 406 0.13712830480667301258 0.13696590464803098941 0.16631296989138999454
900 396 0.13711974948759200754 0.13696443121234799789 0.16631354439688700309
913 409 0.1371302468529440044 0.13696128063940898878 0.16631525058362900404
923 419 0.13713168592510299737 0.13695930212203399901 0.16631428873874901098
917 413 0.13713332900054700514 0.1369641533283610102 0.16631308619911500113
915 411 0.13712832209388900462 0.13696658017761800807 0.16631842976454000449
913 409 0.13712918994264700068 0.13696916605873799 0.16632239375205701282
906 402 0.13712562603639599779 0.13696936979260099232 0.16631867971933100847
916 412 0.13713151108905599629 0.13696719314359601105 0.16631084046109301244
911 407 0.13713155793914899583 0.13696907234490099392 0.16631618145832199884
911 407 0.13713542393093500205 0.13696899724934899489 0.16631480769586298729
904 400 0.1371311428578400049 0.13697286790111601329 0.16631214799534999038
896 392 0.13712103242782500145 0.13696548540738601174 0.16631110641652599447
907 403 0.13711639755843998967 0.13695300623571199372 0.16630287670176399639
923 419 0.13712024740754399921 0.1369475031016040012 0.16630280441895700649
923 419 0.13711699649392000699 0.1369428263819660041 0.16629990979951800312
933 429 0.13711689788830799808 0.13693122533766599602 0.16630144611839201008
926 422 0.13711438995203201197 0.13693500677019698752 0.1663033099897039957
928 424 0.13711450231125899002 0.13693773779111201305 0.1663030746386139902
924 420 0.13710664956605700393 0.13693086656391301181 0.16629768487092400076
925 421 0.13710480824870899252 0.13692676977860898657 0.1662958415520950084
922 418 0.1371056945754000056 0.13693219095750100434 0.16629561677669299491
910 406 0.13709796588908199078 0.13693318576866100877 0.16629022536685900135
919 415 0.13710544128667301322 0.13692710484281300776 0.16628717665219899802
915 411 0.13710396013305301 0.13692396797926101315 0.16629113279494500688
905 401 0.13709676640983300966 0.13692144252570900842 0.16629363374309000245
903 399 0.13709352917834299879 0.13691607119719101382 0.16630152980827000997
893 389 0.13707888798727999036 0.13690992058993001201 0.16629606743192298923
896 392 0.1370730662838229863 0.1368995124908969907 0.16628738974616999458
904 400 0.13707859317944601218 0.13689604190333098943 0.16628474509199800413
920 416 0.1370927936820000026 0.13689393500537100357 0.16628089620949598748
913 409 0.13708578378917399276 0.13689345502828401124 0.16627230749782401231
928 424 0.1370905264617159891 0.13688232007452000305 0.16627007604406199293
914 410 0.13708444480396500542 0.13688555904562699217 0.16627145370070900432
913 409 0.13708708838850000578 0.13688472570766099801 0.16626528553636699126
915 411 0.13707963621819499456 0.13687710268059599672 0.16626513687018498744
914 410 0.13707337547181000503 0.13687541031953401327 0.16626001671552098626
925 421 0.13707935023088999027 0.13687876135864099347 0.16625658170700000071
915 411 0.13707284406269398813 0.13688008117337599479 0.16625924993263199725
917 413 0.13706952941615999086 0.1368731660040649889 0.16625012154573198808
916 412 0.13706135394704599406 0.13686796792368099984 0.16624260131480300684
901 397 0.13704737465025298992 0.13686911725751699231 0.16624534979716801275
910 406 0.13704651782002000293 0.13685739645071198778 0.16624024066484599516
903 399 0.13704321251626599976 0.13685507232415800027 0.16624370303568800078
910 406 0.13704292283407801256 0.13684888103309500451 0.16623819952441498682
907 403 0.1370361725159799926 0.1368461050078529917 0.16623750673533599365
911 407 0.13703216066780099514 0.13684092080649701284 0.16624818048608200338
904 400 0.13703812161844100559 0.13685168999756999741 0.16624836530960598879
904 400 0.13703939765083000824 0.1368528816621049915 0.1662426204184070111
909 405 0.13704612892439699268 0.13685446731286898814 0.16623960108096599853
920 416 0.13705451286869699268 0.13685181448694100359 0.16623890261950699521
923 419 0.13705114395512499326 0.13684929440941701051 0.1662405982556479922
925 421 0.13705024932859899423 0.13684494587459300474 0.16623926538156799659
915 411 0.1370396753338199991 0.13684045793011900827 0.1662365674967050122
912 408 0.13703205993300399124 0.1368365481062799871 0.16623251294179400284
931 427 0.13704562246104198819 0.13683141788911801218 0.16623229776903000743
922 418 0.13703778572079200471 0.13683160242713499066 0.16623151608818700908
928 424 0.13703744498653100403 0.13682805084374999316 0.16624128690431100308
911 407 0.13703212140699000399 0.13683657362909598665 0.16623269088297901175
902 398 0.13701986133622501285 0.13683323458509799586 0.16622832231476200593
918 414 0.13701808269616500002 0.13682154270244500927 0.16622323929791499308
924 420 0.13702209910375198754 0.13682261655021399349 0.16621832048779300317
915 411 0.13700935187368801227 0.13682429519360100878 0.16621969796333199709
913 409 0.13700565241912399106 0.13681743339906998758 0.16621957096992098779
910 406 0.13700276627408100594 0.13681549400288500751 0.16621162401889899574
917 413 0.13701161512342899251 0.13681389851816799785 0.16620925972781100399
912 408 0.13699924974062299698 0.13680726575924098687 0.16620227423154498858
914 410 0.13699713920423500779 0.13680106022100399499 0.16620421130034399027
924 420 0.13700302538463399182 0.1367996594261549903 0.16619803278931399859
914 410 0.13698706016831899146 0.13679524995491698647 0.16619152876508000438
921 417 0.13698126574820299051 0.13678044638558300994 0.16618956492231098943
915 411 0.1369747810920360076 0.13677986760018501222 0.16618195437135999115
920 416 0.13697120192991998899 0.13677155330588200433 0.16617601546641799781
924 420 0.13697772757096898788 0.13677719195307300182 0.16617453958575101325
924 420 0.13696734180727798691 0.13677298185970199196 0.16617458289029898855
908 404 0.13695398215728699087 0.1367716623417239985 0.16616936934865200737
908 404 0.13695182087558299688 0.13676496565012699613 0.16616273405184900369
908 404 0.13694583534687398974 0.13675744818948901149 0.16616396777058500822
914 410 0.13694534898889199059 0.13675114976466801187 0.16615955582805500002
916 412 0.13694029637436000435 0.13675075854422799604 0.16615903518860400401
909 405 0.13693777616475100167 0.13675743636791098945 0.16615415416361800638
893 389 0.13692651682940701341 0.13676185317066499869 0.16614577971954699875
891 387 0.13692353097972401188 0.13676159019947400908 0.16614924440142100903
900 396 0.13691897098506300434 0.13675239747560899439 0.16614380492183900007
898 394 0.13692109760679999075 0.13675164802057698799 0.16614146867162599142
903 399 0.1369197061819009964 0.1367476170329849916 0.16613778429304298934
893 389 0.1369082437131499963 0.13674622589014800988 0.16613933615848300307
899 395 0.13691568611402898936 0.13674448547955400657 0.16614049347645198917
904 400 0.13691886912439099611 0.13674790508830800273 0.16613760238718100481
904 400 0.13691879253304101161 0.13674526191528399433 0.16613456370244400473
892 388 0.13691267514609201106 0.1367427829139210016 0.16613374166603300797
899 395 0.13691168939980499775 0.13673335217145399234 0.16612943560303200519
897 393 0.13690810326129199126 0.1367324866996829924 0.16613906903250699743
899 395 0.13690675716854200372 0.13673227178307600926 0.16613927133424599702
896 392 0.13690629334500101222 0.13673300772862098662 0.16614185797471700545
900 396 0.13690197098278000798 0.13672739024829300147 0.16613873321612598888
894 390 0.13689265756515800465 0.13672536516280400787 0.16613822993234400593
896 392 0.1368932646732740066 0.13672372316437800266 0.16613431877819201388
894 390 0.13689340278686901176 0.13672346221711900727 0.16613365456441300805
892 388 0.13689960866035499887 0.13673447487639200926 0.16613093492535999096
884 380 0.13690310849526099446 0.13674028952911901347 0.16613192844952801019
882 378 0.13690449110183200432 0.13674231242708098644 0.16613996020642998741
885 381 0.1369133240468330126 0.13674536448336799266 0.16613447011898999084
878 374 0.1369106039188829893 0.13675256651192799207 0.16613246318444399585
881 377 0.13692046864479701096 0.13675756015052800696 0.16613606751848500331
874 370 0.13692102865938998724 0.13676246215279899698 0.16613840302156698825
863 359 0.13691108447728500552 0.13676206258424400408 0.16613307738726398877
869 365 0.13690669427818299986 0.13675331137583898733 0.1661246794728309939
880 376 0.13690784275678100079 0.13674887284719400293 0.16612251527206900459
870 366 0.136899463141086003 0.13674960234252001023 0.16611546851677100323
876 372 0.13689498891540899383 0.13673934642193699696 0.16611298983116801198
885 381 0.13690010174004399457 0.13673468808013700126 0.16610349143399499861
883 379 0.13689589944713700942 0.13672917429894398955 0.16609723835936199277
892 388 0.13690156658740099127 0.13672844355172300568 0.16610367657275398878
891 387 0.13690548181282999329 0.13673166794549398984 0.1661101950857279963
887 383 0.136898835220970988 0.13672560093071001175 0.16611009209000698883
893 389 0.13690236141779799084 0.13672388518452999184 0.16610731355951999233
897 393 0.13691060718211600644 0.13672853047287000794 0.16611083600451800879
892 388 0.13691102713701400195 0.13673798904532799559 0.1661127778950119982
891 387 0.13692150296903898843 0.13674804124477898948 0.16611566969266400307
887 383 0.13692296514495100324 0.13675086882478901251 0.16612075938158699095
885 381 0.13692685756858199997 0.13675889477405200889 0.16611750333030600446
882 378 0.13692632992606298958 0.13676382532206998732 0.16611432562785399814
881 377 0.13691951135789298677 0.13675875444484200671 0.16611099734535400563
890 386 0.13692473164892698945 0.13675630006170300113 0.16611521359482001037
899 395 0.13692518648000301384 0.13675450029764099624 0.16611235671016899573
903 399 0.13692881552020400027 0.13675517716082299935 0.16611499637870100199
906 402 0.13693601532770699469 0.13675572468663299563 0.16611827218962799124
899 395 0.13693557607084899663 0.13676373640352199046 0.1661218565018260096
902 398 0.1369304685049310133 0.13675854369614900974 0.16612080407883700328
897 393 0.13692212548805199335 0.13675558526094699907 0.16611787715963199918
890 386 0.13692421634498899707 0.13676444531558099027 0.16611415844882299053
878 374 0.13691408657284601103 0.13675958598518200837 0.166105104160507
877 373 0.13691643597349900663 0.13676214447792400808 0.16610491986626998995
876 372 0.13691006296097099626 0.13675957449801401378 0.16610568325136698675
878 374 0.13690916629594199194 0.13676056284967499921 0.16610025628434799128
890 386 0.13691517410233500218 0.13675854128979400559 0.16610139832171000318
898 394 0.13691391842417599545 0.13675597380913301349 0.16610513365324400259
892 388 0.13691216025134900214 0.13676272849840301338 0.16610479495200999867
892 388 0.13691442848206999972 0.1367670923585820042 0.16610634777368799009
906 402 0.13691276050090500638 0.13675473330749599032 0.16610311433345101295
905 401 0.13691331749212398705 0.13675395308937399186 0.16611342509383200672
915 411 0.13691513654896200758 0.13675130110392999527 0.16611480298952199797
915 411 0.13691334114030900837 0.13675044174580200385 0.16611970635079800762
920 416 0.13691172538650400736 0.13674467555275399144 0.1661195284218439927
922 418 0.13691283476916998874 0.13674381812822600235 0.16612755970185200116
930 426 0.13690984669527600515 0.13673219630891000897 0.16612556855184398841
931 427 0.13690707770870300108 0.13673070783317700649 0.16612390229201298708
935 431 0.13691002289740800135 0.13672840201565800156 0.16611855915026899067
922 418 0.13690346786997301121 0.13673369399932400192 0.16612111446458999175
925 421 0.13690154989944300357 0.13672964012872801387 0.1661221001185869961
933 429 0.1368968230180049872 0.13671987871542701232 0.16612105769385199228
943 439 0.13690282225580399644 0.13672039874151700745 0.16612540571132700107
925 421 0.13690068853812101257 0.13673723723570099797 0.16612834006116700136
915 411 0.13689993729103699938 0.13674179213607298711 0.16612597252335400966
923 419 0.13690400999327501097 0.13674366900541498615 0.16612617489634701196
928 424 0.13690945047612798624 0.1367453689472679923 0.16612107155122599056
930 426 0.13691003380909100295 0.13674732431933500632 0.16612595272447000516
925 421 0.1369034818203150039 0.13674727740866399195 0.16613527973969000051
926 422 0.13690271980692900189 0.13674484546206200353 0.16612823009301400101
914 410 0.13689464840108400701 0.13674623956488099474 0.16612741546253201319
911 407 0.13688937308505699786 0.13674520906929699127 0.16612948030719398851
910 406 0.13688032499443100742 0.13674044393610298997 0.16612648635296600741
909 405 0.13687078057236498618 0.13673709579021600669 0.16611813121184698661
911 407 0.13686971151454399576 0.13673879411768399827 0.16611248637129299999
918 414 0.13687137540626098664 0.13673394577759701018 0.16610918951894698692
921 417 0.13687393264076400112 0.13673360632735301334 0.16610815532430900365
911 407 0.13687478949324799471 0.13674422778166900327 0.16610540719129798792
922 418 0.13688268610816400894 0.13674265609436800362 0.1661069430780640066
915 411 0.13688306892307100515 0.13674820810618298905 0.16611118890903900369
920 416 0.13689037153188099438 0.13674820106242199791 0.16611653208467699883
912 408 0.13688347254795399377 0.13674598327745798865 0.1661158802387510125
910 406 0.13688008827112799204 0.13674462026780900836 0.16611484125799100275
902 398 0.13687489168844998999 0.13674754966231800202 0.16610650540978899592
902 398 0.13686871650692800095 0.13674190393704499513 0.16610477051457200881
895 391 0.13686115242367299927 0.13673744123744899226 0.16610979299021300104
911 407 0.1368676749355370037 0.13672869991322600391 0.16611014823965400411
925 421 0.13687702569607901326 0.13672823504386699689 0.16611361313082098623
920 416 0.13687524369542800051 0.13673867037083001219 0.16611599467285201315
911 407 0.13687249329905598616 0.13675007340215000751 0.16612396357051201212
920 416 0.13687702944148399942 0.13674625872578499708 0.16612130038655201214
914 410 0.13687196034840398706 0.13674820304735499366 0.16612367539680900075
911 407 0.13686867512991499063 0.13674505943015000109 0.16612822009193800588
916 412 0.1368646281227060002 0.13673892434814699515 0.16612028519151100792
904 400 0.13686049483086398793 0.13674700421645399895 0.16611823896554800406
912 408 0.13685822160108598866 0.13674061690759001242 0.16611387301239999292
905 401 0.1368553629694269913 0.13674403974760598879 0.16610826719476701196
915 411 0.13685998363759199759 0.13673989841884501284 0.16611197001283600772
916 412 0.1368578781429420077 0.13674134006537799757 0.1661073755326669954
909 405 0.13685172895470298915 0.13674286070326099884 0.16610851289801401021
907 403 0.1368503104032580131 0.13674065382532199497 0.16609911729846499329
907 403 0.13684341389045501236 0.13673160742540999002 0.16609700687113498896
905 401 0.13683747737975099357 0.13673224724204999236 0.16609659876761098674
906 402 0.13682965957868201134 0.13671868104288600887 0.16609610898997800854
899 395 0.13682488969310999116 0.13671255271309498691 0.16609841022770299723
897 393 0.13681757594732799066 0.13670926748983000532 0.16609506417529398825
903 399 0.13681611864711398785 0.13670556296247798889 0.16609133288486399582
907 403 0.13681328608145199022 0.13669611678049700676 0.16608814894261500483
909 405 0.13681418994949298695 0.13669760444852899206 0.16608480768509800707
915 411 0.1368144990640939862 0.13669503964596199652 0.166083161634601989
921 417 0.13681485637454898763 0.13668833849220798915 0.16608267407273699656
908 404 0.13680760351801898866 0.13669302934628399515 0.16608721597719500185
913 409 0.1368085169389869904 0.13668464429047100239 0.16609267572105598787
906 402 0.1368057290364290135 0.13668367886056900784 0.16609628055764499854
900 396 0.13680057720579000269 0.13668309390573199491 0.16609378154178700004
903 399 0.13679745198884199486 0.13667480416713800873 0.16608920618733699626
903 399 0.13679487333572801222 0.13667313508168599245 0.16608031898786901337
908 404 0.136796080606269993 0.13666948805650400156 0.16607089814987899268
908 404 0.13679468044292400486 0.13666748140893300589 0.16606910996500401367
905 401 0.1367879898879630074 0.13666244580437400535 0.16606362296071999762
910 406 0.13678646582912198926 0.13665417064962601112 0.16605875104888401239
906 402 0.1367856133551010045 0.13665704777391299296 0.16606027940800999199
905 401 0.13678459572443799064 0.13665407483310298975 0.16605987840195798877
901 397 0.13678584286453399077 0.13665652539774100771 0.16605662696241499376
908 404 0.13679719361962300317 0.13666019205634999389 0.16605583497466500087
904 400 0.13680380818444398683 0.13666524022047699116 0.16605058177064599412
909 405 0.13680555491480600461 0.13666101149871501264 0.16604372259365499098
906 402 0.13680458201123699147 0.13666044000497298838 0.1660462591363940088
888 384 0.13680271757559600565 0.13667194963800899377 0.16604408384784499764
893 389 0.13680375467039498916 0.1366656232483390021 0.16603807885593399596
896 392 0.13679757417106400141 0.13665896741375599399 0.166030995650789992
892 388 0.13679961151330399804 0.13666208271406599106 0.16602936991782599185
897 393 0.13679297863527001278 0.13665287471705300781 0.16602306632864399782
886 382 0.13678928564508099908 0.13665733679946501233 0.16601768769252600588
893 389 0.13679048087340600626 0.13665551259524300054 0.16601545757454999608
892 388 0.13679080266745399785 0.13665703968443398963 0.16601146374720499033
889 385 0.13678564098209100575 0.13665630427795499857 0.16600908317421600446
883 379 0.13677718690087500852 0.13665188232982700134 0.16600893725995299888
892 388 0.13677792814619799122 0.13664158996821199055 0.16600647286137701353
888 384 0.13677507654965700978 0.13664081278045800416 0.16600348011813700899
891 387 0.13676900356232399303 0.13663275324983301107 0.16599841681846499997
891 387 0.1367624304616419928 0.13662494371394401371 0.16599979018229898964
893 389 0.13676137533444299166 0.13662396486870800882 0.16599235354210301052
894 390 0.13675877342093401001 0.13662235770773700771 0.16599304238398299161
891 387 0.13676135528430799493 0.13662396410543001246 0.16598751688670498883
906 402 0.13676639292678899329 0.13661800923089501003 0.16598337858442799297
904 400 0.13676879890310100762 0.13662355149664198728 0.16598552035526001336
911 407 0.13677325181072000349 0.13662186045387100797 0.16598827698509799333
897 393 0.1367641862278179965 0.13662794706418698865 0.1659862914265529954
899 395 0.13676368164441599085 0.13662425182710699612 0.16598668138238101277
894 390 0.13676976386377601158 0.13663183101710998923 0.16598354257158098868
877 373 0.13677009734621700665 0.13664279014463098783 0.16598033652664301307
883 379 0.1367686665913460109 0.13663650424502399305 0.16597918886025900265
881 377 0.13676745635897699649 0.13663138505488101049 0.16597536839788801233
884 380 0.13676503209070101086 0.13662359980672600379 0.16597452883849000971
887 383 0.13676910190910299137 0.13662558314330100484 0.16596971385710698743
886 382 0.13676671745389801238 0.13662326842088398648 0.16597025164481499226
882 378 0.13676517195820100947 0.13662441884773499079 0.1659701101133199963
879 375 0.1367563399524739931 0.13661672788625800479 0.16596591375254199363
893 389 0.13675662857533199546 0.13660533760010901139 0.16596264741779701013
897 393 0.13675341984228400749 0.13660024422519301268 0.16596449626061499094
888 384 0.13675349777052700495 0.13661073465630399482 0.16596565621303899229
904 400 0.13675801739655699119 0.13660088555246499564 0.16596687238428201039
901 397 0.13675671027970198734 0.13660812198633198733 0.16596489091526600568
901 397 0.13675563066758000819 0.13660394363707800691 0.16597077913153698847
909 405 0.13675957630631699335 0.13659972711359899544 0.16597101940040601131
899 395 0.13674876162831900439 0.13660171588698299949 0.16597430641965899012
896 392 0.13674780936631900086 0.13659741208310499649 0.16597682706097000027
901 397 0.13674602195620899625 0.1365929545692469993 0.16598118703663100604
903 399 0.13674220520636098941 0.13658371011732900469 0.16598691083311800654
902 398 0.13674282415936001023 0.13658515614554400663 0.16598165647523599464
911 407 0.1367465490131090089 0.13658469225748198772 0.16598272444188699737
910 406 0.13674089382953300009 0.13658347931336001224 0.1659853123522959939
911 407 0.13673851758751701113 0.13658484415807001233 0.16598858521002898825
899 395 0.13673341277403300298 0.13658923527232899597 0.16599406232767299763
907 403 0.13673747142529299459 0.13658689900143899942 0.16599778836408998761
905 401 0.13673236924147599836 0.13658365037233000105 0.16600691642222800692
907 403 0.13673021497118600931 0.13657732952934900639 0.16600790153062300325
907 403 0.1367282645157220089 0.13657603535156601082 0.1660145128556279881
894 390 0.13672428940650199758 0.13658183491066400173 0.16600850193427599266
896 392 0.13672590763499001265 0.13657979246181400912 0.16600629541754999274
890 386 0.13672454315217000276 0.13658492969196600608 0.16600493155274301249
896 392 0.1367230084488660069 0.13658218876297301136 0.16600675742196599471
893 389 0.13672549731967101327 0.13658632677542101308 0.16600531843374399799
898 394 0.13672714561270199463 0.13658718942317199518 0.16600181980462999642
897 393 0.13672155854828299537 0.13658403183229000932 0.16600151509691399299
905 401 0.13671762330532699625 0.13657980408513900605 0.16599802618597800374
899 395 0.13671246036022099979 0.13657838746553499498 0.16599514537680901127
902 398 0.1367144903479809992 0.13657647382475998632 0.16599317265065000049
897 393 0.13671222861952300742 0.13657356598927300473 0.16599408810491000921
904 400 0.13671404831242700562 0.13657128548326899486 0.16599500129896799239
903 399 0.13671210739984698823 0.13657239875632198878 0.16599659551076600961
908 404 0.13670938295352400016 0.13656515166258201277 0.16600523385424800771
902 398 0.13670318928673499959 0.13656655437917400442 0.16600394224400299992
904 400 0.13670051406864799914 0.13656034591757598706 0.16600954922781699374
905 401 0.13670473201690400145 0.13656282288213200671 0.16600962429955398725
895 391 0.13669450088138299093 0.13656468183302000741 0.16601129058341099198
898 394 0.13670012216782098657 0.13656376451495200186 0.16601575188032399732
907 403 0.13669901679199600308 0.13655289379600799027 0.16601022272154500325
907 403 0.13670351842666300657 0.13655793209847300052 0.16601294665310201149
899 395 0.13670278477693600938 0.13656536547728098663 0.16601136283668399551
903 399 0.13670439325352398696 0.13656585730934200917 0.1660152908043369957
892 388 0.13669899603078000672 0.13657158943331698664 0.16601656798711800223
891 387 0.13670160261830499593 0.13657240752547600282 0.1660118787301740062
883 379 0.13669749296540800731 0.13657322523596099328 0.16600333547859599803
890 386 0.1367019821228989962 0.13657449839819899018 0.16600325403209501007
884 380 0.13669217879612599598 0.13657535936812800759 0.16600158314352600475
890 386 0.13669696025719699217 0.13657250354641300993 0.16600988481607101277
888 384 0.13669730418772799152 0.13656936153298698811 0.1660019549366839875
893 389 0.13669529703428401346 0.13656185573540499667 0.16599787878629299054
888 384 0.13668834929654799515 0.13656181225537000756 0.16600127552168400524
896 392 0.13669114866331899538 0.13656234764014699157 0.16600308664330901132
897 393 0.13669589254705100112 0.13656164155184200015 0.16600346713974301061
885 381 0.13670079039217900019 0.13657732406984099405 0.16600308704835400886
896 392 0.13670198482684001173 0.13656895914673500281 0.16599320001567399729
892 388 0.13670005730812401223 0.13657031003837299954 0.1659985503534230078
891 387 0.13670498970669700545 0.13657804052115099513 0.1660066160368260102
896 392 0.13670421290666401326 0.13657560962353598732 0.166009256503854008
901 397 0.13670771276391199822 0.13657288863703401227 0.16601664407480198893
899 395 0.1367052072711459898 0.136575185959989992 0.16601633484065400626
899 395 0.13670385946778901287 0.13657608803774501371 0.1660164900222139972
890 386 0.13670538258701001033 0.1365836809905690008 0.16601339319795899163
902 398 0.1367091577734929897 0.13657960680218900196 0.16601203498368299893
901 397 0.1367119512992719943 0.13657914096223200406 0.16600841032554000676
908 404 0.1367074037589469937 0.13657100570049998667 0.16601202777606000049
897 393 0.13670623271171600255 0.13657325645143300608 0.1660127119408429941
896 392 0.13670340728331900615 0.13657308728844699819 0.16601045248983800628
897 393 0.13670139355252100555 0.13657661367135298658 0.16600893955370499278
894 390 0.13670430887628801098 0.1365793108427720004 0.1660116389226480027
900 396 0.13670697654289901135 0.13657499332112799095 0.16600569459790501248
886 382 0.13670587768959099884 0.13658359643356199342 0.16600508910434499943
873 369 0.13669839045373999298 0.13658588070993699093 0.16599832023006200199
869 365 0.13668894375607901215 0.13657918898089899118 0.16599449037791799699
886 382 0.13669812153052399162 0.1365722143322860016 0.16598991427895701256
886 382 0.13669039495024398745 0.13656832067146801313 0.16598354193483400021
877 373 0.13668471120920899775 0.13657495452837001282 0.16598309153713600161
880 376 0.13668332757566101221 0.13657113712699800456 0.165980838232676009
875 371 0.13668222933137799679 0.1365753065531019883 0.16597903426508900382
887 383 0.13668840919828101343 0.13657268132038000163 0.16597618886855899922
889 385 0.13669389420981400973 0.13657529349353400572 0.16597116749799600832
878 374 0.13668712340180699805 0.13657647275939599485 0.1659764254698480046
874 370 0.13668296101923299579 0.13658011015398299759 0.16597837933628201146
873 369 0.13667864522492401136 0.13657658630514199483 0.16597067010835001022
876 372 0.13666889716205798955 0.13656488336699398878 0.16596782794082501344
882 378 0.13666596923694598886 0.13655842018046199238 0.16596656125746300781
889 385 0.13666766021922499563 0.13655187670911400621 0.16596372696301500693
880 376 0.13666240913080998642 0.13655412130359700917 0.16595946198520300507
876 372 0.13665238362298401387 0.136548069126944005 0.16595219581300499345
876 372 0.1366511395892590075 0.13654561810422999324 0.16593933727013399082
887 383 0.13665294904855398994 0.13653941185443099759 0.16593373929450100368
892 388 0.13664717698531400614 0.13652916436845100034 0.16593629665135600781
900 396 0.13664927051820299764 0.1365291316631039864 0.16594252559394800928
899 395 0.1366542581654210109 0.13653456260908400366 0.16594133934946000974
898 394 0.13665879839467801049 0.13653917624044500934 0.16594546824805500584
888 384 0.1366522510026579873 0.13654419512147800142 0.16594151060592199354
885 381 0.13664656359238300243 0.13654219561467800803 0.16593792865011400273
891 387 0.13663928818318998859 0.13653641027745000436 0.16593674642209099712
900 396 0.13663832774063000564 0.1365329109404130048 0.1659332552262099969
894 390 0.13663350384649600167 0.1365331157300740117 0.16592766192934399472
897 393 0.13663002712381799864 0.13652610864807299129 0.16593238122623199526
896 392 0.13662464033656598894 0.13652444604576399745 0.16592829881562601302
906 402 0.13662917850738198755 0.13651956347565399885 0.16592324443455799821
902 398 0.13662367208804099272 0.1365175329275929994 0.16592020200203899671
900 396 0.13662337662325399479 0.13651293543956999343 0.16591708867721000065
904 400 0.13662161062882399731 0.13650944325527100687 0.1659097245248959962
901 397 0.13661643672776099812 0.13650709234133098779 0.16590952813425099976
903 399 0.13661560565542699153 0.13650718345778400931 0.1659067141513239918
911 407 0.13661497507714701061 0.13650271747143499779 0.16590411785295899882
898 394 0.13661381775821901385 0.13651688107628701108 0.16589996087848199458
897 393 0.13661920395856599897 0.13651879575482100959 0.16589938586238001106
891 387 0.13661350968204299949 0.13651579230713700719 0.16589643036694398659
893 389 0.13660817398214600282 0.13651417555719000396 0.16588922637534700422
903 399 0.13661051036757199117 0.13651052752484399422 0.16588389275528400701
906 402 0.13661224122030699024 0.13650801595134398614 0.16588057020531399299
902 398 0.13660711896744098803 0.13650404186695500042 0.16587806175088298799
894 390 0.13660520500978501346 0.13650941407256800275 0.16587922080349601361
899 395 0.13660405684528101333 0.13650211270801199115 0.16588355637985000013
890 386 0.13661284011478699862 0.136516653272491989 0.16588530151525499035
892 388 0.13661237732756700836 0.13651515773711800361 0.16588636311921900468
883 379 0.13660912034112898672 0.1365198283493480047 0.1658831840850309991
891 387 0.13660298843518900447 0.13650924808851100378 0.16588454156938400863
882 378 0.13659965716054500717 0.13651237728861501108 0.16588285592126000845
893 389 0.13660004914395199038 0.13650553535802600891 0.16588400154029700473
891 387 0.13660125308519399656 0.13650781477800000285 0.16587616058227999671
871 367 0.13660156660181899113 0.13652220660056599288 0.16587462571658301291
878 374 0.13659443660988498936 0.13651078880177200392 0.16587644161317000036
878 374 0.13659248637683299443 0.13650581194314601041 0.16587728165362700117
882 378 0.13658628987923299158 0.13649764124665400566 0.16587055697100200335
890 386 0.13657847847800100305 0.1364869655685989891 0.16586843831809200411
899 395 0.13657911743176801012 0.13648106967689699331 0.16587128952551200012
891 387 0.13657733270755401112 0.13648654784968000664 0.16587999492797300682
883 379 0.13657853514542100948 0.13649501641894601356 0.16587801260949500137
884 380 0.13657990160968999649 0.13649308416991701165 0.16588100100320599117
871 367 0.13657961252814299069 0.13650316573942300469 0.1658884384422369962
877 373 0.13658469447996399171 0.13650014232837298644 0.16589106281205900917
880 376 0.13659162331539800861 0.13651123430107300893 0.16588650373675301042
887 383 0.13660016383842199517 0.13651661964254399595 0.16589223336249500629
881 377 0.13659680609486499203 0.13651569474423499995 0.16589299627653600333
876 372 0.13659550081338001082 0.13651885019905499186 0.16589463679799398843
878 374 0.13659843190111001232 0.13652039079947200784 0.16589369642576198838
874 370 0.13660236953238300006 0.13652839199940999815 0.16589120376014798719
882 378 0.13661017610291700808 0.13652888098975399234 0.16588812526483401322
891 387 0.13661857980055899797 0.13652993338258501144 0.1658870355825199927
887 383 0.13661380865654099148 0.13652799762771800074 0.16589104505282101232
888 384 0.13661335320209799793 0.13652642949504101288 0.16589432935270700953
878 374 0.13661180888931900856 0.13653135221559201118 0.16589183517987698968
883 379 0.1366137252209360109 0.136529823369022002 0.1658884595399539863
887 383 0.13661793884027401136 0.13653075651915799749 0.16588494873098999505
889 385 0.13661088032760398958 0.1365235050502940084 0.16588490071306499773
874 370 0.13660563838963898919 0.13652963461753100938 0.16588522226079099875
880 376 0.13661269872997100494 0.136537459179319004 0.16587934461134398734
889 385 0.13661449188175400771 0.13653335365792901301 0.16588033255415898792
888 384 0.1366139549197059877 0.13653456626244100947 0.16587305909258900916
887 383 0.13661795495687301116 0.13654226057055798838 0.16588053446359099508
877 373 0.13661753825171099597 0.13654841846636600611 0.16588653213561299626
866 362 0.1366187299599669891 0.13655416796519800893 0.16588986837929600715
875 371 0.13661954906338799609 0.13655320282810901045 0.16588656783490599023
868 364 0.13661479262591499917 0.13655670250896700946 0.16588887758659900951
870 366 0.13661261063927798709 0.13655251747620900105 0.16588654671117500361
865 361 0.13661091209614600883 0.136551748542391993 0.16588737844842599278
890 386 0.13661911777805499368 0.13654511907971900175 0.16588637483612300727
895 391 0.13662034605850900681 0.13654218582798799408 0.16588876001097299651
898 394 0.13662089400507901327 0.13653865026215100675 0.16589394333629800538
896 392 0.13662561170005999012 0.13654371403557200026 0.16589367572533200712
886 382 0.13662018167677900116 0.13654954222477200254 0.16589929919111098822
882 378 0.13661575633574699062 0.13654781342538299671 0.16590366083861199376
875 371 0.13661189659826999954 0.13654712837795898728 0.16589831241592800648
876 372 0.13660547127024499914 0.13653837492404100051 0.16588656272235799416
879 375 0.13660810199880998872 0.13653801497966500111 0.16588798447040101203
885 381 0.13660680774118799663 0.13653119593222701189 0.16588610057165600886
878 374 0.13659829910539100783 0.13653332580215798986 0.16587898637732800822
876 372 0.13659616551452199995 0.13653176253001200746 0.16587518710463700078
877 373 0.13659311381925701157 0.13652819802562099483 0.16586148103604200776
874 370 0.13658653808054399548 0.13652932797666600395 0.1658499093927529866
874 370 0.13658312923457799348 0.13652544338197300511 0.16584333346837701328
881 377 0.1365821168797169971 0.13652248427217300586 0.16583697740251299169
884 380 0.1365841815820030003 0.13652709811154400965 0.16583428902610700129
900 396 0.13658401026443500736 0.13651681036597798635 0.16583454676500700153
896 392 0.13658736020245398901 0.1365223826681790098 0.16583832612104801307
892 388 0.13658938796451500219 0.13652795247696900005 0.165838945610642996
881 377 0.13658259208891901371 0.13652831717335800477 0.16583730486816100624
874 370 0.13657774938723599156 0.13653288582201000834 0.16583331060403500024
881 377 0.13658636859560999155 0.13653464928175398918 0.16583628234115299627
880 376 0.13658692106552400292 0.13653357036607799424 0.16584123041954298983
875 371 0.13658979069257198846 0.13653364773360199269 0.16584023588769999935
891 387 0.13660414462727199503 0.13653937336531599134 0.16584298978000500124
883 379 0.1366024195578710021 0.13654145177960100299 0.16584573591318998997
884 380 0.13661106279753099102 0.13655116744883200042 0.16584811867217899573
874 370 0.13661085204653800051 0.13655795913367799188 0.16584852272889699654
885 381 0.13661634059382798956 0.1365535619801110101 0.16584079936686998979
889 385 0.1366191908977220093 0.13655471784315201256 0.16584646036594000162
888 384 0.1366227535669060078 0.1365655408467220111 0.16585036533830099792
889 385 0.13662301462068598967 0.13656793569665501287 0.16585837671731498699
886 382 0.13662494676187000864 0.13657431801085401224 0.16586564407211099037
881 377 0.13662412987945399268 0.13657814078965099802 0.16586478777838101206
869 365 0.13662674580748898623 0.1365886671616149961 0.16586833437850401207
864 360 0.13662521598917498622 0.13659045155118298975 0.16586375827765900692
866 362 0.13662806988037701217 0.13658724901392299556 0.16585750977227800562
866 362 0.13662929138699100862 0.13658129239426300416 0.16585330150281599182
878 374 0.13663592170964800054 0.13657382844312199177 0.16585260691181799575
880 376 0.13664222871322098674 0.1365774492413409924 0.16585089116147100352
866 362 0.13663743664702798775 0.13658038445681100481 0.16584813988632199355
869 365 0.13663264663473098648 0.13657344722621400646 0.16584496696335199184
866 362 0.13663235072905000056 0.1365737576795039987 0.16584711510839500459
863 359 0.13662728174053501151 0.13657347386408200118 0.16584539561504899052
870 366 0.13662376259248099064 0.13656670079326099776 0.16584104689746401173
866 362 0.13662307245250299159 0.13656820836466199154 0.16583911612432200577
864 360 0.13662631695741800364 0.1365703515717159866 0.16583959523722099916
872 368 0.13662753621404000182 0.13655848668203199314 0.16583693389535700269
860 356 0.13662557119089299706 0.13656810905346700169 0.16582829545462199339
880 376 0.13663074988636700335 0.13656154888546601089 0.16582382338881798689
880 376 0.13663894097628601076 0.13657024956015700878 0.16582093655115801023
865 361 0.13663718049973500035 0.1365781527770630055 0.16581755930709099478
869 365 0.1366425156392929996 0.1365789390859800112 0.16581796133356199729
868 364 0.13664134591129301066 0.13657710289551699967 0.16581545304298400678
888 384 0.13664920780970299385 0.13657181456946299036 0.16582174458282000762
879 375 0.13664771761099200886 0.13657963366623099288 0.16581974770538798758
880 376 0.13665169732449200524 0.13658288174014698857 0.16582829693164699569
875 371 0.13665876667767601349 0.13659398805493699891 0.16582608020226199952
872 368 0.13665751352262700546 0.13659548535005699987 0.16582808026165599125
871 367 0.13666200825259200435 0.13659526997643500756 0.16583560073584799333
865 361 0.13665909399737899421 0.13659557422717699682 0.16584428378111298885
865 361 0.13665491522577699612 0.13658985177960600299 0.16584773547716000208
864 360 0.13665952100238701328 0.13659404202895100711 0.16584652683961900732
850 346 0.13664991516876401345 0.13659854951621200336 0.16584800367813701261
861 357 0.1366570119615040102 0.13659738982424199372 0.16583837887384000886
862 358 0.13665805813876799601 0.13659614975562300865 0.16583478683598498749
865 361 0.13665727722390000332 0.13659574356812700935 0.16583590618649099446
870 366 0.13666140757054401345 0.13659494228984500608 0.16583384568217598987
877 373 0.13666113926008999213 0.13659192301615699638 0.16583300465711600657
873 369 0.13666474829638600164 0.13659832424605300449 0.16583332535384401329
875 371 0.13666361017062500505 0.13659688558252999768 0.16583059332190100421
859 355 0.13665845206262700051 0.13660387739757198777 0.16582823844795599455
868 364 0.13665976579897298748 0.13659963182322598652 0.16583196754105000714
871 367 0.13665362349669599173 0.1365908800178420035 0.16583302457693199772
865 361 0.13664629714366099966 0.13658829844698799905 0.16583146380055699409
876 372 0.13665388973043698928 0.13658884520359698689 0.16583027065318600712
881 377 0.13666191006893899096 0.13659575504257301382 0.16583544615152800983
884 380 0.13666424554184500306 0.13659965916588098778 0.16584279192510101297
883 379 0.13665857782755500005 0.13659593296411601249 0.16584579055184500707
878 374 0.1366590277065800052 0.13660252337679498758 0.16584793208527601194
876 372 0.13665730653745999934 0.1366034988081520074 0.16584825315131598855
870 366 0.13666182274711199951 0.13660683802994100233 0.16584365909376699855
858 354 0.13665683353505000963 0.13661096823883700502 0.16584318487795499109
871 367 0.13666610621620001176 0.13660755686216999316 0.16584205675438098981
871 367 0.13666217829731699962 0.13660600651790999471 0.16584035567518398691
871 367 0.13666467131735798857 0.13660733116972101353 0.16583994795048098703
878 374 0.13666371028359000639 0.13659568153781800892 0.16583616467219000623
878 374 0.13666888640443500269 0.13659898459529901116 0.16583751162435700355
866 362 0.13666091214619099925 0.13659679805977401057 0.16583414245086100514
871 367 0.13666258106276199524 0.13659414760023100288 0.16583129510175900756
869 365 0.13666098663001599589 0.13659346909321198882 0.16583069153051899214
881 377 0.13666465359252699674 0.13659125601671198713 0.16582986186757600611
885 381 0.13666860436940200807 0.13658986814098800222 0.16583293888062999866
891 387 0.13667360562761798892 0.13659443207308100132 0.16583095811982401235
885 381 0.13667408832482100256 0.13659788232816000297 0.16583654171641198927
875 371 0.1366687616110469905 0.13659779082263298622 0.16583723165617100803
880 376 0.13667035154411599773 0.13659364885283400981 0.165835403378606
889 385 0.13667287393755300773 0.13659100353198200262 0.1658363020112749997
886 382 0.13667845927219599012 0.13659815006016398642 0.16583755243048300954
895 391 0.13668471313360999742 0.13659664461808299074 0.1658419138185890096
886 382 0.13668232874109900732 0.13660217911505098676 0.16584317538346898813
878 374 0.13668206950605898964 0.1366063736665570072 0.16584689061385299302
877 373 0.1366771717296089983 0.13660518398527099482 0.16583943422652300259
881 377 0.13668330259572600283 0.13660870993668000617 0.16583911281727101161
887 383 0.13668962327792100186 0.13661093544421298862 0.16583878296769699601
879 375 0.1366905419777859898 0.13661170073470998987 0.16584299300143701128
887 383 0.1366939608404759976 0.13660893877905999627 0.16584461282724999309
882 378 0.13669538074161899366 0.1366129281651279892 0.16584399781228401083
888 384 0.13669484014899099811 0.13660627845124700963 0.16584575773562698631
885 381 0.13668665420342798744 0.13660316558478799442 0.1658415435741079913
884 380 0.13668827307827000062 0.13660295528047999847 0.16583244936344901377
884 380 0.13669215983749799515 0.1366058058696190125 0.16583025753860800022
881 377 0.13668930896475101067 0.13660543943548800194 0.16583309581695399038
887 383 0.1366872833055720049 0.1365967197047729953 0.16583018557198800358
883 379 0.13668740792771100212 0.13660019664993100497 0.16582885333424998708
889 385 0.13669062890314301328 0.13659803148847599052 0.16582703230505999037
887 383 0.13668989211172299925 0.13659950909930299034 0.16582146671444500385
896 392 0.13669243642515699344 0.13659667632038999252 0.1658127389220200032
891 387 0.13669029471970101097 0.13659909531418298889 0.16580804663972600888
884 380 0.13667826021131798675 0.13659450289352700891 0.16580550469136298708
885 381 0.13667444576090700958 0.13658607177639500718 0.16579981017105399621
884 380 0.13667125171927699268 0.13658234116292800042 0.16579396417228900451
891 387 0.1366711074819400018 0.13657348413348099903 0.1657909162333809916
894 390 0.13667858576107599911 0.13657617827716000969 0.16579061138886200255
888 384 0.13667817393548900573 0.13658012644511199896 0.16578515481858299707
892 388 0.13667693449480300405 0.13657828480551101324 0.16578248538492398878
891 387 0.13668100294385798765 0.1365834774303930077 0.16578052066515699958
888 384 0.1366777000715780066 0.13658088915138799635 0.16577412777596800542
881 377 0.1366729104177910048 0.13658213175189801158 0.16576729875937701308
886 382 0.13667214820041800882 0.13657356460963798739 0.16576692609203300122
880 376 0.13666708999346399711 0.13657414570235099083 0.16575738677160301027
875 371 0.13665618302943099982 0.13657058884179198999 0.16574413393708101183
886 382 0.13664781133795400603 0.13655676082041801056 0.16574447349546200803
883 379 0.13664424235396399609 0.13655390541168399565 0.16573364799277298665
886 382 0.13664492433038000208 0.13655167912374799322 0.16573206450013799884
898 394 0.13664906656597800017 0.13654953311139900185 0.16573540737491901376
893 389 0.13664378572457500094 0.13654797060629700334 0.16573496167219400887
886 382 0.13663924685614400878 0.1365466397173449864 0.16573429332612599207
889 385 0.13663482186974598709 0.13654281791647798761 0.16572912660192601342
891 387 0.13663920197370998943 0.13654410376942099914 0.16571946435369899753
889 385 0.13663194414702900525 0.13653692923767699052 0.16572023718948600268
895 391 0.13663398883029501119 0.13653256455274601078 0.16571793909281901103
894 390 0.13663447515616200523 0.13653276042092499232 0.16571727978372899348
891 387 0.13662877507614398787 0.13653163415554800397 0.16571384024805399515
889 385 0.13662435829535499177 0.13653152025984699458 0.16570946734430799796
896 392 0.13662842163320099154 0.13653078359795700614 0.16570738630883000142
899 395 0.13662797409082100275 0.13652767034896298726 0.16570765434797499194
900 396 0.13663615527372099945 0.13653538182211300001 0.16571506340662200962
890 386 0.13663330116717700702 0.1365398199400340018 0.16571462557607399835
893 389 0.13663732180719800891 0.13654211775651300953 0.16571732669850600117
884 380 0.13663781171706598783 0.13654530485361399128 0.16571802748052699705
878 374 0.13662858734059998844 0.13654285494251200417 0.16571280984660499702
884 380 0.13662394979859698863 0.13653239438535799688 0.1657067393565780089
885 381 0.13662373721838300122 0.13653169669076301029 0.16570430334334598776
891 387 0.13662895912139899623 0.13653251700552299086 0.16570707711708398957
895 391 0.13663018199651200124 0.13653022649017698686 0.16570592628411098812
905 401 0.13663524145692801381 0.13652875382691800898 0.16570548622509800873
904 400 0.13663886277582498741 0.13653547721092801348 0.16570305006215399479
896 392 0.13663675573409200803 0.13653660495344899228 0.16569935129445800825
897 393 0.13663328850876399478 0.1365315985573500035 0.16569273175182999691
892 388 0.13663195154876400794 0.13653268567444701298 0.16568965833652399278
909 405 0.1366368516424369961 0.13652484994395899798 0.16569320889452299195
909 405 0.13664113030350799605 0.13653102512216599984 0.16569597788426598806
895 391 0.13663952779025201334 0.13653602926229799208 0.16569590137427001042
898 394 0.13664276179991199922 0.13653696342000098962 0.16569440926400699765
890 386 0.13664173625991399286 0.13654080254679598627 0.16569425999383299852
898 394 0.13663916161667299942 0.13653316866758399839 0.16569014079697200192
890 386 0.13663434101283000732 0.13653460306295900351 0.16569509640762700164
909 405 0.13664410726371600813 0.13653053795311900775 0.16569516136240899917
910 406 0.13664478414576300414 0.13652922344682899558 0.16569494396063100261
893 389 0.13663080290630300051 0.13652914844814900697 0.16569394047794500091
891 387 0.13662970699897200588 0.13652779706550000061 0.1656867065632990077
898 394 0.13663123682424299643 0.13652141100619599734 0.16568145072366499693
904 400 0.13663079621507900896 0.13651716109153100298 0.16567692246790999278
896 392 0.13662471682784699256 0.13651511565126300818 0.16567770881187399157
897 393 0.13661933167823500646 0.13650773112493999606 0.16568146517995199773
892 388 0.13661333589368299113 0.13650170342008599578 0.16568246409610098979
902 398 0.13661378592036399482 0.13649320392964101045 0.16568210888697398886
898 394 0.13660870805973099329 0.13649561328499901225 0.16568535627533501065
904 400 0.13661571538826799976 0.13650045716461201017 0.16568506350800998872
893 389 0.13660474300906499945 0.13649698719866801278 0.16568371469992698719
897 393 0.13660283832405101245 0.1364955318237890125 0.16568173542767000717
901 397 0.1366096893898569864 0.13649913427371498931 0.16568950957213299247
902 398 0.13660743676834799509 0.13649535664742398766 0.16569069642986600233
903 399 0.13660650137953800343 0.13649243275793199182 0.16569317651048098838
893 389 0.13660051511189999496 0.1364926357598759965 0.16569352299793099759
888 384 0.13659734811152898781 0.13648851435174300106 0.16569450970048998917
887 383 0.13659194079563199975 0.13648547792873000351 0.16569407738951999476
883 379 0.13659312597507999865 0.13648927175602901252 0.16569873874509000178
887 383 0.13659226871376600743 0.1364861986112159975 0.16570516994117098775
888 384 0.1365872916361940137 0.13648038734005199513 0.16570579950996200402
885 381 0.13658508902832200427 0.13648144330497499754 0.16570021457391700959
887 383 0.13658157380846899787 0.13647856514584399967 0.16569772494029899601
879 375 0.13658649747221399129 0.13648543909951799114 0.1656932750583179903
885 381 0.13658791353424398762 0.13648144427165700976 0.16568762372203299504
883 379 0.13658875522797400692 0.13647845014635298644 0.16569121919348300809
878 374 0.13658009500476700482 0.13647172280062200289 0.16569072318633099039
883 379 0.13658174668827599563 0.136467310814038012 0.16568939542132099518
875 371 0.13657808775779300969 0.13646663193682900816 0.16568797078256600197
870 366 0.13657343201379398834 0.13646460822636199972 0.16568437278712300209
873 369 0.13656401073386301159 0.13645438904268800129 0.16568254159004000559
871 367 0.13656008960069598857 0.136450444684744987 0.16568042580890898763
875 371 0.13655974409561999483 0.13644234626590401316 0.16567527750500499195
869 365 0.1365527508942609991 0.13643998311052299433 0.16566181119254100307
879 375 0.13655270871863900428 0.13643277594564701127 0.16565673136108499675
881 377 0.13655009902818299183 0.13642653305286400744 0.16565673901081098829
882 378 0.13654384141268599562 0.13642256196190000184 0.16565435609095199854
894 390 0.13654403179675800306 0.13641286473852601291 0.16565343379458399853
896 392 0.13654614406149401251 0.13641343120569798808 0.16564880046393701263
905 401 0.13654855703941701228 0.13640954046183101367 0.16565625166295500081
895 391 0.13654341652551699182 0.13641344802780799861 0.16565864287320999915
898 394 0.13654122882623900836 0.13641094173149800883 0.16565652642344300127
892 388 0.13654655728403200521 0.13642125816991598763 0.16565469565096599402
887 383 0.13654318135626999919 0.13642351002089300738 0.16565855379509200618
898 394 0.13654632692341600597 0.13641371194503298936 0.16565834880013799446
896 392 0.13654276289718700332 0.13641439253066400816 0.16566095438959499431
889 385 0.13653966386854698989 0.13641653031471601132 0.16567031678647500814
892 388 0.13654625240397200159 0.13641901149398300008 0.16567333781677098803
893 389 0.13654617459126799917 0.1364178875351740039 0.16567536725286099997
904 400 0.13655570450798198978 0.13641806752795399005 0.16567564264121900641
901 397 0.13655424865643400745 0.13641939762041599415 0.16567641662635498867
903 399 0.13655064676203398921 0.13641689538659598768 0.16568139075563800833
893 389 0.13654586705074100994 0.13641803321506199009 0.16568300809131500384
885 381 0.13654777960715500096 0.13642464681143601224 0.16568264874596000391
888 384 0.13654261399709100022 0.13642111186635899611 0.1656786422522890101
893 389 0.13654272626267499602 0.13642014301224100747 0.16567498611920900009
903 399 0.13655056439565599335 0.13641867710821700688 0.16567646904091098969
901 397 0.13654505716195700082 0.13641935500154400707 0.16567393779546599197
904 400 0.13654727156735699256 0.13641907503492201048 0.1656714747741930005
909 405 0.13655425644978400057 0.13642614055214399849 0.16567553324149000837
907 403 0.13656051276439498676 0.13643894029270400847 0.16567742033143401104
895 391 0.13655577756321399252 0.13644270969141500394 0.16567398797847698866
893 389 0.13655634889101200824 0.13644338064357100504 0.16567167378629898966
898 394 0.136565237649374005 0.13644810305383400784 0.16567538320911701089
894 390 0.13656481584835700183 0.13644980492267400063 0.16567706740248000497
900 396 0.13656797265658399132 0.13645368515797198783 0.1656774111160539964
894 390 0.13657082881315898981 0.13645920341224798689 0.16567838341239499167
896 392 0.13656964118090000881 0.13645670118238500956 0.16568020007013600781
897 393 0.13657218909145299457 0.13645912517575300993 0.16568026471220900775
900 396 0.13657100167763500109 0.13645612800434600564 0.16567473641790100847
891 387 0.13656646165157901307 0.1364598490196730074 0.1656713085936639962
891 387 0.13656702970658998741 0.13646124168301901336 0.16567173509095500794
889 385 0.13656298704551900203 0.13646061163536199468 0.16567900654583500586
888 384 0.13656443023233699741 0.13646291782207101151 0.16567292240484499111
888 384 0.13656480646997901096 0.1364628582836799886 0.1656682350316319996
874 370 0.13656263712694199919 0.13646695306604300635 0.16567012271233000353
883 379 0.13656289925825901288 0.13646037557366999526 0.16567829356643901106
878 374 0.13655989044460201121 0.13645837175834199528 0.16567974939613200336
882 378 0.13655357222051300869 0.13644939872231198752 0.16567814077249701232
890 386 0.13655928014032300832 0.13644374237924400406 0.16567619084310100663
885 381 0.13655277648098498866 0.13643915496840400281 0.16567877112627399372
880 376 0.13655000058536301277 0.13643967207692900279 0.16568107287302599739
885 381 0.13655436887671801305 0.13644079790888799519 0.16567890062239298832
880 376 0.13655090885670401191 0.13644291385216400503 0.16568483155770299953
884 380 0.13654608403158899343 0.13643338431429100077 0.1656872716865389894
887 383 0.13655402491723500624 0.13643953387730201054 0.16569404223432199208
870 366 0.13654540289417399501 0.13644138000273101086 0.16569179746468498671
877 373 0.13655158933017200185 0.13644608048177300774 0.16568879641671099834
876 372 0.1365549692567900042 0.13644769760025099448 0.16569200046312199115
881 377 0.13655580243995099621 0.13644334616965300699 0.16569171367972798659
874 370 0.13655139826443199458 0.13644367080341299192 0.16568508726396899422
876 372 0.13655173910419199368 0.13644327492603400276 0.16568613443019000742
879 375 0.13655761973815300214 0.13644416958461599854 0.16568968484288698617
873 369 0.1365467711131529982 0.13644005200505998632 0.1656919141827359887
867 363 0.1365454075290190028 0.13644064256882498798 0.16569858712708898651
877 373 0.13654616464289601185 0.13643364107555300269 0.16569927254459698718
882 378 0.13654449371225099719 0.13643078007315098676 0.16570002441465600529
883 379 0.13654323869213899623 0.13643292937444601032 0.16570278832056301033
881 377 0.13655066310952199138 0.13644285521105201098 0.16570625445069400716
877 373 0.13654850377824900853 0.13644655783332498844 0.165704659385121994
867 363 0.1365453616946399884 0.13645052259535001005 0.16569575914258599658
858 354 0.13654138795244000204 0.13645224821955401207 0.16569096024180499094
855 351 0.13654040568054801041 0.13645093952673301163 0.1656838646937970061
871 367 0.13654529196357900744 0.13643932338144398875 0.1656753246048980055
884 380 0.13655785535006501052 0.1364402929394100128 0.16568629901831299911
877 373 0.13655425992386799328 0.13644129952814901263 0.1656912940442639981
889 385 0.13655289477614199201 0.13643393669897999065 0.16569046125698699834
890 386 0.13654857679047199825 0.13643778733490000143 0.16570183945207200837
880 376 0.13655281166506200163 0.13644708477286898729 0.16570390920044000826
865 361 0.13655194205827700382 0.13645565888530600263 0.16570681053194699639
867 363 0.13654903277930299788 0.13645064465220699268 0.16569966672721300749
863 359 0.13654245932682498865 0.13644525283120600978 0.16569355759351001023
863 359 0.13654132539080199304 0.13644822632691600006 0.1656973721316659931
875 371 0.13654373894457499938 0.13644499437895898919 0.16569631802587600489
883 379 0.13654845990065500594 0.1364435411342800053 0.16570068394895701158
879 375 0.13655193491472600309 0.13644957450212799599 0.16570179620948000121
884 380 0.13655800946234600279 0.13645197585995699763 0.16570379602789800377
896 392 0.13656313427930399929 0.13645135354669599148 0.16570502805545700431
892 388 0.13655901752126400894 0.13645250746475701131 0.16571056111320900395
896 392 0.13655414942413399149 0.13644432919763699319 0.16571740669895299036
889 385 0.13655456084755399071 0.13645296251198699156 0.16571864231943900236
891 387 0.13655391960467100354 0.1364506789509500051 0.16571857020791999626
887 383 0.13655723865225199987 0.1364543983626070045 0.16572347902164999423
880 376 0.13655686013730600203 0.13646155302609999649 0.16572098711426100359
869 365 0.13655328260564500442 0.1364624751232010047 0.16572167322332800876
865 361 0.1365468770718930025 0.13645611375938399012 0.16572289723864300215
874 370 0.13655007830550200398 0.13645175639507700627 0.16571472888014199265
877 373 0.1365492158437350001 0.13644491167154099154 0.16571072220964500055
886 382 0.13654898900907400106 0.13643837207361800279 0.16571396355028000791
880 376 0.13655463576696100225 0.13644812065234798726 0.16571899874203799286
876 372 0.13655738057810601349 0.13645285109074500873 0.165719601615184009
872 368 0.13655500443679699507 0.1364561864856700113 0.16571764980773900922
862 358 0.13655124354545900012 0.13645801301459700716 0.16571633309026201353
877 373 0.13655691816056000909 0.13645547088118800683 0.16570569085684999644
876 372 0.13654894226717098626 0.13644991602879599779 0.16570754277544899602
884 380 0.13655390422804400408 0.13645031370257298953 0.16570457560704199285
880 376 0.13654525818929499903 0.13644431009268601085 0.16570436242284400374
875 371 0.13654255235583198647 0.13644327566523301032 0.16570151754950798728
873 369 0.13653845994875399295 0.13644017424435600505 0.16569814222843801121
854 350 0.13652554068896100015 0.13644060922769199462 0.16569151840214998983
860 356 0.13652411803237099464 0.13643333363663401325 0.16568758399662300573
868 364 0.13652247328374300661 0.13642215026388399002 0.16568379796335899745
865 361 0.13651444434063100819 0.1364179655091140031 0.16568139055781500035
877 373 0.13651733964420101342 0.13641400800852798714 0.16567684452601699752
880 376 0.13651366573145298777 0.13641317199888799983 0.16567932676330199282
871 367 0.13650721854036498848 0.1364128228845979951 0.16567759397147599487
870 366 0.13650700124763401333 0.13641300035693099124 0.16567146302775198619
872 368 0.13650356227892099237 0.13640251031838698803 0.16566713051083500896
874 370 0.13650454267230199834 0.1364058071108139869 0.16567386555832699924
870 366 0.13650410091243800337 0.13640677383720900551 0.16566890159431899021
884 380 0.1365069549227529988 0.13640383800685901283 0.16566312417743100927
886 382 0.13650786323069999395 0.1364050315191270013 0.16567152848596800041
876 372 0.13650255172675399007 0.13640809998923900115 0.16567538191508598966
864 360 0.13650050183996800812 0.13641371763022600017 0.16567641276651601245
868 364 0.13649481988001399557 0.13640294275867401175 0.16567345661418300673
875 371 0.13649397001842900057 0.13639588506551400537 0.16566816980527099279
871 367 0.13649173491091198818 0.13639617823456398615 0.16566336068891199251
876 372 0.13649447764451699827 0.13639763394793399942 0.16566721429479999705
879 375 0.13649961309855598857 0.13640212416686300911 0.16567236059830300898
879 375 0.13650699328889800976 0.13640604959549298969 0.16567921819117101268
872 368 0.13650890826434800007 0.13641263321663699148 0.16568298323750499379
872 368 0.13651134742543000189 0.13641678126453798958 0.16568052209729700053
878 374 0.1365129238550419899 0.13641411170796599595 0.16567660542426798642
880 376 0.13651539772230100733 0.1364146253476569981 0.16567262460844001115
880 376 0.13651521604353600292 0.13641592508620500879 0.16566795882159499054
873 369 0.13650842188404499478 0.1364140054499279886 0.16566500616869100915
888 384 0.13651922572744298878 0.13641182493708500778 0.16567220349642200472
883 379 0.13651400118308598675 0.13641477121686801377 0.16566981095990299111
881 377 0.13651180672837601171 0.13641423786313899846 0.16567153808924400815
884 380 0.1365096496046959984 0.13640974089689700266 0.16567127247131599455
872 368 0.13650652095711598988 0.1364168343792490079 0.16567140564602300667
866 362 0.13650264816538398849 0.13642104847664299205 0.16566546105645099662
864 360 0.13650142704570999985 0.13641845747070399653 0.16566409080520799746
865 361 0.13650669894734299148 0.13641889409357299545 0.16565567872671999039
858 354 0.13650006728293301306 0.13641813539490599272 0.16565334879411300339
861 357 0.13649791262120700153 0.13641487513935698916 0.16564958419691300229
860 356 0.1364959462617139907 0.13641161535044599162 0.16564219004855398887
855 351 0.13649405376406101298 0.13641720562559400687 0.16564116832118400136
859 355 0.13649302076951400076 0.13641279045409598902 0.16563980469033298681
862 358 0.13648662494507199372 0.13640449714914901214 0.16563353706051700542
864 360 0.1364895430406010135 0.13640254797551801258 0.1656308017491260054
887 383 0.13649413279967601009 0.13639299169288898739 0.16562472451430901299
883 379 0.13649376915258598642 0.13640018378118801134 0.16562616961113199587
880 376 0.13649180652764000832 0.13640271222244398919 0.16562529586331600773
894 390 0.13649888806269400154 0.13640035593744301301 0.16562496286451999783
893 389 0.13650243216371998889 0.13640306858720999128 0.16563807167109900753
882 378 0.1364979407160870073 0.13640469960180601205 0.16563746227518100218
885 381 0.13649084562007399168 0.13639738968353198878 0.16563139875826599079
886 382 0.13649238150081099974 0.13639578056501999725 0.16562839451523500567
892 388 0.13649451378209900843 0.13639123086276799812 0.1656276620697079982
889 385 0.13649749949896999857 0.13639390561240299915 0.16562726120815798869
886 382 0.13649888511753799358 0.13639799427227999873 0.16562884375691400152
880 376 0.13648655718824501126 0.13639381952956500244 0.16561931228472198674
881 377 0.13649013686191099892 0.13639381300665401331 0.16561550322908999422
884 380 0.13648810423643900624 0.13639190985328900063 0.16561128938131700061
885 381 0.13648599960283000487 0.13638632454562998886 0.16561204335253498776
890 386 0.1364881278623480132 0.13638371674454599636 0.16561157331192299935
897 393 0.13648461150857099655 0.13637616543599198615 0.16561280329557098723
893 389 0.13648243602157800192 0.13637515925743298739 0.16561214062174700601
878 374 0.13646812581825298882 0.13637311291241099864 0.1656114002273129937
893 389 0.1364724452376399888 0.13636441662316400869 0.16560950506042099173
889 385 0.13646433680090200302 0.13636081313213499477 0.16560148541427899271
895 391 0.13647136182549998717 0.13636296784113899339 0.16559652972690400152
896 392 0.13647122924747601136 0.13636114848487798645 0.16559334922791499323
897 393 0.13646420058328700975 0.13635643402610700403 0.16559098624006499123
892 388 0.13646077167601700086 0.13635632410103901146 0.1655920989281660094
899 395 0.1364556755654069975 0.13634541513404899171 0.16559116098720300103
896 392 0.13645613877796000657 0.13634745955006299933 0.1655882543668399931
894 390 0.13645274999622200585 0.1363479447425320068 0.16558604264071399848
884 380 0.13644954833989200726 0.13635080378652300603 0.16558321109969201257
886 382 0.136450606297697008 0.13634435478333700731 0.16558064538473898919
898 394 0.1364525496799270099 0.1363375374355390024 0.16557997797818599373
894 390 0.13645164336974199837 0.13634158254761799545 0.165580273893952995
884 380 0.13645273680429101382 0.13634740527070998706 0.1655840955323200081
898 394 0.13645919213594900898 0.13634414807413500204 0.16558289101949300037
887 383 0.13645136931448301199 0.13634418907113299291 0.1655764664972980138
896 392 0.13645353259642600818 0.13634037837914800284 0.16557492168617699013
897 393 0.13644881857730201125 0.13633542143538399105 0.16557819419112798642
892 388 0.1364451051315639929 0.13633668559428799294 0.16557964350408099774
881 377 0.13643821404982300893 0.13633854196342601317 0.1655738878757840038
898 394 0.13644658645757098969 0.13633310728233699605 0.16558007858571399673
893 389 0.13644745578671299557 0.13633773836140100633 0.16558564750323198633
889 385 0.13644662675975999244 0.13634029574293698994 0.16558662016320399579
890 386 0.13644343384851301271 0.13633752670681301145 0.16558595847651000343
893 389 0.13644371273474900641 0.13633660748773798743 0.16558502786459600165
887 383 0.13644022721078999383 0.13633690881176699361 0.16558497760628698714
898 394 0.13643947322047400572 0.13632700918891199615 0.16559047261528300754
879 375 0.13643027140744901082 0.1363309337895559914 0.16558372059294099166
881 377 0.13642911342571201194 0.13633105102985199064 0.1655790637693750067
876 372 0.13642382601403299502 0.13633039272399399833 0.16557190813603600565
882 378 0.13642705908110100421 0.13632932814752399264 0.16556611834767701041
875 371 0.13642531386019099426 0.13633007416975301274 0.16556680847119500943
879 375 0.13641984568778600662 0.13632192309242999184 0.16556249201128600546
881 377 0.13641994525938799798 0.13631886846826998805 0.16556636898512899769
883 379 0.13641352276695301038 0.13631227229322401273 0.16555908884411499327
890 386 0.1364079872928319892 0.13630084619881199792 0.16555661082046299604
889 385 0.1364083467426540075 0.13629883160363301386 0.1655568939770759862
880 376 0.13640366190622899012 0.13629891881487798955 0.16555057050613300462
882 378 0.13639614378740400058 0.13628713509714399099 0.16554538748969999107
890 386 0.13639120453770700592 0.13627760405843200586 0.16554566992970701222
903 399 0.1364000680056209891 0.13627264745002198865 0.16554819269048098862
898 394 0.1364004652581010113 0.13628021743736298821 0.16554194858868601092
899 395 0.13639729476219400461 0.13627415622874200496 0.16553955004957998653
898 394 0.13638824091976001207 0.13626503983738000314 0.16553627849648400172
900 396 0.13638463224796498752 0.13626137712291000459 0.16553636960504800046
907 403 0.13638830453616399008 0.13625753255998798719 0.16553397095603100686
911 407 0.1363880050294649926 0.13625700165267198849 0.16553951804375199863
906 402 0.13638877211126299027 0.13626029846095000231 0.16554703504603399122
891 387 0.13638759156054700017 0.13627084179891799098 0.16555023652511599574
884 380 0.13639434616399301325 0.13628020504376200939 0.16555181376895300449
883 379 0.13639092434709498836 0.1362747438131780009 0.16554811833210500427
885 381 0.13639007461156299472 0.13627097419259298627 0.16555023884757899544
887 383 0.1363917949594939949 0.13627143319303100522 0.16555377426308198752
891 387 0.13639145904013799671 0.13626744532997100978 0.16555548327682900744
890 386 0.13638554450302800558 0.13626544382648200782 0.16555542314436499929
883 379 0.13638344930005300015 0.13626406846615599089 0.16555087771441800992
894 390 0.13638032675745301314 0.13625912711069199101 0.16555056188842801057
896 392 0.13638512804778499254 0.13626179173809799261 0.16554655943989998734
890 386 0.13638633369704100673 0.13626710074026598951 0.16555195961053800757
888 384 0.13638742927646399505 0.1362686248916619991 0.1655532046518969902
885 381 0.13638511508478398659 0.13626974552267701046 0.16554837824636600696
894 390 0.13638719965676698864 0.1362646997559099904 0.16555136524746599802
906 402 0.13639404623138901007 0.13626090494045001167 0.16555044069610999613
892 388 0.13638751978429999867 0.1362663541897579933 0.16555214694234299255
897 393 0.13639484065583099004 0.13626439415444299708 0.1655535936012750009
890 386 0.13639443150581800901 0.136270207479480987 0.16554971969172099788
896 392 0.13639453535881099211 0.13626505683983899941 0.16554968239384099116
879 375 0.13639460274296999476 0.13627402204376701245 0.16554170975984300318
871 367 0.13638636281283200713 0.13626872746727200503 0.16553348175705900891
877 373 0.13638606588707299916 0.1362609798834699959 0.1655268708163130098
886 382 0.13638357341803900025 0.13625587070102199161 0.16552226756504700989
884 380 0.13637629103210499593 0.13625263164668699467 0.16552625890020600252
894 390 0.13637533767411699759 0.13624693987523800454 0.165527433955226011
900 396 0.13638195247057999238 0.13624853820940199811 0.16553315721375799763
891 387 0.13637836659882199286 0.13625222242252399418 0.16553659473708298711
887 383 0.13637668260928900721 0.13625411086545599626 0.16553286796092200883
896 392 0.13637967607947099058 0.13624901097634101177 0.16553430426666199127
880 376 0.13637254980741100874 0.13625038828424498871 0.16552810864530800861
886 382 0.13637616378049099986 0.13624876599369700747 0.16553208493155699421
889 385 0.13637506597577500611 0.13624187959099801071 0.16554042240885200044
882 378 0.1363702810069729876 0.13624011510021299953 0.16553996900185100061
882 378 0.13636940363218899575 0.13623827687784101359 0.16553463354421898979
898 394 0.1363711908020150132 0.1362253666958720133 0.16552757145966401353
900 396 0.13636739461114699701 0.13622206665171499029 0.16552186107472299792
903 399 0.13637826519291498806 0.13622684599234199943 0.16551981106387100851
916 412 0.13638781790232598623 0.13623070569811698838 0.16551515669721800217
898 394 0.13638478669659401254 0.13623646836455999276 0.1655228714230060072
900 396 0.13637858431912100454 0.13622912100829800974 0.1655194802327870085
898 394 0.13637931034471800773 0.13623071809140299693 0.16552244865856699518
900 396 0.13637610022743298921 0.13622527124951699928 0.16552428719605799534
898 394 0.1363684460290310041 0.13621836801838199671 0.16552197636929100177
906 402 0.13637747946292400059 0.13622222703666800325 0.1655181234860680084
910 406 0.13638064530075799663 0.13622440547524600207 0.1655226324745230071
915 411 0.13638166132449300316 0.13622166359983900463 0.16553180284023999436
919 415 0.1363838418625540061 0.13622460599789498747 0.16553283347692498984
910 406 0.13638150850947100556 0.13622722203191001134 0.16553940901297400923
905 401 0.13637808413512400585 0.13622619366350499637 0.16554170296705800203
902 398 0.13637713514510799162 0.136228661925609007 0.16554386071699700445
908 404 0.13638840937399798747 0.13623790208187899764 0.16554949668285801057
901 397 0.13638916849757298788 0.13624091497560000819 0.16554164681762600919
901 397 0.13638912688516199867 0.13624166772119200575 0.16553980091431400035
900 396 0.13639133947056500396 0.13624351335756901271 0.16554795699090199546
888 384 0.13638362798303999002 0.13624575750747100478 0.16554397770751999586
885 381 0.13638257029109798757 0.13624581738994198665 0.16553834190853500274
895 391 0.13638649020438600723 0.13624558508205100726 0.16553663052730599459
899 395 0.13638481462615900663 0.13624149795940099228 0.16553226147596500351
904 400 0.13638658993962898824 0.13623995859020099353 0.16552742280365301264
899 395 0.13638422511167100359 0.13624096547432598681 0.16552178669214800966
889 385 0.13637608871874701277 0.13624171700827400477 0.16551282097383199221
896 392 0.13637245656150501216 0.13623142055301701303 0.16550865581641599489
892 388 0.13637024109283299445 0.13623199295894899974 0.16550488618858699708
884 380 0.1363681354556539882 0.13623379986306499712 0.16550772005402300535
896 392 0.1363691139817259923 0.1362230413287300046 0.16550261372867799969
892 388 0.13636566741393599256 0.13622063724868399559 0.16550111897362398961
894 390 0.13636403524506399143 0.13621590968076299766 0.1655025563861100002
893 389 0.13636280251677398989 0.13621942172277601291 0.16550225659313699822
900 396 0.13636602862408600534 0.13621992172331701121 0.16550341236327800742
896 392 0.13636327396858399785 0.13621755727008000303 0.16550324455152901071
887 383 0.13635972324065301353 0.13621892969290899655 0.16550593724756398895
877 373 0.13635378296042999224 0.13621718405642099792 0.16550716038979598754
881 377 0.13634940251508800846 0.13621017832886100907 0.16549895294442598659
889 385 0.13634940550864399489 0.13620480769756698747 0.1654963203641990066
894 390 0.1363444484621300079 0.13619566933581100932 0.16549907549087999881
898 394 0.13634517620966099538 0.13619399861423300835 0.16549871371779301121
900 396 0.13634445619209001332 0.13619204004676199737 0.16549661851829600145
899 395 0.13634489466794399992 0.13619938856627400448 0.16550003385193298722
887 383 0.13634023182420498821 0.13620257320032799764 0.16549960341344499559
884 380 0.1363371258022340049 0.13620014291814799834 0.16550780509780999017
882 378 0.13633308115330000643 0.13619934081923198987 0.16550651691182499681
875 371 0.13633066459647100177 0.13619980919879801085 0.16549991882102499385
869 365 0.13632991146715900399 0.13619962675861599366 0.16549319169668899598
876 372 0.1363306409614170045 0.13619687085811699179 0.16548925733308600394
884 380 0.1363355619658679907 0.13619947026940498747 0.16548995403039198915
882 378 0.13634080552114100082 0.13620297844294099177 0.16548428013051200147
887 383 0.136334706623069013 0.13619877499931498654 0.1654833300602089885
898 394 0.13634568987900599901 0.13620137540017498989 0.16548548017003100741
911 407 0.1363524446286029923 0.13619707131792599397 0.16549041113303400441
915 411 0.13635082241363399858 0.1361926206501760106 0.16549906972321098975
914 410 0.13634819033937101151 0.13618658793854399036 0.165507173840441002
911 407 0.13635663640653800099 0.13619507666962599179 0.1655080742716369957
901 397 0.13635548331478600237 0.13619951784395201155 0.16551002580894799698
897 393 0.13635454721455800287 0.1362026559385750013 0.16551183965643201379
897 393 0.13635285428335999769 0.13620380570964799039 0.16551299311599598774
906 402 0.13635206337688399181 0.13619752043265700991 0.16550997529730798741
891 387 0.13634831652237300315 0.13620213687451598883 0.16550962386117498704
903 399 0.13635095085782900082 0.13620274266198101332 0.16551176461014899255
907 403 0.13635506076843201262 0.13620197989301599528 0.16551967559307700917
900 396 0.13635081178829899784 0.13620742055039100626 0.16551963410203099358
906 402 0.13635769350529899913 0.13620806471308299912 0.16552568119184998818
902 398 0.13635600229414598927 0.1362124928212949948 0.16552835010679001204
893 389 0.13634430302736300078 0.13620870144484600872 0.16552903661187501339
895 391 0.13634470284881700097 0.13620786717295899071 0.16552893045922600912
898 394 0.13635096853458800181 0.1362120056632699916 0.16553602268939598963
897 393 0.13635140269763099119 0.1362117477350729966 0.16553743915907301321
894 390 0.13635176502979198809 0.13621721596936101073 0.16553706386680699936
893 389 0.13635298995687800128 0.13621526462808500324 0.16553631163272100602
896 392 0.1363546821411809884 0.13621169563395099655 0.16553501407649198751
890 386 0.13635191551080799721 0.13621424532460099655 0.16553081866524999022
892 388 0.13634904190611499275 0.13620786854913199959 0.16553922798204198652
883 379 0.13635116511299599784 0.13621585163395499851 0.16554235797075200765
881 377 0.13634412444325400005 0.13620836215633000399 0.165537642594508011
874 370 0.13634276292847000156 0.13621073172573799903 0.16553991003865201059
876 372 0.13633712798278599387 0.13620482861842900246 0.16553880699084599915
869 365 0.13632837004826101057 0.13619914334180799331 0.16553515268811899719
882 378 0.13633168083757798983 0.13619457429744000199 0.16553049447687701035
888 384 0.13633391249396900613 0.13619036699957198788 0.16553059261140398717
887 383 0.13633014990652100873 0.13618752712506299041 0.16553561891874299383
889 385 0.13633284755423499823 0.13618802827020901058 0.16553387475646000326
896 392 0.13633672884660200109 0.13618985755299201079 0.16553001287218299664
897 393 0.13633737997375700024 0.13619114813226798621 0.16552398525581099586
893 389 0.13633114526451201032 0.1361890633564649955 0.16552230169706300122
897 393 0.13632566581648300486 0.13618066124189900923 0.16552174005687100844
898 394 0.13632699930428998636 0.13617972843636499958 0.16551947257735399877
895 391 0.13631847621920600844 0.13617434484490101299 0.16551727130391799547
887 383 0.13631490153403599819 0.13617549603524101154 0.16552018974640000937
888 384 0.13631659387430800079 0.13617126718228400595 0.1655162161863119874
884 380 0.13631434605795800241 0.13617134083693499536 0.16551211100758400629
880 376 0.13631077416182299511 0.13616869220461499945 0.16551384353419901219
883 379 0.13630924480951001065 0.13616568215325600133 0.16550934637438499686
888 384 0.13631169019365099726 0.13616260631840801376 0.16550450575387198882
886 382 0.13631764245448299566 0.13616877700984300614 0.16550281557808899091
879 375 0.13631196159279798663 0.136167777845102006 0.16550356531681600925
879 375 0.13630649755859500227 0.13616426740960899111 0.1654972406691050113
879 375 0.13630443319736498808 0.13616008118130901172 0.16549275397116700037
893 389 0.13631109701785398824 0.13615360742063900568 0.16549127380513400931
894 390 0.13631418256871399852 0.13615894227487099211 0.16549663393401900513
880 376 0.13630385983336801292 0.1361574100319559999 0.16549482804064999386
876 372 0.13629829431506298998 0.13615276278726601289 0.16549303669814599549
880 376 0.13630023681543099179 0.13614890817035399384 0.16548559031786200246
887 383 0.1362963906260230007 0.13614011562975500413 0.16548260796214200874
886 382 0.13628461579560399719 0.13613118241659000196 0.16548015002470300994
887 383 0.13628256001246499829 0.13613061717643598625 0.16547626207054300096
896 392 0.13628400481406599543 0.13612801389228801341 0.16547361967764501189
889 385 0.13628134246226800141 0.13613077587816299618 0.16548335359431198821
884 380 0.13627914537515201099 0.13613082420781200121 0.16547677130982599292
885 381 0.13627552049912600163 0.13612472440439099541 0.16547125393042200203
893 389 0.13627450364698401319 0.13611638064482101118 0.16547199907006598929
899 395 0.13627437899765598717 0.13611574462189898749 0.16547414194158899248
913 409 0.13627785698637501222 0.13611296594513799807 0.16547281620348699982
906 402 0.13626999344132301184 0.1361114798235500134 0.16546899239554399563
905 401 0.13626138492081399378 0.13610635146733798817 0.16546693713871199471
901 397 0.13626126126115400972 0.13610458821754600756 0.16546696831401100369
888 384 0.13625176704684899276 0.13610574734286601251 0.16547072133637100166
890 386 0.13625111311775200962 0.1361033396245339977 0.16546950482315700426
887 383 0.13624661135095600395 0.13610185689368800577 0.16546673175047599269
889 385 0.13624609974303700244 0.13609991056989201308 0.16546089432551400189
898 394 0.13624452095832900733 0.13609471632543901354 0.16545552167669999588
898 394 0.13624650272408700413 0.13609640995550101317 0.16545307712827500568
902 398 0.1362458485028479882 0.13609392763327798903 0.16545359027902700744
906 402 0.13624583661513001154 0.13609145089630200753 0.16545460741141598815
899 395 0.13623767460637301041 0.13608698105566599534 0.16544682017537398755
897 393 0.13623620568197800096 0.1360873210520709975 0.16544405248046600843
907 403 0.13624210176244699877 0.13609021967335999115 0.16544409365898399278
900 396 0.13623984809985201228 0.13609038280623100836 0.16543696342350400208
901 397 0.13624371215648201083 0.13609189893549700212 0.16543178379167200465
890 386 0.13624305935705299797 0.13609754226123799148 0.16542276440887698774
889 385 0.13623775165203300119 0.13609325255943099942 0.1654166218475240091
899 395 0.13624040400871201273 0.13608480598546199292 0.1654109374754929862
891 387 0.13623676849078800166 0.13608830818023098796 0.16541327513273598737
886 382 0.13623803599661798991 0.13609298490322499497 0.16540915734685598948
891 387 0.13624061654228100671 0.13609104597263499414 0.1654114944307069901
893 389 0.13624351746748200598 0.13609241640549499253 0.16540808371703100144
896 392 0.13624797919438300098 0.13609552582351600036 0.16541034370395599207
881 377 0.13624310324084298873 0.13610101614931299774 0.16540817980646499441
884 380 0.13624734857079601191 0.13610092700335399418 0.16540302461771899667
879 375 0.136243574152571989 0.13610097668189399811 0.1653973577810489981
869 365 0.13623721115340700627 0.13610085063020999074 0.16538414392771899619
887 383 0.13624553502449499032 0.13609483170033900845 0.16537964202169000427
897 393 0.13625155140674999332 0.13609413852121698962 0.16537832820762099484
905 401 0.13625203369964400402 0.13608925513738098778 0.16538470091729398637
900 396 0.13625354414694298977 0.1360922587402899897 0.16538825510077401204
898 394 0.13624807332915700453 0.13609134936203298727 0.16539215135681900604
908 404 0.1362517801505999937 0.13608718044750101051 0.1653950697626259958
914 410 0.13625584014266800548 0.13608394128967399306 0.16540199960852799976
907 403 0.13625649748583099075 0.13608956048145601225 0.16540686967106799088
905 401 0.13625921104590399402 0.13609631277777700653 0.16540743350244799248
895 391 0.13625728261197600499 0.13609944982273899927 0.16540210019069198633
891 387 0.13625319673167399226 0.1360998871933500054 0.16540605940669400598
893 389 0.13625063358344199904 0.13609409343860701114 0.16540553087455700521
887 383 0.13624817744387099361 0.136092521188249993 0.16539642723493899745
891 387 0.13624636046715499216 0.1360864500998149873 0.16538855641664901297
892 388 0.13624673862369199306 0.13608883924283499134 0.16537997747087299083
891 387 0.13624679663213701275 0.13608981273426801195 0.16536667355475601071
886 382 0.13624561889298500428 0.13609361945323000809 0.16536808057880700296
884 380 0.1362396315656619894 0.13608868142499999654 0.16536840557400400709
899 395 0.13624484978346598774 0.13608088060153300525 0.16536535866894200297
923 419 0.13625271792564899731 0.13607328962840301023 0.16536432460255401367
904 400 0.13624917029756100639 0.13608275497172800383 0.1653664593954460027
915 411 0.13625272561390500137 0.13607620292245800608 0.1653587258742300059
905 401 0.13624804890980898864 0.13607636777100198811 0.16535988785596700268
894 390 0.13623959575391300647 0.13607109449526499922 0.16536084445063201076
897 393 0.13624184529346400341 0.13607094297016100737 0.16535674423892499085
912 408 0.13624430548891000581 0.13606093579967701301 0.16535361503828999163
909 405 0.13624281324758399925 0.13606709868728000812 0.16535633357857199011
917 413 0.13624343655030399236 0.13606111837984999346 0.16535179626471799286
926 422 0.13624635374501201102 0.13606088995146800591 0.16535205351767601201
930 426 0.13625092521174300697 0.13606154911966100718 0.16534519622946600159
917 413 0.136246222299342995 0.1360644370261810121 0.16534181856979798808
907 403 0.13623742994651999449 0.13605857277374000525 0.16534039128318200884
914 410 0.13623734798770800736 0.13605245755044700906 0.1653337998398909936
907 403 0.13623828850295499615 0.13605865563241500982 0.16533651550935998809
905 401 0.13623549455504799233 0.13605966299891900095 0.16534123911120299222
890 386 0.13622611329213299425 0.13606056962432100388 0.1653351000544799887
895 391 0.13622550576848399539 0.13605590435443098984 0.16533200002319101141
898 394 0.13621993382700700592 0.13604908862213399567 0.16533432950217799573
891 387 0.1362130260007770044 0.13604668471525499518 0.16532948269803598995
896 392 0.13621235188154501294 0.13604248362709500664 0.16532825212260598979
905 401 0.13621815467838699343 0.13604483187262200738 0.16532160304621701385
902 398 0.13621663629780700333 0.13604683147554300082 0.16533095425890098618
901 397 0.13621940724495198993 0.13605104364124701033 0.1653272278823549879
906 402 0.13622334140859901352 0.13605472737768101177 0.16532670882840699855
908 404 0.13622473766772999482 0.13605186674906200039 0.16532504145609699941
904 400 0.13622473012063898712 0.13605583334226101222 0.16532826423481800093
904 400 0.13622426529997300193 0.13605519060783100027 0.16532787319643299506
920 416 0.13623033775179799187 0.1360497622407740026 0.1653292882583249912
924 420 0.13623008489730700776 0.13605045268116100488 0.16533663106364399065
925 421 0.13623018157779501203 0.13604960086886899728 0.16534500003279900548
924 420 0.13623087621686300053 0.13605194865457501119 0.16534189413538699642
913 409 0.13622507234744699045 0.1360553108722090121 0.16534885617340699948
903 399 0.13621927313666498671 0.13606011307532400734 0.16534955699204201274
905 401 0.13621378933807398726 0.13605163452897900411 0.16534852365658500584
898 394 0.13620669421425998791 0.13604881687093101084 0.16535334226601300367
894 390 0.13620423340288201342 0.1360486340038239983 0.16535410569041200657
889 385 0.13619987867607599719 0.13604953380483200687 0.16535070073731500395
891 387 0.13619485906874900794 0.13604120592834501036 0.16535140053350599887
897 393 0.13619906604845299913 0.13604070949679500369 0.16535337948872699809
895 391 0.13619657549398300755 0.13604210406011699175 0.16534796815977301221
899 395 0.13619797490600499268 0.13604139212029200956 0.16535266291678898942
893 389 0.13619492170984701107 0.13604047592389800769 0.16535484097426000893
886 382 0.13619446418732300552 0.13604912471319999256 0.1653578714755029877
893 389 0.13618973336076900527 0.13604059112043301316 0.16534996176928801193
902 398 0.13618997862437198787 0.13603444870945699541 0.16534551552644999317
894 390 0.13618188709935299952 0.13603191840527101286 0.16534512875930398867
898 394 0.13618293703999301281 0.13602844503107500151 0.16534345249833298785
896 392 0.1361777566934189998 0.13602535566772100406 0.1653415857586459925
892 388 0.13617376453628998734 0.13602027539501299058 0.16533850345590900277
903 399 0.13617229948703699072 0.13601382271829098869 0.16533458222662300585
891 387 0.13616530317398900518 0.1360115883067999909 0.16533578651179300922
895 391 0.13616485223819499439 0.13600829512389100984 0.16533013628637999171
909 405 0.13616632660273500499 0.13600111525556099479 0.16532089347990699957
895 391 0.13615685091982798749 0.13600065916928000265 0.16532071536048401073
905 401 0.13616098380691799008 0.13600048042821599736 0.16531468649855299291
916 412 0.13616602127773400066 0.13599855282189199368 0.16530969311514900899
908 404 0.13616032645871201101 0.13599872548805400085 0.16531349077065998765
910 406 0.13615565125880099706 0.13599484134668599067 0.16531336223880099823
904 400 0.13615638984021199986 0.13599813514638300904 0.16531745680824000422
912 408 0.13615642837539698728 0.13599058526706900296 0.16532015174858599726
911 407 0.13616184429351699259 0.13599251906942400048 0.1653191805008200066
917 413 0.13616038855998399693 0.13599370135396599002 0.16532384965207999605
922 418 0.13615931568267700125 0.13599331506805201197 0.16532454499763898914
910 406 0.13615461031881700982 0.13599901005536499388 0.1653269128606900118
918 414 0.13616117858259099704 0.13600354717011300942 0.16533042889155299959
913 409 0.13616665988790199737 0.13601217595192899301 0.1653371393332490058
908 404 0.13616631450039501372 0.13601570091437401033 0.16533879913369101122
899 395 0.13616216970859901236 0.13602037360299298885 0.16533252779614898698
903 399 0.13616255633228499522 0.13601896935514198872 0.16533484072767601347
902 398 0.13616270144629899486 0.13602106001772198973 0.16533591988041099197
901 397 0.13616218424958098643 0.13602300874484599125 0.1653396235534299874
905 401 0.1361645570201359956 0.13602150620142300363 0.16534089775899099561
895 391 0.13615971528231399224 0.13602039078230399038 0.16534013039367201348
893 389 0.13616138985655901195 0.13602300125566699207 0.16534102977174999771
892 388 0.13615739183782199495 0.13602219317934299836 0.16534249311074600275
875 371 0.1361518600697629866 0.13602815158227199444 0.16534472543141401357
882 378 0.13614998307610501338 0.13601915464699099179 0.16534543636228399288
891 387 0.13615065170510901038 0.13601451508297998649 0.16534370960728700384
902 398 0.13615313131983100559 0.13601068036751601253 0.16534395283574099267
923 419 0.13616510631383299534 0.13600952597680299183 0.16534981970576800858
912 408 0.13616969830517799966 0.13601966098879800238 0.16535900665820599253
901 397 0.13617196094651601301 0.13603236013430600182 0.1653609890712909869
897 393 0.13617077911190100803 0.13603384898136300363 0.16536800943952101317
902 398 0.13617276085920299034 0.13602942583923099962 0.1653708722141190024
906 402 0.13617894881704800669 0.13603394016213998796 0.16538075575363400671
896 392 0.13617516065250601098 0.13603751576668199341 0.16538081682887401103
880 376 0.13617137065635501192 0.13604265700221299107 0.16538107646916200277
883 379 0.13617495074780899822 0.13604501169810198635 0.16537469775032800912
882 378 0.13617210176891200724 0.13604065806201401378 0.16537979280547199235
884 380 0.13617283281007899753 0.13604082188292199174 0.16537819584011301255
889 385 0.13617342703050600017 0.13604042903459800939 0.16538015914983300592
875 371 0.13616492603349000801 0.13604264730718498844 0.16537823203890100743
874 370 0.13616302000177399334 0.1360405905129800086 0.1653776499901770114
876 372 0.13616368403566500578 0.13604131050963599869 0.16537515858999998764
866 362 0.13615997325831599718 0.13604401062051499349 0.16537286943473100687
872 368 0.1361611894788730126 0.13603973042459499565 0.16536784274075599921
873 369 0.13615630209137499773 0.13603295268883500158 0.16536523439133798963
889 385 0.13616084878845799433 0.13602666039448699231 0.16536110060605499483
884 380 0.13615752772785100211 0.13602873808931700839 0.16536356588194500716
880 376 0.13615566136627899052 0.13602942860316699636 0.16536399969933598952
887 383 0.13615279714165801073 0.13602809858306100232 0.16536830747478600823
884 380 0.13615121154882200982 0.1360313166498390014 0.16536956893945101155
885 381 0.13614983408059699865 0.13603189692388201193 0.16536968911802099602
882 378 0.13614946219592199972 0.1360347709080939882 0.16537074887752400976
882 378 0.13614950167367800837 0.13603379414632199573 0.16537049063362599388
891 387 0.1361597521653259979 0.13603586773761300321 0.16537271074582299279
880 376 0.13616245293567599828 0.13604438681101199693 0.16537010637375598732
891 387 0.1361656063658119864 0.13604198266718300903 0.16537194776121899586
892 388 0.13616440253677700167 0.13604449921229000431 0.16537491907530199597
886 382 0.13616547538321099875 0.1360486113755680071 0.16538475743219899217
881 377 0.1361684482823170006 0.13605261834775700391 0.16538101952370498626
874 370 0.13616592702571900242 0.13605638029421299184 0.16538044200146201357
886 382 0.13617415787153699935 0.1360561260932300065 0.16537878606259198699
884 380 0.13617626684561198736 0.1360598859929730009 0.16538036898970098765
883 379 0.1361803452175729956 0.13606495979966398702 0.16538074433367500049
882 378 0.13618107105981300253 0.13606553758819101008 0.16538370996767601251
892 388 0.13619164363344699042 0.13607164380799399717 0.16538610852652699257
895 391 0.13619284900722700149 0.13606965836502499245 0.16538300117690499236
878 374 0.1361871842594019888 0.1360776656490640113 0.16537773438043099072
887 383 0.13618987942646099132 0.13607861359939199541 0.16537639540816201356
892 388 0.13618943261480098705 0.13607635361592598788 0.16537896734550400213
882 378 0.13618294182840401385 0.1360764425535669897 0.16537833142821301013
897 393 0.13619563723965399937 0.136073532060723007 0.1653839492705659886
893 389 0.13620132617589700286 0.13608270455559298706 0.1653890085453360026
873 369 0.1361928024602359899 0.13609042151056399694 0.16539229897191398688
876 372 0.13619121605413100906 0.13608926257181699904 0.16538545338318300093
870 366 0.13618411122149701176 0.13608806806519699317 0.16537995184063600251
872 368 0.13618534809636301253 0.1360828437323599871 0.16537513977359000195
869 365 0.13618565815462799207 0.13608524498051799423 0.16537171268138201041
873 369 0.13618438109783201351 0.136081154834898993 0.165367417617761997
873 369 0.13618610390417099087 0.13608279657771499283 0.16536671050409901262
880 376 0.13619140864762999121 0.13608477877667199407 0.16536765450225898721
873 369 0.13618975388990200992 0.13608855595846500175 0.16536745796835000677
877 373 0.13618899579874499395 0.13608705347989699663 0.1653655604420629921
880 376 0.13618747770465500224 0.13608214116694600238 0.16536449008213799372
878 374 0.13618864438342501155 0.1360824710999820053 0.16536708039748901355
877 373 0.13618667910335699456 0.13608066105667798729 0.16536532115589899772
877 373 0.13619386885349799021 0.13608808620031198622 0.16536292158057899759
885 381 0.136192215446851006 0.13608141953710001237 0.16536557033297200059
887 383 0.13619053023843799566 0.13607947636027101224 0.16536164258889698986
882 378 0.13619138906551900292 0.13608342385653798834 0.16535689670240599769
890 386 0.13619585311308798903 0.13608030670924001204 0.16535811186661500405
886 382 0.13619591908337300157 0.13608043519074700112 0.16535803075417399022
892 388 0.13619509067362900456 0.13607498145137600365 0.16535506938270200239
895 391 0.13619749241174000653 0.13607379832464400193 0.16535828245586500773
889 385 0.1362016460686590047 0.13608221207939399933 0.16535582237952800577
890 386 0.1362045603796240012 0.13608233537794500734 0.16535922459290400277
887 383 0.13620184341605701128 0.13608262864758099986 0.16536281005567898816
887 383 0.13620026197577500549 0.1360840540290109979 0.16536412668845298923
892 388 0.13620561389983198985 0.13608575641839398829 0.16536594857953801352
889 385 0.13621044953168401359 0.13609165472054199353 0.16537109548385500735
878 374 0.13620659976494600696 0.13609479979912200709 0.16537190719423799923
875 371 0.1362034764176829893 0.13609674067065799519 0.16537408664364700028
881 377 0.13620285644198498742 0.13609150446306000903 0.16537815608314698768
885 381 0.13619846408981201025 0.136086779800234009 0.16537487599256300852
880 376 0.13619472511346800148 0.13608662942284099895 0.1653825279126880099
873 369 0.1361936555393450099 0.13608418235371400051 0.16538019304833900813
874 370 0.13619670301484398944 0.13608598480834199762 0.16538075547433500612
874 370 0.1361972145316210081 0.1360835388513060018 0.16537840434518699673
867 363 0.13619234923896000877 0.13608818545805201339 0.16537191709674201046
883 379 0.13619889074700400333 0.13608442690361499672 0.16536292921048201254
885 381 0.13620111386641300943 0.13608485743786200017 0.16536285932295799461
885 381 0.13620467014121900862 0.13608628320075799589 0.16536040615253599917
884 380 0.13620041986381400956 0.136083932855423001 0.1653538143816430106
890 386 0.13619230586738301225 0.13607346289971500308 0.16535323593781400819
896 392 0.13619220224957601095 0.13606937174442199079 0.16534989903854399595
890 386 0.13619079810612899628 0.13607251210723300683 0.16534888556089399891
881 377 0.13619028192887999706 0.13607664574618799636 0.16535057675348099893
878 374 0.13619038086849599711 0.13608035823935199504 0.16535316858501900028
887 383 0.13619516966358000132 0.13608126575440399053 0.16534676051432900534
877 373 0.13618702800851201218 0.1360772841483920137 0.16534442961137399419
878 374 0.13617878688270199095 0.13606666014011600807 0.16533928482052198672
890 386 0.13618145395361799799 0.13606339028701100458 0.16534130219921400196
881 377 0.1361787869104099935 0.1360651603601769899 0.16534412133105899634
866 362 0.13617663264689899849 0.13607205997561799826 0.16533685342713999589
870 366 0.13617519867594199412 0.1360688625547170072 0.16533347571410400567
868 364 0.1361744112125189976 0.13606683303692901355 0.16532765725162199
857 353 0.13617714080059900583 0.13607407123230400026 0.16531883417369300227
875 371 0.13618113817537100263 0.13606670557363700902 0.16531276011665799186
879 375 0.13618513397705001022 0.13606935807675998862 0.16531225895212300903
872 368 0.13617909223939900221 0.13606746801716798623 0.16531156862046500478
875 371 0.13617636239413799526 0.13606076208147299678 0.16531087854237999646
871 367 0.13617581513549800731 0.13605874148565899606 0.16530449394948801278
878 374 0.13617329126719199262 0.13604954578263800391 0.16530712541775899327
880 376 0.13617128236669800989 0.13604697631643100642 0.16530893699182200307
883 379 0.13616821441341100951 0.13604228738195400794 0.1653078258571450132
900 396 0.1361728171898110018 0.13603435626669499459 0.16530547154654501307
900 396 0.13617769272119500945 0.13604069298186000081 0.16531474177115298985
900 396 0.13617793372835598764 0.13604443333450699782 0.16531612562500999641
889 385 0.13617990701485599425 0.13605254289814799895 0.16531795809303301281
896 392 0.13618161145756699226 0.13604677513019999835 0.16531632005326998835
888 384 0.13617255012444098861 0.13604352552545501132 0.16531532966831100073
887 383 0.13616839871814701013 0.13604096095617398965 0.16531370181895399529
889 385 0.13616843732691100155 0.13604227960053100199 0.16531014505781499446
893 389 0.136166362977889005 0.13603814499767899471 0.16530572255916500812
892 388 0.13616480246546600053 0.13604021336162000488 0.16530522726049098892
876 372 0.13616102510804001247 0.13604559038352301292 0.16530736293571998696
877 373 0.13616218623562501011 0.13604480195672399856 0.16530299007819398982
882 378 0.13616467163325599032 0.13604203614240900633 0.16530056486001099003
889 385 0.13617222503214698737 0.13604509091661601272 0.16530201043333600519
893 389 0.13617572953811699077 0.13604572955618898789 0.16530120391744199115
886 382 0.13616794343036101034 0.13604197680991200747 0.16530246327383199545
895 391 0.13617522152075500763 0.13604540162534201064 0.1652997308026069867
902 398 0.136183311351660008 0.13605174824745799866 0.16530087550261898799
891 387 0.13618266628781700023 0.13605936047075800621 0.16530100009267800765
893 389 0.1361861626193890118 0.13605863667475900924 0.16530369223803201284
892 388 0.13618079524971099525 0.13605423854595599664 0.16529784144149400893
893 389 0.13617801140988999853 0.13604981157582399232 0.16529615651690598987
894 390 0.1361748885320639979 0.13604565592616399416 0.16529809154294700102
902 398 0.13617828496307898822 0.13604187836511100196 0.16529821345771700258
907 403 0.13617424808089900745 0.13603605758797499004 0.16529840627354100424
907 403 0.13617598182000800744 0.13603985409742599955 0.16530102501545598792
914 410 0.13618079912450500868 0.1360382503655200026 0.16530464563300700798
908 404 0.1361766973205880138 0.13604160284514998924 0.16530520741823301334
919 415 0.13617951539785799753 0.13603806313665600669 0.16530694742682300324
902 398 0.13617439035206099773 0.1360412824815080135 0.16531549014040500256
900 396 0.13617625582413800389 0.13604720803757200387 0.16531544792065100413
899 395 0.13617456020631599212 0.13604445144608601215 0.16531732048678499103
888 384 0.13617317290289898679 0.13605119714293900657 0.16532123313415400534
881 377 0.13617012394610999992 0.13605075100279098721 0.16532396399830401323
898 394 0.13617771656326599361 0.136048228768666013 0.16532415166156899655
895 391 0.13618279814264699912 0.13605527441354800522 0.16532309470107300897
901 397 0.13618398162438499766 0.13605129597516998907 0.16532664571375299545
901 397 0.13619109196890499813 0.13605752665788400924 0.16532955837784998887
893 389 0.136192172117096999 0.13606358253483399889 0.16533266968778201345
898 394 0.136194271570861003 0.13606624351205098833 0.16532819798404099765
883 379 0.13618956581027599761 0.1360716210363049905 0.16533259842572201048
881 377 0.13618962905610801362 0.13607096386663300458 0.16533012817284400975
888 384 0.13618746539488699177 0.13606634329515798765 0.16532596418516398717
891 387 0.13618915317232999085 0.13606419743143499668 0.16532982068515800211
886 382 0.13618722200017999158 0.13606317205392098879 0.16532573180800499979
888 384 0.13618002131695999823 0.13605905709994700614 0.16532084484093800825
896 392 0.13618515868886099662 0.13605735439514299312 0.16532140765991701348
896 392 0.13617988789339199873 0.13605433061536101325 0.16531979419028600131
915 411 0.13618458661054499981 0.13605139896486301287 0.16532266761061500948
908 404 0.1361816488627350108 0.13605389528569800106 0.1653292248388799901
913 409 0.13618147919983400462 0.13605012968411800411 0.16533375461154201091
901 397 0.13617526482434699764 0.13605154237313299426 0.16533592099066099501
898 394 0.1361729343301950057 0.13605075360616400437 0.16533475423803600801
894 390 0.13617087643977499045 0.13605280300293601248 0.16533098443464600003
889 385 0.13616868343035801181 0.136051513632929999 0.1653273883589519988
880 376 0.1361651074683850049 0.13605373405912199458 0.16532101880781399639
878 374 0.1361612643666909872 0.13605088781661001107 0.16531934675151899183
882 378 0.13615445413751400827 0.13604293714940499105 0.16530958168563900101
886 382 0.13615216465399798684 0.13603769323568098981 0.16530439694784099247
876 372 0.13614650449377699304 0.13603896972081799821 0.16530446467032500202
889 385 0.13614782849261999886 0.13603197554591400786 0.16530167776015500247
890 386 0.13614224099563299042 0.13602566101609300797 0.16530686587488599426
895 391 0.1361400251643319903 0.13601924795766198728 0.16530853020464400527
881 377 0.13613463942001799434 0.13602164304551200846 0.16531162497829199332
884 380 0.13613367150443000941 0.13601816603208999323 0.16531625990090301204
890 386 0.13613866705387600575 0.13601994929568600456 0.16532046116212600895
888 384 0.13613971604239399893 0.13601897211142899291 0.16531867273334999169
885 381 0.13614302180518400576 0.13602462913151600055 0.16531850166553699322
895 391 0.13614855181669199835 0.13602388304062701385 0.16531485588973499068
894 390 0.13614717540826498654 0.13602155360626599911 0.16532184281852799201
889 385 0.13615098206296799566 0.13602536220594299565 0.1653230151960569938
897 393 0.13615556914248100329 0.13602838729557600872 0.16532109059045899113
892 388 0.13615395944226699187 0.13603080652991100807 0.16532263587736101274
882 378 0.13615178060733801324 0.13603686362818098732 0.16531843299152199078
891 387 0.13615743809468600078 0.13603658988212999348 0.16531614014876799823
886 382 0.13616140606764198795 0.13604025578259498763 0.1653156549865339997
897 393 0.13616416758110599927 0.1360369138547380119 0.16531972855547100165
882 378 0.13615946159961700435 0.13604000414540701192 0.16532078948423201137
878 374 0.13615365679294499923 0.13604050018308300185 0.1653186231909709869
881 377 0.13614718118776400479 0.13603504069645100394 0.16531221322615799463
874 370 0.13614157884731400983 0.1360338264506749939 0.16530962145419200726
883 379 0.13614598563864599434 0.13603270791590199584 0.16530648978262699189
881 377 0.13614156128107199328 0.13602957762823100762 0.16530168280461599029
887 383 0.13614680552334901265 0.13603171985712500525 0.16529867895829800095
885 381 0.1361438212069699949 0.13602771567469298941 0.16530466675353500117
881 377 0.13614721571078400308 0.13603187931855401094 0.16529987188254799402
893 389 0.13614782620239399002 0.13602364343280901049 0.16529310741450001232
894 390 0.13614303468991501012 0.13601662228333499804 0.16529034239751899671
896 392 0.1361397900875009892 0.13601463360207199926 0.16529004629085200517
883 379 0.13614009667528201297 0.13602134931123899264 0.16528845710272799252
876 372 0.13613259423983900542 0.13601993349092600383 0.16528668554356701348
893 389 0.13613830353669301165 0.13601402293188299963 0.16528478352048900368
888 384 0.13613854450688700481 0.13601777653089200393 0.16528418691262800055
882 378 0.13613355921497499734 0.13601492693732400441 0.16528289557138001187
890 386 0.13613413665146600895 0.13600922136430099174 0.16528143412304299731
898 394 0.13613418130088600355 0.1360052945381000078 0.16527990309176299188
895 391 0.13613616268778699903 0.13600780757820798983 0.16527605471626199973
894 390 0.13613446368627699079 0.13600837265071499815 0.16527367565738901312
894 390 0.13613728481108500201 0.13601001691598099685 0.16527724098998000657
906 402 0.13614231768445400617 0.13600763806192600613 0.16528226933837200652
913 409 0.13614503603214200833 0.13600582628318899636 0.16528080655247900932
907 403 0.13614939148488500176 0.13601373167362099115 0.16527916172306700293
902 398 0.13614200772321499722 0.1360134580991859965 0.1652791665868360016
902 398 0.13613940434815499647 0.13600977197487199022 0.1652834153025879993
901 397 0.13614242170746798655 0.13601235109874099116 0.16528341939749299772
893 389 0.13614045824425999309 0.13601980794473000902 0.16527809872281498671
900 396 0.136140166633104992 0.13601608739373899359 0.16527326339638501174
898 394 0.13614080702113298682 0.13601732130765600837 0.16527959851157200677
905 401 0.13613968020574399032 0.13601246601205699283 0.16527433310673300682
910 406 0.13613888858253200831 0.13601082122522101248 0.16527164652816300761
910 406 0.13613765887309900449 0.13600721078664798624 0.16527606730455599027
910 406 0.13613843745007500607 0.1360119178988190014 0.16527222412323799849
901 397 0.13613634276679101309 0.13601676433347101303 0.16527547689004398745
894 390 0.13613054195141899294 0.13601582579845200582 0.16527420103305501264
895 391 0.13612714619408400329 0.13601141130311900085 0.16527231543605799824
902 398 0.13612839517039698745 0.1360082392256130035 0.16527199956800400771
895 391 0.13613154224463300257 0.13601715750215501166 0.16527421212870699319
884 380 0.13612927800735799555 0.13601639553859701248 0.1652740965060240097
892 388 0.13613238927497200992 0.13601625179994100701 0.16527277672927601082
888 384 0.1361314315772569894 0.13601915195722399932 0.16527370794692400335
883 379 0.13613077380112800774 0.13602148681777800898 0.16527084187255500214
882 378 0.13612911411519298954 0.13601858079817499836 0.16527061181940200241
896 392 0.13613182387787300942 0.13601113585245599991 0.16526579202782901157
898 394 0.13613173442842999017 0.13601059944864099527 0.1652655568301570066
890 386 0.13612494447504899786 0.13600809635771299311 0.16526545216662699711
885 381 0.13611806108245400049 0.13600499542491900629 0.16526380507091800731
890 386 0.13611797428424998735 0.13600106227894401267 0.16526539695264100271
884 380 0.13611528689847698925 0.13600269336945799981 0.16525998299513100509
874 370 0.13610890353003599063 0.13600016426902000743 0.16525321722339300634
878 374 0.13610781762740600809 0.1359976595614199868 0.16524829814088098923
888 384 0.1361103626426060087 0.1359938948666910008 0.16524879585364699031
889 385 0.13610728409132499817 0.13599119875857901274 0.1652461758810279957
885 381 0.13610699605334899975 0.13599316428711200055 0.16524052540575800974
885 381 0.13610790336050099247 0.13599179981335898781 0.16523585746593699719
876 372 0.13610768033050399395 0.13599460264451698754 0.16523136329109000542
877 373 0.13610742693432500983 0.13599313882085900529 0.16523229942760800371
884 380 0.13610850647070499297 0.13598991224463100047 0.16522450520745299296
892 388 0.13611148486575799788 0.13599064622727599638 0.16522535968651000382
894 390 0.13611013628111900964 0.1359892482877370079 0.16522611197990300091
893 389 0.13611323910376499358 0.13599231244373000127 0.16522686083804999368
897 393 0.13611381127432101157 0.13598579862249599026 0.16522579083639299391
900 396 0.13611578775061200508 0.13598839395574399691 0.16522933358476998844
900 396 0.13611696391771299641 0.13598919787165900108 0.1652228830984250052
892 388 0.13611428454545299038 0.13599039928379599851 0.16521900549508400369
894 390 0.13611473024914400032 0.13599209143391999266 0.16521397608050700234
903 399 0.13612157916209799424 0.13599000513184700267 0.16522068522382499234
891 387 0.13611439025751401188 0.13599041054829699715 0.16522665840772599033
884 380 0.1361124432209940005 0.13598992142177498965 0.16522928590567201312
887 383 0.13610877375548099955 0.13598368087687801031 0.16522346134153301223
887 383 0.13610672908669999015 0.13598304658818000101 0.16521984804930800461
882 378 0.13610070509607199996 0.13597790815455801372 0.16521974605040801176
883 379 0.13610058746031200583 0.13597648691070399196 0.16520905915710598633
878 374 0.13610315395196700972 0.13598193478289000158 0.16520044770929601108
886 382 0.1360962406978920014 0.135970188475308007 0.16520352117858799756
886 382 0.13609204753709100433 0.13596720421308200466 0.165198690929294012
888 384 0.13609375592196398808 0.13596837194766300816 0.16519718819807299726
889 385 0.13609327746391999825 0.13596956810068699939 0.16519587631866600175
883 379 0.13608852679495000992 0.13597089818366300817 0.16519486597422600171
881 377 0.1360824547012439989 0.13596838290572399455 0.16519615971189999248
884 380 0.13608376716249701022 0.13597070419731799307 0.16519703486703199435
890 386 0.1360931191039539967 0.13597462331935600277 0.16519796346292700551
899 395 0.13609174950447500141 0.13597137352682800437 0.1651974444529230035
897 393 0.13608842497551598694 0.13597140758178899445 0.16519984210144600389
884 380 0.13608536429152098823 0.13597555777220698969 0.16520174167142198662
893 389 0.13608951653030598727 0.13597456537392699216 0.16520201363848599496
891 387 0.13609178176358599499 0.13597741964844900497 0.16519821223188399517
888 384 0.13609077082306600404 0.13597653251602800917 0.16519162770279799402
884 380 0.13609313400002198691 0.13598163368720200816 0.16519238220665499739
878 374 0.13608551461965198714 0.13597908596453600616 0.16518762640586501234
890 386 0.13608794238167601365 0.13597181107705300085 0.16518753705091798745
885 381 0.13609099723928100301 0.13597546110480598913 0.16518192036071499551
881 377 0.13608966057514901293 0.13597656005566299831 0.16517618230463398943
894 390 0.13608954540655698873 0.13596750304794499864 0.16517469792579600463
893 389 0.13608639557377000262 0.13596688052438998806 0.16517471807671599282
894 390 0.13608317808249101311 0.13596394268517600357 0.16517135765283200155
880 376 0.13607807510775998816 0.13596705521034299635 0.16517261110045500239
875 371 0.13607568513405998711 0.1359688115849169987 0.16516616322972399455
882 378 0.13607788365063600011 0.13596653802256300492 0.16516461550970801264
871 367 0.13607961741592100591 0.13597440987785100464 0.16516772540847399209
868 364 0.13607336818476700735 0.13597054928023399878 0.16516340341456500762
870 366 0.13606985568855400892 0.13596421455277599155 0.16515303905759398662
870 366 0.13606782970891301288 0.13596161220590699537 0.1651528364311549979
871 367 0.13606534548324700218 0.1359590107925350011 0.16514645913611600281
867 363 0.1360620680302100094 0.13595549341001600396 0.16514830135709099301
871 367 0.13605546738424700859 0.13594669241061099751 0.16515080842945600859
881 377 0.13605671476248398788 0.1359437640247850021 0.16515052997991899741
883 379 0.13605697069921399156 0.13594525386688000035 0.16514905404517499221
878 374 0.13605679280355700844 0.13594665122839000304 0.1651554340752660055
890 386 0.1360599465620880022 0.13594418234878100082 0.16515226858879900051
886 382 0.13605246555199901337 0.13594188309888899369 0.16515126862563800358
883 379 0.13605381087968698717 0.13594759583407800552 0.16515575696986500853
890 386 0.13605880069964801371 0.13594595828982800056 0.16515410521596798898
898 394 0.13606352773211100038 0.13594510964217298987 0.16515474678369199135
902 398 0.13606259545290100288 0.13594386052376999929 0.16516263690973900791
891 387 0.13605669620006100029 0.13594899965136800213 0.16516395074773798646
888 384 0.13605375234606800761 0.1359416440818309868 0.16516355420121600628
881 377 0.1360478911957349879 0.13594037461420499513 0.16515736062648700422
888 384 0.13604936360660999095 0.13593719335512000068 0.16515521589821699489
903 399 0.13605268029656800155 0.13593449854055700277 0.16515506667881099667
895 391 0.13605145094400000749 0.13593612680808100923 0.16516221492426999551
910 406 0.13605334971887600437 0.13593093145249499076 0.16515586647956098654
911 407 0.13605301559046900639 0.1359315692538279885 0.16515751533492301073
898 394 0.13604604023741601049 0.13593184848810499488 0.16515670246950900357
896 392 0.13604846488128599646 0.1359364329778990077 0.16515606243575800538
896 392 0.1360434340397989883 0.13593190819631900679 0.1651527767537609992
902 398 0.13604250746051899101 0.13592990570728399891 0.16514505669763199225
913 409 0.13604115382633699682 0.13592228797832600629 0.16514696765852998617
912 408 0.13604006087672398939 0.13591987363678101342 0.16514670086929900128
900 396 0.13603073338260998626 0.13591785314946899788 0.16514348550693799811
915 411 0.13603565763235900277 0.13591825378749300413 0.16514616099240700398
920 416 0.13603467484029499457 0.13591829656861800779 0.16514696761731800789
912 408 0.13603247511657198809 0.13592189526066600358 0.16514818793180599532
915 411 0.13603299430682599946 0.13591948315513899259 0.16515266558493699178
904 400 0.13602564426149399424 0.13592077366121699256 0.16515385112186101169
902 398 0.13602720890264100029 0.13592075993974600534 0.16515755161167500198
910 406 0.13602612532070099127 0.13591480312324799584 0.16515378908291200588
914 410 0.13602618419164999586 0.13591140602650300662 0.16515839470092000263
901 397 0.13601288490769700146 0.13590886491726800189 0.1651598564855099871
912 408 0.13602198416599900477 0.13591035218157598852 0.16516200524426599694
896 392 0.13601532981054900717 0.13591446528893599832 0.16516000351761001008
883 379 0.13601054462549200252 0.13591749864942501147 0.16515811504432900692
884 380 0.13600811739389601085 0.1359131870056430047 0.16515827322571699498
891 387 0.13600388810876901102 0.13590156937601599596 0.16515207294250500158
908 404 0.13600526948511901248 0.13589679268421800407 0.16515174652195099836
897 393 0.13599774287152199825 0.1358967133374680003 0.16515280109835001054
908 404 0.13599816929544800148 0.13588952612352400706 0.16515133186726199677
895 391 0.13599293752476898645 0.135895533141111996 0.165154552414721989
887 383 0.13599261074697799323 0.13589795120128300709 0.16515211279359601204
887 383 0.13599578242966600672 0.1359000673370600043 0.16515040349518400609
885 381 0.13599276856820000092 0.13589410153489400734 0.16514882346459500151
886 382 0.13599139511565300209 0.13589104527244000309 0.16513962766908199531
885 381 0.13599884406184600816 0.13589943654743899537 0.16513200245981499159
883 379 0.13599834975779198643 0.13589932178789498884 0.16513187156543898682
869 365 0.13598590354959799731 0.13589773293902199236 0.16512448812236799056
884 380 0.1359886823387609911 0.13589189080293700984 0.16512202073827200732
887 383 0.13598937411273601117 0.13589288771297700076 0.16511780344596399539
890 386 0.13598957136280701019 0.13588996763744298768 0.16511220977437099378
881 377 0.13598532776268801303 0.13589054609739301127 0.16511422473634199126
879 375 0.13598396353877900689 0.13589268742953899971 0.16511372142232400018
883 379 0.13598579255046699954 0.13588863197091599622 0.1651098576516590033
883 379 0.13597960000966299865 0.13588401214485099078 0.16511192790592499335
878 374 0.13597506237625300862 0.13587985466094498754 0.16510689380112700264
881 377 0.13597372948592800768 0.13587696763839099412 0.16510334975964699455
892 388 0.13597771101785599557 0.13587043568998899423 0.16509853584099198898
889 385 0.13597667069727101263 0.13587156734108998823 0.16509571215701498992
908 404 0.13597693896272899927 0.13586143317058699265 0.16508960177461398655
897 393 0.13597319179770500641 0.1358634517105969941 0.16508414832364501357
896 392 0.13597163094121500482 0.13586087061362100981 0.16508359193959901146
892 388 0.13596958959706800796 0.13586249852884599298 0.16508899542934299398
888 384 0.1359677031023310001 0.13586086612135400697 0.16508742214449401153
902 398 0.13596719352457800611 0.13585345261065601141 0.16508124928088499517
890 386 0.13596130249499799314 0.13585335434217699069 0.1650794412985220061
893 389 0.13595955038466800424 0.13584732485048600648 0.16507649313884700804
882 378 0.13595337710246899188 0.13585158345338199659 0.16507510741138400889
894 390 0.13595888988946699949 0.13584968955309101313 0.16506797799484099198
915 411 0.13596752108478499244 0.13584680647331701109 0.16507472242726900502
924 420 0.1359719180728130028 0.13584575499472201221 0.16507990722893300939
928 424 0.13597602771570999058 0.13584985144614400432 0.16508728001010700148
930 426 0.13597752558193698658 0.13584779969260799004 0.16508958733949999353
928 424 0.13598208448776399893 0.13585732384803900219 0.1650954823246089942
922 418 0.13597789421508399421 0.13585734938921101289 0.16509343845048798927
925 421 0.1359774809170249954 0.13585568635527001113 0.16509388236323499499
924 420 0.13597680451604499119 0.13585788668203999108 0.165090710891364012
921 417 0.135976031178810991 0.1358580173004479974 0.16508757927613498806
932 428 0.13598246678390499276 0.13585457022475100342 0.16509184202814899955
926 422 0.13598665954098901332 0.13586172310988800516 0.16509151872280800055
918 414 0.13598091886866400801 0.13586278965462400548 0.16509423172865000939
919 415 0.13597910540917099165 0.13586008583006001227 0.16509426882958699867
913 409 0.13597544168819400423 0.1358602430002200101 0.16508876986924000962
912 408 0.1359788499555310004 0.13586225335227999911 0.16508619627261000851
908 404 0.13597538168092698774 0.13586379669560000316 0.16508744442418699094
910 406 0.13597338254868698848 0.13586262094977899495 0.16508812436745901042
919 415 0.13597773734336898732 0.13586066906105800922 0.16508630830923801125
902 398 0.13597745028716098914 0.13587215864433899171 0.16508813155528198613
899 395 0.13597949115924601315 0.13587267440729600132 0.16508984307658000623
909 405 0.13598128075084101041 0.13586909173994299316 0.16509309575909600354
895 391 0.13597247109162599599 0.13587038394882899883 0.16508938185128299581
892 388 0.13596985259930399748 0.13587040708002900979 0.16509055212337100937
891 387 0.13596590641789599307 0.13586835112732201236 0.16508726898828898766
888 384 0.13596212105545699145 0.1358665247100430129 0.16509088315780801048
893 389 0.13596494978158699118 0.13586842522068601213 0.16509050875562100713
897 393 0.13596750879628000108 0.13586708402042499411 0.16508836909879098798
898 394 0.13596589634273500979 0.1358665185059529934 0.16508913339193501124
918 414 0.13597076243687000741 0.13585947327426800557 0.165096892699094
903 399 0.13596774790724799886 0.1358638730389540028 0.16510526752662699201
896 392 0.13596063461860100063 0.1358615650561290078 0.16510233878025298848
904 400 0.13596659805193100912 0.1358630151630270122 0.16510356032112599722
903 399 0.13596323929178799617 0.13586009238043300629 0.16510544145257100013
898 394 0.13596230021072999716 0.13585808462105899985 0.1651045360172339882
902 398 0.13595590427039699888 0.13585030117554200424 0.16510203420603999924
903 399 0.13595532550955799489 0.13584476999655600848 0.16510076381130400769
903 399 0.13595506496951101361 0.13583930275271899335 0.16510010136976799311
915 411 0.13595849720155001039 0.13583286227473900798 0.16509753294107701316
919 415 0.13595316941100898944 0.1358238319691880136 0.1650958630088850132
927 423 0.13595366091683300236 0.13581816991370498915 0.16509537460116199825
916 412 0.13594866648842698909 0.13582430781416099386 0.16509174509268900732
915 411 0.13594996575128401317 0.13582634171179899796 0.16509191324802599543
909 405 0.13594471191919299535 0.13582450192859799043 0.1650936656526940105
903 399 0.13594116364313799106 0.13582175847720701078 0.16509513416003798736
899 395 0.13593694739119999149 0.13582011338182900517 0.16509273908871299752
903 399 0.13593627625353499333 0.13581381725935701144 0.1650907101572759994
898 394 0.13593263465179600269 0.13581210414040501 0.16508620919286601247
905 401 0.13593512763007301047 0.13580819820892200966 0.16507956912568599872
905 401 0.13593664834655999618 0.13580916218192198852 0.16507880828601301237
901 397 0.13593555748555599672 0.13580861719878101201 0.16507897855017800159
888 384 0.13592819171757400398 0.13581320224410201036 0.16507475230440799008
881 377 0.1359213384158050042 0.13581075419083998845 0.16507124059984398801
891 387 0.13591802663642399418 0.13580180292753099569 0.16506853567627799428
891 387 0.1359204575589740005 0.13580387142931699129 0.16506858377487398926
896 392 0.13592305281849800802 0.13580429179909300763 0.16506484428109999274
876 372 0.1359180013537890086 0.13580930280408601285 0.16506648700394799256
885 381 0.13592268101870899621 0.13580376553115899863 0.16506996034168500143
882 378 0.13591904847940500245 0.13579986805412899709 0.16506275001190501284
884 380 0.13592052109315699848 0.13580293322013400892 0.16506130590285900128
887 383 0.13592147045959598883 0.13580168121087499156 0.16505431992104899197
884 380 0.13592016419277100359 0.13580049970070701137 0.16504957559767899355
884 380 0.13591930521468700843 0.13579860097020798881 0.16504709584195501049
883 379 0.13591726436610898632 0.13579873290227201243 0.16504377452571800111
887 383 0.13591699038462801141 0.1357961265286679875 0.16503833666358799781
901 397 0.13591536985692601047 0.13578845641530498667 0.16503496998646999261
903 399 0.13591596185555299137 0.13578669235718299202 0.16503785573929199981
905 401 0.13591157406808199171 0.13578311870610698664 0.16503950350578000528
906 402 0.13591007891639200755 0.13578045578330499854 0.1650418514789419866
917 413 0.13591571109910199899 0.13577428890019899166 0.16505099270101800113
902 398 0.13590994583730300893 0.13577935412526301318 0.16505397320382100834
894 390 0.1359084173674049989 0.13578187480085199268 0.16505938364922601025
889 385 0.1359027788575709883 0.13577959838711300966 0.16506037388379898867
882 378 0.13590189005661099109 0.1357807031382239904 0.16506001478488599443
884 380 0.1358972565328349924 0.13577707403292499366 0.16506129287667700711
882 378 0.13589435282405701311 0.13577454668374200342 0.16506080344871598697
886 382 0.13589649049189600483 0.13577647165297498932 0.16505727452544499689
885 381 0.13589763327431600426 0.13577968808649099053 0.1650513219635660056
891 387 0.13589505331630999385 0.13577470881830400184 0.16505520349006999603
888 384 0.13589908133165901072 0.1357788672678240105 0.16505283306722601244
886 382 0.13589990090027098679 0.13578208161259799902 0.16505018233993901111
896 392 0.13589819949378101338 0.1357782297861639953 0.16505345196872001079
897 393 0.13589962858842799531 0.1357801262882709914 0.16505115502517100912
893 389 0.13590083108697700864 0.1357830251442289915 0.16505285060834801181
898 394 0.13590149238352100536 0.13578228736939099153 0.16506078384389100133
894 390 0.13590138674874899238 0.13578752059816098785 0.16506376843185999181
888 384 0.13589935042262599185 0.135788586482247009 0.16506793337835398705
887 383 0.13590503488783800545 0.13579222245738201136 0.16506909751090800831
887 383 0.13589874252791600551 0.13578766797037100655 0.16506797101044901055
894 390 0.1359019965440760036 0.13578485738707099517 0.16506777261337599039
909 405 0.1359070758424980041 0.13577947870387999107 0.16506469963508899057
906 402 0.13590789239168599156 0.13578224287850698682 0.16506662653785300621
904 400 0.13590842148476600659 0.13578583290133500183 0.16506885371126300832
893 389 0.13590603081593799484 0.13578661951564799382 0.16506783778674499752
889 385 0.13590648446467701316 0.13578617855051400287 0.16506948590463199622
889 385 0.13590311099087099 0.13578387566907298978 0.16506548188378000752
896 392 0.13590217864086098776 0.13578214764608700915 0.16506721905261098615
898 394 0.13590069279992100792 0.13577745480051800486 0.16506754744368601351
888 384 0.13589984253643100365 0.13578213774022199201 0.16506642656606299036
899 395 0.13590420368104499937 0.13577609884296099052 0.16505967195201298736
898 394 0.13590476692856801044 0.13577891987758300418 0.1650585460975609875
888 384 0.13590184097390001217 0.13578343474611900832 0.16505320926627001232
881 377 0.13589549604774900371 0.13577906743473400208 0.16504979013603998661
890 386 0.13589644271376999374 0.1357723645892640052 0.16504572343531700995
890 386 0.13589049761024998841 0.13577130971855200237 0.16505168435651901282
890 386 0.13589067356447501189 0.13576825859780300432 0.16505207633872900908
883 379 0.13589174301603598738 0.13577303192643400132 0.16505242378957599159
881 377 0.13589243025919800489 0.13577447831645300669 0.16505077852908300873
873 369 0.13588565071230498948 0.13577371937379101308 0.16504813091265099767
879 375 0.13588532336534600575 0.135770625948951007 0.16504659613039199262
876 372 0.13587852074224399113 0.13576680506140201277 0.16504258943776101143
887 383 0.13588189542363998674 0.13576390474942801045 0.16504258024814300043
895 391 0.13588293835992398817 0.13575877659845200784 0.16504917777203201301
895 391 0.13588340881427499185 0.13575984247257200099 0.16505156018122199568
902 398 0.13588673918402699448 0.13575599138324198623 0.16505922388535901324
897 393 0.13588748739947800748 0.13575598318287898647 0.16505780123668500892
903 399 0.13589541273455399417 0.13575905996530499009 0.16505849117705401197
900 396 0.13589198597221799347 0.13575566213087600365 0.1650572496386779886
889 385 0.13588757342507601367 0.1357580360005699871 0.16505987033612601333
895 391 0.13588237355849000498 0.13575083575888099996 0.16505692996903101322
899 395 0.13588125134906600677 0.13574978741069398946 0.16505218969496698866
897 393 0.13587773421477400415 0.13574731100191000932 0.16505212777662500723
897 393 0.13587626670244298821 0.13575110345500099318 0.16504721648633199904
898 394 0.13587813851045499325 0.13575363167463000424 0.16504037089560899543
897 393 0.13587752792296700632 0.13575383976802499197 0.16503789564413298696
894 390 0.13587872532458500352 0.13575640145772699396 0.16503689752487898934
898 394 0.13587950759579101034 0.13575364058862299244 0.16503695400883899858
902 398 0.13588220676804599329 0.13575422909269999061 0.16503646631347398954
900 396 0.13588289307180601018 0.13575557830283399574 0.16504119044170101338
894 390 0.13587617468204998827 0.13575317400931399825 0.16504408761080899271
892 388 0.13587597202924700523 0.13575543891636598914 0.16504339175717100408
895 391 0.13587859413736400049 0.13575370092846300585 0.16504333492563499908
902 398 0.13588199050101298915 0.13575231833973200324 0.16504389292136900647
908 404 0.13588319285531999525 0.13575124673431498978 0.16505151573454399094
896 392 0.13588088434846198882 0.13575307950718398797 0.16504941306998199835
896 392 0.13588011117066500777 0.13575289791424599573 0.16504585112132799662
903 399 0.13587918247300501129 0.13574766371477500759 0.16504262987305801103
896 392 0.13587240584156501377 0.13574427989522999671 0.16503789588423800616
896 392 0.13586921969296300583 0.13573835935365100025 0.16503554582710899812
898 394 0.13586659644044599138 0.13573188707786698615 0.16503224002650299096
900 396 0.13586706001650000752 0.13572765400516401124 0.16502710320176500192
900 396 0.13586710976437399445 0.13572535486427500517 0.16502418996453099842
910 406 0.13586552035658899795 0.13571974199995701094 0.16501789655794199541
903 399 0.13586132132294501118 0.13572064448587201069 0.16502063836253599849
897 393 0.13586496417856200325 0.13572642192236800129 0.16502172096523901046
897 393 0.13586349730915200928 0.1357250726797049889 0.16502194934781599933
900 396 0.13586406337745998707 0.13572290570202699689 0.16502356013352301178
898 394 0.13586078881769700355 0.13572029069693000713 0.16502186687359199357
893 389 0.13585855767880000711 0.13572071851930300745 0.16502036073565098939
880 376 0.13585252222219698637 0.13572244748660300395 0.16501624027932398908
879 375 0.13584460241444901163 0.1357178948190249923 0.16501349235799400716
878 374 0.13583867410391800568 0.13571059756054099088 0.16501190327545300907
878 374 0.13583755807412001282 0.13570770305114199239 0.16501097190537900028
882 378 0.13583442039883100727 0.13570207927895799882 0.16500759690316699202
874 370 0.13583289265666600998 0.13570406902982198871 0.16500161392754500445
875 371 0.13583760065137501227 0.13570252221061498976 0.16499800122604299513
877 373 0.13583955535734701381 0.13570149853037499765 0.16500009756880498757
882 378 0.13583325557191100463 0.13569258413298798671 0.16500032575428999482
892 388 0.13583655054523599559 0.13569291109202999412 0.16500491680098100522
880 376 0.13583306416572699105 0.13569742884745400469 0.16500590851666999126
886 382 0.13583050644548799735 0.13569402296727101076 0.16500915462004800416
889 385 0.13583170440958600156 0.13569428994718399362 0.16500806323576500123
887 383 0.13582907940509500455 0.13569544227550800475 0.16501340673878300835
889 385 0.13583704451882899766 0.13570270699341299703 0.16502014045061300096
883 379 0.13583684972284901238 0.13570491702835699166 0.16502535133630300002
892 388 0.135843616877666995 0.1357065842712419923 0.16502782773206900457
887 383 0.13584328449000698802 0.13570314098441599304 0.16502266080924798963
887 383 0.13584035024171201012 0.13570259124238098769 0.1650224118549930008
881 377 0.13583990592176800605 0.13570747792926599051 0.16502524892492501096
876 372 0.13583848367885800745 0.13570861196152800288 0.16502621478035001124
877 373 0.13583793743598499004 0.13570493713993300733 0.16502325891817901105
883 379 0.13583982672245101253 0.1357036225317909961 0.16501741583845000449
872 368 0.13583805393562400909 0.13570999037138600785 0.1650107009680860104
871 367 0.1358327754737159998 0.13570749861145400827 0.16500568561018899572
869 365 0.13583446797185200206 0.13570616953619099587 0.16500256007486199805
877 373 0.13583302210433101376 0.13570220530492299593 0.16499728406958699689
882 378 0.13583228874711000822 0.13569660494482399526 0.16499289365548600039
867 363 0.13582124871348999484 0.13569505530370901125 0.16498819392577698806
873 369 0.13582281344223801067 0.13568710241941700501 0.16498044641729500692
884 380 0.13582703248681299302 0.13568248475210800685 0.16497687343880901301
891 387 0.13582886068494601228 0.13567948038847599257 0.16497149537455599311
890 386 0.13582488364842199013 0.13567621895427700585 0.16497931708739699275
885 381 0.13582094209245099137 0.135678123427564995 0.16497748763375100212
884 380 0.13582131561898300176 0.13567648469001999945 0.16497286319081799766
887 383 0.13582144072609800278 0.1356743654279070066 0.16496922693349300171
885 381 0.13582156579003598629 0.13567449164453901367 0.16496668215253199041
872 368 0.13581737931407400488 0.13567868469095101247 0.16496782984842200959
870 366 0.13581344244159798684 0.13567709579240799789 0.16496408904206699697
877 373 0.13581705793192999643 0.13567560147739399223 0.16496399686742799218
895 391 0.13582008203892800835 0.13566993816287301056 0.16496315466719199683
893 389 0.13581882237581599515 0.13567244004545400693 0.16496352337106900965
874 370 0.13581457173704999941 0.13568231631295199491 0.16496175330451501306
861 357 0.13580525500811199691 0.1356806096820749874 0.16496291828165599025
866 362 0.13580287070734001209 0.13567478228574500476 0.16495639144385801367
869 365 0.13580891027782898695 0.1356762342198150062 0.16495061973259600441
877 373 0.13580727779390300292 0.13566917793032901018 0.1649431266399880025
873 369 0.13580671334795399452 0.13567046681043701262 0.16494065180239700363
876 372 0.13580665284394199954 0.13566966807313599053 0.16494291805367000681
869 365 0.13580385209515899447 0.13566882110663600058 0.16493462423327098776
879 375 0.13580369821882601333 0.13566036299715900082 0.16492655420374299768
883 379 0.13580260567576699082 0.13565849909118099514 0.1649258735058030112
881 377 0.13580072000759099704 0.13565820692126401292 0.16492526451202099702
871 367 0.13580043878581699035 0.13566692994082898971 0.16492719667349001189
870 366 0.13580476359571999612 0.1356669981176880091 0.16492756027421900944
866 362 0.13580271645489200294 0.13566529776957200748 0.1649232642629349932
877 373 0.1358009343288990034 0.13565752955927198875 0.16492143069612699713
881 377 0.13580130969528400597 0.13565516440611399829 0.16491967282590699884
885 381 0.1358038925978939937 0.13565491869650900258 0.16491978070324300742
881 377 0.13579646097104799973 0.135651395314037998 0.1649196218979259998
889 385 0.13579562708766801382 0.13564815422428400105 0.16491617419135098932
883 379 0.13579314913457699032 0.13564637614688498934 0.16491560306058800078
885 381 0.13579234162092798655 0.13564758517195599219 0.16491580107013500966
893 389 0.13579431909337799644 0.13564771790468399537 0.16491377599870099546
902 398 0.13580093647247098998 0.13564637411829599811 0.16491251918251700892
892 388 0.13579560735087001233 0.13564899779610001262 0.16491347167786699068
886 382 0.13578775222030101122 0.13565063889331899216 0.16491142998441599143
874 370 0.13578377171083400032 0.13565271029420900017 0.1649115075678170006
881 377 0.13578128219910398644 0.13564822192456998939 0.16490857776831299719
875 371 0.13577909960657399968 0.13564851536356500872 0.16490219451334900413
884 380 0.13577698608496099886 0.13564218241190201253 0.16489966868135899625
883 379 0.13577865749861700584 0.13564625268719598949 0.16489503024015200738
879 375 0.13577368756339799893 0.13564480659584299271 0.16488500173124800985
884 380 0.13577998329441398617 0.13564366330653199189 0.16488397152091499587
874 370 0.1357738841508530081 0.13564391164626599107 0.16487808507071199937
879 375 0.13577736490919001255 0.13564415990113098953 0.16487437670453600203
900 396 0.13578723436461501151 0.13564361482990799912 0.16487543308940699749
898 394 0.1357877975468639864 0.13564548612919399839 0.16487524045175200316
904 400 0.13578987272614098658 0.13564504532786300639 0.16488133446448999253
906 402 0.13579198116864699131 0.13564972863985599871 0.16488232867028798645
898 394 0.13579357923403401198 0.13565686008574098786 0.16487816525864298911
890 386 0.13578599135357899419 0.13565526236985700481 0.16487726209743000516
893 389 0.13578786995420000228 0.13565397998162800897 0.16487516096717799718
890 386 0.13578218648018600123 0.1356522445170290081 0.16487193401265501369
887 383 0.13578278383460601342 0.1356546482252100061 0.16486749186764099173
890 386 0.1357835676023899929 0.13565208419305599397 0.16487066705850200732
891 387 0.13578534331771899279 0.13564862286822199078 0.16487275336928799985
891 387 0.13577907915290599039 0.13564359022658201148 0.16487058707896098952
887 383 0.13577305404881900852 0.13563949183563300815 0.16487016538892498851
893 389 0.13577299084998900591 0.13563243515207901169 0.16486527059753899871
900 396 0.13577057201130199315 0.13562774599992999391 0.16485853204146699857
907 403 0.13577537382995000237 0.13562552737677899262 0.16485955042669400705
909 405 0.13577635317848699148 0.13562926046376400091 0.16486033086050899676
907 403 0.13577732332303799057 0.13563200230796398915 0.1648612279225669941
914 410 0.13577736151984298729 0.13562735101661699266 0.16485930742239798819
908 404 0.13577343584379800157 0.13562495879926500519 0.16485869622281701385
892 388 0.13577162831013900313 0.1356307129546950041 0.16485425820484600479
886 382 0.13577073635055100786 0.13563545354815800814 0.16485125044848000786
895 391 0.13577432223567501013 0.1356319567123240033 0.16484540170034001072
886 382 0.13576725104814699185 0.13562856521350899475 0.1648481697691490111
886 382 0.1357648282966240072 0.13562653596358301145 0.16484403045633999607
882 378 0.1357626355490630099 0.13562971601033399494 0.1648361028616429913
886 382 0.13576037554712899746 0.13562705970697799818 0.16483704809649599166
891 387 0.1357621587995750112 0.13562404340399000779 0.16483421583172899738
902 398 0.13576859322976600475 0.13562603699580699779 0.16483697216391698936
890 386 0.13576458277109598738 0.13562990047879799893 0.16483204021053399213
896 392 0.13576550273467699603 0.13562998750522700653 0.16482943983728701176
898 394 0.13576249163062101277 0.13562571868313499923 0.16482913224351899983
900 396 0.13576629245468099794 0.13562659555653500121 0.16483042011731199872
899 395 0.13576409348815499101 0.13562528942866700077 0.16482594035883599282
894 390 0.13576052676766600658 0.13562581805544998703 0.1648280257479899924
887 383 0.13575561785828599293 0.13562497688761598891 0.16482960651041900224
889 385 0.13575376844883899063 0.13562326558745199656 0.16482865990310999194
908 404 0.13576018536493300592 0.1356171688826590116 0.16482537901395100111
902 398 0.13576094411229899794 0.13562178178371700477 0.16482653834676300186
895 391 0.13575877321911300477 0.13562321516426101287 0.1648256642091660007
891 387 0.13575747218747699629 0.13562253725033099339 0.16482341886672199904
903 399 0.13576515824075399697 0.13562288014417001047 0.16482549841107899113
906 402 0.13576380679564800658 0.13562163478365799052 0.16482746079518900695
905 401 0.13576049900585798746 0.13561931152569900449 0.16482804416789501034
890 386 0.13575938407428700394 0.13562569228866500071 0.16482562718748400288
884 380 0.13576078203971000957 0.13563102880142799411 0.16482619585045399369
897 393 0.13576516428780199819 0.13562460398984299559 0.16482816053510598864
906 402 0.13576805300934000065 0.13561821609928301213 0.1648277901788199884
899 395 0.13576634761817199526 0.13561714594928100941 0.16483464325477301116
891 387 0.13576332058813900261 0.13562081233800299396 0.16483466585269099247
891 387 0.13575957832434198957 0.13561681355052399023 0.16483582503244900708
897 393 0.13576120307267999787 0.13561399674929600079 0.1648306679867410085
894 390 0.13575806776194498937 0.13560866964712900429 0.16483667976890001294
896 392 0.13575821069796001339 0.13560858592227700847 0.16484095365366099872
891 387 0.13575565060356600822 0.13561066571283200699 0.1648359782800200013
888 384 0.13575237566648198917 0.13560945982363600826 0.16482480924304199199
875 371 0.13574671121466999613 0.13561222108645398787 0.16482360070145599118
881 377 0.13574529864419898617 0.13560599703781800462 0.16482129468905701297
880 376 0.13574428123384998934 0.13560568287454899394 0.1648140187874259921
882 378 0.13574095184095100186 0.13560249057160700392 0.16481479019956898902
888 384 0.13573969197346599791 0.13559725372986700109 0.16481403736421698647
898 394 0.13574204780909598922 0.13559041246986000551 0.16481186961084501319
904 400 0.1357474815165000126 0.13559419080678999925 0.16481355442591799632
887 383 0.1357426563064040026 0.13559958508759900608 0.1648139438014590008
895 391 0.13574288493959699164 0.13559244654578900269 0.16480828928024399138
889 385 0.13573791113894301263 0.13559074923652800204 0.16480220296903599908
881 377 0.13573318214880000787 0.1355891795128320032 0.16479623480835900451
883 379 0.13572457550123198655 0.13558006113066300991 0.16479205204691999009
883 379 0.13572316928460301244 0.13557969396028299314 0.16479515582797799045
897 393 0.13572687014894799229 0.13557426134876698898 0.16479546147391699318
893 389 0.1357212909824269953 0.13557087273421000728 0.16479180458248199326
895 391 0.13572152294679198925 0.13557096859147999002 0.16479241770117999955
907 403 0.13572417319120799739 0.13556668199983701317 0.16479062719338000154
902 398 0.1357249581598420074 0.1355696962974989872 0.16478624457891899446
899 395 0.13572190768761499546 0.13556714074637299383 0.16478164708212400535
892 388 0.13571896004443201322 0.13557026895588000781 0.16478310552717900794
898 394 0.13571821183022200752 0.13556675758388700426 0.16477990242650200625
898 394 0.13571660019677000975 0.13556618602896400305 0.16478049009212300535
900 396 0.13571581872853100137 0.13556499235582800122 0.16478080535507200199
906 402 0.13571901975794400941 0.13556690905942900272 0.16478520801561999387
899 395 0.13571570664942900208 0.13556874492025100531 0.16478903038841200002
903 399 0.13571899870470799376 0.13557155873345100305 0.16479297485255400835
901 397 0.1357211746315880041 0.13557576494539499978 0.16479471317416499732
896 392 0.13572321427350400591 0.13557625170810999604 0.16479944604538099284
891 387 0.1357223307820820124 0.13557768182975798998 0.16480372985555399867
882 378 0.13572037661013100496 0.13558204605734999748 0.16479747819029499922
878 374 0.13572112658469301372 0.13558433764784000308 0.1647923213643590068
893 389 0.1357268509161599912 0.13558276295524898658 0.16479281330363598768
898 394 0.13572868907692800522 0.13558141902199699613 0.16479063255862599902
891 387 0.13572605722543198969 0.13558650404564098757 0.16479254447262300931
888 384 0.13572209498327800214 0.13558349259062399406 0.16479795010738199079
888 384 0.13572369094264899458 0.13558594306402699248 0.16479649583210098651
882 378 0.13571823488908699162 0.13558567997977999386 0.16479656525398300726
889 385 0.13571855843225499871 0.13557990063815800186 0.16479828833451298786
889 385 0.13571946726840300457 0.1355784438476269893 0.16479463815612299671
900 396 0.13572580301088998933 0.13558066346229999399 0.16479642061797600272
891 387 0.13572458714468998986 0.13558511088888400287 0.16479645319323898978
918 414 0.13573692052623501092 0.13558267742136098644 0.16479891202567001351
903 399 0.13573650567595799132 0.13559070566531200575 0.16480276500748400337
893 389 0.13572708545928199864 0.13559248556861799861 0.16480409859756800506
900 396 0.13572572034800800544 0.13558695289982800047 0.16480553573622999664
899 395 0.13572262593973000167 0.13558464704347600316 0.16480287458831099912
895 391 0.13572172106217600396 0.13558619765158400061 0.16480154884737699406
888 384 0.13571746897136299781 0.13558725437560700811 0.1648028703905499992
888 384 0.13571407804169000055 0.13558149718011600071 0.16479898742803300582
900 396 0.13571809078780600055 0.13557980154489099323 0.16480224934014400806
896 392 0.13571601894982199266 0.13557963189975599794 0.16479968351054199993
893 389 0.13571584971242200979 0.13558151443418900439 0.16479527240943001032
895 391 0.13571467181979798844 0.13558010638684400706 0.16480122225953600101
891 387 0.13571278498115099675 0.13558021181715199099 0.16480378674990200927
899 395 0.13571370193418899608 0.13557684506576000993 0.16480183116894700501
904 400 0.13571500928574301015 0.13557562180503299198 0.1648023195158239973
893 389 0.13570940480264800931 0.13557472002369899688 0.16480386917805500691
891 387 0.13570938629124598696 0.13557405895731500234 0.16480339947470398765
881 377 0.13570464271722801342 0.13557334097229301051 0.16480236210522700158
880 376 0.13570113490331700556 0.13556961204441600466 0.16479827894948800848
883 379 0.13569998508715500063 0.13556480834227499499 0.16479443102439300661
885 381 0.13570065260604899371 0.13556588879260800251 0.16479649264316900692
890 386 0.13570631636736599224 0.13556500157974699095 0.16480054802465998742
898 394 0.13571390995740600927 0.13556859872881799056 0.16480935586640699242
896 392 0.13571667957996400022 0.13556908374268700213 0.16480741393676701101
889 385 0.1357149791936000105 0.1355702089411129907 0.16480507601058599909
876 372 0.13571121366668700836 0.13557193958708999015 0.16481114030727800346
872 368 0.13571046313648998938 0.13557116607612199055 0.16481065512908399384
875 371 0.13571158533576599403 0.13556955818858298923 0.16480893652247899372
870 366 0.13571206707537600278 0.13557243116683401207 0.16481187051554499479
868 364 0.13571006088556000768 0.13557161185574201356 0.1648100561953390053
878 374 0.13571966446587399591 0.13557468889588300542 0.16480676861591300741
877 373 0.1357175663097890117 0.1355726472914479952 0.16480938712801698753
883 379 0.13571673369508099882 0.13557218204855200905 0.16481352611827901344
864 360 0.1357106888769490094 0.13557813517985700669 0.16481277482962899961
849 345 0.13570828554341998751 0.1355834812511090004 0.16480960377227799052
854 350 0.13571115154964699667 0.13558309479701299849 0.16480401788083398618
862 358 0.13570793682398099578 0.13557825694612998801 0.16480629428694498761
858 354 0.13570144108727999477 0.13557401431281498883 0.16480991613149600927
862 358 0.13570210633573198677 0.13557356103160600469 0.16480669596178099123
862 358 0.13570053760756101147 0.13557046166759800787 0.16480682623338399617
857 353 0.13570244655197499783 0.13557438916381001071 0.16480372603817999844
866 362 0.13570732750178898796 0.13557342304448399828 0.16481019904148100363
862 358 0.13570435675713099499 0.13557489714029000161 0.16481560940960099382
868 364 0.13570767552678700274 0.13557539028597301312 0.16480881092632199136
878 374 0.13570937571594998694 0.13557239525950501302 0.16480621859259300677
885 381 0.13571315800956298969 0.13557459810264699263 0.16480787438249000498
869 365 0.1357105768887539865 0.13558188252622199732 0.16480975863830499284
869 365 0.13571159447631800377 0.13558200969278799697 0.16480919085142700653
866 362 0.1357061222734780026 0.13558012059681801009 0.16481078992889600099
862 358 0.13570540910879300145 0.13558293586627900851 0.16480993041809699484
861 357 0.13570640309956000236 0.13558371197580801337 0.16480598605768501108
860 356 0.13570166319110699149 0.13557756573657300803 0.164802533501963
868 364 0.13570521698975199221 0.13557804611518300963 0.16480069126854898776
873 369 0.13570726955056400254 0.1355749414605489922 0.16479990065091598694
876 372 0.13571354780879998914 0.13558287604588500908 0.16480480016907800289
872 368 0.13571102794201300723 0.13558114837396101349 0.16480372137213400441
879 375 0.1357123026596349924 0.13558011509534501071 0.16481062766273099629
879 375 0.13571523877266500335 0.13558189163425199419 0.16481302036841999348
875 371 0.13571534396420201207 0.13558124555485301377 0.16480739287274198679
881 377 0.13571374470725700023 0.13557436874437500673 0.16480390076017301104
879 375 0.13571527182987699889 0.13557334892964600925 0.16479869335730801261
887 383 0.13571721481726500835 0.13557149955965699939 0.16479670657302200598
887 383 0.1357167405953459971 0.13557050309826099155 0.16479490493839998866
888 384 0.13571520912462001207 0.13557105200343799734 0.16479522479914399113
896 392 0.1357171750724399939 0.13557004423230401002 0.16479443661062700976
890 386 0.13571481661770601335 0.1355707297718959925 0.1647898901266199867
886 382 0.13571057480120299332 0.13556737227481199803 0.16479052296244300901
895 391 0.13571260749330399387 0.13556576400692199602 0.16479262043224998657
895 391 0.13571357343195400436 0.13556757379508599382 0.16478996736737300255
890 386 0.13571320074961498725 0.13557121053105400388 0.16478809497024698993
896 392 0.13571343031138999313 0.13556898946155498953 0.16478713958340399093
892 388 0.13571186805738799652 0.13557003754536800511 0.16478705925258599341
904 400 0.13571869505335701356 0.13557004120770699274 0.16479346115043300158
892 388 0.13572031832698699949 0.13557899527478300961 0.16479902268563900725
890 386 0.13571462000806600035 0.13557420007592699274 0.16479983731989800155
893 389 0.13571670654098300091 0.13557648239515898703 0.16480049009701500107
895 391 0.135716672681734013 0.13557749426028700701 0.16480279567269701113
900 396 0.13571662932316400085 0.13557585291716500731 0.1648033963745819952
894 390 0.13571764070751798914 0.13557854218568099469 0.16480471667995300056
901 397 0.13571716777639300511 0.13557214179824400579 0.16480937456029501331
898 394 0.13571165697841999775 0.13556928980406798835 0.16481498558610099825
891 387 0.13570802736416298639 0.13556908993191998936 0.16481374087005398743
891 387 0.13570180469683498781 0.13556560517462398763 0.16481370393027899857
880 376 0.13570112973559700364 0.13557221243706699121 0.16481250002081698769
878 374 0.13569905320023900597 0.13556949864976600151 0.16480657059939698983
880 376 0.13570022356425900933 0.13556971757079100405 0.16480132575239900272
876 372 0.13569569339798301377 0.1355690534307930073 0.16480203581767999266
884 380 0.13569585832046099361 0.13556398689082999054 0.16480142193548999452
890 386 0.1356970955020199987 0.13556259981083598753 0.16479778283170601338
900 396 0.13569687451014500468 0.13555599760217698635 0.16479514577773898831
891 387 0.13569480072192599551 0.13555723739876499034 0.16479666972981099615
884 380 0.13568749441640501341 0.13555570532398000805 0.16479485812102601106
886 382 0.13568300437929600721 0.1355510750893779981 0.16479033577881099792
882 378 0.13567781592157099335 0.13554902421183501193 0.16478648549976299131
878 374 0.13566994042196001136 0.13554645371826801181 0.1647849661293349921
885 381 0.1356701193020450058 0.13554261859978400384 0.16478610977514099312
875 371 0.1356670579002769994 0.13554841243321000266 0.16478454358690300396
888 384 0.13566790321604799141 0.1355412450167760019 0.16478235519493400485
883 379 0.13566477618152900098 0.13554056458951799224 0.16477912082708501273
904 400 0.13566858922580998792 0.13553131128948700534 0.16477787458761500305
901 397 0.13566916292219299844 0.13553598521310000757 0.16478013475396899312
898 394 0.13566939856150500576 0.13553742903310900259 0.16477928034706598726
900 396 0.13567080778811999031 0.13553626416510500263 0.16477960454913401223
897 393 0.13566949838178699039 0.13553598031900498944 0.16478064162456598774
894 390 0.13566984741956200633 0.13553555019900198619 0.16478057033470999704
903 399 0.13567450145188800215 0.13553487152063001253 0.16478226482902499916
899 395 0.13567373344328301221 0.13553408087917900859 0.1647766985510570048
899 395 0.13567322307424500849 0.1355353992341649938 0.16477677729479600632
886 382 0.13567058476261401045 0.13554170168386700523 0.16477804449281099886
890 386 0.1356673495187450118 0.13553843932722700605 0.16477709329666700988
897 393 0.1356707945169620122 0.13553743417056798859 0.16477705860777100422
893 389 0.13566582722570200148 0.135532438890797996 0.16477626843594000983
885 381 0.13566431708102000275 0.1355369911418780049 0.16477081441048299637
888 384 0.1356660385215620046 0.13553827363882600676 0.16476730492658900329
892 388 0.13567007871862699075 0.13553778779900998996 0.16476533691522299296
899 395 0.13566826494333300568 0.13553233332859099258 0.16476891851934999389
882 378 0.13566481015136799826 0.13553632017725500414 0.16476530161836100419
889 385 0.13566689058753000907 0.13553503433961600066 0.16475620864261600329
896 392 0.13567354935556599771 0.1355352696874020102 0.16475408720267900597
879 375 0.1356704555482909913 0.13553880383878399996 0.1647568364992509915
880 376 0.13566596604079000921 0.13553520011890798913 0.16475442700514200678
890 386 0.1356694413559610124 0.13552899777569599182 0.16474669594016499996
893 389 0.1356687196805899942 0.13552756833824200489 0.16474788778373100628
888 384 0.13566504240145299542 0.13552831045249000286 0.1647464291211190035
888 384 0.13566217593347901227 0.13552636381424398859 0.16474907193893600921
889 385 0.1356576248578789945 0.13552134823996600521 0.16474429722854999625
893 389 0.13565263614168998618 0.13551948095017399276 0.16474671338831201051
899 395 0.13565172789460100411 0.13551470368752299711 0.16474576653275399551
904 400 0.13565608719064101151 0.13551460440467499868 0.16474017945627300596
894 390 0.13565195615987998834 0.13551586538516299796 0.16473928095372500358
891 387 0.13564659158040298648 0.13551062025685900458 0.16473699889022500042
885 381 0.13564077958587800188 0.13550916191835798985 0.16473489282169800907
889 385 0.1356430615120990113 0.13550809737518901277 0.16473312254975300273
890 386 0.13564120133590498729 0.13550559653517399439 0.16472956086485499028
898 394 0.13564285392767500005 0.13550278060076401121 0.164733588928254987
905 401 0.13564291301938999346 0.13549822606235201183 0.16473280532059700332
907 403 0.1356479526946449965 0.13549855685606901345 0.16474118936892701015
901 397 0.13564828016475799499 0.13550162598763698663 0.16473885512216099314
895 391 0.13564586132364400695 0.13549970074619099858 0.16473559489282199597
887 383 0.13564153627678898761 0.13550185910509099374 0.16473408757181801088
896 392 0.13564250302364500023 0.1354991362820180123 0.16473126517790301349
881 377 0.13563781077939499053 0.13550259599481198625 0.16472694954877800666
888 384 0.13564408928696999879 0.13550534633568001031 0.16472221110700399627
895 391 0.135646220644045995 0.13550054111829198944 0.16472042304300299476
905 401 0.13564383588792500168 0.13549918611848599248 0.16471958831998800843
897 393 0.13564362584960298896 0.13550662051497600058 0.16472201637202799063
897 393 0.13563978775906798679 0.13550405721349900734 0.1647206762990719997
897 393 0.13563849286151200002 0.13550367876251900867 0.16471958139092998663
885 381 0.13563366106467700245 0.13550500570428500313 0.16472054704544900061
893 389 0.13563123674893398651 0.13550098605763599702 0.16472027252485399451
887 383 0.13563159962097401379 0.13550569400511500162 0.16472136197853901041
892 388 0.1356319957544389887 0.13550549459978900035 0.16472080774080699594
900 396 0.1356344838645129891 0.13550030419141201321 0.16472128311449599214
896 392 0.13562983579246298826 0.13549795786806201336 0.1647244612252679874
889 385 0.13563001969936500091 0.13550260769872998767 0.16472510280997598731
884 380 0.13562606692708101264 0.13550242140733098628 0.16472327114792201241
883 379 0.135623155430158987 0.135499650132595989 0.16472195231388900294
890 386 0.13562651456445801168 0.13549814436273999174 0.16472001694282500939
882 378 0.13561905565604501223 0.13549588977446699878 0.16471368188776699948
885 381 0.13561636972946400359 0.13549213755654598845 0.16470915298545199534
891 387 0.13561532697237899114 0.13548751413367099428 0.16470738357309400168
896 392 0.13561494352086600479 0.13548519438502901191 0.16470139107747999718
903 399 0.13561515224379100397 0.13548330933885899263 0.16470471126387900562
906 402 0.13561350739957400702 0.13548006356440200904 0.16470339323772500983
897 393 0.1356126669651609995 0.13548356897881799754 0.1647032812348090125
901 397 0.13561479563437001117 0.13548254839383300219 0.16470898303013301045
898 394 0.13561789503824800418 0.13548148567970100253 0.16470760294590300332
902 398 0.13561563665009498947 0.1354809886444290068 0.16470896651474301042
905 401 0.13561692705444700069 0.13548095085299999285 0.16471055431355099974
899 395 0.1356184955729189956 0.13548596184860101088 0.16471227338344399116
897 393 0.13561473301048199147 0.13548496298282700079 0.16471391435184398744
894 390 0.13561689255767500617 0.13549063869680899597 0.16471517143816499784
913 409 0.13562239607647999518 0.13548446140476799737 0.1647136909906999902
921 417 0.13563130854757399213 0.13548787167028100709 0.16471976300237101132
921 417 0.13563517983838099812 0.13549748075591400154 0.16472545757066101024
900 396 0.13563205242485398827 0.13551015626944801218 0.16472905315127300829
901 397 0.13563900937778500255 0.135513984870498011 0.16473024488029400225
899 395 0.13563965948611700352 0.13551374202172300487 0.16472503029092000482
888 384 0.13563649959546800194 0.13551979709579300981 0.16472687978181399515
897 393 0.13564035619060998972 0.13551838250759198901 0.16472505504021500711
906 402 0.13563856691106598862 0.13551122876638399539 0.16473019036333300114
893 389 0.13563585422758800414 0.13551761611320900514 0.16473006276076498922
889 385 0.13563473510011800349 0.13551566812603899059 0.16473592584057500376
911 407 0.13564083675714200261 0.13550992188405000527 0.1647369375382140011
902 398 0.1356403510153030012 0.13551278740523201027 0.1647386247827309913
901 397 0.13563877441309898919 0.13551313451967800239 0.16473926465478500036
900 396 0.13563328365673199549 0.1355076923884500073 0.16473908920892699204
896 392 0.13563494568228801063 0.13551022231028600484 0.16473481998531799841
895 391 0.13563566157432299653 0.13550912449371499413 0.16473522866758799621
896 392 0.13563760009226399905 0.13551158578091099249 0.16473845129980499435
886 382 0.13563852635698200877 0.13551838674517499572 0.16473667822368501246
879 375 0.13564069745474599538 0.13552330534329198874 0.16473442313175498675
881 377 0.13563904588754199798 0.13551715561939600696 0.16472764223370200964
895 391 0.13564094950228999803 0.13550873923988598913 0.16472232980665799107
898 394 0.13563850878178698722 0.13550515052729700249 0.16472598023458601135
898 394 0.13564026719674299182 0.13550595505513299277 0.16472448441325698854
901 397 0.13564170264612798733 0.13550624751618400854 0.16472703052102499743
901 397 0.13564489197803999976 0.13551106206721300063 0.16472658364910700013
899 395 0.13563887791843701192 0.13550824112779999431 0.16472816842466900256
899 395 0.13563503060742498896 0.13550254513793100197 0.16472395954480900659
905 401 0.13563167216089699885 0.13549616194467400954 0.16472066934790000059
900 396 0.13562883698633299012 0.13549591060325000269 0.16472286306053798843
897 393 0.13562639088877098681 0.13549411651396300882 0.16471888058481601314
900 396 0.13562475499763099185 0.13548991415808200878 0.16471947164458700108
893 389 0.13562409579892201195 0.13549226242198400549 0.16471521380319101291
908 404 0.13562424600850001011 0.13548465253326599789 0.16471538547385200513
901 397 0.13561886396764499807 0.13548342744896599288 0.1647143444306899962
898 394 0.13561447006040100449 0.13548261241549000577 0.16471259546500000015
899 395 0.13561539749207798811 0.13548397231143799457 0.16470909980706799347
909 405 0.13561568158258399674 0.13548137154036798968 0.16470314256523899132
914 410 0.13561269725884400605 0.13548018990877799816 0.16470253897672901267
920 416 0.13561294859452399653 0.13547760325000798853 0.164701643190746011
915 411 0.13560668780747700546 0.13547445198172500258 0.16469825153992601052
921 417 0.13560989696262801263 0.1354739387168689968 0.16470065243251300058
916 412 0.13560893081094799184 0.13547883390463599795 0.16470069556578301184
902 398 0.13560083623902999261 0.13548212049979899141 0.16469486464455498909
908 404 0.13560015985447498865 0.13547807215360599398 0.16469486261510299374
897 393 0.13560033585213598917 0.13548173738901800323 0.16469463379700299832
904 400 0.13560327781732800512 0.13547968461448200994 0.16468956750725999294
914 410 0.1356023136235829929 0.13547406645637299905 0.16468906296324301031
913 409 0.13560296480363501215 0.13547229391494000628 0.16469161237234600237
909 405 0.13560068509900599643 0.13547326489775798897 0.16468688322188498874
912 408 0.13559603988290300225 0.13546924294074599859 0.16469107571648100574
915 411 0.13559686860363298622 0.13546724856035799456 0.16468782256219599569
921 417 0.13559948766634200013 0.13546659424642598646 0.16468754139712998841
920 416 0.13559679006363700715 0.13546359453011599938 0.16468890696188900891
903 399 0.13559432535327300973 0.13546799797684200284 0.16468857586916299529
913 409 0.1355962586312439988 0.13546236822933799271 0.1646879110177429939
912 408 0.13559442441755800712 0.13546005690071599714 0.16469285488826099217
910 406 0.13558675913041098871 0.13545300371786900273 0.16469404215664498747
906 402 0.13559130985477199638 0.13545364904372800274 0.1646950143032810121
902 398 0.13558799770681201347 0.13545208073322501097 0.16469479369473299935
898 394 0.13558025990799599247 0.13545032323334099678 0.1646936990600390005
893 389 0.135577844810431003 0.13545277599960900416 0.16469358991145099935
886 382 0.13557292565321699129 0.135456321158032994 0.16469075590389900543
881 377 0.13556804051889900786 0.13545011677118601323 0.16468684228863000873
887 383 0.13556784608436101003 0.13544585599246899976 0.16468911338350300522
886 382 0.13557099393121999076 0.1354505605746159913 0.16468705149338400129
896 392 0.13557689805045700093 0.13545121312611199671 0.164684542032143999
895 391 0.13557471735469900365 0.13544961347825498765 0.16468600834224400575
899 395 0.13558001224198701351 0.13544924144900100105 0.16468746643924100925
888 384 0.13557401763557799801 0.13545104018083400921 0.16468676900805401253
878 374 0.13557443952828099332 0.13545605134087598809 0.16468220208707501362
876 372 0.13556585845061600026 0.13545222217802599385 0.16468279913002401016
888 384 0.13556655728488800627 0.13544583832170700721 0.1646845168558080108
888 384 0.13556290426563000207 0.1354427299849099986 0.16468224418796700848
885 381 0.13556004525504400382 0.13543972394674400062 0.16468386596712800141
889 385 0.13556342031850598939 0.13543981504054300458 0.16468722735027599424
891 387 0.13556222512382901102 0.13543777923856900602 0.16468434725485500691
886 382 0.13555671460398799333 0.13543588643343801303 0.16468890027691099331
881 377 0.13555478346697200087 0.13543924881277499828 0.16468776398720999521
875 371 0.1355536451257620123 0.1354407953058600067 0.16468212201062298883
877 373 0.13555084511925399871 0.13543697395978898657 0.16468404058810501289
882 378 0.13554986216194600535 0.13543531270762398933 0.16468463635313199123
904 400 0.13555960392329499675 0.13543043754770101028 0.16468908631496501083
903 399 0.13555788293365400587 0.13543009020609800275 0.1646928585804930123
911 407 0.13556241967254900604 0.13543095386524900414 0.16469527017393600921
899 395 0.13555642189417999033 0.13543434700221498868 0.16470045685123899104
897 393 0.13556250676934700206 0.1354408766894739935 0.16470877599893199439
881 377 0.13555958762236000603 0.13544448980881199085 0.16470412278581900156
888 384 0.13556367022005799683 0.13544334932201698707 0.16470280645215598647
878 374 0.13555497210787600948 0.13543350309527399378 0.16470608458292798626
892 388 0.13555642842503901058 0.13542739143203699759 0.16471144083551700343
889 385 0.1355557312538979986 0.13542901140263699511 0.16470982260816599552
894 390 0.13555645118432399499 0.13542703676575801319 0.16471165637802401283
896 392 0.13555885098701900282 0.13543000729504101054 0.16471592610689700376
893 389 0.1355603604629800063 0.135433307744885989 0.16472078915298099533
877 373 0.135559070172214996 0.13544038837636399042 0.164725589653727994
877 373 0.13555522314403700701 0.13543594207436099319 0.16472509857934100608
877 373 0.1355558001462350004 0.13543522312454500667 0.16472609406408500465
886 382 0.13555549945323899785 0.13543042817657399701 0.16472234564713300609
884 380 0.13555715063313600321 0.13543120190810201131 0.16472067058094799763
882 378 0.13555830803032201115 0.13543262308441300634 0.16471807058064100171
886 382 0.13555905956059499662 0.13543308616382099263 0.16472249367735200543
886 382 0.13555988709803298842 0.13543270581797201002 0.16472109352112199177
887 383 0.13555916912126000917 0.13543232559425599781 0.16472232073742198999
883 379 0.13555697115298098732 0.13543352346716799883 0.16472702248786999513
881 377 0.13555554118619600468 0.1354324420178109889 0.16472792863195900859
874 370 0.13555261031185700249 0.13543405730132598852 0.16472997964338700894
873 369 0.13555588163609300079 0.13543615702524000599 0.16472764749114399141
874 370 0.13555586578449499435 0.1354334111083140002 0.1647282679862180077
884 380 0.13555600358761599189 0.13542867897623900308 0.16473029917543199896
879 375 0.13555983129071400017 0.13543453730070201257 0.16473061086355800242
870 366 0.13556030723703899055 0.13543918814064301315 0.16472925711406899429
884 380 0.13556192250200199689 0.13543449100626400727 0.16473240121088100762
880 376 0.13556337232308798835 0.13543784764808800003 0.16473357143659500545
874 370 0.13556617892973199524 0.13544630595981399512 0.1647331261916870071
866 362 0.13556322912038099027 0.13545003014213299886 0.16473812581220800833
861 357 0.13556162572734301031 0.13545114851184700266 0.1647396212084470124
862 358 0.1355619589101660083 0.13545102867199498853 0.16474488781205701149
860 356 0.1355603017182100134 0.13544963020551500921 0.1647456147656080061
856 352 0.13556372898471200084 0.13545154820762800307 0.16474792442423499828
870 366 0.13556854414991700852 0.1354481333827430023 0.16474464845713698846
866 362 0.13557614540905299494 0.13545790501387200422 0.16474490785264200854
877 373 0.13558383169811000224 0.13545703081628698849 0.16474408563572098818
859 355 0.13558515545958599313 0.13546911670655500948 0.16474472072322499105
860 356 0.13559128638721298921 0.13547357717798599874 0.16474040448598001318
872 368 0.13559861705876499749 0.13547380351677398846 0.16474034568978698778
868 364 0.13559807002871299142 0.13547611876080900561 0.16474048817722600213
866 362 0.13559547005630501193 0.13547403983861799892 0.16473998593947000724
869 365 0.13560243626192300392 0.13547787255132801021 0.16474396512350000799
866 362 0.13560461814734600661 0.13548192452631699356 0.16474247719678700164
862 358 0.13560329565081499781 0.13547935502034100241 0.16473505346351199896
865 361 0.13560573864432501345 0.13548189607108498955 0.16473261958867699284
866 362 0.13560253917558198755 0.13548173840644400778 0.16473410081975101149
868 364 0.13560850572957799942 0.13548635234444400544 0.16472943981538498703
866 362 0.13560824157037598692 0.13548643505967000733 0.16472390929378999402
871 367 0.13561152213368099506 0.13548643049010800077 0.16472384580016999345
872 368 0.13561549968625200013 0.1354892633858280071 0.16472770532417299605
875 371 0.13561133076091899663 0.13548553662464699054 0.16472430950653899062
885 381 0.13561548149063701318 0.13548336013401499067 0.16472661936240901026
896 392 0.13561910764116899553 0.13547879670223000881 0.16473030634198398969
891 387 0.13561447152758698831 0.13547957802710700048 0.16472616245289500858
882 378 0.13561663650469099607 0.13548511628047898991 0.16472313615000100384
875 371 0.13561330987613298693 0.13548596274865498668 0.16472408676872998812
881 377 0.13561405786269900564 0.13548592507299700438 0.16472518848103501199
889 385 0.13561637410057700293 0.13548486259409600607 0.16472132024450500398
882 378 0.13561849328480599097 0.13549464441174999263 0.16472676302057198683
878 374 0.13561823864700600639 0.13549698191971901173 0.1647233117428280047
877 373 0.13561939968752900754 0.13549601760204099676 0.16472469999734398738
881 377 0.13561940623397999994 0.13549530257234698727 0.16472624655923501225
874 370 0.13561423344322701134 0.13549089787490600778 0.16472200710061798978
863 359 0.13560595021280999473 0.13548917240493299485 0.16471321611661299267
863 359 0.13560154246256400645 0.1354841693602640007 0.16470963739509000834
870 366 0.13560089946239201053 0.1354769593599080002 0.16470610142452499214
871 367 0.13559847313835299287 0.13547094909026399789 0.16470342764322601359
869 365 0.13559832015357800583 0.13546905407157999734 0.16470038471914599798
866 362 0.13560060244973901056 0.13547285022260399656 0.16469710865498499164
866 362 0.13559993817408899641 0.13547290163270200858 0.16469603808037100445
856 352 0.13559579621281100947 0.13547397569708699572 0.16469412253057799655
860 356 0.13559324207263301343 0.13547000320812599417 0.16469064154711998693
873 369 0.13558962406256999667 0.13546258403451000296 0.16468891594797399613
879 375 0.13559072185620799078 0.13546246322902899539 0.16469338867163699214
873 369 0.13559090690624300835 0.13546634377340199817 0.16469337553160701138
869 365 0.13559076609613499032 0.13546713690276698805 0.16469373952227800428
871 367 0.13559618452147301215 0.13546999368481899007 0.16469272346468599721
865 361 0.13559342660388701285 0.13547049227082100242 0.16469714380192598813
867 363 0.13559276445799700594 0.13546908848516600599 0.16469521912217699455
866 362 0.13559078935396198795 0.13546855324744000448 0.16469752353404498724
877 373 0.13559601981250399283 0.13546988668172699199 0.1647020954607160137
877 373 0.13559675707636600905 0.13547159996506299984 0.16470534360722299816
876 372 0.13559282983816900447 0.13546780833271798716 0.16470737778239299964
870 366 0.13558999927685499998 0.13546996778709100018 0.16470868069078101192
878 374 0.13559271068974099173 0.13546714442307100645 0.16470712502395298826
865 361 0.13559082427601099052 0.13547117025115901212 0.1647045495130819992
866 362 0.13558893844864100542 0.13546822782070899738 0.16470172261245599743
875 371 0.13559461849676798795 0.13546912629726398647 0.16469941977568899882
887 383 0.13560017748739100485 0.13546807170930799669 0.16470251046474901346
871 367 0.13559742429067001002 0.13547540094181600989 0.16470377901709198909
872 368 0.13559707698130199494 0.13547365242792300255 0.16469988938971100167
867 363 0.1355946392771580078 0.13547252353654901103 0.1646978553827199987
878 374 0.13559711906590998787 0.13546929076245800561 0.16469822146234000537
872 368 0.135595754127756013 0.13547126067841400165 0.16470249061268599222
877 373 0.13560105882825199131 0.13546923365079599488 0.16469972408472000058
868 364 0.13559458428939699659 0.13546610215524498844 0.16469588333775400657
867 363 0.13559546075985501323 0.13546590729710700218 0.16469597508655500762
875 371 0.13559654255208600238 0.13546137990338100177 0.16469393987010999547
865 361 0.13559066689043200449 0.13546121899309099268 0.16468869265280700054
873 369 0.13559322033889700809 0.13545885696939799492 0.16468572778822698766
875 371 0.13559389095504500999 0.13545688751161699681 0.16468253081396899695
868 364 0.13559670269851201163 0.13546107759187300812 0.16468571917422500372
875 371 0.13560062724954599633 0.13546211491479198674 0.16468763365010499755
876 372 0.13560045314321200749 0.13546019929864699938 0.16469109430375700187
885 381 0.13560692690490500079 0.13546510663112801276 0.16468855937267901091
888 384 0.13560977787121500371 0.13546892180171599129 0.16468861472770399135
889 385 0.13560722512553000096 0.13546402158626000278 0.16469031736619899053
879 375 0.13560163700333000003 0.13546655983088198849 0.16468873295306499238
888 384 0.13560735029510700977 0.13546517598408999716 0.16468574212604300544
886 382 0.13560824468957799471 0.13546391200305599178 0.16468435381951798679
887 383 0.13560798321434100466 0.13546147994683699345 0.1646824410214300094
888 384 0.13560630722853400654 0.13545746123398400007 0.16468380943148500095
890 386 0.13560622949766801271 0.13545855080141200322 0.16468763682035400531
895 391 0.13560360436086199565 0.13545457442392799807 0.16469087446203301006
894 390 0.13560258831581500916 0.13545223175076401279 0.16468795751339299072
899 395 0.13560253290591800512 0.13544797848053399814 0.16469103292229300695
893 389 0.13560048149782799598 0.13545028955890900391 0.16468658089049600934
890 386 0.13559716852991399172 0.13545123980830101051 0.16468874900058799726
885 381 0.13559550687628699195 0.13545278610406799591 0.16469200989036900107
883 379 0.135596433943113992 0.13545242174702498694 0.16469337886261201098
893 389 0.13560036896839200438 0.13545139536548100878 0.1646947737650570065
893 389 0.13559934360322600799 0.13545186052720101233 0.16470000509107898812
892 388 0.13559732701114199371 0.13544981289607799235 0.16470179510863899863
910 406 0.13560826483266399944 0.13545174336763299294 0.164705500638048008
899 395 0.13561049292958898826 0.13546013425252501072 0.16470941452903001267
888 384 0.13560593299784501342 0.13546224752212798759 0.1647116287233600096
898 394 0.13560935618244898682 0.13546063025169399752 0.16471250688749000668
899 395 0.13560763038343501274 0.1354614786367460133 0.1647183961831769905
895 391 0.13560416088245899613 0.13546022677048999427 0.16471819588403499579
892 388 0.13560329784731800506 0.13546129273206999888 0.16472211205510600696
897 393 0.1356014122407319944 0.13545788877538100792 0.16472319001518301307
886 382 0.13559881709175600206 0.13546118536313600522 0.16472439824196200009
868 364 0.13559794461786900399 0.1354688426299540116 0.16471921204792899784
875 371 0.13560521753364099262 0.13547083290177000525 0.16472048024558400003
869 365 0.13560345144946400753 0.13547048667785299703 0.16472101205365000109
866 362 0.13560344991709299967 0.13547094773829698733 0.16471873490946900565
863 359 0.13560080256752099492 0.13546996661184398936 0.16471708223230799306
865 361 0.13559923132110099364 0.13546731882351700782 0.16471472443648699224
878 374 0.13560529412315799891 0.1354654989966329881 0.16471767616436000514
879 375 0.13560513088830600248 0.13546721741185999144 0.1647202648210150111
878 374 0.13560980435293701341 0.13547074527653299447 0.16472103892011599746
864 360 0.13560723356923498617 0.13547492679637498925 0.16472701447922299955
865 361 0.13560862801471801342 0.13547691321950300347 0.16472667915974700814
865 361 0.13561217084300600244 0.13547781467131200794 0.16472735113465000745
866 362 0.13561237203292400566 0.13547508264766100483 0.16473055921642901223
864 360 0.1356157309279220069 0.13547500645143700782 0.16473166284584600527
869 365 0.13561487880693298691 0.13547332679078599726 0.16473169984962399148
862 358 0.13561214833086798759 0.13547385201445499847 0.16473643064723900165
871 367 0.13561794187622000507 0.13547371056100299125 0.16473625077700398966
882 378 0.13562161860946600478 0.13547310719411900792 0.16473510222243800682
874 370 0.13562426478679900921 0.13547938713854298931 0.16473535472806200008
871 367 0.13562285444428098802 0.13547775324276800646 0.16473475406310800206
869 365 0.13562400828867399172 0.13547908220999199669 0.16473520785843800973
868 364 0.1356233491242780087 0.1354808804727110072 0.16473505032792701286
864 360 0.13562172559531798788 0.13547880591336500244 0.16472930667176399755
870 366 0.13562365129495598803 0.13547644203095898785 0.16473035664432700287
866 362 0.1356250616723959912 0.1354812657204680082 0.16473277998051799598
864 360 0.13562469208250799158 0.13548141313570299937 0.16472732645676299579
863 359 0.13562265086318200935 0.13547882548184600471 0.1647195112344619905
867 363 0.13562431797108198683 0.13547652847673899434 0.16471037747361799708
863 359 0.13562308105136999803 0.1354749301232980041 0.16470593072018899217
871 367 0.13562792955409100348 0.13547157378021398855 0.16470608323138699602
861 357 0.1356237578085389972 0.13547134736607199801 0.16470154927857899585
855 351 0.13561749866511499385 0.13546907340971001132 0.16470070208274201207
863 359 0.13561667028865201368 0.13546355403533899553 0.16469311033042299819
861 357 0.13561379749449500864 0.13546085395749499214 0.16469137253707100133
869 365 0.13561451164380100565 0.13545388254108500781 0.1646913153523340001
883 379 0.13562209644849598789 0.1354551341788090002 0.16469116162344898946
879 375 0.13562166400852099235 0.13545674033580398787 0.16469516593827698836
875 371 0.13562200222958001317 0.13545808932379599376 0.16469222524606100255
881 377 0.13562363467772500791 0.13545450411982901118 0.16469059299255101037
880 376 0.13562391887269600876 0.13545382049471599295 0.16468853783884399022
883 379 0.13562512264814399754 0.13545247307665100878 0.16469642794009201059
889 385 0.13562578072745801183 0.13544902877375999961 0.16469674505320999747
888 384 0.13562415040535399924 0.13544891201236500256 0.16469947500179399347
897 393 0.13562697756486000178 0.13544934082199899805 0.16469745307324598627
915 411 0.13563451776641199942 0.13544658224261699186 0.16470029342602998668
904 400 0.13563009824175001339 0.13544647864126799219 0.16469844646060499693
895 391 0.13563184480405698906 0.13545341821737300059 0.16470191272204900979
898 394 0.13563096246537501011 0.1354524667448609998 0.1647009081122960128
892 388 0.13563122342599198689 0.13545858934862400891 0.16469975549685400562
892 388 0.13562726634040700446 0.13545243587302299715 0.16469911865358899394
878 374 0.13562156972428299206 0.13545294163242399543 0.16469977589825399167
871 367 0.13562032733304299481 0.13545348729480899408 0.16469668897538300434
885 381 0.1356257352958850082 0.13544719975594399219 0.16469184607546899501
879 375 0.13562730983976201138 0.13545062009156400018 0.16468978403962999946
892 388 0.13563082626376399276 0.1354450376543309964 0.1646935141389319901
881 377 0.13562748066606300501 0.13544907434222999698 0.16469471640344798824
879 375 0.13562733669851401164 0.13545286129339401127 0.16469342558718200187
885 381 0.13562642460756899054 0.13544973411715000022 0.16468870566424098634
885 381 0.13562676103299500796 0.13544958489968400572 0.16468515379249901165
884 380 0.13562493236926501106 0.13544858318953201248 0.16468777456926000924
879 375 0.13562015135714200476 0.13544552336951801164 0.16468332441319699644
876 372 0.1356156379775010079 0.13544215628218200798 0.16468326124948701183
885 381 0.13561860827200500346 0.13543872496276598838 0.16467797320283500406
873 369 0.13561384073115900772 0.13544298064624499256 0.1646753026199820058
874 370 0.13561619206983899222 0.13544549872414998748 0.16467387937743799275
881 377 0.13561200163157599574 0.13543812520585399306 0.16466716362111799565
892 388 0.13561129558911499959 0.13543214906348899351 0.16466449223057300077
895 391 0.13561261330312199269 0.13543339755892000453 0.16466204381323298889
888 384 0.13560955444935798853 0.1354329758434250075 0.16466115985034299185
892 388 0.13561141498924900173 0.13543277693523700367 0.16466341433369399705
888 384 0.1356059407083889945 0.13543069306611099645 0.16466498431309600781
897 393 0.13560694970067399545 0.13542854450351898832 0.1646679728847199875
889 385 0.13560618141673899673 0.13543248821894399159 0.16467038412783799317
891 387 0.13560775407220901356 0.13543223709158799806 0.16466436465514400211
897 393 0.13560519856112798753 0.13542815303030600327 0.16466488449078001133
899 395 0.13561087648168798636 0.1354303093163249927 0.16466607988362999548
894 390 0.135609342294730012 0.13543262204759398681 0.16466471995756601365
900 396 0.13560684097399200443 0.13542731719371800536 0.16466989484817298739
907 403 0.13561182509113201 0.13542411225560299637 0.16467214102298299849
912 408 0.13561169442174700328 0.13542266012687301235 0.1646742756792680118
909 405 0.1356123505358189929 0.13542318844571699099 0.16467562741490698874
889 385 0.13560204008053999836 0.13542527821432501223 0.1646750970852410012
884 380 0.13559434654749699667 0.13542023357520199811 0.16467092623902498949
894 390 0.13559442071509400507 0.13541865236619998747 0.16466999130639300986
896 392 0.13559511090075099249 0.13541599399619499988 0.16466992289491999557
910 406 0.13559918849244800843 0.13541005207250700337 0.16466902875082800595
906 402 0.13559742501952298799 0.13540997477310900976 0.16467488157237700208
899 395 0.13559686170157600471 0.13541348770717301364 0.16466934257645998718
907 403 0.1355987717758110056 0.13541041414207599658 0.1646666359667940116
908 404 0.13559711534659898979 0.13540637574235001028 0.16466670508725900213
909 405 0.13560056346837701113 0.13540855007495300466 0.16466826964324998706
903 399 0.13559712475194898862 0.13540770986692898803 0.16467139553330500945
907 403 0.13559451453254800501 0.13540228459999700816 0.16466919833067800161
911 407 0.13559674168312899067 0.13540381925697400622 0.16466748447356299723
910 406 0.13559959380741901103 0.1354086855058770078 0.164673540035082
916 412 0.13560455495470799536 0.13541153578222001053 0.16467879831694601234
917 413 0.13560504088139399559 0.1354114257535430077 0.16467848976976501296
916 412 0.13560513437867699471 0.13541217610882400058 0.16467879203451898928
917 413 0.13560008778881699198 0.13540856664007799859 0.16468003625660498912
927 423 0.13560696380859099675 0.13540972757794100811 0.16468286977672799698
915 411 0.13560748078319800891 0.13541591750371601011 0.1646872285593879992
901 397 0.13560162074687601153 0.13541502529886301209 0.16468269661525200553
901 397 0.13560236088840399438 0.13541367753156000053 0.16468055258602298796
905 401 0.13559963786104700656 0.13540661990689201177 0.16467835401960900787
902 398 0.13559762509237299755 0.13540752629294200426 0.16467461612008998939
901 397 0.13559767739928199615 0.13540679214808398756 0.1646781204512060004
897 393 0.13559094457446599358 0.13540817327479198751 0.16467613653574800225
898 394 0.13558847900044798673 0.13540426371931899019 0.16467020327972300975
894 390 0.13558646919774899886 0.13540334186112398807 0.16467389369554499834
899 395 0.13559044835589401101 0.13540405951752498837 0.16467587128516100736
888 384 0.13558710598706300021 0.13540761276778601196 0.16467504233198199115
885 381 0.13558274934624500729 0.13540574776285999037 0.1646735267760059962
889 385 0.1355836075514930128 0.13540498211924201222 0.16467363844235599624
885 381 0.13557987668082999155 0.13540411280786299186 0.16467539810544298828
884 380 0.13557968849496498942 0.13540347787769499432 0.16467845284970400455
889 385 0.13558071587367900857 0.13539803408369899262 0.16467687143792300586
881 377 0.13557690269197400501 0.13539983044992198735 0.16467514758216400539
886 382 0.13557830004050100414 0.13539847515634201303 0.16467629343070300241
882 378 0.13557536532434300014 0.13539899111778699869 0.16467686294264199942
882 378 0.13557529426274100848 0.13540038371383500415 0.16467556176836500859
882 378 0.13557538138259600524 0.13539931473363900349 0.16467401180532600935
886 382 0.13557522587035999995 0.13539779155321499116 0.16467426602485898957
881 377 0.13556673961422099906 0.1353928669809409957 0.16467307594626701128
885 381 0.13556318618853899216 0.13538769080440998804 0.1646715159271429918
881 377 0.13555832475475099175 0.13538568318681298841 0.16466602434283600376
883 379 0.13555876294813801186 0.13538414386480199236 0.16466326388226198985
881 377 0.13556146986030701007 0.13538913819995498922 0.16466014156740499397
882 378 0.13555736067141899159 0.13538662543218299428 0.16466106792834500627
869 365 0.13555194451575799941 0.13538831678018400928 0.16465939345330998789
863 359 0.13554565479811900297 0.13538561720408801015 0.16465720319035501151
865 361 0.13554473414217999006 0.13538212752493600233 0.16465543480759101125
875 371 0.13554801073407599099 0.13537971516686500562 0.16465811090782600523
888 384 0.13555057996695199507 0.13537776295426900974 0.16465997777277599501
886 382 0.13554980691610898913 0.13537901981990099753 0.16466199398795300368
872 368 0.13554594601307801138 0.13538304971712900038 0.16466002482675701213
864 360 0.13554449986097699687 0.1353884581462979908 0.16465659625584100345
864 360 0.13554547675171199628 0.13539021792048200332 0.16465364452150599295
873 369 0.13554685388033999027 0.13538871910928299003 0.16465054014154101303
864 360 0.1355459866531610047 0.13539001911621401097 0.16465110062179300066
871 367 0.13554931124470701032 0.13539095545470700155 0.16465177455331900247
874 370 0.13555366583442898798 0.13539237718317301273 0.1646502843174730002
883 379 0.13555977743417399473 0.13539393427212301213 0.164654123809783004
869 365 0.13555190974499300993 0.13539411252680999542 0.16464978293448800928
870 366 0.13555179031419500868 0.13539625763912999101 0.16465185622320799297
878 374 0.13555580524661700603 0.13539583359204498958 0.16464918336407299848
878 374 0.13555712655105900399 0.13539903246031098627 0.16464679177248400799
870 366 0.13555674292950700699 0.13540448107048499993 0.16464690712122700966
878 374 0.13555920950570199413 0.13540259456444200814 0.16463972227442300045
876 372 0.13556068684238400945 0.13540643096428700565 0.16463658187241500541
878 374 0.13555781198527999676 0.13540662640312201015 0.16463621254412100225
887 383 0.13556707840053500158 0.13541311138876099829 0.16463761407113600144
880 376 0.1355698463869129955 0.13541797866992200117 0.16464190545318599379
884 380 0.13557430541037698846 0.13541947766977199819 0.16464067491698000656
883 379 0.13557561116816099767 0.13542302443857098804 0.16464084594174899223
874 370 0.13557423767800000358 0.13542759083889899241 0.16464623319405299884
884 380 0.13557503894810998823 0.13542221508433699428 0.16464984571957899662
890 386 0.13557876996658099755 0.13542208502760100242 0.164651593578951011
893 389 0.13557923429554200045 0.13542130286811099316 0.16465556516317100821
893 389 0.13558006594134699996 0.13542451090670198921 0.16465412203923399104
893 389 0.13557680338332900316 0.13542135315375899984 0.16465801239733099393
900 396 0.13558061571871499185 0.13542270141516898896 0.1646568828653889871
903 399 0.13558270585910700556 0.13542220355417999844 0.16465362910464401147
910 406 0.1355876701677440066 0.13542520955093301227 0.16465972899213598968
909 405 0.13559001032974699053 0.13542836297956400982 0.1646627306290829873
898 394 0.13558757752282199482 0.13543469551149600605 0.16466081779188798673
904 400 0.13559305255125700396 0.13544034271193000629 0.16466453189538099444
905 401 0.13559525444438899622 0.13544270572160599375 0.16466809196512799396
895 391 0.13558555688805498662 0.13543804007995999261 0.16466561869510099037
895 391 0.13558435261645099268 0.13543752769428399341 0.16466687003926000488
888 384 0.13558235206449201216 0.13543526820234999541 0.16467052994416500611
904 400 0.13558956325182000557 0.1354350398948910017 0.16466738052064200382
900 396 0.13558673500917600707 0.13543630014744800771 0.16466960224359700193
885 381 0.13558359332886499304 0.13544212120697698976 0.16466661781329300362
886 382 0.13558472600885901338 0.13544249081839598858 0.16466805681572399545
885 381 0.13558799469124499515 0.13544732377359100517 0.16466862267255499841
884 380 0.13558750342849199 0.13544973414128300138 0.16467289702290899278
877 373 0.13558186147485298823 0.1354466769724609887 0.16467408366927699381
884 380 0.13558830068418800674 0.13544965304807399242 0.16467676017430099566
892 388 0.13558837476960000634 0.13544715065342699534 0.16467654283760399525
891 387 0.13559214254925400223 0.13545197923357799041 0.1646783461002309934
879 375 0.13559024905733998989 0.13545852418551901364 0.16468419958755201038
867 363 0.1355843915383899978 0.13545883909355899144 0.16467930247000700517
871 367 0.13558697625502499906 0.13545805415744899269 0.16467925213315900979
883 379 0.13559734054621999655 0.13546162347717299879 0.16467928507350398926
892 388 0.13560203449001401177 0.13546379723852400301 0.16467754280700599989
878 374 0.13559943008336799997 0.1354681809763990108 0.16467578634881599453
881 377 0.13559486139308299379 0.13546094082192500219 0.16467692360850200162
875 371 0.13559340845670000975 0.13546287514669899665 0.16467260566142899458
873 369 0.13559125585217998711 0.13546138977431299022 0.16467378648257999241
872 368 0.13558885316387400688 0.13545903732619299364 0.16467280450544399817
871 367 0.13558902093419999968 0.13545791915085500512 0.16466916035043799305
877 373 0.13559028537368700285 0.13545717474815699433 0.1646688726102500111
882 378 0.13558889691915698705 0.13545456114943399406 0.16466589379135199156
888 384 0.13559665559413300318 0.13545864628271500618 0.16466621567265699033
897 393 0.13560036119353099937 0.13545799788071699599 0.1646640574660460099
892 388 0.13560439966489198915 0.13546564408435299298 0.1646634404304780086
883 379 0.13560006674823299466 0.1354672092658419924 0.16466077235936299461
880 376 0.13560268475539599686 0.13547236747166299664 0.16466023891090000864
881 377 0.13560551079356000792 0.13547309659296100093 0.16466116625851501265
897 393 0.13560864884950799003 0.13546665286985198895 0.16466152819135901342
900 396 0.13560440141995999674 0.13546266222760700026 0.16466200621204199472
902 398 0.13559995717615699884 0.13545658748994199305 0.16466226652863200086
887 383 0.13559699490858501125 0.13546121122191198682 0.16465867409084400386
895 391 0.13559611854948999676 0.13545776758962399522 0.16464871072581599432
893 389 0.13558947829330000867 0.13545496005324000888 0.16464661289081800044
901 397 0.13559030222378398722 0.13545188370507599274 0.16464353096470799032
906 402 0.13558907304852799158 0.1354458471948019882 0.16464276992102999664
905 401 0.13559137623569600395 0.13545245660597698967 0.16464268602236600825
884 380 0.13558443889113400149 0.13546253677545500027 0.16464509772986998803
886 382 0.1355822946680509955 0.13545876273751800145 0.16464033636278599393
891 387 0.13558348360609601135 0.13545864750415700928 0.16463495418459500597
886 382 0.13557979913139900363 0.13545780235433099725 0.16463758708563500099
894 390 0.13557540821990299307 0.13545192443635600821 0.16462985355775300311
892 388 0.13557552536398201348 0.13545095821698099892 0.16462882753500399091
900 396 0.13557493520607499793 0.13544672129879900546 0.16463039241462598672
894 390 0.13557490656010401375 0.13544831671163198861 0.16463189321926499642
895 391 0.1355740250810960057 0.13544950270953298732 0.16462966142108600986
904 400 0.13557594228969299666 0.13544774446219501329 0.16462822037507798822
911 407 0.13557863887496499067 0.13544916027150399884 0.16462433488484701227
900 396 0.13557439811511501349 0.13545035797858198667 0.16462405196836499277
889 385 0.13557214464439398816 0.13545146497479598757 0.16462695985567099566
879 375 0.13556476681387100158 0.13545082030102600923 0.16462538355566999626
889 385 0.13556616374517499457 0.13544318714683900584 0.16462329134892100813
889 385 0.13556508702482100714 0.13544362448019400813 0.16462371957892499297
887 383 0.13556470682713700482 0.13544291059558200008 0.16462070054946301156
881 377 0.13556080417958199513 0.13544045894667300356 0.16461627635948200554
888 384 0.13556022726567901193 0.13543419334291301181 0.16461388020332398674
888 384 0.13555751110405600546 0.13543049789659900028 0.16460621089214300117
905 401 0.1355592100022079971 0.13542619705795400087 0.16460973849724599982
910 406 0.135565289306744996 0.13542707683168700439 0.16461433591034299595
906 402 0.13556732825298201117 0.13543217111756200577 0.16461512578151599184
905 401 0.13556686509386400852 0.13543325426442401338 0.16461652066533499772
905 401 0.13557032513894801129 0.1354374843339999912 0.16462353412958100063
907 403 0.13556836764610200041 0.13543589822139701084 0.16462419501862199378
899 395 0.135562644198401 0.1354361698998320096 0.16461691544721399061
899 395 0.13556175638720599497 0.13543438669820098696 0.16461219247952099676
891 387 0.13555704194443998767 0.13543508578721100144 0.16460719634850298765
892 388 0.13555688128117998614 0.13543341804701000686 0.16460399941832701276
905 401 0.13555964497119998846 0.13542807704380499523 0.16460554188268899933
909 405 0.13555835434969398801 0.1354280053923040128 0.16460934188757600505
909 405 0.13556093071036501296 0.1354310195491169877 0.16461622063544900652
891 387 0.13555931832335299525 0.13543853378549600142 0.16461976219089899387
892 388 0.13556285713928001302 0.13543916117713300507 0.16461537379183199814
896 392 0.1355624062787819939 0.13543702893368500528 0.1646184702844339931
902 398 0.13556389249496000882 0.13543428564778700607 0.16462106624413300193
905 401 0.13556129732469798799 0.13543161353371999112 0.16461602903357899774
895 391 0.13556023592474500394 0.13543693654569100016 0.16461575757274299336
912 408 0.13556259190398900483 0.13543223313310301381 0.16461698296538901376
889 385 0.13555237790981000678 0.13543551052415100933 0.16461654780556400635
898 394 0.13555441280287200412 0.13543040730766600643 0.1646125819132890078
918 414 0.13556003898293900178 0.13542623534932798912 0.16461579870499601363
909 405 0.13556059194378500266 0.13542883087336898829 0.16461713893315699231
896 392 0.13555554741594200152 0.13543050282447899324 0.16461506510001999715
886 382 0.13554867322527899831 0.13542991539134599521 0.16460694606794498696
881 377 0.13554502890278000149 0.1354301678843150003 0.16460226977807099202
897 393 0.13554643261599899629 0.13542157137553201274 0.16459652073829700303
893 389 0.13554259316531699908 0.13542143073030399325 0.16459658800240600796
893 389 0.13554305610531400261 0.13542381490798399701 0.16459176850412199355
888 384 0.13554138791006201115 0.13541992225643201264 0.16458680362826999533
900 396 0.13554894101238099124 0.13542025871926000047 0.16457975107111999513
907 403 0.13554768740918299308 0.13541582759092199439 0.16457665094154699803
891 387 0.13553871467832501185 0.13541472819728600507 0.16457153627911300098
898 394 0.13553725557118601053 0.13540885038235900284 0.16456648107449300955
903 399 0.13553989789125200915 0.13540458214538400594 0.16456815475777100688
916 412 0.13554456392770300455 0.13540225244529099924 0.16456894407206199005
917 413 0.13554700804179700691 0.13540212769711498786 0.16457200962708098957
900 396 0.13553721626258000144 0.13540015509690200846 0.16456860870485098824
904 400 0.13553450902347100038 0.13539387141795200531 0.16456833299250800406
908 404 0.13553148353510599544 0.13539131595443298917 0.16456698910803099767
904 400 0.13552972811355598615 0.13539168805107199001 0.16456375241941800791
893 389 0.13552657053057298731 0.13539583012177000554 0.16456562903657501185
897 393 0.1355242389323199903 0.13539223510339098988 0.16456249758272101236
905 401 0.13552789179232499484 0.13539293676213298712 0.16456234646161099766
903 399 0.13552702520136999942 0.13539314346677100431 0.1645639796314879999
897 393 0.1355237251546420052 0.13539450432876601327 0.16456308463127999886
902 398 0.13552527282131598962 0.13539459649012000608 0.16456455926349200514
898 394 0.13552404609952800607 0.13539640063008701043 0.16456270144990300941
902 398 0.1355236751522579941 0.13539369645008500487 0.16456023569060598821
901 397 0.13552415959033101145 0.13539456204155900232 0.16455919162513199527
906 402 0.13552715814219298829 0.13539223327781998996 0.16455899493618400542
893 389 0.13552406581915399375 0.13539385311716101157 0.16455957975646601232
892 388 0.13552333440296698841 0.13539267818227299078 0.16455812443019399161
894 390 0.13552716656773200476 0.13539556435640098808 0.16455727374958400988
892 388 0.1355258161047920018 0.13539355324381799339 0.16455594235106399403
884 380 0.13552222303216499011 0.13539698289586099555 0.16455271466445101081
892 388 0.13551943437132998871 0.13539206549806900859 0.16454994185117499672
889 385 0.13551515387073800878 0.13539258811715199071 0.16455056983752600064
881 377 0.13551127479398999975 0.13539235127556600857 0.16454892110716901055
878 374 0.13550795294886600062 0.13539160790286600133 0.16454869551662701377
893 389 0.1355124840727159885 0.13539009268167401245 0.16454490622601500305
890 386 0.13551437888931300302 0.13539350106813000107 0.16454897087996300797
893 389 0.13551520403523201197 0.13539416879439200581 0.16454675841359800437
889 385 0.1355127172865570051 0.13539486804525899255 0.16454439289567798776
901 397 0.13551380891012901331 0.13538967840252599806 0.1645450326568549948
900 396 0.13550927664202000456 0.13538667205764601253 0.16454622535748200662
900 396 0.13550742963805201269 0.13538656902680598626 0.16454760196189199828
896 392 0.13550665141806600422 0.13538987976193000984 0.16454682001761300469
904 400 0.13551276928935698796 0.13539223533444300074 0.16454606893166098813
908 404 0.13550943261255199435 0.1353881307628430064 0.16454527588184800213
904 400 0.13550934268169098629 0.13539262143358998802 0.16454834082833799669
901 397 0.1355083494730610072 0.13539502600056199655 0.16454709096378100641
899 395 0.13550938944513099549 0.13539713306332901155 0.16454740709634999019
882 378 0.13550278830388398643 0.13539961833973898631 0.16454405918441800116
894 390 0.13550153886776400425 0.13539086117135598619 0.16454110353103298947
903 399 0.13550103988373199404 0.13538738531198099557 0.16453658777506799393
906 402 0.13550226416411501051 0.13538475712270400808 0.1645396895028909956
887 383 0.13549666388143999374 0.13538896009639700413 0.16454066989264298781
894 390 0.13549690411090001274 0.13538505724831101373 0.16453549297646599681
879 375 0.13549386022725298795 0.135387586754987993 0.16453152504674400936
896 392 0.13549977395917700562 0.13538453710403500208 0.1645255883309749978
896 392 0.13549691763655499765 0.13538489491845701052 0.16452656638624799101
886 382 0.1354917126268790073 0.13538452781118701096 0.16452461300918400089
893 389 0.13549768623528699041 0.13538899154995098773 0.16452316201633798709
890 386 0.13549506591274199097 0.13538721757620500452 0.16452479497638100581
896 392 0.1355010682254539911 0.1353935457705910117 0.16452632012067999745
899 395 0.1355075797928609882 0.13539793713101400119 0.1645316701071349863
900 396 0.13550594225135401127 0.13539390602158699051 0.16452897483340001017
907 403 0.13551116032563700897 0.13539663188837799956 0.16453015426492600959
901 397 0.13550901167402901182 0.13539878362004600931 0.16453017361149199771
883 379 0.13550457933938400701 0.13540385819215000618 0.164528122545451988
886 382 0.13550242090513200943 0.13539776877927800491 0.16452220385037100159
887 383 0.13550706340443899323 0.13540272849126699928 0.16451883452182200496
881 377 0.13550477267283200788 0.13540416003164498782 0.16451609783864398762
892 388 0.13550707965181399417 0.13539893617013099014 0.16451583955673801385
893 389 0.13550764496996101083 0.13539956824332599616 0.16451446554061499583
893 389 0.1355041395355320033 0.13540008677431600304 0.16451543918020000712
884 380 0.13550320180637800971 0.13540509269740400033 0.16451344602678599771
884 380 0.13550053561451699813 0.13540211178982899942 0.16451094499054699782
876 372 0.13550066165134999618 0.13540495795879900487 0.164507439596441013
880 376 0.13549900872769898852 0.13540163816111500106 0.16450500550460200877
893 389 0.13550058665435898986 0.13539538197706998957 0.16450413877921798989
888 384 0.13549789137433698727 0.13539571846086301266 0.16450406662555500104
887 383 0.13549676094942900151 0.13539381661843499782 0.16450453266640899241
896 392 0.13550078145342200897 0.13539315975707499895 0.16450300949015500551
888 384 0.13550016067013900822 0.13539615536632298998 0.16449948238536898915
879 375 0.13549712883060599511 0.13539603288324300601 0.1644985597391800114
897 393 0.13550316150328800546 0.13539286257221999632 0.1644946479290670116
888 384 0.13549808880495001207 0.13539551733739199624 0.16449327994307499923
890 386 0.13549751128364501129 0.13539407565723399207 0.16449229335208701008
888 384 0.13549977137568200436 0.13539633409122900365 0.16448966305066900495
881 377 0.1354974373244479946 0.13539758075836899609 0.16448908173758999829
884 380 0.13550197358982798979 0.13540032769365600851 0.16448991595519599218
877 373 0.13549894469342799175 0.13539957049486200935 0.16448684120931700292
883 379 0.13549409085071700831 0.1353894791014879917 0.16448626057991500016
885 381 0.13549621767133299133 0.13539180519787699652 0.16449137276475900293
883 379 0.13549828184891299365 0.13539313319709700423 0.16448990002557700718
897 393 0.13550409990212300415 0.13538996809264400301 0.16449278765954400416
901 397 0.1355056731476609877 0.13538817158053800815 0.16449492769193999053
896 392 0.13550337189642899793 0.13538963111404300754 0.16449811077223600031
895 391 0.13550027581046200642 0.13538764067937000823 0.16450215017093799963
907 403 0.1355023998266980112 0.13538378183123500609 0.1645001323992670017
902 398 0.13550050755552101034 0.13538589331495298751 0.16450236898377298966
904 400 0.13550238647547499515 0.13538805420401001101 0.16450050025474100002
886 382 0.13549455286338499271 0.13538934976180599934 0.16449938598304100767
904 400 0.13549792110843600357 0.13538541143335500183 0.16450186117533299734
906 402 0.13550217264561800756 0.13538725859682498864 0.16449942976412598727
901 397 0.13550422440411499792 0.13539421133665199837 0.16450350238999400521
909 405 0.13550399278040900497 0.13538788139381999209 0.16450824003558800479
912 408 0.13550647021039799456 0.13539052855573899259 0.16451178572604299721
901 397 0.13550333603219100187 0.13539239239953299032 0.1645124319983740091
891 387 0.13549868746692500521 0.13539181404656699947 0.16451344242864299194
886 382 0.13549597349723799256 0.13539187402323898946 0.1645113235495510029
875 371 0.13549320990944599408 0.1353950828577069887 0.16450844082407400926
877 373 0.13549099706146999766 0.13539241352077399649 0.16450580986777699199
880 376 0.13548864165630200573 0.13538818669575800047 0.16450268964507999692
892 388 0.13549016254226500799 0.1353821091914789998 0.1645025647984139916
894 390 0.13549574005028600099 0.1353861806073169971 0.16450140691849599039
901 397 0.13550039086700799151 0.13538648525132099265 0.16450594792900999352
890 386 0.13550059746321899135 0.13539193112114999984 0.16450612273309000999
888 384 0.13549533620574000237 0.13538942717517599146 0.1645013903773629993
892 388 0.13549549311831099452 0.1353855738936040054 0.16450370343699199926
893 389 0.1354936887370190024 0.13538285931010499152 0.16450452385260999622
895 391 0.13548999365715300169 0.13537675759900499872 0.16450171529642498847
891 387 0.13548887125267300435 0.13537764488198100743 0.16449918798257298636
895 391 0.13548750558112898634 0.13537397663897599021 0.16449935974671600625
898 394 0.1354894418713369908 0.1353756760176260121 0.16450272640879501362
890 386 0.13548895010734399169 0.13537934930303499592 0.16450433525313601368
874 370 0.13548569518436198722 0.13538375198304400393 0.1645036680970949905
874 370 0.13548339565606901114 0.13538089665616198642 0.16449616663011198958
882 378 0.1354836661898780048 0.13537728045412800171 0.16449244795531400842
889 385 0.13548718550560701068 0.13538027625390700037 0.16449072475111201075
889 385 0.13548429970554398682 0.13537797214375699162 0.164493392123211013
900 396 0.13548576716737201209 0.13537359656751199455 0.16449336750715901068
890 386 0.13548227236019499964 0.13537505069539801372 0.16449305520203699738
889 385 0.13547917629112299354 0.13537354091188499861 0.16449107109708099861
891 387 0.13548071330949398861 0.13537308552386301264 0.16448971748444798924
884 380 0.1354761671160669978 0.13537120257230500497 0.16448858696606899477
884 380 0.13547671999503799189 0.13536917641683599012 0.16448613567692499382
885 381 0.13547875451689400661 0.13537046803168600873 0.16448746045156900641
896 392 0.13547910636966600806 0.13536595438535001246 0.16448734616072299697
887 383 0.13547562774387900131 0.13536657979531799278 0.16448216909208698833
898 394 0.13547883787653300369 0.13536387624071199998 0.16448597292370101264
894 390 0.13547650569455699232 0.13536476296157501364 0.16448658491729001296
886 382 0.13547777913893299662 0.13537035364423899431 0.16448501344145399772
882 378 0.13548032820965599798 0.13537693250791799082 0.16448684845331298932
893 389 0.13548507355674299646 0.13537600992168499769 0.16448295515503699726
891 387 0.13548269937938600682 0.13537265940659601315 0.16447894908269899972
898 394 0.13548319278787798736 0.1353706047310480054 0.16448046189658599436
897 393 0.13548233756903499403 0.13536777288512299999 0.16448318097623099154
887 383 0.13548110894093701173 0.13537099897202201082 0.16448882924270100125
885 381 0.13547871749767098626 0.13536925079073999778 0.16448889971993499448
887 383 0.13547829087043899987 0.13537160951121099406 0.16449266339210100174
883 379 0.13547655907758399119 0.13537381887944799352 0.16449611569897598651
894 390 0.13547805393837100696 0.13537134857088400919 0.1644980369492460015
898 394 0.13547997169574699239 0.13537049058141600866 0.16449682560191700165
894 390 0.13547790553732999563 0.1353698570917679922 0.16449704601126799441
908 404 0.13548041159383200638 0.1353679854233069968 0.16450009906350199218
901 397 0.13547903477418898888 0.13537080368646700612 0.16450537136523998849
906 402 0.13547978947247399373 0.13536907580490700753 0.16450848298922798874
903 399 0.13548170551029500852 0.13537247675536701053 0.16450871313748000047
907 403 0.13547867159578499963 0.13536860482244700288 0.16450620256817399811
894 390 0.13547763803049500675 0.13537396906824000764 0.16450865183750901233
895 391 0.13548361338094899731 0.13537613827426900337 0.16450707769208799958
900 396 0.13548394400293201079 0.13537520000898400907 0.16450932611979299236
902 398 0.13548698024167399323 0.13537787095696698914 0.16451321116853301341
897 393 0.13548742940966199133 0.13537921849039000199 0.16451502069693499375
898 394 0.13549037205723699073 0.13538093790415001161 0.16451653558504500396
895 391 0.13548861157763800178 0.13538388548751301155 0.1645172658584539982
909 405 0.13549370404540500568 0.13538339967108101169 0.16451976768390599859
901 397 0.13549391002146199403 0.13538693643387600396 0.16451820122735300034
889 385 0.13549003024160899411 0.135387958921705992 0.16451940928704900102
881 377 0.1354846196417880122 0.13538821135539799712 0.16452175890965900495
885 381 0.13548377883707898861 0.13538419573731100276 0.16452345584925298638
885 381 0.13547966044110298922 0.13538178084989899164 0.1645204735365189963
893 389 0.13548063585113501173 0.13537857344434700568 0.16451517865906301052
895 391 0.13547384860959199582 0.13537100746453900602 0.16451643905759399944
897 393 0.13547238454627799631 0.13536780264806300145 0.1645140311533180022
899 395 0.13547365210388098711 0.13536773558476000723 0.16451375511476398761
897 393 0.13547186636142100058 0.13536626800955200989 0.16451223287925900718
908 404 0.1354724279805230025 0.13536022046583900957 0.16450775276089299459
906 402 0.135471267974520998 0.13536091047632300977 0.16451014987088100061
906 402 0.13547243537704400929 0.13536523638812600345 0.16451210996127199615
908 404 0.13547148647243600905 0.13536279097696199414 0.1645078725119530072
919 415 0.13547758574080900895 0.13536124476444499898 0.16450570897605598653
903 399 0.13547495407283399738 0.13536483937333398941 0.16450379819350599564
910 406 0.13547446885325101218 0.13535932455855401169 0.16450048859702501303
915 411 0.13547656949992301079 0.13535839199794599819 0.16450492296499499845
914 410 0.13547555185094001251 0.13536112363962599092 0.16451034094782399086
905 401 0.1354728225705119915 0.13536649057555399933 0.16450989353776898638
903 399 0.13546925938952900093 0.13536461043813599603 0.16451437331691801114
909 405 0.13547057465649600672 0.13536165443136000119 0.16451870522601400038
905 401 0.13546932478928699894 0.13536223156228799347 0.16452126243268400119
915 411 0.13547379730149000654 0.13536295621524399579 0.16452639995341400425
915 411 0.13547661910501901383 0.13536426939492599009 0.16452845171629498777
913 409 0.13547376199624000526 0.13536197108592498695 0.16452796375440401078
918 414 0.13547739790028900941 0.13536049003131800372 0.16452831330550499178
920 416 0.13547413992429099827 0.13535774712742099091 0.16452897459888399245
903 399 0.13547058073801698797 0.13536493175582400839 0.1645339417483419886
899 395 0.13547083878133500678 0.13536468663206099872 0.16452951218429701097
895 391 0.13546529303375501319 0.13536280955841700768 0.16452468607059900219
897 393 0.1354701432044589926 0.13536689520999800607 0.16452386147226399915
902 398 0.1354675921426939933 0.13536299849128100026 0.16452634249687200785
898 394 0.1354691270706429862 0.13536555791992099795 0.1645265943999729974
893 389 0.13546906418141499429 0.13536654770506900691 0.16452938204581199488
891 387 0.13547001790135901333 0.13537119198125999175 0.16452973473912899105
886 382 0.13546983674551299481 0.13537487213457999324 0.16453176345538100822
891 387 0.13546406826710399862 0.13536863799391898877 0.16453012844696998651
891 387 0.13546283406246101277 0.13536749741524800594 0.16453087828474199927
896 392 0.13546428810254299013 0.13536504310750499536 0.16453098317831599262
905 401 0.13546586416187600399 0.13536427324216598889 0.16453409363420701261
904 400 0.13546782874964299892 0.13536780939378201261 0.16453579072316598664
912 408 0.13547160525367499262 0.13536526297955400744 0.16453493981889599773
908 404 0.13547029070529700845 0.13536697274855999384 0.16453899617825298862
905 401 0.13546854542930600318 0.13536853981661600699 0.16453699503698099305
908 404 0.13546966526508300022 0.1353681395721050007 0.16453994162398200007
889 385 0.13546833995748500112 0.13537638875565899399 0.16454563175658099006
888 384 0.13547099258337000349 0.1353784472540980055 0.16454412471905699444
892 388 0.13547023953751100023 0.13537462012049900073 0.16454181699999098631
887 383 0.1354664520428640051 0.13537492184622199054 0.16454381035529599964
889 385 0.13546159463609599993 0.13537065217576199627 0.16454067643230799178
895 391 0.13546312629291298868 0.13536881108923701222 0.16453970600792700019
888 384 0.13546540817343100116 0.13537412753822600231 0.16453872832023400119
881 377 0.13546843995078500233 0.13538147403932598856 0.16453471003089900626
881 377 0.13546913944003899366 0.13538482817476499287 0.1645307529036439953
881 377 0.13546996814817999222 0.13538599013851498887 0.16452614998854900308
884 380 0.13546814604571300045 0.13538392628682899277 0.1645286819575579873
888 384 0.1354717353080469866 0.13538372823988001348 0.16452791228764199194
888 384 0.13547108214452199815 0.13538108734914999776 0.16452719521458999963
885 381 0.13546994955640800917 0.13538237818271300905 0.16452870585118400948
898 394 0.13547003933234799677 0.13537848252638501334 0.16452616919036600063
910 406 0.13547365670388000769 0.13537351258654301001 0.16452819474359900442
889 385 0.13546735710338800307 0.13537961978974200061 0.16453371617938000737
894 390 0.13546791493509199866 0.13537699957549301222 0.16453674121400899133
884 380 0.13545948043011799 0.13537702969330700498 0.16453361104058700226
880 376 0.13545970099973200784 0.13538162111880899796 0.16453299093046500068
876 372 0.13545608438655398764 0.13537933402793300708 0.16453167276280900033
885 381 0.13545822133394000431 0.13537497640165699342 0.16453184451636798658
883 379 0.13545798186861698897 0.13537704685943599547 0.16453118020548498923
879 375 0.13545702421680699823 0.13538093508029699907 0.16453144898820701303
883 379 0.13546149758884398762 0.13538346500471701295 0.16453859025531800131
878 374 0.13546326405474801158 0.13538851231825799193 0.16453635093428700675
879 375 0.135465262131292008 0.13539217044498599862 0.1645439069876880045
872 368 0.1354660587071780109 0.13539606688747099494 0.16454888775354400976
859 355 0.13546416952485298979 0.13539833544116000597 0.16454567092982000376
867 363 0.13546540683173000086 0.13539686486822499756 0.16454583289515700706
853 349 0.13546582322875400095 0.13540242833298599123 0.16454668446991399522
853 349 0.13546855571481900005 0.13540517343444999354 0.16454619764289799
863 359 0.13546887300781801367 0.13539953057027401262 0.16454263649417300019
858 354 0.13546919020860601068 0.13540136743471400949 0.16453901669567699839
850 346 0.13546194029798899749 0.13539962762886301184 0.16453629972784900026
859 355 0.13546449363272800026 0.13540016355185899299 0.16453547570696400171
868 364 0.13547012241045000569 0.13539987155502800076 0.16453521832922998747
866 362 0.13546910405333401073 0.13539852541204699943 0.16453831604788299314
855 351 0.13546781667905899438 0.13540204682226100741 0.16453700435340498642
861 357 0.13546886195191901181 0.13540196299358900345 0.16453026519725399979
866 362 0.13546873154305899556 0.13539802496494598993 0.16453109896868600703
872 368 0.13546904838843901175 0.13539538062811098951 0.16452980395703400984
870 366 0.13546823932230600551 0.13539352770785900715 0.16453001629235200487
867 363 0.13546311014608400369 0.13539136248719699229 0.16453381922882298616
870 366 0.13546431449378701362 0.13539240720665898787 0.16452913898073900922
872 368 0.13546812493972701374 0.13539410093410900182 0.16452926216123600622
877 373 0.13546880174355599435 0.13539495509848700761 0.16453177655484499398
868 364 0.13547207251627099711 0.13540138027815099009 0.16452744454580900402
870 366 0.13547383145359701007 0.13540277191782801314 0.16452433702718000097
871 367 0.1354783047603720092 0.13540476309372800889 0.16452729341796099027
877 373 0.135479059046303002 0.13540470967786999434 0.16452936428254699708
877 373 0.13547919606414399185 0.13540597181131699966 0.16453289874082899225
869 365 0.13547886363815100919 0.13540788209501600226 0.16453737238760099415
867 363 0.13547677159780899259 0.13540633585756800539 0.1645380924483799967
880 376 0.13548665959361799738 0.13540932788494200456 0.16454481507268400864
879 375 0.13548612951718000397 0.13541106553231099796 0.16454693016219901214
882 378 0.1354852402806920042 0.13540715350565499242 0.16454871045036101318
871 367 0.13548557292086199633 0.13541156849412400165 0.1645539136285580073
864 360 0.13548379911706198708 0.13541303610544799807 0.16454969675937300422
865 361 0.13548094442994099151 0.1354097610484210068 0.16454336160850499549
864 360 0.13548216217348599266 0.13540982933423900691 0.16454337470451799175
860 356 0.1354841242266089929 0.1354110522996730126 0.16454665329084400271
859 355 0.1354850728343660049 0.13541093099001899613 0.16454945608313500949
869 365 0.13548896111532998665 0.13541047985512499885 0.16455333016811599101
871 367 0.13549121979922199022 0.13541205623318700035 0.1645508084351759992
872 368 0.13549220492056399112 0.13540714811969600806 0.16455146950457799626
874 370 0.13549233961425499739 0.13540652078864098828 0.16455161859760999987
868 364 0.13549107325786199918 0.13540671762909800568 0.16454998435915399457
865 361 0.13548664273485699905 0.13540262410903300405 0.16454737567146698884
879 375 0.13548982152547500712 0.13539666453823401282 0.16454740678833801315
899 395 0.13549405255093399658 0.13539078597634998657 0.16454917588831100006
895 391 0.13549768606541298666 0.13539725578146100116 0.16455740296230800257
881 377 0.13549330626778099962 0.13540028984226398778 0.16455715096841899703
883 379 0.13549146715151000331 0.13539848085131800381 0.16455419868187501353
892 388 0.13549308838219201179 0.13539706865438000394 0.16455519537797599905
883 379 0.13549012946499200405 0.13539930900018398718 0.16455165917257399966
889 385 0.1354896985570170076 0.1353958550592549992 0.16454973092720098782
878 374 0.13548833625800699165 0.13540070367352299852 0.16455262696882200224
873 369 0.13548418017635199817 0.13540003545383899608 0.16455563691141100735
870 366 0.1354767375809469987 0.1353917391957180083 0.16455295392045898861
867 363 0.13547311964288299979 0.13538909274654900572 0.164552580767232004
868 364 0.13546888108366700321 0.13538831664146100398 0.16454894446118700779
870 366 0.13546777167876600245 0.13538763245730900397 0.16454642267636299113
878 374 0.13546867078914900939 0.13538457940775699972 0.1645467904394559977
875 371 0.13546598678378399261 0.13538310458501801037 0.16454597830769399081
880 376 0.13546742087225899231 0.13538368744618700656 0.16454863488601501054
877 373 0.13547117820814799649 0.13538581108119698837 0.16455366048488198616
855 351 0.13546825777152998738 0.13539512154072300132 0.16455844066712799201
862 358 0.13546708905224999486 0.13539105949424298792 0.16455306269153299747
858 354 0.13546767128059999941 0.13539343628388500473 0.16455399821732899501
862 358 0.13547111025529900985 0.13539486909329601083 0.1645516006536930087
871 367 0.13547151495910300656 0.13539121660437899997 0.16454902638353000044
868 364 0.13546637269561701 0.13539012525010599153 0.16454647510670600274
885 381 0.13547144349254300333 0.13538710677368401281 0.16454380999615900172
885 381 0.13547413878550298993 0.13538823606313699077 0.16454188427448099286
890 386 0.13547736748108499261 0.13538951053146799919 0.16453656601479299537
884 380 0.13547621018458100295 0.13539384228094800133 0.16454128690536701241
884 380 0.13547564343316600977 0.13539304930451301345 0.16454350770001199833
876 372 0.1354705051063470056 0.13539432257619998801 0.16454158687650999315
880 376 0.13546825154036601369 0.13539037642130799521 0.16454199875226199756
879 375 0.13546825006575399786 0.13539191706403899684 0.16454231458671600419
875 371 0.13546813955200900925 0.13539170238191500228 0.16454295114220598983
895 391 0.13547701348576998703 0.13539098920926700975 0.16454325931925900539
899 395 0.13547603394041099478 0.13538950496692300773 0.16454498362336000827
887 383 0.13547666237348598983 0.13539650935602198789 0.16454636447209200489
877 373 0.13547228048597201311 0.13539914705336300593 0.16454320254094401133
880 376 0.13547460669649799558 0.13539831826413600835 0.16454437304602201331
879 375 0.13547906108349799803 0.13540210773085101237 0.16454402485959698788
880 376 0.13548153204338100886 0.13540077508670000928 0.16454487068626899582
886 382 0.13548006840033699483 0.13539566895533200475 0.1645465490500619965
889 385 0.13548293264677899184 0.13539285766271999534 0.16454763741136399502
892 388 0.13548297781244400539 0.13539038054627999808 0.1645485302154069962
892 388 0.1354841974068569932 0.13539287674925298832 0.16455028456367901124
895 391 0.13548871804436299349 0.13539763976145299806 0.16455520176177698688
890 386 0.13549042784698800412 0.13540195901540799661 0.16455619248403999255
898 394 0.13549329983290400725 0.13539995472674901111 0.16456033425213401067
895 391 0.13549221096333699532 0.13540038749984800726 0.16456301348785601357
902 398 0.13549363451545801129 0.1353977538808900094 0.16456748064817899868
894 390 0.13549257587256799407 0.13540270066679899186 0.16456405682565300452
894 390 0.13549486488095999204 0.13540437475311400961 0.16456727152650299506
897 393 0.13549509566139000816 0.13540389790722098806 0.1645660854090910119
910 406 0.13549904744195501172 0.13540038699106499154 0.16457041701822200386
909 405 0.13549745663140799756 0.13540033473369500472 0.16456908368575601243
902 398 0.13549805041901599734 0.13540398809121501067 0.16456595998209300191
906 402 0.13549876366449001286 0.13540357221099499907 0.16456649917216201184
911 407 0.13550073519288000079 0.13540462108640299865 0.16457054871752399561
900 396 0.13549679352300600388 0.13540613590456199167 0.16457172656954599521
888 384 0.13549536144507501323 0.1354111358066650006 0.16456791714855600883
889 385 0.13549562178937399337 0.13541145727140899147 0.16456502744608300648
899 395 0.13549959882174000825 0.13540877814886301267 0.16456246925256801106
893 389 0.13549990718818999413 0.1354119548219570035 0.16455900076404600396
888 384 0.1355014540362499964 0.13541767664473700061 0.16456038511652298917
887 383 0.1355008191135390061 0.13541952082619199138 0.16455885693492300348
891 387 0.13550546240551400445 0.13542406103271700801 0.16456050530463600667
903 399 0.13550466996599000447 0.13542103143320499692 0.16456180069212900108
903 399 0.13550594974142998739 0.13542020266369100834 0.16456891381983398959
896 392 0.1355076327471310127 0.13542391879465298654 0.16456948112267300033
887 383 0.13550552435116400285 0.1354276701430340013 0.16457083716246501126
888 384 0.13550772667851598841 0.13542828474395399163 0.16457060767492801001
883 379 0.13550644163934599806 0.13542692382180598898 0.16456918220852301271
880 376 0.1355045588320540062 0.13542427679162000187 0.16457237904944499451
880 376 0.13550225434572699124 0.13542064629898700745 0.16456539740611100808
888 384 0.13550145230995200296 0.13541576699210400303 0.16456625052321000036
887 383 0.13549967923991698693 0.13541403444502800313 0.16456042682851398928
893 389 0.13549826127673000875 0.13541283957076899469 0.16455962714764599264
899 395 0.13549852055243399862 0.13541002755681399994 0.16455746784943800498
904 400 0.13550248737783898711 0.13541260528681700603 0.16456043629928299166
900 396 0.13550184271017801096 0.1354124852218629993 0.16455731746356899725
908 404 0.13550465079808199365 0.13541153862630000981 0.16455806115766499764
904 400 0.13550413301539399047 0.1354113885749800017 0.16455910134830001312
908 404 0.13550636158505199869 0.13541178738896400557 0.16456268681328201087
917 413 0.13550496285154700615 0.13540675867259399645 0.16456868822868800373
917 413 0.13550758242474800208 0.13540743553417899925 0.16457269243147398807
907 403 0.13550396847414000745 0.13541032449530698845 0.16456901428650999586
908 404 0.13550590130019099511 0.13541098847166699315 0.1645676361506450136
902 398 0.13550251259178100471 0.13540645716717800151 0.16456597292494398732
902 398 0.13550237929284900118 0.1354059465277969998 0.16456303311776199205
906 402 0.13550712243460899531 0.13540580965846998884 0.16456202605113098847
901 397 0.13550644045853899033 0.1354091305234630116 0.16456376312214598956
906 402 0.13550971318245699782 0.13540702364045401063 0.16456424503832001172
902 398 0.13550749247971799472 0.13540610963903099151 0.16456537775087801134
900 396 0.13550887511080300651 0.13540897732106099705 0.16456636021765100319
890 386 0.13550526555261699357 0.13540982734856299441 0.1645653679708219963
898 394 0.1355076166309369945 0.13540725792695598728 0.16456019010558700644
894 390 0.13550595590286099168 0.13540940791708699908 0.1645632490762629907
898 394 0.13551063379082900484 0.1354103838660369874 0.16456106626133099047
892 388 0.13551179925418299632 0.13541401310670200808 0.16456344816591700342
885 381 0.13551052957135301114 0.13541507838590499668 0.16456162773508900554
881 377 0.13550897719922000428 0.13541725617459698938 0.16456357051120099055
886 382 0.13551214796057101108 0.13541872965036100274 0.16456391657170899023
880 376 0.13551451461258701148 0.13542293290588999777 0.16456101214514098907
881 377 0.13551542539195798875 0.13542390609154400516 0.16456410439842900084
873 369 0.13551371691562499877 0.13542776474056900105 0.16456075176081000344
878 374 0.13551737278771400219 0.13542808174704598634 0.16456413882677400906
870 366 0.13551570225344400367 0.13542814611369000111 0.16456401368014800246
877 373 0.13551993323304301065 0.13542827671659399269 0.16456514393715399036
877 373 0.13551884982029299698 0.13542743988285199652 0.16456809102301100944
872 368 0.13551855829768399975 0.13543270120824699165 0.16456868771087299064
862 358 0.13551560975967300027 0.13543521585480700065 0.16456900330270998745
859 355 0.13551300388648498951 0.13543458268580399473 0.16456379690969899499
871 367 0.1355155931513410128 0.13543190787986700285 0.16456385792488900655
864 360 0.13551654019331499379 0.1354345595609240116 0.16456273387494599336
867 363 0.13551610128201299621 0.13543037254626300037 0.16456516098034698614
871 367 0.13551878591077701208 0.13543006440124799594 0.16456944641213100411
863 359 0.13551613296883499582 0.13543132877197799901 0.16456988926880000701
857 353 0.1355165441588319919 0.13543606739448599274 0.16456640369953198788
856 352 0.13551323883999100151 0.13543342462905100243 0.16455812065812000511
859 355 0.1355169171741829881 0.13543624794964601032 0.16455761775798100066
877 373 0.13552105404553299595 0.13543346806112499525 0.1645587759653950044
881 377 0.13552031383910201345 0.13543067081128801199 0.16455912533121799801
871 367 0.13551706903812399396 0.13543342714878001121 0.16455639396227300653
871 367 0.13551794730236399467 0.13543424017674399185 0.16455492676187299939
878 374 0.13552102840135898942 0.13543517896105400355 0.16455465402493199556
875 371 0.13552245121100001124 0.1354375619304629963 0.16455927696683000927
876 372 0.13552474113851001314 0.13544007019251999568 0.16455853056943600676
871 367 0.13552401992668000608 0.13544192457409401364 0.16455692927634299472
875 371 0.13553151020259598947 0.13544651017516298741 0.1645548227214680137
871 367 0.1355319857967799968 0.1354478178454640025 0.16455461205360799593
868 364 0.13552949205659300946 0.13544721449773600153 0.16455061148463601128
867 363 0.13553131226790299246 0.13545040225413298995 0.16454842311084300066
867 363 0.13552798205832400358 0.13544521148378399489 0.16454154106359600296
873 369 0.13553047295171100073 0.13544473463974798788 0.16453716974028301245
874 370 0.13552712488860899076 0.13544300087403299271 0.16453269788097399373
862 358 0.13552635582319799701 0.13544734824926898953 0.16452816168006101361
880 376 0.13553275658590899222 0.13544155658361500816 0.16452579283333901294
882 378 0.13553526437512700142 0.13544036212395399454 0.16452357373515200112
887 383 0.13553663426780498957 0.13543755258865200486 0.16452554748710698784
878 374 0.13553406525304800834 0.13543923039632399519 0.1645274771567259986
883 379 0.13553846921668999403 0.13544155964949000648 0.16452776809393898638
880 376 0.13553587130523001014 0.13543898445583299472 0.16452463104281600526
868 364 0.13553122376218901257 0.13543991367030799866 0.16452219170155799044
873 369 0.13553132036904300128 0.13543870885903999679 0.1645186788325589955
877 373 0.13552951213197700353 0.13543461706853399118 0.16451793287962299117
866 362 0.13552598466084100903 0.13543748924199000561 0.16451312582303201371
872 368 0.13552725774152399318 0.13543650026467299319 0.16451079854841099692
874 370 0.13552664531343200371 0.13543296608489599486 0.16450694439065099983
882 378 0.13552796618368301296 0.13542948083780800839 0.16450471292536000822
891 387 0.13553108306608499523 0.13542745408351500314 0.16450654484239699005
892 388 0.13553116910411999729 0.13542635965575899881 0.16450600835491899221
884 380 0.13552759619843199324 0.13542816163273699304 0.16450440178415801085
887 383 0.13552867280874400513 0.13542613594019300982 0.16450366613976200036
888 384 0.1355282452861719944 0.13542452870729498882 0.16450416309617799104
899 395 0.13553141863916398635 0.13542296972689699119 0.16450350704468300056
894 390 0.13552854598828001365 0.13542289720153899424 0.16450443522047999978
895 391 0.13552966170804300883 0.13542469837064899374 0.16450425768547199956
903 399 0.13553174760307298841 0.13542540127649299597 0.16450708015005699458
892 388 0.13552892441395300582 0.1354300532139539881 0.16450621462066100653
899 395 0.13553322898495198667 0.13543036744661099413 0.16450414281437700237
906 402 0.13553511858721700722 0.13542842126408599635 0.16450425524909501052
916 412 0.13554095247891900788 0.13542847329547499924 0.16450204685300601204
913 409 0.13554294719883899778 0.13543305644438499713 0.16450373087469699618
909 405 0.13554101656183500935 0.13543451463253600164 0.16450374922526900257
898 394 0.13553828238744600188 0.13544080058265600686 0.16450735124224100114
900 396 0.13553957936556398911 0.13544282940295698792 0.16451098445834100303
891 387 0.13553358265242901326 0.13544470268960701054 0.16451274926418499311
892 388 0.13553156670117799676 0.13544204753693400711 0.16451406920091699027
882 378 0.13552984220618999323 0.13544659523453200789 0.16451347486998299519
885 381 0.13553321124052700175 0.13544919390107498791 0.16451225481576900456
879 375 0.13553415869512300262 0.13545342955781600192 0.16451447100038199545
880 376 0.13553534849369200388 0.13545560974709699997 0.16451315347058401151
875 371 0.13553398213466300026 0.1354564913593510056 0.16450785230694600636
871 367 0.13553087412156500369 0.13545397345706100545 0.16450540854756298681
874 370 0.13552731324600200691 0.13545025424413500992 0.1645044797573090023
877 373 0.135526084484841991 0.13544886909307798928 0.16450536929244799489
873 369 0.13552758402057599185 0.13545320823150400202 0.16450428878744599581
874 370 0.13552469186865800932 0.13544967500934698701 0.16449742108039100419
880 376 0.13552307743206398749 0.13544603579883099376 0.16449630618729998988
881 377 0.13551927779630298931 0.13544120787564500885 0.16449110672636998998
880 376 0.13551808037005100283 0.13544066902486298631 0.16448983737397199212
886 382 0.13552022755492698636 0.13544002338137400843 0.16448633694903899705
883 379 0.13552249937130500523 0.13544417587239299117 0.16448740846626000445
884 380 0.13552223966680901346 0.13544660364817298626 0.16448658098033600017
898 394 0.13552503253283901263 0.13544281334495000824 0.16448622647261298968
897 393 0.13552337990594098827 0.13543934477100799674 0.1644892537724010062
891 387 0.13552124564201001311 0.13544048833934199672 0.16449003920347698982
890 386 0.13552247207968601272 0.1354400569893720041 0.16448735736487699044
899 395 0.13552380464064600618 0.13543603807352300183 0.16448544492216898849
900 396 0.13552814977968399845 0.13544006217317000607 0.16448655117387600555
905 401 0.13552875727424398833 0.13543821801802599647 0.16448559151408700951
903 399 0.13553242460938200176 0.13543987692250900046 0.16448050571868599867
894 390 0.13552977990736700398 0.13544461143618299892 0.16447972712594999267
902 398 0.13552702963486198962 0.13543870126546900257 0.16447719328217000334
896 392 0.13552491599981600356 0.13543885838978300673 0.16447148878783199311
896 392 0.13552372030756598686 0.13543914020632599748 0.16447336768018300246
892 388 0.13552312321600498701 0.13544199102726700579 0.16446982644264898643
899 395 0.13552988299411100614 0.13544377909624699674 0.16447028949596401159
893 389 0.13552948725744801139 0.13544712076700499148 0.16447002786783698758
892 388 0.1355236057872840072 0.13544165993845300178 0.16446882663591400053
883 379 0.13552431930727598663 0.13544565886297399437 0.1644655219746539998
903 399 0.13552991911777101386 0.13544158756009599953 0.16446489814060299972
894 390 0.13552980266108899388 0.13544737638890400055 0.16446332772385699461
897 393 0.13553069824624899842 0.13544688595070900061 0.16446458638014599396
895 391 0.13553394416143599299 0.13545151643421998733 0.16446579791960100336
886 382 0.13552771112813399856 0.13545071731784000257 0.16446202848313901113
881 377 0.13552536998779099453 0.13544853162835598925 0.16446096231599299786
884 380 0.13552275065712898749 0.13544498461012799417 0.16446052664856200543
880 376 0.13552013206449400884 0.13544395572518799775 0.16445870573133100634
887 383 0.13551922872660498998 0.13543939127742499196 0.16445776559940000761
892 388 0.13551957566181599413 0.13543636804975800469 0.16445614751776799212
885 381 0.13551935467561099236 0.13543944410490599273 0.16445661164531999443
888 384 0.1355262067218430122 0.13544299265332099269 0.16445772576448700053
891 387 0.13552522602856800771 0.13544270494455099008 0.16445732258274201043
891 387 0.13553178628078199619 0.13544712795765700974 0.16445574841579799208
891 387 0.13553045784801401319 0.13544411730113001258 0.16445349848627799361
881 377 0.13552782244649200227 0.13544909533417098801 0.16445092620000001382
885 381 0.13552719740513899382 0.13544690191349301189 0.16444759279152498799
894 390 0.13553484039784599591 0.13544791480341300538 0.16444979940643000837
889 385 0.13553403168376298993 0.13544987963838400757 0.16445015552410399695
887 383 0.13553561625804999569 0.13545207457707200693 0.16444881697657401376
898 394 0.13553764276140201073 0.13544940931265500583 0.16444904451728800665
910 406 0.13554074448668698705 0.13544548544362100539 0.16445045681229200629
904 400 0.13553967584522899625 0.13544821810159998754 0.16445412965000999472
907 403 0.13554698459202599303 0.13545469090224698805 0.16445524222273200099
907 403 0.13554352396607100006 0.13545254659561301036 0.164456358243976003
900 396 0.13553980493728701173 0.13545273044891001368 0.16445510566594301327
906 402 0.13554074380415098711 0.13544989568031398641 0.1644560349649840103
908 404 0.13554201852981301313 0.13544997366146799278 0.16446045754453700316
903 399 0.13554144023462899593 0.13545293376935499396 0.16446063279235101362
905 401 0.13554408757537400598 0.13545423316436899785 0.16446210123838700401
897 393 0.13554253022982701293 0.13545606957310499241 0.16446377435549999757
893 389 0.13554213457058400527 0.13545956489675800571 0.16446470551414099637
900 396 0.13554343716100400452 0.13546013813400800685 0.16446126048366799255
896 392 0.13554471040400500881 0.13546269295980201131 0.16446397235812199034
894 390 0.13554710489376201044 0.13546492888222300133 0.16446567043168200395
896 392 0.13555002696078100044 0.13546550550347799535 0.16447096364964100546
894 390 0.13554944818698499986 0.13546591733440299654 0.16446995117912699413
888 384 0.1355442097986299943 0.13546178119438098686 0.16446818318021799721
896 392 0.13554575975161201051 0.13545728091298500639 0.1644639699014759926
896 392 0.13554638946719099746 0.1354589972494439909 0.16446608176128899026
899 395 0.1355485909013809942 0.13545997575343798891 0.16446374563604299057
894 390 0.13554667094808600658 0.13545913228099598635 0.16446174695247001152
899 395 0.13554775998581400365 0.13545824848395199291 0.16446174313698899705
898 394 0.13554456726976499281 0.13545808393389000002 0.16446394336988701124
897 393 0.13554447841919201045 0.13545903273278300794 0.16446859038265498887
893 389 0.13554361355835300995 0.13545929174051699051 0.16446857437444301064
894 390 0.13554478915498399672 0.13546060507689700048 0.16446467999431299556
892 388 0.13554651909576800883 0.13546240686096699957 0.16446094103860001145
886 382 0.13554457240540798701 0.13546248284182499377 0.16446201722523398625
887 383 0.13554550757628400226 0.13546163994688001364 0.16445554407735099578
885 381 0.13554557173073100707 0.13546353541722699898 0.16445788611194800399
887 383 0.13554827666403798658 0.13546634900103998733 0.16445972033481098817
884 380 0.13554678129023001176 0.135467401351919009 0.16445809310367501266
884 380 0.13554800288052498702 0.13546917141496800374 0.16445948273180199806
890 386 0.13555235158179901322 0.13547060567967200706 0.16446308753245100776
879 375 0.13554654307982000327 0.13547193383351099905 0.16446359039428901094
880 376 0.13554584236415501142 0.13546999014581501131 0.16446515313606299702
882 378 0.13555003657896799729 0.13547421763610500989 0.16446457331885500075
883 379 0.13554951729637801372 0.13547406239830500629 0.16446280385512898614
884 380 0.13554334911666698904 0.13546817494178300945 0.16446214294313199478
874 370 0.13554702564453399716 0.13547490999466899053 0.16446535088815600334
879 375 0.1355497553385029974 0.13547536631961701326 0.16446655615818600582
881 377 0.1355542804448499894 0.13548091875256099148 0.16446959943557398764
876 372 0.13555403766465601301 0.13548373629874899127 0.16446891930480500577
879 375 0.13555812133263300812 0.13548583612541900689 0.16446979159350599842
879 375 0.13556265321096799825 0.13549305863003599515 0.16447454829655000497
878 374 0.13556269596530398647 0.13549390495935900725 0.16448165091201799592
881 377 0.13556583156843599047 0.13549673735856299084 0.16448619145066500913
870 366 0.13556229462490598792 0.13550185307743001228 0.16448442151646400222
874 370 0.13556493271747199758 0.13550171247154199627 0.16447869160927300336
877 373 0.13556515648990000167 0.13550239363882998767 0.16447439204298500148
879 375 0.13556255572860700931 0.13549943534145700297 0.16447592967859200885
877 373 0.13556024208605599313 0.13549978222436701025 0.16447295435125300345
876 372 0.135558253041770993 0.1354972174929290063 0.16447068554527299877
877 373 0.13556168132736701182 0.13549856753853500857 0.16446697478393199066
887 383 0.13556675887739400022 0.13549963024555000679 0.16446667762434799553
884 380 0.13556738232955301005 0.13550119019253401009 0.16446791901474999698
884 380 0.13556483096431601321 0.13549757688122598953 0.16446560594067899386
884 380 0.13556419611999301345 0.13549626378518500602 0.16446559786140599324
881 377 0.13556607789182800738 0.13549984632921999173 0.16446251584016299829
884 380 0.13556773945439198892 0.13549921964823899434 0.16446228437694099256
879 375 0.13556570405790099865 0.13549947158659300661 0.16445954602637699593
883 379 0.13556721282719400024 0.13549759630525601284 0.1644679776043380115
883 379 0.13556270154280500306 0.13549248026600199668 0.16447231000487599895
892 388 0.13556437252506800539 0.13549039604392801306 0.16447548539823100833
893 389 0.13556379571878399148 0.13548980006190400327 0.16448024633374000447
898 394 0.13556246745411298926 0.13548909904678999028 0.16448114949281300579
887 383 0.13556143425213099118 0.13549570784433198622 0.16447944596960401009
881 377 0.13556307576182199948 0.13549974307561699072 0.16448082949060699454
889 385 0.13556776254423300032 0.13550200396851200257 0.16448183932785701011
877 373 0.13556169502498899293 0.13550237857565600175 0.16448065562071401136
877 373 0.13556073861380199541 0.13550203881610700662 0.16447824557132501022
865 361 0.13555699489128000823 0.1355017676659079906 0.1644734366848280005
879 375 0.13555837017932700905 0.13549848509781500794 0.16446409852288498832
880 376 0.13556009668789001377 0.13550087853710299224 0.16446243410595701162
875 371 0.13555521395976899424 0.13549918757992299168 0.16445960506114801203
880 376 0.13555113170084401308 0.13549511686550799738 0.16446238550641900655
884 380 0.13555150875441798752 0.13549447408796500003 0.16446184062846100349
897 393 0.1355563244159090075 0.135494211832264011 0.16446339813662300133
897 393 0.13555473323009301079 0.13549338831416199436 0.16446604223926400423
908 404 0.13556000291500000521 0.13549478112835899868 0.16446727956504800239
900 396 0.13555802182642198717 0.13549691574176200848 0.16447128950314199303
886 382 0.13555402741785199661 0.13550085625078001073 0.16447053908513700748
885 381 0.13555515333609999273 0.13550148728868199877 0.16446281895325901012
889 385 0.1355604673899190038 0.13550555986545301246 0.16446129903558298624
882 378 0.13555767066407101162 0.13550456518427300701 0.1644595527812260094
881 377 0.13555528295569699293 0.13550289453650399274 0.16445520765665599949
888 384 0.13555491833844499072 0.13549884016730801006 0.16445396217603000522
883 379 0.1355522753132890057 0.13549885265479599816 0.16445139585168899732
887 383 0.13554872224410699499 0.13549252887988399996 0.16444680482745999139
879 375 0.13554197307481499757 0.13549193467019299275 0.16444888324760401077
889 385 0.13554367927773500191 0.13549245069208901149 0.16444891249858900606
891 387 0.13554463485702500369 0.13549290139723099702 0.16444651762880299617
897 393 0.13554676658332701078 0.13549555344016001035 0.16444315293542599576
895 391 0.13554407125109999011 0.13549755055045500929 0.16444219767566800594
890 386 0.13553786875260900868 0.13549733551249498742 0.16444557514119301223
887 383 0.13553834107045401036 0.13549843189956600753 0.16444857982365598814
894 390 0.13554184694856599713 0.13550000139982198988 0.1644528906676230029
896 392 0.13554809027809000543 0.13550559432408099125 0.1644554334676850138
898 394 0.13555256020982001108 0.13551108103092499024 0.16446430979044698861
892 388 0.13555097436600799243 0.13551369174849300925 0.16446941717902599511
908 404 0.13555893756276599094 0.13551453650404399198 0.16447486717626200181
910 406 0.13556115874184498926 0.13551488943085399086 0.16447395461832201025
906 402 0.13556520704219399143 0.13552186998016799158 0.16447981257928098731
919 415 0.13557123319500399838 0.13552215393455399606 0.1644864724346919993
910 406 0.13557647190250499136 0.13553213744336001234 0.16449199415312901196
902 398 0.13557974952476101183 0.13553815609175601242 0.16449569975010200351
899 395 0.13558444604525898836 0.13554385972752999723 0.16450174599985700752
905 401 0.13558934957821200396 0.13554435965195499314 0.16450325656910499972
900 396 0.13558994629231299611 0.13554806206569700033 0.16450857093052201341
890 386 0.13559062792534801178 0.13555085420752199798 0.16450849991113999926
884 380 0.13558721324167799516 0.13555397579607300629 0.16450956037249500619
895 391 0.13559003275270400946 0.13555111120789500867 0.16450940821181300744
893 389 0.1355920949109870044 0.13555543511837800374 0.16451031961762699329
894 390 0.13559286100828699118 0.13555519429544199417 0.16451006110432100926
897 393 0.13559326761297499364 0.1355534007046199918 0.16451088394436400031
902 398 0.13559297454967900176 0.13555138048965800768 0.16451517845627400272
892 388 0.13559140552494400311 0.13555502071446601242 0.16451627573845001296
898 394 0.13559752046799500302 0.13555923691912499796 0.1645159814472250126
887 383 0.13559460942161699615 0.13556027348079899286 0.16452096539119401286
889 385 0.135593021926949997 0.13556037213562999177 0.16452178967074299054
889 385 0.13559318255154600985 0.13556136988465100623 0.16452678218124999754
893 389 0.13559370205634699302 0.13556072174341199377 0.16452335219713098979
900 396 0.13559978402719199964 0.13556268381309499738 0.16452704812366900078
883 379 0.13559735631222200047 0.13556815367064700695 0.16452701337249700519
882 378 0.13560051873152800805 0.13556961326298300197 0.16452434350036901356
881 377 0.13559718526052799703 0.13556744239735599167 0.16452212925738898819
885 381 0.13559756231346600797 0.13556332530327899755 0.1645197394431489879
890 386 0.13559696709669999404 0.13556183618695499815 0.1645199878759600054
898 394 0.13559786300129900161 0.13555933654734900196 0.16452223189082598731
889 385 0.1355966263806649974 0.13556123114441501198 0.16451894735987299123
895 391 0.13560103147344801378 0.13556094298604701165 0.16452221315951501279
900 396 0.13560185095002499911 0.13556177818635301024 0.16452238024697798946
910 406 0.13560345297665399311 0.13555940255056800336 0.16452328369514598871
895 391 0.13559498369599098933 0.13555935993556800234 0.16452326382138099392
890 386 0.13559385204173399209 0.13556214952508599536 0.16451953431682400653
891 387 0.13559211737497101069 0.13556121914751900759 0.16451890548352798849
874 370 0.13558358733768599569 0.13556343224354600041 0.16451942478546199844
886 382 0.13559236272277000457 0.13556455954998999913 0.1645150386763999939
894 390 0.13559224977462400186 0.13556150625744001204 0.1645150513858729957
895 391 0.1355932203389079993 0.13556260510064599423 0.16451548307064700616
896 392 0.13559462394628399307 0.13556557127043100675 0.16452254291533599528
885 381 0.13559142133278198616 0.1355670562047099903 0.16452686254709400493
877 373 0.13559143100820600369 0.13557167148133800194 0.1645238155473039976
869 365 0.13558982108276099177 0.13557458810955400064 0.16452619874908600006
869 365 0.13558983098479199247 0.13557490186385601216 0.1645250067537289973
868 364 0.13558867357172199597 0.13557528128624998787 0.16452406869166100178
883 379 0.13559144143886500689 0.13557174920303299848 0.16452319731564898908
878 374 0.13558667031640900258 0.13556839721380500863 0.16452350458807898925
887 383 0.13558571137494099257 0.13556107917817100672 0.16452418094985898911
891 387 0.13558446114529398852 0.1355592650711290037 0.16452679414058798968
892 388 0.13558386027728999701 0.13555675482793799747 0.16452949442097900001
898 394 0.13558889371060101059 0.13555944430945399137 0.16453130817878999781
891 387 0.13558724863859800136 0.13556417656340200018 0.16453163485815400224
902 398 0.13558662890516701149 0.13555910498749398907 0.16453443183580099274
895 391 0.1355810171265789954 0.13555662454637498748 0.16453508123334301128
896 392 0.1355821374971379889 0.1355581733628279939 0.164536531528498009
883 379 0.1355817817230879907 0.1355627056785710105 0.16453568096919798935
870 366 0.1355752895409620129 0.13556470486975999434 0.16453204922437600355
879 375 0.13557699290771099698 0.13556209302356800328 0.16453015991895500458
879 375 0.1355745902197439956 0.1355608178544389919 0.16452910319405400497
874 370 0.13557036564912899879 0.13555740805690000284 0.16452920166821699555
878 374 0.13557037830893001185 0.13555445063243198867 0.16452754159913698939
880 376 0.13557003398094599755 0.1355511932476939907 0.16452727177449699703
882 378 0.13556906065097598657 0.13555106680543299591 0.16452120910715101187
879 375 0.13556811585204300852 0.13555283998587999705 0.16451827397220000759
891 387 0.13557101991867701041 0.13554871890430100767 0.16452083312543899773
896 392 0.13557246852714199825 0.1355480765870749893 0.16451969103940600192
887 383 0.13556803289255300871 0.13555058258093599655 0.16451997656086400634
888 384 0.1355723899385639919 0.13555228959445100867 0.16451639443485199799
883 379 0.13556758037314900478 0.13555423011761799645 0.16451202791968499994
886 382 0.13556567977642500211 0.13554983952048699214 0.16450645294665799945
892 388 0.13556624644597900509 0.13554783547389098741 0.16451025593094900645
901 397 0.13556735654104398736 0.1355444885130659971 0.16451080606663501249
906 402 0.13557076385266300655 0.13554385739414301359 0.16451076300077699388
907 403 0.13557196661900300372 0.13554225877168499248 0.16451513884151999778
909 405 0.13557347863519700337 0.13554206858041800698 0.16451793683186399786
894 390 0.13556815762471499665 0.13554400013283099402 0.16451859712519301127
893 389 0.13556685839964099927 0.13554273071010200513 0.16451598980286899487
888 384 0.13556650562210800781 0.13554282234394299245 0.16451984753029000319
893 389 0.13557005057895799016 0.13554293229820499334 0.16452499966804198794
899 395 0.13557396031087098898 0.13554518108123800313 0.16452612074444400436
890 386 0.1355691487097570036 0.13554527232895799416 0.16452691595225699128
882 378 0.1355651536339499974 0.13554967683311699989 0.16452485515119599779
888 384 0.13556379949000399443 0.13554260360096201388 0.16452487712096500183
880 376 0.13555975862770100471 0.1355409607183259979 0.16452209311995200092
878 374 0.13555362246792598824 0.13553689936990501175 0.16451865555522099394
883 379 0.13555499473440399405 0.13553633543284798746 0.16451724058839201081
888 384 0.1355559923670119904 0.1355368957924099893 0.16451813437140599961
891 387 0.13555595059583500084 0.13553497315576099047 0.16451627250519598733
891 387 0.13556101780325899298 0.13554252332333999176 0.16451650860657099362
891 387 0.13556428686140700735 0.13554467583194199087 0.16451905919349799068
884 380 0.13556237376795599037 0.13554782979670698673 0.16451998699920300506
883 379 0.13556263035338300682 0.13554826674674899656 0.16451923384878999745
876 372 0.13555857634165299763 0.13554792643626001336 0.16451750935161899014
873 369 0.1355565337401249959 0.13554933666832999495 0.16451854914701000143
886 382 0.13555444514664799494 0.13554148823992098749 0.16452302604792701235
885 381 0.13555352497832198755 0.13554082129678299284 0.16452618156235698788
870 366 0.13555025005092799506 0.13554470337992899354 0.1645233952641189934
873 369 0.13555301218494900106 0.13554439204987500656 0.16452070761056200587
875 371 0.13555412970660499217 0.13554717689395701097 0.16451913115142099975
864 360 0.13555129443828500824 0.13554756688754099336 0.16451981396206299957
860 356 0.13555014132887499567 0.13554480503920199319 0.16451482765566999289
869 365 0.1355515012389039986 0.13554052823684600848 0.16451232773371599061
866 362 0.13554733297477600251 0.13553928208266999289 0.16450945857017398866
866 362 0.13554705855449600271 0.13553609226160198697 0.16450503064801499931
876 372 0.13554742945514799968 0.13553259426479999372 0.16450173738188800243
877 373 0.13554344096755999161 0.13552939619293799534 0.16449872772971399493
889 385 0.13554834837473100917 0.13552978828753300955 0.16449358739097000304
891 387 0.13555301074136599793 0.1355323856471279953 0.16449182474866100301
885 381 0.13554717604308300083 0.13553299128593199185 0.1644941454447939877
889 385 0.13555146421398900358 0.13553463452807198997 0.16448948959282699844
885 381 0.13555097559558801357 0.13553627731558701153 0.1644880906222560002
892 388 0.13555503831685300486 0.13553641588548401287 0.1644867862156469962
893 389 0.13555563991715599559 0.13553422942733800438 0.16448608525226898758
898 394 0.13556038181738699899 0.13553749603348999586 0.16448707051261998724
888 384 0.13556129054961599256 0.13554339474017398914 0.16448833432362700013
886 382 0.13556312176238799472 0.13554819873969600752 0.16448907258703598933
886 382 0.13556448681684499236 0.13555016506458800185 0.16449083000955200262
890 386 0.13556695107816599255 0.13555125354715499841 0.16448832460185400239
885 381 0.13556625570816499549 0.13555353573271300416 0.16448648568354298782
871 367 0.13556107905349398801 0.13555292563431700636 0.16448313284751600594
891 387 0.13556451138655101207 0.13554707236280599814 0.16448083569841098761
882 378 0.13556117158501398978 0.13554875743525499066 0.16448073158387999104
881 377 0.13555940651715900347 0.13554605009032799634 0.16447671909230598963
881 377 0.13555836830029199813 0.13554531050562498851 0.16447757222715200798
893 389 0.13556160380537898846 0.13554418840539600444 0.16448218601601699573
905 401 0.13556765888449501256 0.1355432819336480077 0.16448306895386399784
911 407 0.13556944008181198713 0.13554057687995998971 0.16448363530151000056
909 405 0.13556942474693400857 0.13553995109715899492 0.16448414911481398781
888 384 0.13556178840758900672 0.13554176628815400862 0.16448308502504199735
903 399 0.1355696173348500122 0.13554575992789300032 0.164483623952480007
905 401 0.13557074605724001026 0.13554415524735299869 0.16448282045552900521
896 392 0.13556728921387400932 0.1355449726493540008 0.16448919768166600508
884 380 0.13556733895695599612 0.13554893761977598876 0.16448492575432599461
894 390 0.13557100589923098966 0.13554674580781800319 0.16448227124781800157
888 384 0.13556988369623498847 0.13554772965592801204 0.16448240362519800373
876 372 0.13556574120127701244 0.1355527812760659867 0.16448292062330599483
878 374 0.13556535467953101382 0.13555070218564399531 0.16448019000556299285
879 375 0.13556302600252800872 0.13554759996039200676 0.16447979026612999376
878 374 0.13556007543686798833 0.13554698244310200983 0.16447826267042900406
868 364 0.13555811971192399668 0.13555155684414499362 0.16447719381774000835
871 367 0.13555718639811401016 0.13554972051822899992 0.16447913824328699861
870 366 0.13555500877070700283 0.13554987492981698805 0.16447542139275000972
869 365 0.1355541041667749913 0.13555108043144001306 0.16447064680868000996
867 363 0.13555530719638600456 0.13554959008898501138 0.16447024141895699723
869 365 0.13555601812029399733 0.13554838780450900737 0.16446847291311000872
872 368 0.13555473278789600955 0.13554374635601901256 0.16446744049971701029
871 367 0.13555234409517999405 0.13554480329777199299 0.16446749719402001255
879 375 0.13555586704432098788 0.13554520924405200066 0.16446848762226901064
872 368 0.13555397884351699789 0.13554448220633000255 0.16446951921900299087
861 357 0.13555090391347199286 0.13554676536619000848 0.1644647498842299882
853 349 0.13555083518914398666 0.13554721862155499901 0.16445955834824199648
863 359 0.1355483829305380028 0.13554076892886599004 0.16445284796170700492
865 361 0.13554843489568199622 0.1355379436105300095 0.16445352819899000663
854 350 0.13554871913825300433 0.13554485024890400302 0.16445146709060801116
866 362 0.13555256390541900458 0.13554279566492299924 0.16444980438962999991
866 362 0.13555170742745700774 0.13554238479180200083 0.164447186086837005
862 358 0.13555231559758901261 0.1355450371929800002 0.16444858310359000697
858 354 0.13555199643035101276 0.13554586970084500641 0.16445145229028698686
859 355 0.13555083415974600314 0.13554423332975498728 0.16444962874891799753
867 363 0.13555311860726498852 0.13553976793726599248 0.16445022245582599507
871 367 0.13555759862861299636 0.13554110201234700894 0.16445029945224701184
867 363 0.1355565939515419871 0.1355433258575280131 0.16444668306800300228
870 366 0.13555582999625401253 0.13554173684542999978 0.1644473255535650047
872 368 0.1355587986049170135 0.13554346892396298974 0.16444807724371698909
877 373 0.13556034965474500487 0.13554303044950000157 0.16445047964536499419
871 367 0.13555507730687199608 0.13554236967356400601 0.16445187082466600215
876 372 0.13556369086005098934 0.13554514862859801116 0.16445482219072199426
856 352 0.13556278707558899743 0.13555051264517500864 0.16445728208944598858
861 357 0.13556292077767900794 0.13554672870362699522 0.16446085361368301125
869 365 0.13556700580657898847 0.13554956033525700221 0.16446462553460000633
863 359 0.13556662088654500287 0.13555416110031098809 0.16446652596248900746
872 368 0.13556943682604499779 0.13555191566822000215 0.16446581549000099942
865 361 0.13556629525208499509 0.13555222704490599295 0.16446424841602400035
856 352 0.13556492022231400596 0.13555102915007399833 0.16446611403740199475
856 352 0.13556510922455100587 0.13555122039685299495 0.16446312325490100581
852 348 0.13556345807339501008 0.13555019901313500319 0.16446136320336499081
862 358 0.13556459886792998626 0.13554447496756699687 0.16445854098606199623
863 359 0.13556634041225298914 0.13554404699620301034 0.16445874766200199724
868 364 0.13556493934217900277 0.13554050933059300088 0.16446013886538998761
873 369 0.13556772470668299047 0.13554079402194199599 0.16445885044072700021
877 373 0.13557025979172598884 0.13553930304638900362 0.16445627755140698745
871 367 0.13556460953567500693 0.13554128920033900463 0.16445571116988400018
881 377 0.13556386576688100876 0.13553804966470600624 0.16445490626348599483
889 385 0.13556551381410400503 0.13553644785560201025 0.16445816061271201214
887 383 0.13556992204603598995 0.13553996019684699803 0.16445897159949399158
881 377 0.13557074692846698971 0.13554332369116600665 0.16445854324356098952
893 389 0.13557645538849000255 0.13554464269150098832 0.16446234439091700352
900 396 0.13557671623413600215 0.13554168248102499428 0.16446545070495199869
885 381 0.13557534344283300731 0.13554930456002101113 0.16446488002733000711
883 379 0.1355767764976719969 0.13555515939143999993 0.16446412309722899248
886 382 0.13557843944722200447 0.13555667000995599847 0.16446144740711698962
878 374 0.1355806185258769947 0.13556114640509200897 0.16446029525458000231
875 371 0.1355808137841340022 0.13555839898152399758 0.16445840888348800535
876 372 0.13558284445302901111 0.13555819152574799524 0.16445449011213600365
884 380 0.13558530815478400666 0.13555733764514199535 0.164453052691135998
874 370 0.1355838339965799999 0.13556205107973098856 0.16445389711093399976
876 372 0.1355795208357410131 0.1355585656684079876 0.16445047644910099072
871 367 0.13557855464663701173 0.1355598069343209866 0.1644445883592350055
877 373 0.13558569948686299833 0.13556089167666598994 0.16444270923310799759
882 378 0.13558565440708900129 0.13555738966909999799 0.16444283158324699001
886 382 0.13558751673043401009 0.13555671199641600166 0.16444398627817899405
884 380 0.13558467988506001101 0.13555385742440601016 0.16444523736413399484
890 386 0.13558923164627301183 0.13555389999551800684 0.16444467044493998875
883 379 0.13558943481525800867 0.13555651561657700022 0.16444364931741600744
885 381 0.13558786054452298675 0.13555311826405200271 0.16444213308376298688
887 383 0.13558978571463900509 0.13555204518792998702 0.16444026693416100016
891 387 0.13558972175016600903 0.13555076933110599136 0.16444151768165499172
887 383 0.13558420821083100316 0.13554986238681898669 0.16443968228816699395
883 379 0.13558818562093899462 0.1355555084309570113 0.16444157643761900256
877 373 0.13558552664078699079 0.13555707059496699407 0.16444093570074899691
880 376 0.13558287770768900904 0.13555382328919599044 0.16443732644321801262
894 390 0.13558935621266499094 0.13555476804396499046 0.1644379888911050025
885 381 0.13558591636279498926 0.13555666177916200765 0.16443709657748500907
889 385 0.13558290964514599364 0.13555067120559699534 0.16443446320131699379
886 382 0.13558573443124599667 0.13555483961042599783 0.16443474681917799596
890 386 0.13558532165829301208 0.13555387757755399392 0.16443361654763599677
881 377 0.13558155316257400336 0.13555374504365000354 0.16443857705883399567
888 384 0.13558234526171200618 0.13554978322997499052 0.16443901930683599288
890 386 0.13558169424236599099 0.13554893332341300116 0.16444021271060499378
888 384 0.13558118110685699054 0.13554833220849499265 0.16443752916531101382
882 378 0.13557803084305700136 0.13554755632223100537 0.16443403617198701361
875 371 0.13557722434891400498 0.13555099377856499876 0.1644315434988770086
873 369 0.13557857674411799564 0.1355506410690530128 0.16443257702967400968
875 371 0.1355793686019320099 0.13554924900148898614 0.16443175313513000435
872 368 0.13557899413967799962 0.13555285965249500024 0.16443168006406999604
874 370 0.13557788476430499003 0.13554956411347898748 0.16443014695911600809
879 375 0.13558404777555799203 0.13555390902387198793 0.16442964662306699952
882 378 0.13558245156949799703 0.13554789420385499055 0.16442821880649499677
885 381 0.1355835912599359927 0.13554770724230000289 0.16442527284211999605
873 369 0.13558199554007399623 0.13554997473442201295 0.16442456968368998615
874 370 0.13558040024010800662 0.13554695779772998887 0.16442144318453200125
876 372 0.13557896150066001129 0.1355459808586030046 0.16442160878700701199
879 375 0.13557926621328600381 0.13554459115821901327 0.16441789004263299145
885 381 0.13558094677290200014 0.13554302720141100935 0.16441945821113901349
883 379 0.13558181982482600536 0.13554425592658800315 0.16441757690718300511
883 379 0.13557860245462299842 0.13554074581288200196 0.16441815815230401143
883 379 0.13557832027924898721 0.13554259776339799837 0.16441787903235099977
888 384 0.13557991737984098624 0.13553995174425301218 0.16441824123201700947
881 377 0.13557618825349498914 0.1355405278074580111 0.16442166169781699536
892 388 0.13558298232694598884 0.13554189305885500083 0.1644232725666570083
888 384 0.13558584302571299873 0.13554656159753100675 0.16442478311831701387
891 387 0.13558829969257898962 0.13554571480992400057 0.16442387697310401062
887 383 0.13558371946690001009 0.13554608768310499878 0.16442652426684301048
884 380 0.13558082596022300037 0.13554584595129601232 0.16442711091083300756
880 376 0.13557864769906799451 0.13554605406965800074 0.16442890141616001154
892 388 0.13558099424866398852 0.13554404268411399115 0.16442898042932499458
892 388 0.13558296460767299552 0.13554624044341700984 0.16442573040479499524
886 382 0.13558300269812600947 0.13555180185654699954 0.16442833119180200185
891 387 0.13558900018086300632 0.13555510728766201334 0.16442881379470700165
882 378 0.13558676734405300524 0.13555774253370900251 0.16443030272239300693
884 380 0.13558480968906899689 0.13555441175350099736 0.16442727278617300102
879 375 0.13558097687617098881 0.13555606611428899777 0.16442855120738200658
882 378 0.13558354935068700486 0.1355546054469309869 0.16442377942139199676
887 383 0.13558579200103199058 0.1355554714859399934 0.16442435475072300632
885 381 0.13558633262214800363 0.1355562184150299887 0.16441926682170199259
883 379 0.13558350735751001359 0.13555264272616199261 0.16441495315592699611
891 387 0.13558253941013098665 0.13554918681501298972 0.16441503029696499794
877 373 0.13558144364926699721 0.1355554367206469879 0.16441519617073699355
888 384 0.13558342003894599537 0.13555477302032301057 0.16441474081056300927
891 387 0.1355862184265929915 0.13555529994597900756 0.16441680279714798729
893 389 0.13558442790993299742 0.13555089401650899372 0.16441572267667700635
890 386 0.13558367979409399751 0.13555198880515401116 0.16441543026701799235
886 382 0.1355839277347890004 0.13555293694694001139 0.1644115981118909886
879 375 0.13558330786459599215 0.13555719630478699211 0.16441516334957601009
863 359 0.13557831242828000118 0.13555958850913898961 0.16441075223928600102
867 363 0.13557381157019299245 0.13555131695018099447 0.16440700358047399821
888 384 0.13558094651045499157 0.13554567210680598666 0.16440639859036398907
877 373 0.1355805828589480011 0.13555124619364899985 0.16440931977698799993
880 376 0.13558487561710100278 0.13555451521171799079 0.16441304138074200325
882 378 0.13558784354756800439 0.13555619309956701279 0.16441527805805900009
884 380 0.13559059163359599154 0.13555721269896600645 0.16442154839330999638
882 378 0.13559037294129699935 0.13555822246080501126 0.16442339191112800845
888 384 0.13559039162032099357 0.13555808076444700316 0.16442305464880599408
878 374 0.13558999049341499687 0.1355605154692340053 0.16442737651715599867
860 356 0.13558645136593699965 0.13556682252150001333 0.1644257881851690084
882 378 0.1355900096329570037 0.13556057883229299943 0.16442492672999500791
872 368 0.1355889886140330125 0.1355658247141169892 0.16442568441599200724
873 369 0.13558783115630698712 0.13556705168456201216 0.16442651955885900783
869 365 0.13558910833027498777 0.13556851626017699108 0.16442559600543099618
874 370 0.13559424137549100364 0.13556695006937299897 0.1644204590621589912
877 373 0.13559435061177199655 0.1355661778919330096 0.16442281328220401115
881 377 0.13559167098624999581 0.13556171009594600307 0.16442162877073399074
876 372 0.13559026779000699081 0.1355591324335380099 0.16442342533061798937
879 375 0.13559328411959700733 0.13556229334270500364 0.16442381786806400945
886 382 0.13558922097425299413 0.1355573806135050019 0.16442222850316901006
885 381 0.13558800087916500487 0.1355555340308730039 0.16442262471832500004
891 387 0.13559017832858399899 0.13555529250976000588 0.16442442016146199824
888 384 0.13558889473329099884 0.1355584702322069901 0.16442737515388700098
893 389 0.13559061623837501132 0.13555962339431598673 0.16442566083819801226
906 402 0.13559649782449600952 0.13555677466538901266 0.16442077709870800417
897 393 0.13559547785916101215 0.13556161925999299367 0.16442359521633700958
902 398 0.13559944582265501256 0.13556648063670501125 0.16442985747339200486
899 395 0.1356024481612020105 0.13557037526081600065 0.16443491096836299059
902 398 0.13560341134437600696 0.13557133495779000176 0.16444048591430099338
903 399 0.13560400133971900472 0.13557204838334799279 0.16443949218376299748
881 377 0.13559758675704000619 0.13557665126400400557 0.16443634693897798971
887 383 0.13559842294461199597 0.1355737573663139961 0.16443480268699900426
881 377 0.13559583949255399338 0.13557410598235900001 0.16443072472540901097
887 383 0.13559508442797599259 0.13556794459520599139 0.16442484641164800685
892 388 0.1355924747972790112 0.13556061049588100098 0.16442496952529200849
892 388 0.13559421123140799614 0.13556169821740399195 0.16442468467385801256
893 389 0.13559342940030399971 0.13555863541384699511 0.16442168352400698961
900 396 0.13559628314695099105 0.13555635613528899119 0.16442167107076599564
914 410 0.13560026292558599592 0.13555530503117099728 0.16442323837988098711
913 409 0.13559708185393298807 0.13555324508572100251 0.16442281078548298678
896 392 0.13559510996566601082 0.13555909054797299351 0.16442382675270700298
904 400 0.13559682647200399508 0.13555834001865499361 0.1644249747086939939
902 398 0.13559558174582700407 0.13555722601466399513 0.16442998181801099511
902 398 0.13559424650686499603 0.13555669408977200074 0.16442810267859300777
911 407 0.13559311138044199962 0.1355502987779949875 0.16442749486938598724
919 415 0.13559364703896401028 0.1355457501633750006 0.1644315121942409863
923 419 0.13559329295847599717 0.13554551065852299407 0.16443150203541098686
918 414 0.13558927225051900511 0.13554737077461201378 0.16443169777347099725
923 419 0.13558830174892499976 0.1355419070727749975 0.16442882185529400507
931 427 0.13558580719825799599 0.13553614456209400752 0.16442929291842700579
923 419 0.13558279614318499706 0.13553742396453599683 0.1644328085766000036
917 413 0.13558326928792199806 0.13554111946282199064 0.16442952660705201229
923 419 0.13558413231659799392 0.13554008182198198917 0.16442616463709600061
925 421 0.13558382522261500092 0.13553892666308300918 0.16442721881479799295
918 414 0.13557839527762599596 0.13553862537705299585 0.16442683197755800228
915 411 0.13557206013317099624 0.1355344022126729886 0.16442628000711800862
906 402 0.13557267014299501096 0.13553751494822899315 0.16442015627048600646
894 390 0.13556807735678000348 0.13553753171968299651 0.16441488806654599997
898 394 0.135566186492127011 0.13553204942526300703 0.16441055219511999108
902 398 0.13556592728023700301 0.13553030607184798906 0.1644087676758050065
912 408 0.13556537826851999817 0.13552527908254100031 0.16440292429953801134
920 416 0.13556492914393700189 0.13552214906182200038 0.16440091423420499783
925 421 0.13556409062894100859 0.13552190308917300143 0.16440279803142998638
920 416 0.13556306231685200103 0.13552529495163800899 0.1644006018362630106
913 409 0.13555943544097198705 0.13552584838063200245 0.16439723819371598879
907 403 0.13555602682224798805 0.13552543177959600063 0.16439427449644899992
909 405 0.13555188562338399416 0.1355205092534670086 0.16439208756998199834
907 403 0.13554758301292899048 0.13551770957603501144 0.16438623000488600256
907 403 0.13554461171088599825 0.13551560778938501195 0.16437941141656001176
905 401 0.13554222013404099156 0.13551319927155899836 0.16437708462553698996
900 396 0.13554064276140098677 0.13551118110094301228 0.16436943124622199752
897 393 0.13553841464937099737 0.13550722546280299929 0.16436403704962398997
901 397 0.13553787020831301047 0.13550614001000599318 0.16436311066970898942
905 401 0.1355382934886230073 0.13550254819332299694 0.16436056047120001233
907 403 0.13553368800657400461 0.13549651049036098849 0.16436156212138899879
909 405 0.1355340120738570131 0.13549446851238200473 0.1643584023436669983
913 409 0.13553665930356401104 0.1354925269978599911 0.16435827048822901353
920 416 0.13553742634408000312 0.13549122699264601333 0.16436005410450799102
914 410 0.13554067804195499281 0.13549682418047501176 0.16436020363428599511
912 408 0.13553977242423800864 0.13549655714039698928 0.16435987774543400763
909 405 0.13553979847516400836 0.13550072280711000783 0.16436172596345399732
895 391 0.13553726673798899283 0.13550689517490599467 0.16436137826043301091
903 399 0.13554152973361599521 0.13550942989400999172 0.1643604788834719943
