# step atoms n_gas iacc dacc tacc
1016 512 0.38609629429464698003 0.38566749497114999334 0.45369953882786701049
990 486 0.3860898549282700265 0.38568860340745297899 0.45368963644022197723
1009 505 0.38611849828635702586 0.38568459423101297823 0.45367812001387197718
1013 509 0.38613031468972197624 0.38567787197598801807 0.45368747127089698035
1009 505 0.38612870637629098658 0.38568591962545401008 0.45368192090178599551
1029 525 0.38615192930728398091 0.38568171003109802397 0.45368569454448198774
1023 519 0.3861561081709349863 0.38569688688625497486 0.45368851117339997758
1014 510 0.38616060041768801581 0.38570605683879899406 0.45368242868428099168
1059 555 0.38617325890939002697 0.38569699019106901128 0.45368495622627402764
1061 557 0.38616780334220002224 0.38571376180080702012 0.45368290354725399061
1063 559 0.38616498594115900023 0.38569932627833197758 0.45369382066099200879
1050 546 0.3861558367557760274 0.38569446192462397693 0.45369365492915997295
1050 546 0.38615039531603700951 0.38569474326184699509 0.45369360700842298328
1055 551 0.38615882950597202328 0.38569663858528702161 0.45369676634922800895
1048 544 0.38612918710420002233 0.38568566641198698264 0.45368702638176100495
1063 559 0.38614467019531800718 0.38570142425790998608 0.45367000870346901875
1049 545 0.38612696199273899289 0.38570306487762501257 0.45365690722597301621
1073 569 0.38613095927840801469 0.38570036668517998502 0.45365083907653602768
1087 583 0.38612312257450398523 0.38568700288791701869 0.45364577580423398606
1084 580 0.38612548419886000284 0.38569307127197000051 0.45364203429321497962
1077 573 0.38611076315106501733 0.38567307676981299469 0.45364477135979097699
1085 581 0.38608723492886398709 0.38565597445488497552 0.45365077021822497461
1087 583 0.3860847935606550041 0.38564931366842297722 0.45363480501598801853
1092 588 0.38608588238027702344 0.3856524427946880218 0.45362491821444300699
1070 566 0.38607181133513801541 0.38567033301411601798 0.45362774724803200943
1074 570 0.38607865353392400998 0.38567222922851002176 0.45362933261450300026
1092 588 0.38606630888090698317 0.38566697235875102567 0.4536296838459549785
1074 570 0.38604507759261602606 0.38567253221133401819 0.45363387088947898507
1078 574 0.38604340947500198622 0.38565796699540000336 0.45364479530887402703
1076 572 0.38603054436012101958 0.38565389896730101205 0.45364873728406901465
1114 610 0.38603478197643298353 0.38562139048196597546 0.45365375261454898848
1118 614 0.38603458835502302282 0.38562478955469398079 0.45365692072794999712
1109 605 0.38600840057626001345 0.38562452988744899685 0.45364965868626100365
1112 608 0.38597974304966797821 0.38562111119299302686 0.45364051382442299731
1116 612 0.38597066501811999606 0.38562473354220599964 0.45364595589534900677
1102 598 0.38592363813935198769 0.38562057459556098316 0.45364657665700497402
1093 589 0.38591221399235398071 0.38563136146055299047 0.45365611938660999058
1094 590 0.38590889338084199967 0.38564177946232297556 0.4536716720218659793
1072 568 0.38587619438783299364 0.38563286798668500177 0.45366455944673000911
1082 578 0.38585751796185902007 0.38561734076291998008 0.45367780517775402327
1086 582 0.3858573690850730098 0.3856243540941169945 0.45366761755492102104
1076 572 0.3858623459627250063 0.3856251348336309781 0.45365600119665300261
1081 577 0.38585130688596497306 0.38563119328093697913 0.45365048801975099702
1055 551 0.38584189784102801424 0.38564334469318001242 0.4536524756001000247
1036 532 0.38583321295497202685 0.38566035955207600416 0.4536468222938460082
1048 544 0.38585325581918800131 0.38566406409619302664 0.45365561012241201189
1060 556 0.38585916270719600174 0.38563543899511298907 0.45365072278742202272
1055 551 0.3858537541652449776 0.38563493035923601671 0.45362530512991799947
1050 546 0.38585921295778502493 0.3856283457092700151 0.45363302233495600424
1051 547 0.38585109233681402774 0.38564174207817897289 0.45363309358130199378
1058 554 0.38585641175000301439 0.38563435002089202497 0.45363660261983401734
1069 565 0.38586434000434399749 0.38562815268341099628 0.45364529322489399732
1073 569 0.38585408305672702634 0.38564314363695101351 0.45365222941287597358
1052 548 0.38581962634747402063 0.38566701620515597693 0.45364795362486798336
1044 540 0.3858158978796170091 0.38567164646744500622 0.45363846408744501471
1049 545 0.38582097368965501127 0.38565506310715802485 0.45364650230220399107
1041 537 0.38581881032094500483 0.38566065619391898256 0.45364207302430098467
1036 532 0.38580779204488702128 0.38564905230416102189 0.45363176495226797957
1050 546 0.38579809768842199258 0.38563077149246399733 0.45362411802401997329
1059 555 0.38579931348875401431 0.38561195178070201139 0.45361202815584000803
1076 572 0.38579163350904899232 0.38559041862193399464 0.4536189324577559745
1057 553 0.38578102212491399703 0.38560653529552801899 0.45362735308743101781
1067 563 0.38578309007475397596 0.38558642987616098541 0.45361748256573597438
1068 564 0.38577963420371097492 0.38559352467377400187 0.45361040437211802567
1050 546 0.38576387482295498854 0.38559506548133898329 0.45360893929698498095
1029 525 0.38574171755290598274 0.38561653025567099728 0.45358915573423702616
1022 518 0.3857406839471609894 0.38562706154757697696 0.45357897002232200334
1023 519 0.38574983310008498227 0.38561667646113800823 0.45356834965254699821
1024 520 0.38575573029627902022 0.38563129369098098076 0.45357015686822799161
1027 523 0.38576413292886102546 0.38563568787072000088 0.45357520604734702374
1040 536 0.3857671324426290016 0.38564612524115299275 0.45358940182829199372
1023 519 0.38575545939671102014 0.38565733702909799074 0.453608383814761984
1018 514 0.38576829052308797552 0.38566240652684202761 0.45360343539919900646
1029 525 0.38578370489910901453 0.38567338006575102582 0.45361164660441899432
1029 525 0.3857723469988260101 0.38567523950723198167 0.45361481887974297589
1033 529 0.38577533719526602152 0.38568164863796799979 0.45361234900753899524
1032 528 0.38578732153845701758 0.38569224722200701194 0.45361386077054699495
1040 536 0.385804119604026996 0.3857134648499029872 0.45361823715723498252
1020 516 0.38580233523745000035 0.38573377854092499861 0.45362937182854101703
1031 527 0.38580606390959598651 0.38573124461661201234 0.45362545182825897427
1047 543 0.38582323634175802463 0.38573622486909597828 0.45361151739687999296
1044 540 0.38580740814049602205 0.38572385539269099519 0.45360835131814697396
1049 545 0.38580381079319697735 0.38572389591165801015 0.45360172036309498456
1046 542 0.38580099433186298974 0.3857060297258280146 0.45358644559332000901
1045 541 0.38579934890822298321 0.38569760346364700965 0.45357997961872997816
1053 549 0.38579743780254599494 0.38568215137667899439 0.45358750712109702219
1041 537 0.38576739688771199965 0.38568320184162002695 0.45357410632798700334
1049 545 0.38575709805908497962 0.38567784194483301086 0.45354877231917900549
1045 541 0.38575284790188801853 0.38568337903000299294 0.45354563869396402609
1039 535 0.3857531194839959876 0.38568997206631300267 0.45353281093825198456
1054 550 0.38575836974079902308 0.38566790746630197351 0.45353291100088599652
1032 528 0.38574428004515898261 0.38569018992365700083 0.45352192078056602353
1032 528 0.38574501657998500059 0.38569333147994200317 0.45351086709790200402
1034 530 0.38574177080979399346 0.38566915304193599701 0.4535221462378219992
1036 532 0.38573278496877200228 0.38566482870492302393 0.45351600737716801781
1054 550 0.38573222800547701805 0.38564129611663600095 0.45351226685158402274
1056 552 0.38573866110259402706 0.38563934335192101566 0.45350627968497997378
1058 554 0.38575088972290799694 0.38564082650248499018 0.45351031361905297379
1050 546 0.38574252980944701008 0.38564837991607198164 0.45351533827822398948
1052 548 0.38573536191734197898 0.38563993594422002475 0.45351000107751898716
1060 556 0.38574200297654398506 0.38564321841568699467 0.45349647093557099442
1054 550 0.3857156677117860033 0.38564390407463999821 0.45349322956660598205
1047 543 0.38569446277811897383 0.38562574016766498763 0.45347327751117100236
1039 535 0.3856901736936330094 0.38562072411348202738 0.45347355150138501934
1038 534 0.38569070874584998609 0.3856317131377560159 0.45345560645111099296
1032 528 0.38570646615836601256 0.38564074518377600143 0.45344190819699797812
1040 536 0.38570653473299798542 0.38562618435501100356 0.45344492647870898727
1053 549 0.3857048304258249849 0.3856009996187180211 0.45343537582015702725
1059 555 0.38571148521100501183 0.38559554151307801062 0.45342673331482702404
1050 546 0.3857073089323799775 0.38559337632080098457 0.45342903971207298985
1046 542 0.38570416359901699144 0.38559935972563702533 0.45342206343451901818
1049 545 0.38570668069893099261 0.38560737149708201876 0.4534213851994899902
1068 564 0.38569989005502497426 0.38559276589296298532 0.45340970638423799821
1080 576 0.38570972184585999853 0.38557187643042201142 0.45340491910956298716
1071 567 0.38569247952855401085 0.38557610755704202488 0.45340451444804602543
1067 563 0.38568421760003701593 0.38555865190764598838 0.45342846364360600564
1053 549 0.38566008351659897269 0.38556419364353100576 0.45343216932525898244
1067 563 0.38566708129457899501 0.38554511646055700247 0.45341757382158798251
1068 564 0.3856691479017019808 0.38553863273619898289 0.4534045179556819849
1064 560 0.38566696557597202055 0.38554850144715802074 0.45338507463564198252
1061 557 0.38565380645751601296 0.38554936427286201628 0.45337549117285602662
1077 573 0.38565337445691499907 0.38554632626826901287 0.45335746830151302245
1073 569 0.38565289518002698887 0.38553256957549897344 0.45335383652611799254
1079 575 0.38562577183111501622 0.38551569773503802097 0.45333709673693600717
1086 582 0.38561497562201502154 0.38549365675338997939 0.45333049662877999975
1082 578 0.38561859779976498386 0.38549872617912500639 0.45333687017984297674
1079 575 0.38560372600080700112 0.38548550318164098716 0.45334275103552601482
1080 576 0.38562438326404802069 0.38550648685811600425 0.45333342473377402637
1076 572 0.38561440838910898687 0.38552200345953602234 0.45331979114129500319
1035 531 0.38559512595280098779 0.38554987212217500803 0.45332663591910299372
1030 526 0.385592306500068982 0.38553707186667202089 0.45332078532061098608
1000 496 0.38559501523519301713 0.38556256616756301447 0.45334339211654001156
994 490 0.38558996633735298509 0.38556664350353697657 0.45334936868373998387
997 493 0.38558455507490402292 0.38557132260790899503 0.45335278740314499668
997 493 0.38559257776425198694 0.385580537432219983 0.45336787171135600749
1006 502 0.38561100693180599963 0.38556893930475899523 0.45335921197672901517
1008 504 0.38562228182572499957 0.38557721503554698295 0.45336683340763100913
1003 499 0.38561245016361700433 0.38557672608013598969 0.45335029975752799691
1032 528 0.38564000532926101528 0.38556737314239297731 0.45335453104948197911
1033 529 0.38564310428798898034 0.38555554207601100414 0.4533464760962560014
1037 533 0.38564492530999799902 0.38554958330622202123 0.45335753726246502682
1035 531 0.38565151961949301063 0.38555575084945198361 0.45335240630858897326
1047 543 0.38564936321466597446 0.38554654840175700548 0.45335884199139198092
1033 529 0.38563725282705102471 0.38555097961968098907 0.4533643334319160112
1030 526 0.38564151216977798908 0.3855609874220379818 0.45337282817439300553
1060 556 0.38566874508211901329 0.38556566576534301305 0.45336983747854098237
1062 558 0.38566186071800001578 0.38555578074227297991 0.45336851235504099789
1060 556 0.38565575934935497626 0.38555914542545699497 0.45335884360135197957
1073 569 0.38565082621196300483 0.38555498795384701705 0.45336528180436802549
1052 548 0.38564397640444098014 0.38555833199824501856 0.45338132322137497665
1042 538 0.3856525291130910027 0.38557970532921498341 0.45337216343643899075
1048 544 0.38565154174675797538 0.38557259744514699173 0.45337972729674397288
1057 553 0.38564278818362901502 0.38556307740539602635 0.45339785827265000062
1045 541 0.38564139316128498436 0.38556468692807899235 0.45338815911005697634
1039 535 0.38563288624484398648 0.385572799487930995 0.45340956039978197456
1011 507 0.38561028558819199219 0.38559528977584600629 0.45342020280395001208
1023 519 0.38561879196591497543 0.38559154755496599654 0.45341574196741601943
1023 519 0.3856403009637989765 0.3856026533551250024 0.45341522760493602195
1031 527 0.38564636297732202141 0.38560947002090500968 0.45343158842434799771
1045 541 0.38565602397364401321 0.38560157494004299039 0.45341298944414498706
1058 554 0.38566175200815400181 0.38558313498751900505 0.45341354193352700896
1074 570 0.38567508825802498951 0.38557246478105700049 0.45341627984412302688
1080 576 0.38566755694207399685 0.38556057195977200269 0.45342076640707801305
1076 572 0.38566810910478499519 0.38556369778959498351 0.4534240780573540186
1058 554 0.3856412886040330168 0.38556332738370002744 0.45341499210567798306
1027 523 0.38562870302449298032 0.38557761182541300249 0.45340216805308197756
1013 509 0.38562244266493800327 0.38559758378484398911 0.45339994040754300064
1010 506 0.38562769862500501095 0.38559810335456201624 0.45339604564289698319
1025 521 0.3856322656460610121 0.38558655312887002431 0.45339750195336797622
1041 537 0.38564662042279601595 0.38557927455488399948 0.45339411904909998619
1034 530 0.38564034287195297912 0.3855823476154149887 0.45339023063157102289
1027 523 0.3856409903646420001 0.38559755004871498762 0.4533826278150829836
1032 528 0.38563655659967199796 0.38561046990503400345 0.45337605890283499965
1035 531 0.38563869924618499052 0.38561564052368801914 0.45336119073126202039
1029 525 0.38564555566617497728 0.38563496220850801421 0.45336089083945901868
1027 523 0.38564457994967499266 0.38563871168450197802 0.45335336069108300716
1042 538 0.38564477611882702623 0.38561013362388402159 0.4533478896458599805
1052 548 0.38566104284352298315 0.38560573103711298648 0.45333250612708897442
1061 557 0.38566349297195900991 0.38560974115289797792 0.45332792359382001468
1069 565 0.38566138212900302751 0.38559857545288600544 0.45332200007136602693
1051 547 0.38565526984798098598 0.38562108095700298183 0.45331418967567499445
1055 551 0.38564765226090902406 0.38561785139503501618 0.45333846823232298862
1051 547 0.38563051163398198717 0.38562506994906098345 0.45334881198109000522
1037 533 0.38562858206120498306 0.38562388868279101617 0.45335057581812099325
1025 521 0.38562672154728999674 0.38563359447867900931 0.45334207067521797851
997 493 0.3856122813275230099 0.38566085884538298112 0.45332789818452601249
998 494 0.38562268393164100821 0.38566000625752699937 0.45332666862303200306
1014 510 0.38565093749152901115 0.38565987598268902659 0.45333373047161201752
1020 516 0.38566163905136202628 0.38566223602593502351 0.45335887971061300528
1004 500 0.38566675084242801885 0.38567108110544701116 0.45335524925482900693
996 492 0.38566040537473400551 0.38566744326459101444 0.45336167832467000327
1015 511 0.38568154696468998077 0.38568445661912698075 0.45335817843528397608
1008 504 0.38566860788547702166 0.38567673722242701295 0.45335227234684499775
1011 507 0.38568739738038998466 0.38567620021282500442 0.45335885355140398412
1015 511 0.38569403755087500185 0.38567634292583502509 0.45335797337593797263
1027 523 0.38570067238764399464 0.38568006901829898769 0.4533561726219200172
1013 509 0.38570154489747199289 0.38569199917412599898 0.45334224985882698444
1026 522 0.38571676102774599126 0.38568681391999598551 0.45333252214834302007
1024 520 0.38571441260535199724 0.38569430373775298593 0.45333742728929399268
1030 526 0.385739612220589001 0.38570723223244002265 0.45333422300281900341
1016 512 0.3857312557595760083 0.38570990275491201515 0.45332565543703701172
1030 526 0.38574719850411598454 0.38570171357737798035 0.4533172518429109954
1031 527 0.38575449218577501087 0.3857041304438699747 0.45331128329135100818
1018 514 0.38573613399377099098 0.38569301008991202506 0.45330911992930400523
1024 520 0.38574979948274001895 0.38570012134787701186 0.45331205934579998917
1034 530 0.38575056475012797774 0.3857072273038950061 0.4533090481887099843
1018 514 0.38575322975048198515 0.38572387644712302635 0.45329727419186499615
1007 503 0.3857454596955189885 0.38571240633955100607 0.45330667100327198815
1005 501 0.38576936464895300594 0.38572450233996602442 0.4533092332199860075
1024 520 0.38578126382156402441 0.38572717859581101552 0.45330726221459199943
1018 514 0.38579839797147297276 0.385751515285174984 0.45331408486032298555
1019 515 0.38580750287602999515 0.38575291433035202582 0.45331294063077098855
1035 531 0.38582190116363501708 0.38574033745804497952 0.45330842230359602585
1041 537 0.38582619205645801719 0.38574776589772502566 0.45330009146397998165
1075 571 0.38584225250079701164 0.38572399547607200132 0.45330161759099002472
1089 585 0.38583793770942398371 0.38571443310004199789 0.45329076016220498646
1089 585 0.38581455572638800877 0.38567911565882001534 0.45326899669589298947
1069 565 0.38581674759187301049 0.38569036436760900655 0.45326852937503797625
1067 563 0.38580260066157501253 0.3856820242842550206 0.45326602901287399439
1036 532 0.3857873985668909822 0.38570848319609801758 0.45324873559665901368
1032 528 0.38578099531507697995 0.38570798087475399729 0.45323705545631198799
1029 525 0.3857632930581110231 0.38570829809862799964 0.45324190718211998519
1011 507 0.38575994224329501758 0.38572121604082998392 0.45323368674219099983
1014 510 0.38575996714233301565 0.38571287918697300112 0.45323161559067198789
1021 517 0.385755214671188007 0.38571598552709601693 0.45323033862598799404
1026 522 0.38575331463071399485 0.38571071952953600581 0.4532371511949920273
1049 545 0.38576991938712101859 0.38569644018303900213 0.45322195721544100699
1054 550 0.38577772440018798239 0.38569185619899398754 0.45323271149119198631
1058 554 0.38578293002824798341 0.38570028779496701166 0.45321813735165600301
1040 536 0.38576561413722798566 0.38572350284417600275 0.45321078044937901375
1052 548 0.38576438213417901801 0.38571487204688098549 0.45320926073171602377
1051 547 0.38576611965540602567 0.38571187843830601061 0.45320962976824402668
1050 546 0.38576975594295798144 0.38571870097512400699 0.45320633627769402185
1055 551 0.38576936117420101979 0.38570930719456697489 0.45320359347167399333
1035 531 0.38574072802492598289 0.38570257611184799451 0.45320433201971399573
1048 544 0.38573748419130099441 0.38569273516535301782 0.45320069096524201457
1033 529 0.38573157397578500261 0.38570820529040700242 0.45320138317975400266
1039 535 0.38574123985228797595 0.38571645797577297499 0.45321222055574500454
1018 514 0.38572266291622897549 0.38572572771488600196 0.45321245075865601581
1015 511 0.38574078340621598127 0.38572741364467899583 0.45321179204688299968
1020 516 0.38575505884560401526 0.38572991224260300136 0.45322189446528898804
1039 535 0.38576482690833602263 0.38573505880647701582 0.45320646944472597895
1048 544 0.38575519407068098454 0.38573592770268400054 0.45319177506330599048
1055 551 0.38575611489052097358 0.38573621198226798468 0.45318246048381699564
1055 551 0.38576083998063398495 0.38574545475702898267 0.45316366155552101347
1060 556 0.38575259234846298595 0.38572934389390800547 0.45315495655969600941
1064 560 0.38575766919292997503 0.38572917197952999446 0.45315163205385100564
1048 544 0.38573746514202400526 0.38572718928863797272 0.45314280136448398251
1059 555 0.38574297947488800364 0.38571332871142099963 0.45313549041020600994
1039 535 0.38574442365082900475 0.38571414013869598225 0.45312253194561602498
1028 524 0.38572959814966401026 0.38572091743944297848 0.45312814930503098054
1040 536 0.38573589792674201071 0.38571482604262702365 0.45314236585886402686
1053 549 0.38575301589457200446 0.38572037268849201919 0.45312953299277097807
1046 542 0.38575505354167100025 0.38573820966546301658 0.45312199046801798774
1036 532 0.38574751851989297347 0.3857480003714630068 0.45311051436941601755
1039 535 0.38573872450181101446 0.38574379624973398339 0.45310039684581898678
1062 558 0.38573952260198302033 0.38572239721008100277 0.45309979308058700997
1073 569 0.38573765053334502229 0.38571799788868499359 0.45309662707336700871
1078 574 0.38573565550272098656 0.38572554277971199399 0.45309675060256698886
1064 560 0.3857308912143869728 0.38574835566821197297 0.45309865314386998936
1061 557 0.38573016180743102677 0.38575532536557100016 0.45308864927610997819
1048 544 0.38573437255833198378 0.38574091629864298847 0.45308416687529801115
1052 548 0.38573696813992902621 0.38574107241129501622 0.45309181109767798779
1058 554 0.38573165249287599821 0.38572984686283501299 0.45306657763833901864
1068 564 0.38574159623434800537 0.3857191881480440121 0.45306441571195099627
1063 559 0.38572165268571501073 0.38570421546391298051 0.45306470988345198814
1063 559 0.38569704040791802369 0.38568513963191197735 0.45307558312780299437
1061 557 0.3856904475951750122 0.38567585159414802254 0.45307553355929597316
1063 559 0.38569214697101200651 0.38568247541875999573 0.45307466993565498337
1069 565 0.38567577352469400997 0.38566130132574499845 0.45307309600253398152
1067 563 0.38566429381913197583 0.38565659338618901719 0.45306653452383000014
1064 560 0.38565516883465600362 0.38564788602142002771 0.45307042595208901758
1044 540 0.38565002391751201927 0.38566938251549498506 0.45307114453002400589
1048 544 0.38563834000863400631 0.38565968673989298177 0.45307003650400301531
1071 567 0.38564009381815100852 0.38562491343034999147 0.4530652107894920233
1060 556 0.38563479131946298839 0.38560988590139000376 0.45308569248961999554
1062 558 0.3856284289020089906 0.38562231914301198232 0.45306880282276701388
1061 557 0.38564148443860901683 0.38562628455081299217 0.45305377253578599239
1065 561 0.38564664574078699744 0.38562458757944301224 0.45304324214893898493
1064 560 0.38563001802336799306 0.38561159575531001042 0.45303703916997301038
1050 546 0.38564463775307400439 0.38561143000233899514 0.45303060617848600611
1065 561 0.38564899398981700163 0.38561086884506201589 0.45302938082810401133
1051 547 0.38563802292669002725 0.38561059998937502469 0.45301023200520301737
1052 548 0.38563932092011898867 0.38561047201381498661 0.45299445775633501166
1059 555 0.38563354697580198849 0.38559795969362997692 0.45300371336282302392
1056 552 0.3856197057442790066 0.38561335330025997559 0.45301598294200701167
1057 553 0.38559264319771702212 0.38560142063398999968 0.45300525100219102281
1056 552 0.38559407664700900975 0.38560705945154599705 0.45299631235211001989
1065 561 0.38559371207713499796 0.3855882319154639859 0.45300211912570198525
1055 551 0.38558872350212797242 0.38560146043381698933 0.45299966283800202627
1034 530 0.38558091122881898993 0.38561047866981501553 0.45300114306006500353
1043 539 0.3855840873370430244 0.38560848564063099353 0.45298900226058397278
1050 546 0.38557536721783097766 0.38558693913072999981 0.45299123250140399533
1053 549 0.38559437779092398113 0.38559726453732201534 0.4529887712885600215
1038 534 0.38557332708066199833 0.38560594339621501181 0.45299372982354402239
1041 537 0.38556109077031097687 0.38560096921455300212 0.45300052042251398587
1046 542 0.38556017119064500687 0.38561109059151299494 0.4530071717568919798
1044 540 0.38555335169668197848 0.38561206674434600483 0.45299953574280499291
1038 534 0.38556401109395399551 0.38562303747253601216 0.45300399445634798035
1034 530 0.38555103997753198408 0.38562235442113901307 0.45300857222885598796
1036 532 0.38554981648716901699 0.38562265289117197975 0.45300287403517397467
1061 557 0.38556383215308298595 0.38560315064992800593 0.45299378527005301764
1043 539 0.38555252422396701917 0.38561476235247799105 0.45299549338828998257
1038 534 0.38554287253102198507 0.38561661245079098537 0.45299748089222202641
1011 507 0.38553293563238100194 0.38561930101976998886 0.45299557585239502711
1018 514 0.38555573908630097479 0.38563158442926598335 0.45299576939423197297
1023 519 0.38557149486227498825 0.3856319625709480059 0.45299856532036897327
1037 533 0.3855832960998070158 0.38562545360641897751 0.45300254117346400173
1040 536 0.38558074436041800404 0.38563564419606499722 0.45300620351428999566
1036 532 0.38559848024823101253 0.38564371319288898166 0.45300573538555499731
1033 529 0.3855924313424020089 0.38565619012971297241 0.4529948975447170012
1043 539 0.38559720600007202362 0.38565714586716598467 0.45300476397539402029
1040 536 0.38558460797640897733 0.38565700303561600837 0.4530160464940959919
1041 537 0.38560041572430198142 0.38568291999165299488 0.45301685232189498054
1055 551 0.38560868849333002073 0.38567510746530597743 0.45301054733184398238
1049 545 0.38560789538222600692 0.38567569104711402206 0.453018438371050991
1037 533 0.38559433815027499559 0.38569503513784497706 0.45303127837594797667
1044 540 0.38559409744714401302 0.38569248389269700228 0.45303479703590698868
1050 546 0.38559448745748498011 0.38569581954234299914 0.45302356756018402617
1035 531 0.38558456958945197535 0.38569619138712102346 0.45303482721215998508
1032 528 0.38558182418109898659 0.38569054084114001713 0.45303624363706901379
1034 530 0.38559107267694298082 0.38569200884776699834 0.45302846216065800755
1054 550 0.38560191566814100428 0.38568650507099100366 0.4530205410829090118
1053 549 0.38559950879709797844 0.38568274723771001078 0.45302437731291500533
1039 535 0.38558730562749099491 0.38569033137722502635 0.45302910714532002023
1038 534 0.38558795461720501985 0.38568799175865697837 0.45301780981583000818
1041 537 0.3855816208128439726 0.38568063579871397772 0.45300791272744600491
1042 538 0.38558109767156101277 0.38567047269459797665 0.45299993984164099725
1048 544 0.38558088033773901815 0.38566446137285098628 0.45300861990866997386
1035 531 0.38556543837302598154 0.38567062385863698504 0.45300466063604399869
1050 546 0.38558149906515098992 0.38566764831466798791 0.45299396667855401644
1052 548 0.38558595673362400236 0.3856588982865650217 0.45301566862842901351
1044 540 0.38558779392462699809 0.3856649356444610266 0.45301922862233801048
1033 529 0.38558548397275299591 0.38569012364987698138 0.45301039411151999836
1040 536 0.38559521494092602323 0.38568395836604002502 0.45301097306015697397
1009 505 0.38558754284838797632 0.38569115057812597414 0.45301620773190998115
1034 530 0.38560875474407502184 0.38568089562801599612 0.45302251817810601509
1042 538 0.38561382019332801629 0.38567030585498501827 0.45302400828194899773
1041 537 0.38564220215713801432 0.38567185397625297627 0.45302391226614702191
1053 549 0.38564930304881900325 0.38567237156865502579 0.45303765782342597657
1009 505 0.38564550634361599579 0.38570502431064002113 0.45302755020993401569
1004 500 0.38567350956076301705 0.38572217510448397748 0.45303052283582201376
1025 521 0.38568478931505500995 0.38570714361104702084 0.45301656226340197842
1036 532 0.385699111164273023 0.38570111285465902284 0.45301337769779398412
1050 546 0.38569105051534802175 0.38569015987335897311 0.45301962903055498222
1047 543 0.38569617356161300936 0.38569951393768298065 0.45302104987745500653
1049 545 0.38570690710193400452 0.38570799739492800384 0.45301441811156900608
1052 548 0.38571246174881002045 0.38570663397586502086 0.45300517799684797415
1061 557 0.38570787399311901034 0.3856996898319510203 0.45300600153536701997
1059 555 0.38569551800134099784 0.38569066354165598698 0.45300596642589402441
1046 542 0.38566947541867002691 0.38568607734255899722 0.45300420929044898921
1050 546 0.3856676903758409769 0.38567541842447899958 0.45301984221080399129
1051 547 0.38565934358305498098 0.38566889617972099913 0.45301731395186500828
1049 545 0.38564056182112399496 0.38566315886886398667 0.45300601209399898872
1051 547 0.38562671443712498442 0.38567026777558299777 0.45301126776132200069
1036 532 0.38560237954943299421 0.38566311258734697898 0.45301188946118797762
1015 511 0.38558999053096898457 0.38567632491347697554 0.45301401982063999041
1026 522 0.385597165793253982 0.38568212163571702344 0.45300622484626801301
1027 523 0.38560950589312598114 0.385693597496385987 0.45301172431721098421
1051 547 0.38562828406396798542 0.38569444405498298778 0.4530061784158839755
1056 552 0.38562995177529202362 0.38570042926930997451 0.45299685204585299347
1055 551 0.38562176364676598039 0.38568658286734902596 0.45300018531501601293
1050 546 0.38562057752105999286 0.3856945242855360223 0.45300388037154498688
1050 546 0.38561184201293902118 0.38569329267300900277 0.4530103205596729965
1064 560 0.38562600156430898446 0.38568573185677901272 0.45300676116951499317
1032 528 0.38559368704242502623 0.38569264861578500536 0.45300036381557501342
1053 549 0.38559968111355602538 0.38567036761252498911 0.45299076687211298209
1066 562 0.38562024117146698199 0.38567010381197097679 0.45298173139962499834
1074 570 0.3856240738052990058 0.38566922099802397605 0.45298267691018301306
1072 568 0.38562221631223597695 0.38567067215064698704 0.45298099324338397809
1068 564 0.38560986268676200606 0.38568214375829301677 0.45296793149206698859
1083 579 0.38559589082017198258 0.38566601919491499961 0.45297720668646601627
1054 550 0.38558263607583598276 0.38566195636060501828 0.45296811414066701085
1075 571 0.3855904279126740053 0.38565767252040600299 0.45294932768806100976
1071 567 0.38557522320630399637 0.38563938700807898208 0.45295169174235400122
1067 563 0.38557489381809001427 0.38564084569745299413 0.45295167581114798017
1069 565 0.38556964486550798776 0.38562096961595698774 0.45294290736719700075
1057 553 0.38557092359030897821 0.38562873584914997283 0.45294478433718998733
1057 553 0.38555210125966599133 0.38561843324071998218 0.45293281001666102492
1063 559 0.38554686578624097759 0.38561018238190697405 0.45292927299405799646
1060 556 0.38553189246709601568 0.38561540065274102496 0.45292469201122798061
1058 554 0.38551407375724100479 0.38561207858362600565 0.45290783510592802497
1067 563 0.38551961073662299739 0.38561741067778398939 0.45291616481688501406
1079 575 0.38551738182893202644 0.38560222837149499275 0.45292418682342699965
1064 560 0.38552518232654997554 0.38561906427532399722 0.4529205283308920249
1059 555 0.38551509588293597641 0.38560516182691800813 0.4529015104966059857
1043 539 0.38551041959275800242 0.38562531210066902654 0.45290656040984900166
1038 534 0.38550034451121500956 0.38561248642771300821 0.45291118732172397365
1039 535 0.3855059915681179894 0.38562420381229201016 0.45292353646500799202
1043 539 0.38550953476485899651 0.38562217396733600161 0.45293200739799899246
1053 549 0.38550919738281902438 0.38561809021505200068 0.4529290744888480047
1043 539 0.38550071846967798317 0.38560845241998198407 0.45292232955929601079
1036 532 0.38550339500833502582 0.38561758558106101757 0.45292428122543199054
1023 519 0.38550598566700400305 0.38562586226645501064 0.45292719576820000826
1033 529 0.38550822658957401012 0.38562330195881899808 0.4529339954705339788
1031 527 0.38550887016268697849 0.38562667238190700969 0.45294176994029999861
1036 532 0.38549588840009602064 0.38563335655698000037 0.45293846202702298109
1046 542 0.38549736725583100272 0.38564335158851598129 0.45295497140363499833
1053 549 0.38549461030253501237 0.38563512708843300514 0.45296585773957998011
1063 559 0.38550715851466399453 0.38562639396166897843 0.45295614705761799712
1053 549 0.38550049929356999812 0.38563135479097199187 0.45295801658334400308
1051 547 0.3855027365661969907 0.38563950543626801526 0.45294684737708801325
1069 565 0.38551057767692198386 0.38563206021722801209 0.45294540180331299695
1057 553 0.38551980538547797606 0.38564984077851299782 0.4529523441992279742
1048 544 0.38550890889681299623 0.38565181306523299565 0.45294248939779802043
1041 537 0.38550149940342098853 0.38566780092644697975 0.45294147623318797846
1039 535 0.38548425892147597516 0.3856749994483589794 0.45294867196660099085
1031 527 0.38546924934889897907 0.38567355764542599061 0.45295187969479699941
1045 541 0.38546958890058302671 0.38566357888654700936 0.45294687824803797627
1064 560 0.38547825060152302035 0.38565559386366399242 0.45295071944665998842
1052 548 0.38548189182533199038 0.38566614886909900139 0.45295767947573700729
1058 554 0.38547852430712298277 0.38564809020298601583 0.45295988135565601329
1060 556 0.38546375746084798886 0.38564161086691300939 0.45297684394466797286
1053 549 0.38545322920270097544 0.38564644597262698333 0.45297475930553399159
1054 550 0.38544649134897202014 0.3856435453106220046 0.45297914219402501956
1057 553 0.38543787489705599869 0.38563124771602297347 0.45298023153315197797
1048 544 0.3854275954445169905 0.38563111861654297829 0.45297149255174801175
1049 545 0.3854362923361500104 0.38562622587149497644 0.45297273645621699556
1055 551 0.38544328660718102375 0.3856090687311710119 0.45296447457066202347
1077 573 0.38545436633040297547 0.38559100023812598046 0.45297148962707900477
1082 578 0.38544227010368498076 0.38559417316994898384 0.45297657341356700744
1077 573 0.38543022632499202018 0.38557886310750300041 0.45297843429442097296
1071 567 0.38543376779546900668 0.38556945687075799833 0.45298496937566601339
1089 585 0.38545283609244401779 0.3855607011309959975 0.45297455931156199727
1092 588 0.38542837745301899988 0.38554418135856999283 0.4529702614664409821
1084 580 0.38541591276806097532 0.3855431251953839733 0.45295102507533302472
1068 564 0.38538906657549998336 0.38553806366811599338 0.45293595619895998805
1069 565 0.38538995730087899361 0.38553911980052901765 0.45292992337612997256
1071 567 0.38538665531639398898 0.38553776982791498895 0.45290391255778200685
1083 579 0.38538774552800497686 0.38553452671384802475 0.45289926093556498454
1053 549 0.3853685136078610074 0.38555198132724599613 0.45289872141205700373
1048 544 0.38536573400218898655 0.38555543412875598053 0.45289213103355202561
1046 542 0.38536926941656701739 0.38554480106569699593 0.45289536670338298441
1056 552 0.38536450509754899274 0.38552999795183201526 0.45288793188674497658
1051 547 0.38536185576361398075 0.38553095557759198275 0.45288083590403299672
1034 530 0.38534191448104798683 0.38554514362992697851 0.45287230504118597407
1035 531 0.38534542689054501752 0.38555090974993699859 0.45286592740187497919
1044 540 0.38534138785404897787 0.38555448763776400956 0.45285503040162899957
1026 522 0.38532586530304602235 0.38556916275252001158 0.45286308997707197532
1036 532 0.38532414302901502046 0.38558051388338698828 0.45284592080003299719
1050 546 0.38532577464908601694 0.3855708687954669811 0.45284791823984099635
1036 532 0.38531302710975101622 0.38556290326700598525 0.45285657442298699049
1047 543 0.38532176104060300581 0.38555397524224999106 0.45284895809928998878
1040 536 0.38531692984130100355 0.38554913530677398237 0.45283530592071802312
1040 536 0.38531637120365397342 0.38555845710191799514 0.45282526549793300497
1038 534 0.38530663060923997509 0.38555814038808899902 0.45281423214837202007
1061 557 0.38531545418381901724 0.38554244705957901873 0.45280485875345499736
1059 555 0.38531137765076201029 0.38552424378652599968 0.45279188023974997757
1085 581 0.38531947265046201379 0.38551058494937001653 0.45277570998416000192
1056 552 0.38530714733566601149 0.38553649210796997471 0.45276914947060897809
1070 566 0.38531044380007900552 0.38552908584197298492 0.45277140902164897396
1080 576 0.38529446793254601422 0.385521389811448012 0.45276633822407097441
1091 587 0.38529101388047598542 0.38550554390443697583 0.45276060648332699943
1094 590 0.38528233959139701614 0.38551360997565098376 0.45275622022633699171
1093 589 0.38526629154796399046 0.38550244883687301289 0.45276966054316197807
1084 580 0.3852585856205320014 0.38550579307488902492 0.45275844023580097408
1095 591 0.38525900235975801822 0.38548653001788801831 0.45275426424339099141
1076 572 0.38524287946530300086 0.38549705670013900694 0.45276142435532501507
1078 574 0.38525731119636802413 0.38550455859108700984 0.4527588823523959749
1091 587 0.38525990730366199699 0.38549574932757202372 0.45276173992965301762
1080 576 0.38525003777769001312 0.38549909022600897801 0.4527542904101120036
1091 587 0.38524409964894601455 0.38549589414525498032 0.45275648271167401315
1092 588 0.38522729111223402709 0.38548229224635399692 0.45274315292358102703
1104 600 0.38521225092676497637 0.38546601126846302687 0.45274352678073698231
1080 576 0.38520428786185501036 0.38546693542669502319 0.45273969644089701037
1048 544 0.38517498831473601095 0.38546715700058797882 0.45274240081149802473
1057 553 0.38517283724485701368 0.38545379430963500056 0.45274333489779600148
1050 546 0.38517575290895500473 0.38546814983117999587 0.45276183566770800137
1040 536 0.38517226716564501032 0.38545985377773001046 0.45276072709889397805
1045 541 0.38516970071121497954 0.38545148020718100756 0.4527612719170779898
1057 553 0.38517725651717499291 0.38545264809804302697 0.4527653354704859745
1055 551 0.38518276551761398974 0.38544519440139501931 0.45275962745268200083
1065 561 0.38517573894155499037 0.38543081333884998685 0.45277341741106502671
1079 575 0.38517790171563498491 0.38543323577569299498 0.45277116265455802369
1070 566 0.38516096545653100147 0.38544644239585601486 0.45277652582760802291
1071 567 0.3851620368500799918 0.3854248124090510208 0.45277192548274197703
1067 563 0.38515471000293199921 0.38542949056848901934 0.45276788439297699362
1072 568 0.38515618083282299189 0.38542518507308098918 0.45276775333800201029
1069 565 0.38514773816735597967 0.38543102277518997978 0.45275857157798399255
1075 571 0.3851423990815239784 0.38541854282152399058 0.45275256344444997358
1069 565 0.38513027292739898666 0.38540917855195599984 0.45274866333106900118
1079 575 0.38512886256082101699 0.3853963085787249776 0.45274371419490400115
1081 577 0.38512468412098999071 0.38538520930493097572 0.45275093455530901476
1094 590 0.38513151694246500201 0.38537969619956802259 0.45276045229537897896
1077 573 0.38510128891210598789 0.38537522091303499927 0.45275144477637602192
1074 570 0.38509475486767097419 0.38536588637683899528 0.45274530106966898169
1087 583 0.38509963889208898014 0.38535171074565699456 0.45273756835348399896
1061 557 0.38507788757557798176 0.3853538278391949734 0.45273848424764401299
1071 567 0.38507680525375898029 0.38534234606034600823 0.45273683470498998771
1065 561 0.38507387306447599107 0.38534941824974699998 0.45272970532712197844
1042 538 0.38506601486535202428 0.38536502401122602057 0.45272372902985702492
1049 545 0.38507685487782100653 0.38535816745443302045 0.45271368020126601106
1048 544 0.38508153592080801575 0.38534812358345699179 0.45270237741783597718
1048 544 0.38509000173413798773 0.38535445964117198692 0.45269927930956699313
1054 550 0.38509466730998498374 0.38535205616799000916 0.45270725364335800966
1070 566 0.3850913290106159903 0.38532929408473198807 0.45269791861460101368
1071 567 0.38506982813842099977 0.38531455353833798938 0.45268672164505202593
1031 527 0.38504928448496800186 0.38534114091675597535 0.45267005683327798948
1036 532 0.38505416393531100017 0.38533462792283001974 0.45266152350327698572
1017 513 0.38504327398728599441 0.38533561545023897743 0.45264913363210501629
1024 520 0.38504887146925298458 0.38532664765191199097 0.4526364996132570262
1034 530 0.38504299267855501832 0.38530166358198497667 0.45264675020935601912
1029 525 0.38504357081036999499 0.38530111965378699423 0.45263550729195201061
1015 511 0.38503217878024498244 0.38530211721990098583 0.45263202775062499894
1018 514 0.3850242708437620065 0.38529318465903900082 0.45263571492759102632
1043 539 0.38505152857877700256 0.38528505362066500783 0.45264000948001897884
1040 536 0.3850423903896709743 0.38527827169815298536 0.45264142881642299709
1044 540 0.38503161745024899743 0.38527283718129201606 0.45264823270380399878
1052 548 0.3850429194516600262 0.38527600339104600691 0.4526466378637660215
1042 538 0.38504012466069198473 0.38527515281781099521 0.45264724889800800334
1033 529 0.3850333654886000101 0.38525465638528400003 0.45263864518500301903
1035 531 0.3850349375787420203 0.38526987892162101179 0.45263407587713799796
1026 522 0.38503623985882601266 0.38526873773761399766 0.45263117342347297667
1019 515 0.38503325971692098362 0.38525757716633901584 0.45263153002139899783
1021 517 0.38502894899651202154 0.3852546229566670144 0.45261712304278101104
1029 525 0.38505205035148198922 0.38525940906389999352 0.45261191034004699674
1051 547 0.38506555423071797684 0.38525543336804402017 0.45260455083308198665
1053 549 0.38506183855465797583 0.3852433672645049767 0.45260607410884401425
1062 558 0.38506454490299701909 0.38524123676824700846 0.45260669004788400827
1055 551 0.38504322976220600738 0.38523216151791500605 0.45259758891131801617
1064 560 0.38504603924857899733 0.38522706934330497308 0.45260764125535302149
1071 567 0.38504854291862400384 0.38521717925354997947 0.45260280467561697648
1053 549 0.38504504409194800774 0.38523797410612597991 0.45257907349270298791
1038 534 0.3850408338800510033 0.38525202437946098888 0.45257549597715301948
1023 519 0.38503237464186501615 0.38524548925685198064 0.45257796612606299158
1030 526 0.38503254225688998691 0.38523938158987902636 0.45257471930219300704
1023 519 0.38503465117763202574 0.38523234552365398509 0.45258211493019301352
1027 523 0.38504710389197999154 0.38522367766664000754 0.45258238116073301605
1043 539 0.38505415819603899807 0.38522532099414802387 0.45257138175815897485
1040 536 0.3850658838666479733 0.38523130849408598886 0.45256385108307800591
1033 529 0.38506483576119998613 0.38522622320885702152 0.45255960708448200736
1038 534 0.38505760002690497812 0.38520264960092798212 0.4525633968652009731
1041 537 0.38504841578237902766 0.38520824833148398225 0.45255537542964402453
1004 500 0.38502163190804000736 0.38521646275818199889 0.452557628428582992
1007 503 0.38502423154803500083 0.38521961955782502152 0.45256122753740601894
1001 497 0.38504001263506199004 0.38521737983381898474 0.45255879561244199971
1010 506 0.38504503200544099029 0.38521200677189398887 0.4525521328557070011
1018 514 0.38504568657394100395 0.38522592304974700994 0.45254170970228002613
1034 530 0.38505372328905301815 0.38523110334434301771 0.45254306933075599817
1030 526 0.38505409458714301429 0.38523110810112098923 0.45254722961472299003
1037 533 0.38506213816196999122 0.38523141514551700881 0.4525435863821409832
1043 539 0.38506291435479100826 0.38521612857733500412 0.45254894892336500201
1020 516 0.38505187875776597517 0.38521704454024702224 0.45255120695022199584
1026 522 0.38504183125406499233 0.38521372109372797876 0.45254283973141301578
1017 513 0.38504996686322900956 0.38522098811657301543 0.45255050405448499218
1019 515 0.38505133405523900292 0.3852298007284190029 0.45255445201084998352
1043 539 0.38506378715183897654 0.38522991345992002588 0.45254213689733402415
1038 534 0.385078868984686018 0.38525761979545797287 0.45254508354903300038
1024 520 0.38507761183025401852 0.38525900443784399929 0.45254857897404898726
1025 521 0.38506365300187100909 0.38524870003626099368 0.45255192856892900721
1034 530 0.38508042863790598043 0.38525009779136698551 0.45255285824070901057
1032 528 0.38508059500549901566 0.38522806897786199265 0.45256627385229097893
1032 528 0.38507450183717301107 0.38523050445426998412 0.45257540323396699966
1046 542 0.38507767735942100007 0.38522437128909697845 0.45257227774122499309
1050 546 0.38509010476091498631 0.38522749469344902407 0.45257393108730997744
1058 554 0.38507716789900997556 0.3852161138168619936 0.45259142268918900465
1051 547 0.38509441805330602016 0.38522133284374399098 0.4525917935045750129
1039 535 0.38508440999200899135 0.38521486894351797403 0.45259275643202501183
1039 535 0.38508788545773597889 0.38520167044080100283 0.45258382423620102664
1057 553 0.38508210380001400841 0.38517933959633399166 0.45257537996495300625
1075 571 0.38508706998577701963 0.38517686031673997737 0.45257979636167600113
1087 583 0.38507727986314299606 0.38515636239927697471 0.45255978183057599118
1068 564 0.38505503451266698267 0.38517449272128501114 0.45256437728956000477
1065 561 0.38505359613801998231 0.38517139787313298127 0.45255863922357397744
1053 549 0.3850388064833690227 0.38518077153704499693 0.45254510389175600649
1051 547 0.38504167399740002464 0.38518319197716599511 0.45253535503817299279
1082 578 0.38504692866063700007 0.38517911055808801146 0.45252657457423800524
1075 571 0.38502574201153000333 0.38517903509374401549 0.45252307969231497786
1074 570 0.38501839695182799028 0.38517895967647497457 0.45251083018808901937
1064 560 0.38501056895280799663 0.38517707716302701515 0.45250780531970702381
1072 568 0.38501163890584499949 0.38517117704547099155 0.4524961442148550117
1047 543 0.38500481940511899204 0.38517278513473501844 0.45249350089306800138
1058 554 0.38499888171634999434 0.38516950643606401306 0.45249451881091101724
1044 540 0.38499906404966599549 0.3851828592195919998 0.45249361258900699934
1039 535 0.38499103995001499046 0.38517926128098900485 0.45250147880736701911
1014 510 0.38498473530317001146 0.38520092604840000527 0.45249912831665500823
1022 518 0.38497722700604902757 0.38518592763305598003 0.45251011197931301222
1024 520 0.38496982097667997724 0.38517433160040298601 0.45250717519805999656
1042 538 0.38498069372739501803 0.38515824295567402391 0.45252020727783498488
1041 537 0.38497129926563400382 0.38514356160699397824 0.45251361807008200211
1036 532 0.38497796905370701426 0.38515719149583099723 0.45250997195743097867
1048 544 0.38497984354548098196 0.38515342637680199944 0.45250875463995798853
1047 543 0.38498162562899301831 0.38515795928711099583 0.45250779925116002556
1044 540 0.38496845264347900883 0.3851485971519830187 0.45250034222794599525
1052 548 0.3849636566425440054 0.38513684587698499007 0.4524990206783049973
1055 551 0.38494790196246997382 0.3851246019986879765 0.45250063375681998101
1056 552 0.3849425143013430195 0.38511634666364097379 0.45250039536524500061
1058 554 0.38492269425388697668 0.38510182082753202648 0.45250671255711300001
1042 538 0.38491384775364401172 0.38509667129117397533 0.45249939115040599402
1029 525 0.38490350801129302738 0.3851006074554190195 0.45249360112842101911
1038 534 0.38491316445433598759 0.38510305216836498987 0.45249447226263600497
1029 525 0.38490033903162601536 0.38509880024978898616 0.45249887408927297328
1012 508 0.38490055032260300782 0.38510500803520297808 0.45249147428802399817
1013 509 0.38491099304609699416 0.38509915813598399881 0.45249852236852200482
1007 503 0.38490622562617199387 0.38510706585412601832 0.45249229742821900357
994 490 0.38490394569997299357 0.38511356168090798979 0.45249334027819398951
1003 499 0.38491973364942799751 0.38511518550034201658 0.45248276802165299237
1027 523 0.38492002574812900217 0.38510131046773299346 0.45247550778251399706
1042 538 0.384919427220928978 0.38509519876594400234 0.45247295582836799532
1063 559 0.38492041494785400602 0.38508441988814900991 0.45246166158900902321
1066 562 0.38491564892480301108 0.38509112985470200785 0.45245433904091697519
1047 543 0.38491714322841197315 0.38510169322955201121 0.45244345770973898313
1035 531 0.38491051063686998468 0.38511445503912600241 0.45243566828353398712
1059 555 0.38491507115227902025 0.38508649902779201746 0.45243459164102600711
1055 551 0.38490586436387702607 0.38508684568972800788 0.45243538754555601145
1043 539 0.38490517970066501219 0.38509164580680299572 0.45242797749464902513
1048 544 0.38491339725054601884 0.38509387235166897545 0.45242491117978200776
1058 554 0.38490845034152998405 0.38508539496086602316 0.45241850548074502569
1073 569 0.38492437378721700014 0.38508792611811598627 0.45242060769689801392
1100 596 0.38493553953863801631 0.38507569571227001637 0.45241521822596497682
1073 569 0.3849299125443380043 0.38507651780215701454 0.45241056762564602067
1062 558 0.38492576663667799064 0.38507904146248600474 0.45240144968412598914
1065 561 0.3849442321907800002 0.38508917979245199659 0.45239680640027701841
1045 541 0.38493504226727098816 0.38510019808043499667 0.45238414974581298011
1025 521 0.38493889186774998823 0.38511288578421498663 0.4523804476917809847
1039 535 0.38492339341593201363 0.38509761477463400059 0.45239079819099098367
1051 547 0.38492704566968599655 0.385080357589818012 0.45238986270159797787
1058 554 0.38492832533480897395 0.38508100775343501176 0.45238339694676399372
1076 572 0.38493235460258401481 0.38508610836376799824 0.45238035670841397762
1079 575 0.38493511084647302756 0.38507755470888999083 0.45237502805627199942
1075 571 0.38493412569400797807 0.38508116266365399749 0.45236933661622902303
1084 580 0.384926537414351011 0.3850703603718870216 0.45236706678515198332
1057 553 0.38491758301473699699 0.38508461185209097444 0.45236595768097598302
1065 561 0.384927127613492015 0.38508682852726799917 0.45236501697526299015
1044 540 0.3849216245210509979 0.3850899195967359967 0.45234982347963398341
1051 547 0.38492231927291897797 0.38507962215942698192 0.45234666420860097924
1072 568 0.38490707345889102475 0.38505613141516598086 0.45234777200611397951
1067 563 0.3848862360209570066 0.385063292759736997 0.45233428937637198963
1073 569 0.3848741599375909983 0.38505034935980297917 0.45233265979457998318
1084 580 0.38488438900401600318 0.38504548269970001462 0.45232469984770101723
1108 604 0.38487526451837200669 0.38502823629908100589 0.45232937393413702454
1089 585 0.38485947705280798559 0.38503715451368497602 0.45233582410364997495
1095 591 0.38484792438581699736 0.385017849288093017 0.45233094345690599836
1090 586 0.38483411476182299849 0.38501969075054298663 0.45230483029275098117
1076 572 0.38481806535448798146 0.3850204513998000122 0.4523092318214669838
1068 564 0.3848089845253380159 0.38501019349713000439 0.45230796320806399002
1074 570 0.38482048564307502758 0.38502284551072901708 0.45230127524390201232
1083 579 0.3848135601849310139 0.38501417670987297948 0.45229027953348799329
1085 581 0.38479390564600401969 0.38500560892171498129 0.4522946779072820056
1068 564 0.38479297275647100784 0.38501205618516098905 0.45227496896929797465
1065 561 0.38479350030357900581 0.38501388217510201795 0.45228120351969297586
1072 568 0.38479344140483701109 0.38502004263473299517 0.45227858273564097713
1068 564 0.38480346035846502151 0.38503020724414999121 0.4522716740336489849
1073 569 0.38480867857570599799 0.38503635219147097635 0.4522763907384930171
1076 572 0.38479962694056701888 0.38502289619281798716 0.45227262317329297581
1085 581 0.38478344261288299766 0.38501670724576797511 0.45226711641384098606
1062 558 0.38476522569446297561 0.38500854174202497893 0.45225548254996100761
1055 551 0.38476205467717300435 0.38502056544752100153 0.45226035162973798887
1045 541 0.38475829826498497699 0.38502160162382997877 0.4522717338264110043
1044 540 0.38475600860089798072 0.38501608780203100402 0.45226603660308700716
1032 528 0.38474874413235199411 0.38502201971045701967 0.45225415938300100871
1024 520 0.38475250587592901841 0.38503734055862798291 0.45224895616566501699
1050 546 0.38475879305226601268 0.38503692296696900854 0.45224896632042399514
1054 550 0.38476021062291898556 0.38503171000254698964 0.45224820845513097334
1063 559 0.38475324849638198321 0.38500637421416200601 0.45224495904362899124
1043 539 0.38474785308496600722 0.38500233557025398401 0.45223227926632497686
1042 538 0.38475365613712797508 0.38499127000996702375 0.45222660698515498856
1049 545 0.38475458670849699283 0.38498324946388801093 0.45221733486450799155
1044 540 0.38474208962199402118 0.38496820875903198234 0.45222103790482798269
1058 554 0.38475381805808300806 0.38498263833816798174 0.45222057681089899983
1039 535 0.38474891271317801511 0.38499099576289502744 0.45222969846810001648
1042 538 0.38475003854845601925 0.38499361462708298065 0.4522383507938330105
1032 528 0.38474066586596200601 0.38499437026030397524 0.45223033878046797751
1025 521 0.38473401809709500965 0.38499258694620802634 0.4522320703090280114
1021 517 0.38474262941719100661 0.38499158942687200513 0.45224719988896799894
1053 549 0.38476385233385101969 0.38499128812897198681 0.45224024710177501696
1064 560 0.3847733198049759773 0.38498192406795100906 0.45223966019094502533
1048 544 0.38476084987373898594 0.38498569813533900508 0.45223149556147801409
1054 550 0.38475963951553998621 0.38497828848767201571 0.45222476359037100391
1060 556 0.38476463513291198071 0.38497758782528601618 0.45221853019387697747
1046 542 0.38477515628102298972 0.38500186339670799951 0.452222877674407997
1046 542 0.38476870838245802453 0.3850001894388990209 0.45223037600216198229
1061 557 0.38477592502278501474 0.38500347837236797988 0.45221846016074801478
1050 546 0.38478565519693802566 0.38502072426331002131 0.45221152979427298169
1049 545 0.38477068931614000213 0.38500253604031298149 0.45220604452011198271
1049 545 0.38476221873764099302 0.38499057180827700453 0.45219891359850300505
1053 549 0.38476633503649299017 0.38499201206400801567 0.45219985818307700809
1041 537 0.38475893228728602624 0.38500740553948897826 0.45219466621982301602
1036 532 0.38475976164686498393 0.38499700096223099521 0.45219112975064601478
1032 528 0.38476725977525899625 0.38499930086882999669 0.45218101962709900121
1032 528 0.38476634151931399241 0.3849983062517740029 0.45217694840391597921
1024 520 0.38476551951893800396 0.38501087053626897871 0.45216870257585201065
1022 518 0.38475156601316001792 0.38500659471166398529 0.4521799525445390211
1007 503 0.38475867228285398625 0.38500829713118700504 0.45218480261314697444
1017 513 0.38476075032984802249 0.38499966042044297954 0.45218908157102799539
1022 518 0.38476302060091299717 0.3850086442644389817 0.45220144979927601181
1027 523 0.38477917921685700353 0.38502476849795802538 0.45219990721874098183
1034 530 0.38478973529603199832 0.3850303464389929764 0.45219876937916597681
1037 533 0.38479238127654902257 0.38503157468901400007 0.45221019534206402524
1056 552 0.38478393777921099383 0.38501657708295400351 0.45220768078721201855
1049 545 0.38477001093318802249 0.38500988025632798539 0.45221192831870599127
1046 542 0.3847585039459899825 0.38499285888148598866 0.45220737089744400539
1044 540 0.38477001315449799179 0.3850029671873130277 0.45220211376828500782
1053 549 0.38476678828963301049 0.38500092815990299977 0.45220026357034698306
1065 561 0.38477934554139797685 0.38500080875362202582 0.4521967869245029914
1040 536 0.38476303853834697977 0.38501331829101598236 0.45220395383367900655
1041 537 0.38476231907924801634 0.3850093354881580221 0.45218493747280902317
1036 532 0.38476919846784102264 0.38500747221203202031 0.45218483604708797907
1050 546 0.3847761611704719753 0.38501949862071399577 0.45218631178678897475
1048 544 0.38476746175519299653 0.38503103614868200433 0.45219365232753300221
1048 544 0.38476241842624597789 0.38502782220772302502 0.45219373874602897256
1056 552 0.38477379866179500789 0.38502191399256902038 0.45220014895056398485
1046 542 0.38476703358631197949 0.38503093851149300386 0.45222149007038897617
1025 521 0.38475173545011298604 0.38502734645548297721 0.4522217511643359944
1031 527 0.38475102130349697616 0.38502433816881798112 0.45222163826834699263
1034 530 0.38476248413645802726 0.38502381110020300614 0.45222128275579898116
1041 537 0.38477010598941402408 0.38502983763829201624 0.45222966490434401976
1050 546 0.38476679290364701469 0.38503634138373898921 0.45222944235849898975
1048 544 0.38476962143817100559 0.38502861394594700695 0.45224562368155502012
1057 553 0.38477397507515298525 0.38503223068762698622 0.45225254983564999733
1050 546 0.38477316061664001978 0.38503670580906901311 0.45225094329249498903
1068 564 0.38477339630528301084 0.38502737161361599849 0.45225313434443797922
1067 563 0.38476664771923302366 0.38503089209849900021 0.45225203235805100377
1072 568 0.38477071269813800658 0.38503585033558601625 0.45223628917827402018
1075 571 0.38477056784968599601 0.38503428148402901732 0.45224197862099102529
1056 552 0.38476019822306500862 0.38504459836507698434 0.45223672063731701343
1064 560 0.38476368645846498184 0.38504762984049700769 0.45222527496417802562
1067 563 0.38475991312193702498 0.38504769007194300512 0.45223316808818797563
1079 575 0.38475900346423197451 0.38505282888719499779 0.45223821415180998073
1077 573 0.38475036484708097229 0.38505853676090601168 0.4522525925734420249
1073 569 0.38475700608724200391 0.38507103993662900043 0.45226973044690799153
1062 558 0.38475944782717397263 0.38506218081070098247 0.45227230815914098994
1064 560 0.3847577812407270148 0.38505601384262300169 0.45228123818664700551
1042 538 0.38474658204892997482 0.3850667700584999853 0.45227448731858699293
1060 556 0.3847566438292839841 0.38506683164886401638 0.45226731346588699978
1066 562 0.3847459264741560081 0.38505523002319397285 0.45226587189343198103
1052 548 0.38474846194188500048 0.38505785657481000905 0.45227358392282701605
1052 548 0.38474413652606898051 0.38505103712555599493 0.4522709764821120082
1056 552 0.38473990814342901023 0.38504699568770700546 0.45228093913998101971
1039 535 0.38472559368665698587 0.38505268067302100832 0.45228445008172302177
1034 530 0.38472080496189198229 0.38504873390989202697 0.45228485011689600892
1025 521 0.38473589779369599118 0.38505869664879299741 0.45228396578557300556
1038 534 0.38473595534043197874 0.38505065526488202465 0.45228704623813797969
1038 534 0.38474580669669800059 0.38505328466924698683 0.45228281988492502474
1033 529 0.38474595534775501982 0.38505142126751801257 0.45228027169798301621
1033 529 0.38473831500951599649 0.38504509746824600036 0.45228243727836497934
1037 533 0.38472269891036997569 0.38503773180848399615 0.45228558626735299031
1025 521 0.38471117934948401151 0.38503569705096002407 0.45229039703812001783
1025 521 0.38471390392099197308 0.38503118965962301878 0.45228791110078497839
1020 516 0.38471169134206301132 0.38502981942598701881 0.45227613442403097332
1045 541 0.38471602258947901198 0.38502266577117999491 0.45227089095584599443
1044 540 0.38473012186565802573 0.38504127737359100658 0.45227758231071002459
1046 542 0.38473918744345397824 0.38504209197178101975 0.45227614522789100215
1057 553 0.38475023314154099818 0.38504661123661199085 0.45227052264204598009
1083 579 0.38475814227804600032 0.38504752979593498408 0.45226748702239599753
1080 576 0.3847448383513940029 0.38505253387004700905 0.45226791867426602289
1096 592 0.3847384575996530276 0.38502820292236200617 0.45226194121457202746
1083 579 0.3847265917690430026 0.38503130967665799567 0.45225233104332801526
1077 573 0.38471908564408702214 0.38502255015929398585 0.45225111180999999494
1063 559 0.38469985133620598905 0.38502280200121902221 0.4522583464641690143
1082 578 0.3847097537914799803 0.38500684028201098696 0.45225584891282499811
1067 563 0.38469762434884102742 0.38500642525404099592 0.4522414144164029759
1062 558 0.3846897558238229764 0.38499701319688300893 0.45223914282752197824
1081 577 0.38468538390263901094 0.3849970940822899923 0.45222584948667898797
1076 572 0.38467091451464702212 0.38498817661297801695 0.45222626555119199709
1066 562 0.38466712242468698024 0.38498711578029498614 0.45222561299637598076
1064 560 0.38466182092977202478 0.38499031815931200606 0.45222359940173401105
1064 560 0.38465784409040998382 0.38498481140265800038 0.45222895520325800955
1089 585 0.38466820596847300928 0.384974771070354993 0.45223177812383402729
1108 604 0.38466932013010102231 0.38496946842565099578 0.45222925246056200344
1079 575 0.3846621406333369797 0.38497842370101698073 0.45221590504743697236
1082 578 0.38465524655125898912 0.38497765614243001364 0.45220887425484002087
1072 568 0.38464411861196101672 0.38495977837845701819 0.45221193418763799832
1067 563 0.38462668622300100196 0.38495259092625100372 0.45220951911628298747
1067 563 0.38461218349987097431 0.38495164694862199495 0.45220774971681199084
1061 557 0.38461698472394700854 0.38494389107693899321 0.45221074862296301022
1059 555 0.38460813946471900104 0.3849553072072829929 0.45222036417091998617
1064 560 0.38460936449076799093 0.3849611559055959864 0.45222083882684899203
1048 544 0.38459591884589200417 0.38496199496651201111 0.45220394533509900015
1066 562 0.38461388045572597605 0.38494887705939601075 0.45220605327974600085
1056 552 0.38459865581202301588 0.38493821746278800155 0.452202874052887005
1073 569 0.38459819165741299107 0.38493379004054201209 0.45218656574953902672
1068 564 0.38458711429277997462 0.38493718214559502488 0.45217940835260500565
1047 543 0.38457078548503997872 0.38494122254608298395 0.45217762152536900011
1056 552 0.38458807034794201263 0.38494978080673097898 0.45217089084620099015
1072 568 0.38459164454633398833 0.38494215672556797436 0.45216435545595101697
1066 562 0.38460028146225899714 0.38494252353486102525 0.45215589203877898372
1053 549 0.38458771967207200371 0.38494759565853797767 0.45216249878685998986
1029 525 0.3845743215733969933 0.38495350286512197702 0.45216109636080498158
1024 520 0.38457002217464197891 0.3849523683865049839 0.45215791316114700704
1038 534 0.38456038461351099711 0.38492314531387300525 0.45217207869973902179
1030 526 0.38455730945610699933 0.38492267459062201596 0.45215979404035999689
1045 541 0.38457006165841800538 0.38491751575672999985 0.45216321591552499637
1041 537 0.38457213511322202448 0.38492436804535001826 0.45215994581301599542
1032 528 0.38457598497189099396 0.3849212593138139904 0.45215487713138602377
1037 533 0.38457571666559098311 0.38492464149792099404 0.45215527999436799789
1042 538 0.38457825524459399169 0.38494255844070901507 0.45215372443984197526
1049 545 0.38457424567975700969 0.38492849351916097467 0.45215204320424201567
1021 517 0.38456481613074799952 0.38493758002708899912 0.45216081856735301781
1042 538 0.38458118420462500398 0.38493017545607599583 0.4521577878567720199
1043 539 0.38457437571374397667 0.38491967827431300408 0.45215372804897302483
1043 539 0.38457111986502101608 0.3849228664417480017 0.4521581092319589823
1042 538 0.38457215954280798975 0.38491846685269698325 0.45214929824693800287
1037 533 0.38456648051017400247 0.38492857568570498783 0.45214553519024297534
1036 532 0.38455389967047198807 0.38493017576712401651 0.4521458135779590215
1023 519 0.3845438429279410264 0.38491754250480497701 0.45214263476289801025
1036 532 0.38455971663553201179 0.38491567219730499216 0.45214842624254197867
1024 520 0.38457241051646101626 0.38492510421213899097 0.45214918795488401315
1017 513 0.38458547057166397876 0.38494238131281099946 0.45213780625167399041
1040 536 0.38459852219983498012 0.38493163991308099181 0.45214710501611299343
1059 555 0.38460476739296500792 0.3849222100427340254 0.45214711844043298239
1052 548 0.38461426735078602102 0.38493686277223199133 0.452141115919490022
1049 545 0.38460542539281500352 0.3849268688559889795 0.45212062412309700354
1047 543 0.38460282304110898766 0.38492752146780401246 0.45212367274210202295
1047 543 0.38459984980489897444 0.38491231685906501792 0.45211859380155000609
1031 527 0.38459845957952798479 0.3849190238009490006 0.45212391329575501997
1026 522 0.38460683160480402254 0.38492125511985897379 0.45212056177287601733
1044 540 0.38462384194887799804 0.38491733785455700678 0.45212334292387201806
1042 538 0.38461687117147802528 0.38491827574427900371 0.45212371084135200006
1044 540 0.38461640633255000932 0.38490645059331901612 0.45211281139472397905
1052 548 0.38461074179495302605 0.38489380136840301017 0.45210863845455001586
1038 534 0.38461176430789401071 0.38490096764118197914 0.45210763837691297917
1055 551 0.38462262307139200024 0.3848949313566230046 0.45210921829745098766
1038 534 0.38462345606750097948 0.3849008883532509806 0.4521098629275980274
1048 544 0.38462215513079001106 0.38489532092592199097 0.45211154061036201712
1048 544 0.3846079670984000054 0.38487822618697598021 0.45210837522790198184
1064 560 0.38461714577623501432 0.38487034815764198381 0.45210422751090301174
1057 553 0.3846153846149210076 0.38488439773989902015 0.45210084236224901133
1052 548 0.38460565771838500781 0.38487734801247702743 0.45210725198403400871
1065 561 0.38460473454088500711 0.38486854809075499162 0.4521080691579160149
1068 564 0.38460807063444202303 0.38486169407965398204 0.45210972814881100756
1060 556 0.38460196412926300757 0.38485957749575200326 0.45210679984004498166
1071 567 0.38459512092978698217 0.38483149115600201462 0.45211913633354100517
1091 587 0.38458467558125897234 0.38482234554937500004 0.45211323967874800234
1056 552 0.38457312528504200566 0.38484638512428998025 0.45209633611133198672
1084 580 0.38457554323353798642 0.38484697344216400872 0.45209110886296000054
1074 570 0.38456890089143397349 0.38484625492093299526 0.45208929407727099781
1065 561 0.38456448060215298046 0.38485396494341700402 0.45209242893383599915
1043 539 0.38454814836113498933 0.38486398651855502351 0.45208421958302902333
1048 544 0.3845528777306250201 0.38486446680121300101 0.45208101825406399321
1056 552 0.38456268088593598131 0.38487059347116897579 0.4520668536587190145
1077 573 0.38455660793750900961 0.38484516866047202566 0.45206587160628597388
1074 570 0.38454352716534501155 0.38483372324750597659 0.45205721974337298441
1047 543 0.38452445888308001143 0.38483911054658798134 0.45206244604099499185
1052 548 0.38451305638967397948 0.38482527110985798036 0.45206125248359002589
1054 550 0.38451797175128299422 0.38483093771836501817 0.45206701659558201634
1047 543 0.38452444831934601277 0.38483974116467900561 0.45207988793268100158
1055 551 0.38454547522725401887 0.38484789192556001503 0.45208635697368798612
1042 538 0.3845393256270360216 0.38485816530494099119 0.45208533763980102149
1030 526 0.38453004954359099044 0.38485301456851500612 0.45210824108803299159
1009 505 0.3845291533465279854 0.38486197876956201869 0.45210058174349998517
1023 519 0.38453681488576202385 0.38484816150021500247 0.45209510773418998264
1041 537 0.38455403826770401254 0.38485021370599697965 0.45208598967134799862
1049 545 0.38455801055397698107 0.38485328144107000536 0.45207521347862800187
1037 533 0.38455278723739699798 0.3848632590227660244 0.45206594273933098371
1022 518 0.38454683374898801507 0.38488022715060599133 0.45207134407042098845
1037 533 0.38456192058193500172 0.3848846619827689941 0.45207533413584599646
1039 535 0.38457525297580197332 0.38489369214059698798 0.45208375775964199095
1019 515 0.384570308070639022 0.38490657688621698895 0.45207156713752200128
1029 525 0.38457316643891797936 0.38490014484543000339 0.45206119887577600469
1025 521 0.38457914329323200642 0.38491726124451297597 0.45205683055385298408
1039 535 0.38457823682413699862 0.38489629591509000317 0.45205935585019102474
1065 561 0.38458503347794598115 0.38488528143914202406 0.45205671491113702531
1042 538 0.384565425933963978 0.3848962290745139847 0.45205387137088798299
1042 538 0.38456663195896101382 0.38490331673129901668 0.45204336897705599263
1037 533 0.38455693549186498181 0.38490498001167200437 0.4520431030369689851
1026 522 0.3845461451083300175 0.38491178647267099144 0.4520295334864670167
1020 516 0.38454643924108800057 0.38490995183701998128 0.45202915763752798961
1022 518 0.38455076168059498798 0.38491316936252800707 0.45204334215972902244
1020 516 0.38455325076653901206 0.3849078475657959908 0.45205880654614699621
1016 512 0.38455189801114997294 0.38491344365446000797 0.45205610702441600957
995 491 0.38453673574400099033 0.38491765998659799308 0.45205818484668297552
997 493 0.38455120479734100636 0.3849342522288650148 0.45204972682573801857
1004 500 0.38455771490444001781 0.38495065544530998602 0.45204752912273499232
1017 513 0.38457189350296699937 0.38494285874149297699 0.45205173288987099411
1018 514 0.38457263703818100886 0.38494138767184599148 0.45204167250970900271
1018 514 0.38457465814603797316 0.38494514113066202743 0.45204531413336901391
1023 519 0.38458032932753599686 0.38494660757264098638 0.45204881525004297904
1046 542 0.38459065250204099717 0.38493681546072300304 0.45205917799083800146
1038 534 0.38458454706713002258 0.38494193526860398524 0.45205927424162201111
1035 531 0.38457242591128498743 0.38493690026677701566 0.45205309581166097654
1052 548 0.38458356299108698018 0.38492866607596898376 0.45204965923016798834
1080 576 0.38458712769756697725 0.38491350171572702443 0.45205413655791898409
1065 561 0.38457301254441100813 0.38492117693543798085 0.45204374226726601327
1062 558 0.38456546402328600776 0.38491112667816201887 0.4520348802750949746
1047 543 0.38456229163464100695 0.3849238190644809765 0.45203452892985701572
1048 544 0.38456367339695501917 0.38493898126434700213 0.45203239320054799943
1044 540 0.38456332322034697535 0.38492729140571702029 0.45202292630043899857
1053 549 0.38454696212278199896 0.38492520479241398856 0.45202186568617197526
1066 562 0.38455680635655997701 0.3849245683006820018 0.45200744655895297441
1026 522 0.38455336549612700869 0.38493376207876400796 0.45200975386951297574
1034 530 0.38455229401555701685 0.38493266741270498743 0.45200860844838397501
1013 509 0.38455858289012101459 0.38494732428154598836 0.45201755490611400523
1060 556 0.38457768087619098596 0.38494031547488899436 0.45201249735474302582
1057 553 0.38456879115539899239 0.38493028894202202528 0.45201038073297900022
1068 564 0.38455845553820999783 0.38493230128250599531 0.45200641277045600086
1053 549 0.38454531187452500873 0.38493903059428302704 0.452004339324538984
1053 549 0.38453471679060402533 0.38493238344037800092 0.45199841779598298741
1055 551 0.38453192954605197595 0.38492664578387997265 0.45199629113061401409
1040 536 0.38452125238980700006 0.38492855318982699409 0.45199731889221900216
1047 543 0.38453179711182500222 0.38493755495213199946 0.45199539675799899063
1032 528 0.3845188609881229902 0.38494627975125300656 0.45198078594559398802
1046 542 0.38452151830701097879 0.38494136989362398582 0.45199600551278601435
1052 548 0.38451792488998198793 0.38493827597765400972 0.45200342523247799553
1086 582 0.38452574334300398951 0.38492356725445897592 0.45200346430501697759
1073 569 0.38450766544080999809 0.38491157846495499539 0.45200065496729802117
1074 570 0.38449882887681102739 0.38490005568146101744 0.45198903131301398917
1076 572 0.38448656251571800002 0.38489888679308897901 0.45199116307490400102
1077 573 0.38449166361916298218 0.38489635283613699013 0.45198245144254700634
1075 571 0.38448067135978097886 0.38490026508708202746 0.45198792086765299247
1070 566 0.38447601041953199941 0.38489818571267098157 0.4519752512803980049
1070 566 0.38447749903340100452 0.38490816307252601058 0.45198011506424901063
1074 570 0.38448024801495600533 0.38490110086771101017 0.4519659176670129952
1059 555 0.38447504666597998035 0.38490663332475699709 0.45196575189902798986
1052 548 0.38445757609498898422 0.3849099019568700264 0.45197686679583298774
1041 537 0.38445699079862799552 0.38492303021914298089 0.45198039716560400869
1039 535 0.38446578710261902767 0.38491732086141500213 0.45198678801501301905
1041 537 0.3844681756721349819 0.3849213068791980108 0.4519857472953660027
1049 545 0.38447561383000400381 0.38491651109926899865 0.45199767881623598154
1025 521 0.38446096079158398329 0.38492582076597198215 0.45199179723951499188
1029 525 0.38448479679218999783 0.38493856082251198814 0.45198663457813098576
1047 543 0.38448330385647000451 0.38492392547775899914 0.45199166611925101211
1050 546 0.38448847589517898271 0.38492275031833900201 0.45199289695280897572
1062 558 0.38448896266059201521 0.38490902688063699522 0.45198316399261601051
1058 554 0.3844791853171040108 0.38489341178468700067 0.45198365864703399231
1047 543 0.38447823218026300207 0.38489531458371001316 0.45197942899810200634
1037 533 0.38448240975591002622 0.38490163309539399128 0.45198128703142798068
1044 540 0.384472192762408016 0.38487674766200402621 0.45199221931941802044
1028 524 0.38446881582624597984 0.38488749071070499364 0.45198904853251997693
1053 549 0.38446814104953802582 0.38486866774112199474 0.4519889558658939932
1045 541 0.38446126238909100747 0.38486516880211701919 0.45198775006170999191
1049 545 0.38445637245239200341 0.38487167235769598195 0.45199328518529302556
1024 520 0.3844521037362579885 0.384881680322763986 0.45199622521309001932
1020 516 0.38445664074583402181 0.38488808262821799788 0.45199781055428800425
1035 531 0.38447123288905099558 0.38489898452107901283 0.45198577840875397982
1028 524 0.38447602893887100617 0.38490871043576802002 0.45197715374605601513
1015 511 0.38447265670510799573 0.38490781375843602374 0.45198530840818001986
1023 519 0.38448077263821900384 0.3849145625365930079 0.45198714234591397254
1052 548 0.3844984749288339887 0.38489559229764197523 0.45198308603428200003
1049 545 0.38450388643704397351 0.38490305922717898968 0.45197757903991797601
1072 568 0.38451198531362601463 0.38489902706193301896 0.45196380152726400858
1078 574 0.38450861182519402437 0.38488987283048997634 0.45197048641439502292
1062 558 0.38450147902601400363 0.38489679331419901498 0.45197545897859198183
1075 571 0.38449820079371699322 0.38488495438857900366 0.45197811523781500354
1080 576 0.38449859163733701717 0.38487850632972797627 0.45197623981894402556
1066 562 0.38448448925758899053 0.38487564509970600968 0.45197040893759798941
1062 558 0.38448300721340600283 0.38487691242163801775 0.45196315440878898073
1060 556 0.3844734792560660086 0.38487360871633602422 0.45196326039260398266
1079 575 0.38447012614201098168 0.38486233400563901741 0.45195111269030102674
1074 570 0.38447356498055901275 0.38487283554781698269 0.45193610397498101827
1067 563 0.38446538798740498288 0.38487266950859500003 0.45193700574995099295
1044 540 0.38444587124602297434 0.38487483205726097379 0.45192397655694799274
1026 522 0.38444430515174199403 0.38487484549140599244 0.45193641638619297396
1019 515 0.38444471263149398998 0.3848832717418190219 0.4519478271775539957
1023 519 0.38445118591130500452 0.38488767188256800544 0.4519454972778529922
1005 501 0.38444944445688500334 0.3848924209753110115 0.45195007818395999122
1023 519 0.38446046301802100364 0.38487793933134900604 0.45193815272856302512
1028 524 0.38447441690055800256 0.3848895779527989891 0.45193798089837400322
1045 541 0.38448649074540197645 0.38487242257066700546 0.45193038739946100879
1021 517 0.38448599429996499488 0.38489208633048799246 0.45192757016092599542
1028 524 0.38449110908781097828 0.38489522734564501905 0.45192820412925299722
1035 531 0.38449016640707200931 0.38488156802611300789 0.45192581810738802206
1042 538 0.38449189257340998793 0.38486568785320501851 0.45193026765077498608
1053 549 0.38448080754740598941 0.38485686939831798004 0.45192523189102301595
1044 540 0.3844794240392360174 0.38487250324119298694 0.45192204150087500469
1049 545 0.38447670754438001417 0.38487234190526498079 0.45192053363403700272
1057 553 0.38447425767138798669 0.38486451273339800094 0.45192167490964901821
1035 531 0.38446762846805798697 0.38487031934006099565 0.45191617455721599939
1054 550 0.38446260710378998837 0.3848641071382740142 0.45191833958991001197
1057 553 0.38446558431313598847 0.38486216165776099274 0.45191592288762200136
1057 553 0.3844636741325460072 0.38486636817569397362 0.45193056228984002098
1048 544 0.38445394884892697407 0.38486647536830798089 0.45193527662134802547
1042 538 0.38445372817349499073 0.38486818124441202205 0.45192920278306297766
1047 543 0.38445111293354200521 0.38486366049910197829 0.45193479207325298885
1045 541 0.38445142627739398167 0.38485993759539899317 0.45194890960095202015
1036 532 0.38445244675936801615 0.3848490068471679959 0.4519436419434850194
1037 533 0.38444823571408998086 0.38483773622369099598 0.45193946978049598373
1081 577 0.38446779161739197406 0.38483705957278901977 0.45194516060165801363
1064 560 0.38446260120970099372 0.38482694731155897561 0.45194474956512198371
1069 565 0.38446353028665497531 0.38480955944121297829 0.45194830199072699717
1062 558 0.38445321306436702757 0.38480630392427100928 0.45194424994715298727
1072 568 0.38445511879681598666 0.38479746104975798282 0.45194039928512097504
1055 551 0.3844494105837260034 0.38480903418695899809 0.45193900424566701979
1053 549 0.38443972518857100207 0.38480906952853599634 0.45194923642141499043
1056 552 0.38444499648032598449 0.38481744216036201101 0.4519467437226140083
1033 529 0.38443575471621399542 0.38482039624482899942 0.45195221461962598042
1015 511 0.38443244684658700594 0.38483815503145502035 0.45195013194149602498
1043 539 0.3844357753093780028 0.38483481995711199541 0.45196526516086199532
1043 539 0.3844363546129260234 0.38483263188645899788 0.4519686469944059759
1019 515 0.38443313614587898419 0.38483388639244897611 0.45197272483220202188
1017 513 0.38443619346735702358 0.38484577806177999726 0.45197684922318198675
1004 500 0.3844425084903990153 0.38484880565746398817 0.45198198710532100364
1014 510 0.38444211635091901647 0.38484343345402999281 0.45197361469060998163
992 488 0.38442875415076299683 0.38485345110104601796 0.451979606834207015
1014 510 0.38443277486758797856 0.38483162861671399435 0.45197651587000997608
1017 513 0.38444217436671801469 0.38483704966340398501 0.45196907953524501078
1028 524 0.38445791597708001142 0.38483344900926097498 0.45196549759940701785
1034 530 0.38445761140661499633 0.38484160946565398875 0.45196243610200498297
1024 520 0.38445774271917398934 0.38484383882537798183 0.45196562753119601252
1036 532 0.38445919714664100741 0.38483361826130701999 0.45196325101274498204
1044 540 0.38446558370220701439 0.3848316122089209812 0.45195038102306100969
1031 527 0.38445717189569800221 0.3848287241716359941 0.45195092933966302118
1057 553 0.3844646130394269723 0.38480845381878198141 0.45194887893480700791
1063 559 0.384461310561727998 0.38479949173335198376 0.45195043997292699833
1031 527 0.38445440136089797933 0.38481636976849897813 0.45194709166676999557
1040 536 0.38446394375009601552 0.38480669980460302515 0.45196249961354600932
1033 529 0.38446337401763497343 0.38482021832020701924 0.45197013340872899123
1022 518 0.38446702224372097945 0.38483240341804098028 0.45196636521902200379
1032 528 0.38445880651595099042 0.38482098074064602367 0.45195702480068900009
1031 527 0.38446974238762399168 0.38482417709432897857 0.45194658534580200993
1014 510 0.38446899209717499968 0.38483265334105698496 0.45195017702886297606
1036 532 0.3844807141638110215 0.38482396295815801679 0.45195169122938300132
1034 530 0.38448022490531802431 0.38482962610460802466 0.45194291427693999985
1016 512 0.38448991138123800315 0.38483958680609198222 0.45195331565566598808
1019 515 0.38449336775609299632 0.38483776384407397675 0.45195395450553399463
1014 510 0.38450111893505101168 0.38484015655756997898 0.45194243110237397598
997 493 0.38450167426825199168 0.38485125439795198066 0.45194783269294297456
997 493 0.38449916251679600032 0.38484644631887499067 0.45195696462481899092
998 494 0.38451391697046399809 0.38485779563494998401 0.45196255140206997858
1007 503 0.38452323064107402084 0.38485676225698300934 0.45197713712569898004
1018 514 0.3845333290827049888 0.38485950209470498606 0.45197049386516502389
1023 519 0.38452984974359699644 0.38484451274074299443 0.45197371680901299307
1046 542 0.38452690048721399618 0.38482707809611998995 0.45197183595774897968
1037 533 0.38451782856462202176 0.38484087675087502722 0.45198134070268197737
1041 537 0.3845235414914000005 0.38484326912072902571 0.45197390958925498516
1046 542 0.38452898995504697366 0.38484644749543100994 0.45197028500923802641
1050 546 0.38453731852102801536 0.38484226067358101586 0.45196858723284599746
1035 531 0.38453026119910399538 0.38484604836939201311 0.45196280110643100025
1031 527 0.38454574985928902109 0.38487436482148401629 0.45195462929516699857
1036 532 0.38455275690289297819 0.38487385392850098631 0.45195770184308498019
1034 530 0.38455164115356499366 0.38488367064970002707 0.45196098091911501848
1029 525 0.38455060993350298482 0.38487598003259798629 0.45196551314812499767
1026 522 0.38455464326149302323 0.38488246465935199714 0.4519696832913169815
1030 526 0.38457271966255801576 0.38488632397254401996 0.45196058787811499435
1026 522 0.38456915554624998554 0.38489070848771300692 0.45195627761633699881
1007 503 0.38456323798770197797 0.38488660121763401678 0.45195916477925202059
1026 522 0.38457763765349201046 0.38488678664410097552 0.45196018549527300356
1013 509 0.38458113344317501614 0.38489142457365299599 0.45196774680010698422
1022 518 0.38459551910791700546 0.38488986068920100214 0.45197049709746101032
1034 530 0.38459317302912499059 0.38488166741531398829 0.45196222367380700646
1051 547 0.38458795481824797902 0.38486099354792102645 0.45196000679745501616
1071 567 0.38458805049908301177 0.38485534248707098381 0.4519547418904519831
1063 559 0.38458135775148100111 0.38486897315006002307 0.45195238124868597485
1066 562 0.38457458118586101969 0.38486480725821597959 0.45195859857264397696
1040 536 0.3845564124014739793 0.38485941713064597547 0.45196112325410198185
1055 551 0.38455295121673399583 0.384847585226515021 0.45196310297461900207
1047 543 0.38455331594439801091 0.38484995746362898883 0.45195977472645199047
1052 548 0.38454525324420602006 0.38484440115919499315 0.45196878349687902299
1047 543 0.38455370040491798633 0.38484798741062398175 0.45197147769521700544
1051 547 0.38455119961205902479 0.38485349908959298748 0.45196308046951699788
1053 549 0.38454505331720201244 0.38485195477584499546 0.45197054282894999488
1045 541 0.38454715646104598026 0.3848530128709070075 0.4519679507738689761
1063 559 0.38455628771451799697 0.38484172387662601844 0.45195712459720899234
1086 582 0.38455725953567998499 0.38482792302448398658 0.45196221635715400078
1092 588 0.38455181340096800113 0.38482560327626402774 0.45196656237366999997
1075 571 0.38452434759140802223 0.38483067671644100027 0.45194848270810300539
1073 569 0.38450435386125297876 0.38482975038899902565 0.45193607454748302432
1073 569 0.38449468147976301191 0.38483212684458900643 0.45193241712649800945
1053 549 0.38448752152340398558 0.38482658959494098205 0.45193378012690699208
1072 568 0.38449258246385298321 0.38481837009905700553 0.45191580617544702125
1059 555 0.38448395788691097641 0.38481779069553501138 0.4519195725706010025
1038 534 0.38446910665757699777 0.38482085550294498066 0.4519017751250160031
1068 564 0.38446949884039899326 0.38481160832351102297 0.45190450936719100961
1055 551 0.38446677057495698415 0.38481389119333198057 0.45191445054146500704
1061 557 0.38446335400750697442 0.38480620609317800485 0.45190592635996801318
1058 554 0.38444913239728401022 0.3847991328465910077 0.45190569861715301769
1047 543 0.38443543303592897509 0.38478859595227898893 0.45190978607176501836
1049 545 0.38443677587593000355 0.38477589855060101431 0.45190533024705697995
1054 550 0.38444771114439502124 0.38478330130402599307 0.4519039247509930024
1044 540 0.38444560204373001699 0.38480056994442901619 0.45189775481064498042
1051 547 0.38444754717276802269 0.38479411486677400633 0.45190644168307697592
1032 528 0.38444129270236399032 0.38480955418053397477 0.45191204572779097859
1008 504 0.38443944140966201939 0.38482549999675602637 0.45190721759422597392
1001 497 0.38445268833560902744 0.38483442904508402549 0.4519028290998309827
1037 533 0.38447283306290497285 0.38482442387724602462 0.45191585822231000735
1050 546 0.38447322056954297276 0.38480491290470697496 0.45191295821331700644
1041 537 0.38445843744004598586 0.38480097043716299243 0.45190138909893501351
1053 549 0.38446606291716700632 0.38478510826511802545 0.4519052710243889881
1048 544 0.38446860046698699831 0.38478497333381400658 0.45190413896439501906
1059 555 0.38447510156699399309 0.38478941774910002671 0.45190606239545599854
1046 542 0.38446773624879299058 0.38479696450846601063 0.45191277308799598922
1065 561 0.38446976265901899872 0.38479743371126501339 0.45190604487612601181
1047 543 0.3844640364373970165 0.38479625669785200159 0.45191419986302799883
1027 523 0.38445702118955998872 0.38480163841213799181 0.45192351822411297446
1019 515 0.38445414085541101956 0.38480460275010197613 0.45192664400495097254
1003 499 0.38444472758280201496 0.38480221912473500101 0.45192217329405798276
1022 518 0.38446480228161500348 0.38479664990005801872 0.45193116438024499848
1037 533 0.38448383518695500305 0.38479969813880399165 0.45193349531961901633
1044 540 0.38448206935477302615 0.38479775411657402007 0.45193686749818001713
1043 539 0.38447678215540598279 0.3847913323526219731 0.45194043661684502045
1044 540 0.38447493069122601339 0.38479214726299298954 0.45194927799321199524
1042 538 0.38446844808286900763 0.38479252879948000476 0.45195004933945598369
1047 543 0.38446728863503198959 0.38479084646451700014 0.45195179183839401249
1034 530 0.38446020991174401082 0.38479088047459397703 0.45195117758269398589
1021 517 0.38445442323042400279 0.38480252196113001739 0.45195346088728499678
1018 514 0.38445181006173800853 0.38480444730401702769 0.45194557282721897762
1045 541 0.38445683140188402493 0.38480113477669097843 0.45194132497823502614
1031 527 0.38446150350370900117 0.38482049243527499671 0.45194816055817299549
1031 527 0.38446925619994398726 0.384822577710075997 0.45194895245034699682
1030 526 0.38447974333612999764 0.38483024443330199338 0.45195089020258499835
1028 524 0.38449022473005201039 0.38483472913697597262 0.45195033090421998789
1024 520 0.38449171682515298487 0.38484659223940198558 0.45194312637814798572
1037 533 0.38449910906706302738 0.38484327142494101359 0.45194933613475002376
1026 522 0.38449058836045302279 0.38484946779474199507 0.45195875921382899776
1031 527 0.38448891112180000329 0.38484126161562798307 0.45195101199523202151
1038 534 0.38449723883349301579 0.38484085515938498689 0.45194034898942297973
1039 535 0.38450650080731302305 0.38485236282915302741 0.45194050436126098624
1033 529 0.38450712986101898139 0.38486986053460497947 0.45195474103277000211
1020 516 0.38451194229191099083 0.38488648836343197779 0.45196452302993200822
1008 504 0.3845146163508810222 0.38489300304772400274 0.45196151920541699498
1052 548 0.3845318926497359735 0.38488052032969599647 0.45195741201175698709
1046 542 0.384518944970344001 0.38488738112409198733 0.45196150900576897991
1040 536 0.38451948374574101974 0.38488978241101501343 0.45195867451044102747
1038 534 0.38452283795608899197 0.38490296302347098978 0.45195974276373701572
1036 532 0.38453028262260802173 0.38491168681310700128 0.45196342501470399
1029 525 0.38453516503324802756 0.38491912268710598566 0.45196221905864297774
1013 509 0.38452802761836202272 0.3849292077955450142 0.45196784453545602034
1012 508 0.38452992532195501285 0.38492057323142997438 0.45196849869791400067
1009 505 0.38453718868201597347 0.38493022491612099989 0.45197658692301401206
1004 500 0.38453712334699702291 0.38491723958030499286 0.45197573559823300826
999 495 0.38453876266231001857 0.38492475134339798615 0.45196712901846197719
1000 496 0.38455120920808200102 0.38492918676483500739 0.45198074910117097547
1017 513 0.38457454104548999263 0.38492978283365197889 0.45197584022945497262
1009 505 0.38456425863544202448 0.38491758211261900557 0.45197820481997402764
1019 515 0.38456741941932198747 0.38491127670189501098 0.45197057010436797464
1032 528 0.3845714292025820269 0.38490932276488298847 0.45196499302933601516
1040 536 0.38456438724234398574 0.38489330548061301274 0.45196220600621600516
1049 545 0.3845680560169220108 0.38489587024264698689 0.45196546509577700812
1076 572 0.38457741385074900586 0.38488293573876697362 0.45195912873538901522
1055 551 0.38457198877406501003 0.38488873051261202063 0.45196284902237399139
1061 557 0.38456979385292200391 0.38488959500053698815 0.45197094954264599442
1070 566 0.38457922733895799627 0.38488305086390400822 0.45196432989848001061
1074 570 0.38458271605985300257 0.38487778717621201618 0.45196494494462902125
1064 560 0.38457220619460197319 0.38487439546731000428 0.45196769896800098598
1059 555 0.38455661453783401837 0.38487313605161299623 0.45196950683113401581
1047 543 0.38455290018837701149 0.38486897708285500164 0.45195939422335801305
1050 546 0.38454935811434798332 0.38486754908328701941 0.45196070482428102322
1041 537 0.38454903567750997606 0.38486858450178801361 0.45195644178621302567
1015 511 0.38453499026415099982 0.38488014995288000186 0.45194846573526398226
1013 509 0.38453179310355600773 0.38486716864402598093 0.45193950362261198217
1037 533 0.38453799789506398765 0.38485233291771198116 0.45193239522882899806
1041 537 0.38454673700338198872 0.38485277638026599289 0.45192626512847500209
1056 552 0.38455953293738398546 0.38485025582173498782 0.45192853551972500536
1066 562 0.38456140968267998881 0.3848465473141540194 0.45193396989779299755
1071 567 0.3845783402761869807 0.38485453285049797678 0.45192724671154499427
1075 571 0.38457107998001199833 0.38485082191134700746 0.45192027839266502021
1067 563 0.38456923208745197318 0.38484795749287897815 0.45192319327613800217
1091 587 0.3845706828249130238 0.38484535821331400385 0.45191780543184301155
1090 586 0.38457018722995600646 0.38483657223837902661 0.45190895842436301644
1092 588 0.38455651868359902457 0.38482948523615800873 0.45191045766983101162
1082 578 0.38455416984026602467 0.38482070262217099588 0.45189882250398100139
1054 550 0.38454262032929498183 0.38482885300674801732 0.4519044278914099988
1037 533 0.38451934944144799955 0.38482964135848701792 0.45190519859178801543
1023 519 0.38450309073876698385 0.38482188793034599605 0.45189537503433702126
1036 532 0.38450759203824502741 0.3848128699570009803 0.45188547217730601346
1046 542 0.38451875139721902741 0.38481383165698501703 0.45188093518918398539
1041 537 0.38451136092116500187 0.38481436731064899703 0.45188213830809298432
1020 516 0.38450178033373400011 0.38481168892448397445 0.45188464862421301449
1035 531 0.38451857823143797965 0.38481028221603297279 0.45187888144250898392
1037 533 0.3845158238447369814 0.38480778432819501278 0.45187860970689802675
1052 548 0.38452359840307198668 0.38480283780968899121 0.45188945914689998551
1047 543 0.38452421210875298296 0.38481139567596001072 0.4518900164818330234
1049 545 0.38452457538437001539 0.3848090605229619876 0.45188008875799101638
1020 516 0.3845070145230229941 0.38481431742770300097 0.4518791686532849794
1008 504 0.38450536039954297252 0.38482109194805802499 0.45188748021421398793
1025 521 0.38451127803067697286 0.38480619883203798226 0.45188334886373499044
1043 539 0.38452770100165301059 0.38480791643621797826 0.45189137561577402691
1069 565 0.38452360791641299054 0.38479127425600700985 0.4518950548922239796
1067 563 0.38451262670352998052 0.38478575268157000355 0.45188628337936698198
1053 549 0.38450282499406601699 0.3847764415390310111 0.45187831020378999014
1054 550 0.38450092249873402128 0.38476158172266800017 0.45187725059672501082
1047 543 0.38448869558532000612 0.38475523113887299953 0.45186760888351401588
1043 539 0.38448486938110898459 0.3847573805051590079 0.45187534337671497742
1065 561 0.38447920416202002736 0.38474775657242699101 0.45188522558365501469
1063 559 0.38446925912151902471 0.38474032184157497261 0.45187736857794902345
1053 549 0.38446376495556500164 0.3847477684494099992 0.45187099534286501168
1071 567 0.38447319576688099296 0.38473622001613999588 0.45185660004721500682
1062 558 0.3844760819296759724 0.38473710937671301568 0.45186050938124500131
1063 559 0.38447745845791497787 0.38472808897454902066 0.45185797870604699211
1040 536 0.38445294870971097323 0.38472688376213898254 0.45185200124472302274
1029 525 0.38444043057913501737 0.38472794489892897518 0.45186244778827600044
1030 526 0.3844427416436450029 0.38473790085004400119 0.45186742472093099909
1027 523 0.38444630874267099463 0.38474256125660899475 0.45188099700360101485
1015 511 0.38443773374687001398 0.3847431978050849799 0.45188490929084201841
1021 517 0.3844264906909509727 0.38473704461408797517 0.45188400905780401473
1033 529 0.38443565721351302678 0.38473097610474898955 0.45188275866172800121
1048 544 0.38445342985360497767 0.38473446603380601072 0.45187931227689798197
1028 524 0.38444962428033702118 0.38474188988101998277 0.4518813591492329973
1031 527 0.38446187005924697955 0.38474327692210502638 0.45189293530690599621
1027 523 0.3844517211601640172 0.3847474305465189981 0.4518924731063440059
1034 530 0.3844525178117820241 0.38474136739575698352 0.45189402811711698593
1028 524 0.38445039050373702727 0.38474442953942100676 0.45189821012527997546
1016 512 0.38445035035721097927 0.38474522812509098779 0.45190360134310897378
1006 502 0.38446549907794502765 0.38476158375107000209 0.45189231280479602582
1009 505 0.38446745995292297415 0.38475811378056401502 0.45189477941491201785
1030 526 0.38446458138340799948 0.38473776351022398456 0.45189412441496401573
1028 524 0.38446545318899899568 0.38472945578233802566 0.45189845739291101268
1034 530 0.38447933171306497568 0.38473761323964100756 0.45190639203126298229
1048 544 0.38449103768636999634 0.38473866627246000593 0.45191198098080997969
1023 519 0.3844873191894500053 0.38475199246176799983 0.45191350622233700252
1032 528 0.38450692786209800245 0.38475930228604499073 0.45190906883549597506
1029 525 0.38448605678574299116 0.38476035274367798023 0.45191295409980197784
1051 547 0.38449166896614600519 0.38474329368054899225 0.45190497238502197463
1053 549 0.38448895948161898595 0.38475210182863200936 0.45189876502402998026
1039 535 0.38447892418549800553 0.38474755972188301456 0.45189573664958099242
1040 536 0.38447122283833701228 0.38473702064711201576 0.45189471393892199913
1040 536 0.38447857947488800479 0.38474015420379298336 0.45189582460797800278
1024 520 0.38446415370007802625 0.38475378582683300577 0.45189473934732399263
1016 512 0.38445920465542599009 0.38474741644488502645 0.45189070154028698756
1011 507 0.38446664239661798579 0.38474687648474797941 0.45188773606813897876
1017 513 0.38449600347285300961 0.38474933602848399028 0.45187923798071299997
1020 516 0.38450525542911601073 0.38475570765591998734 0.45187439140480101241
1026 522 0.38450802436845099574 0.38475858547793501119 0.45187466506449597281
1028 524 0.38451601902730597748 0.38474523484549599806 0.45187506278268402271
1025 521 0.38451455037972998019 0.38474902806986599479 0.45186871710898002252
1013 509 0.38452411769740202363 0.384759881066865983 0.45187085964898299206
1001 497 0.3845408137953360006 0.38477829137694602446 0.45186569016589500647
1002 498 0.38455269214764398189 0.38477990587182198112 0.45186638987649602184
1016 512 0.38455876171733399671 0.38478036200783299892 0.45185593482212299543
1028 524 0.3845711256492970187 0.38478887776796899534 0.45185986362036101305
1031 527 0.3845674091942949957 0.38478725471106700606 0.45186181394772900743
1046 542 0.38459392983865697824 0.38478678887319900381 0.45185319708672000427
1051 547 0.38458979435576601258 0.38477180688173301393 0.45184230218655602185
1060 556 0.38457912088225498781 0.38475260103471498052 0.45185012834699100903
1058 554 0.38457184729550097924 0.38475198333503901615 0.45185548541869302586
1066 562 0.3845775688001650261 0.38475692374647701977 0.45185607854934600747
1043 539 0.3845693059506670175 0.3847601149151119726 0.45186113619533901931
1051 547 0.38457138679435198814 0.38476471811271900636 0.45185260109829200603
1038 534 0.38455990549822899327 0.38476011997998399439 0.45185401133176900101
1034 530 0.38456521085008099625 0.38476554508706900526 0.45185245730596401703
1040 536 0.38456737271661500799 0.38476492699541398057 0.45185422919488199556
1038 534 0.38458580844397999288 0.3847751483170049891 0.45184936365957301119
1024 520 0.38458143819778101147 0.3847659149634279907 0.45184978620537197269
1041 537 0.38458772320548700874 0.38476215264479002309 0.45184376255597197281
1019 515 0.38457279049786302627 0.38477906745403700484 0.4518407253774510135
1016 512 0.38457527727253898453 0.3847739766222320057 0.45183143417936999509
1030 526 0.38458296152616899821 0.38477773777691098855 0.45184322014541999923
1026 522 0.38458577527841397714 0.38479347828381199603 0.45185302842301999782
1057 553 0.3845927097866870259 0.3847778173986989847 0.45185891734174898904
1057 553 0.38458274262416697331 0.38478843293758002719 0.45186035760117398974
1059 555 0.38458448185130100772 0.38479003937659700396 0.45186679341953400746
1045 541 0.38458111185089599582 0.38479544088565198479 0.45187434938873299872
1019 515 0.38458581525765700437 0.38481272062016802504 0.45187993254179398273
1037 533 0.38459257514731498562 0.38480095337248698684 0.45188155178643002463
1043 539 0.3845905232377320182 0.38479116891320197524 0.45188702690403098616
1036 532 0.38458221797077402071 0.38478245721197401608 0.4518872880141899806
1041 537 0.38458732788574800932 0.38477721737635400823 0.45190064983254901732
1051 547 0.38459498476139197809 0.38477041729216798771 0.45190597190949799433
1033 529 0.38458635523889000973 0.38477523624629100807 0.45190176827776001867
1045 541 0.3845882541544550226 0.38477000477576100979 0.45190976642458402512
1050 546 0.38458702892214902125 0.38477037582609802113 0.45190608324187298006
1030 526 0.38459517056793701695 0.38478424673620997831 0.45191565934614602584
1043 539 0.38459607987160898679 0.3847847813567940034 0.4519246802886209835
1061 557 0.38460002733062798042 0.38478177612943398334 0.45194014411467398062
1060 556 0.38458303670781401884 0.3847822297132029723 0.45194896350116198214
1029 525 0.38456753105638502577 0.38478539099823200198 0.45194695893945002751
1046 542 0.38457492940607101994 0.38478279924789998701 0.45195043289244901663
1063 559 0.3845796993872310221 0.3847825087974480196 0.4519610904284849795
1028 524 0.38457470570696400403 0.38480045725721800931 0.45196893585980202346
1026 522 0.38458029245665398266 0.38481264939623499588 0.45198168088765400263
1039 535 0.38457956473144799814 0.38480413617209202615 0.45197666592332502722
1032 528 0.38458039402801602602 0.38480991308502399129 0.45197450925167198532
1040 536 0.38457941984275600955 0.38479787668830800484 0.4519754586835679766
1047 543 0.38458639051134402287 0.38478994958749102029 0.45196856771633597827
1051 547 0.38458615282877300912 0.38478990359651799036 0.45197936961261198086
1054 550 0.38458599729235498632 0.38480331519008897923 0.45197469896948200274
1048 544 0.38457659413487899069 0.38480925479100802633 0.45197704013692202585
1031 527 0.38457267752547602546 0.3848233860881200008 0.45197684173743801761
1039 535 0.38456876303165299369 0.3848194820053310039 0.45198915418016299972
1048 544 0.38456836711874298196 0.38482623582285802044 0.45199522873122299771
1042 538 0.38456985087782802335 0.38482912718928402596 0.45200682949637699393
1049 545 0.3845637334320859968 0.38482244009601501711 0.45201395938185001677
1043 539 0.3845622756140629761 0.38482156638328302023 0.45202180621575399622
1028 524 0.38455910228582201871 0.38482568824872598334 0.45202035232845799717
1027 523 0.38456083207929198098 0.38482268341504000109 0.45202965557303798061
1017 513 0.38457448106953701084 0.38483996953785698514 0.45203532301948001759
1001 497 0.38459448876925800276 0.38485364341670802446 0.45203704490396201532
1018 514 0.38460306279582601174 0.38484490932629100701 0.45204056929502101081
1033 529 0.38461579250973099153 0.38485433632735499554 0.4520432269358670152
1036 532 0.38462141983160802461 0.38486081258930199267 0.45204326636061598066
1055 551 0.38463854048816698006 0.3848626279660010141 0.45204320400505898503
1062 558 0.38463576243109998121 0.38486665002958997395 0.45204163780726297484
1060 556 0.38462540799389699497 0.38485302735578197364 0.45204280346445901984
1044 540 0.38462793111442200589 0.38485001570697602302 0.45203828286809200065
1031 527 0.38463305982333101385 0.38485052329537899896 0.45203619693678798175
1037 533 0.38463834823457798695 0.38484654338049600897 0.45203854589353198445
1024 520 0.38463085280744802041 0.38483440365764198798 0.45205302425620197404
1010 506 0.38462710492444301957 0.38482830415862601114 0.45205096476252898396
1007 503 0.38462075501994502646 0.38482588461933797674 0.4520458608218320129
1013 509 0.38461774366460899088 0.38482052890346102325 0.45205567171888100253
1037 533 0.38462644467991402575 0.38481110540240698326 0.45206608640603901383
1016 512 0.38461587244504097383 0.38480803810604602422 0.4520666267142359751
1010 506 0.38462131826892398401 0.38481246102712102219 0.45206474037566601876
1009 505 0.38462619241251999602 0.38480939241974099208 0.45206056642621800234
1003 499 0.38463358222312998835 0.38482512998556300809 0.4520657199573939744
1044 540 0.38466639003495400884 0.38481783667725000253 0.45206434888629498658
1038 534 0.38466970675746298136 0.38481525897966301075 0.45206400622035797232
1044 540 0.38466733783694700977 0.38481301198052897394 0.45207032656878498589
1026 522 0.38467511695242700975 0.38481945997553701488 0.45207108901625298047
1023 519 0.3846906798383810111 0.3848137859762990054 0.45206663830401300208
1059 555 0.38469649980609399442 0.38479496827666798131 0.45207163727313798285
1061 557 0.38468698969681497379 0.38479183586353699065 0.45207823806073399453
1080 576 0.38470002371313499756 0.38479333711993402023 0.45207183041593101969
1076 572 0.38468427746074901341 0.384788258417426976 0.45208213271275299316
1080 576 0.38468563747828998789 0.38478496711568799249 0.45207015316990600828
1062 558 0.38467881473608900311 0.38478694806277702334 0.45206221559371101426
1062 558 0.38467069827338801202 0.3847864975124939968 0.45206050324514701622
1034 530 0.38465586690806502501 0.38480153867851502048 0.45205262273549301488
1030 526 0.38465747543434097855 0.38480611263811498324 0.45205683588152001384
1021 517 0.3846441116225510215 0.38480054549457098911 0.45205112384843298967
1030 526 0.38465106153354300389 0.38479514665153902175 0.45204656110028601512
1043 539 0.38465080873715801202 0.38479250780221102568 0.45204619560761200026
1035 531 0.38465896608698502135 0.38479650645416602073 0.45203750014442201088
1064 560 0.38467277541887201497 0.38480448150684998243 0.45203867891710197702
1045 541 0.38466783137767801559 0.38480045719200800525 0.45203451996115001643
1027 523 0.38465739612613497611 0.38479878705067099842 0.4520389031303779781
1028 524 0.38466400871057898625 0.38480270465827298709 0.45203819477081397249
1033 529 0.3846757854731899795 0.38480394734311001992 0.4520513041429279899
1013 509 0.38467173354954198317 0.38480834068334701659 0.4520573774665380129
1009 505 0.38468939482128700069 0.38481766462273797602 0.45204279665265101329
1024 520 0.38469986510515197242 0.38481316709111301755 0.45203406272877100225
1027 523 0.3847104903020829858 0.38482426671836600374 0.45202946703932500583
1022 518 0.38471377244966398212 0.38482752247098100939 0.45202812245837897809
1039 535 0.38471552009619097712 0.38481826285306697244 0.45202078615799001771
1045 541 0.384725086342351974 0.38481303898724400492 0.45201819447975000177
1029 525 0.38471425922529500774 0.38482259411726799092 0.45202534266839700106
1053 549 0.38473928894182901628 0.38482003852230500796 0.45202296687808601883
1035 531 0.38472258577864998363 0.38481490066150098039 0.452037732863120989
1045 541 0.38473680849843200358 0.38482832091460300594 0.45204039244155497235
1016 512 0.38473814803650602245 0.38483825656682002503 0.45203751215633497518
1030 526 0.38475308454647000334 0.38483690651558100093 0.45202934738024297401
1035 531 0.3847556249610269985 0.38483983647291897245 0.45202348929856500659
1031 527 0.38475993483053699817 0.38483260223771198483 0.45202424298218202292
1025 521 0.38476134519806598489 0.38483705520250000021 0.45202057456845001759
1044 540 0.38477223889791600797 0.38483853001978102215 0.45202365710149700062
1038 534 0.38476914332007200459 0.38483967760700099614 0.45202630099716201162
1059 555 0.38478653727592398992 0.38483832929242700605 0.45202830600446497478
1055 551 0.38478609128597501821 0.38483480734893099617 0.45202899285398401297
1069 565 0.38479166927640201523 0.3848269486572680198 0.45202743230199998736
1041 537 0.38477122709412597823 0.38484096690076502467 0.45202992217515497453
1037 533 0.38478033794763799591 0.38484580853147298818 0.45202676662524499118
1043 539 0.38477210845281500928 0.38483932112954299942 0.45201699045829302204
1034 530 0.38476942203195602099 0.38484842786572098783 0.45200312324150498933
1057 553 0.38477884373725002032 0.38484266462757299454 0.45201596702212298862
1049 545 0.38478192660902399425 0.38484966817953697449 0.45201440436426798541
1034 530 0.38477979949521201597 0.38485675007866798625 0.4520021549912139891
1024 520 0.38478152153488698328 0.38486126039593798742 0.45199461914247701655
1040 536 0.38479373550858897435 0.38485959097360900039 0.4519884007564359818
1038 534 0.38480242084922899881 0.38486514111643499447 0.45197759545048199481
1056 552 0.38481078284257802524 0.38485713957956302345 0.45196840302067098349
1050 546 0.38480608472617000571 0.38486509476997499135 0.45196473569981598928
1060 556 0.38481195465979001202 0.38487617939851098692 0.45196413888892800204
1054 550 0.38480694275804200322 0.38487418598553302385 0.45195775111994102025
1035 531 0.3848044950686890231 0.3848891037041979879 0.45196539845309402494
1064 560 0.38481204273847302577 0.3848680442299319826 0.45196582779738098123
1059 555 0.38480815564537701468 0.38486293119294301412 0.45196276558367898257
1059 555 0.38481034756842602551 0.38485549951144298886 0.45196260496333900969
1049 545 0.38480334609758498621 0.38485647837380199121 0.45195043674308099657
1033 529 0.38480497547742398279 0.38486673400752502427 0.45195056979848402534
1020 516 0.38481003983163297733 0.38487730555790000686 0.45194528640019399068
1040 536 0.38482348251394699057 0.38487956072663398466 0.45194384196763398576
1039 535 0.38482549915535102514 0.38488940539050897627 0.45193612119249698678
1029 525 0.38481746008650302704 0.38489212744934797605 0.45194492027706401061
1020 516 0.38482227689663500714 0.38489828611994897356 0.45194804925112702643
1037 533 0.38483873409621999206 0.38489389457551098639 0.45194813282830098577
1020 516 0.38484019419871601242 0.38490620110003798127 0.45195480638697399511
996 492 0.38483567053223399768 0.3849217718424470247 0.45194866362951802152
977 473 0.38482676868325899067 0.38491977011311201418 0.45194692183767098959
982 478 0.38482623166792001568 0.38492879508757199547 0.45194872525996299117
1002 498 0.38485222886491698979 0.38493086744973498137 0.45195039311571399976
1001 497 0.38486109155327197229 0.38493038323143202728 0.45194532376612300828
1003 499 0.38488125466417200116 0.38494289908399598188 0.45194067552051797598
1002 498 0.38488787975338001335 0.38494417261106700368 0.45194930567436697455
1010 506 0.38488430078651797439 0.38494943424339400639 0.45196602190555101863
1005 501 0.38489060177516998262 0.38495532592610298694 0.45196921557459801555
1009 505 0.38489960022048397281 0.3849577868542869985 0.45196052556655097465
1015 511 0.38491917849958401376 0.38495721823217199375 0.45196602226771098731
1041 537 0.38492696761564199059 0.38494805748623800445 0.45196843307366202369
1053 549 0.38492338627557298736 0.3849392172909290033 0.45197713236152797789
1043 539 0.38493634807434201628 0.3849454155696139801 0.45197151608335700557
1053 549 0.38493801633647800609 0.38494032418012602559 0.45197198486348899582
1080 576 0.38494110941621001443 0.3849274427133160259 0.45196127058897400675
1083 579 0.38493284596597299174 0.38491567092080197776 0.45194230297372001148
1086 582 0.38492561881084502717 0.38490891708184798992 0.45192824093176697797
1077 573 0.3849269686276319824 0.3849064479994039889 0.45192479949175301535
1093 589 0.38492474440288099169 0.38489684267900697856 0.4519207543038379904
1078 574 0.38491760678080200186 0.38489644759549701547 0.45192362269953600951
1058 554 0.38490206569739099374 0.38490034608324097398 0.45191675251632501542
1079 575 0.38490951853804800109 0.38489845043457898699 0.45190973708535597808
1073 569 0.38490548151527897991 0.38490258785319197976 0.45190837726681098996
1060 556 0.38490152045780101631 0.38491203345918001411 0.45190677496470199603
1052 548 0.38490057713419800756 0.38492370467056502559 0.45190814203104401336
1035 531 0.38488965674838498954 0.38491600295280098409 0.45190426190700699882
1023 519 0.38488103387008198997 0.38491060457328402089 0.45190331059560001625
1024 520 0.38488072586306898426 0.3849108443962290238 0.45190818781997199594
1026 522 0.38488350081851402384 0.38492305536512100295 0.45190402840162702258
1049 545 0.38489102452641399399 0.38490728513617800122 0.45190594840346098859
1059 555 0.38489783034028601794 0.38491291555967199756 0.45191218195884702569
1055 551 0.38488700201953601754 0.3849113364187979891 0.45189911121170800445
1052 548 0.38489001982409198899 0.38490872486497601512 0.45189321294591600076
1057 553 0.38488354531002899606 0.38489907091904301817 0.45189219705851002562
1072 568 0.38488118643018498499 0.38488681675426300588 0.45188819197614699119
1071 567 0.38487654194166098787 0.38486973370757598945 0.45188271617603897878
1071 567 0.38487615820909598652 0.38486855972429301342 0.45188563114314800329
1063 559 0.384869933652630003 0.38486501266366102136 0.45187929915082697407
1052 548 0.38486766156045298937 0.38487008762866598 0.45187459048190498079
1064 560 0.38486230626199302574 0.38486623439430200921 0.45186996803235301989
1070 566 0.3848707624202999944 0.38486853931044401333 0.45187288321292701232
1087 583 0.38487053240905400031 0.38486942769962201316 0.45187150958359700859
1072 568 0.38486833675491599616 0.38488341890410898705 0.45186313737537098234
1085 581 0.38486070148287399029 0.38487111534403301016 0.45185958254246300081
1058 554 0.38484448606287702255 0.38488139301217200172 0.45185587756491402134
1054 550 0.38484253783129201976 0.38488077211862398164 0.45184501750424099775
1041 537 0.38483838430345301829 0.38487927749010297784 0.4518396707197460116
1036 532 0.38483565061473201663 0.38487810429766300402 0.45183635704118602083
1027 523 0.38484606873670301752 0.38488157789496602046 0.451835309965220977
1034 530 0.38485049412312799522 0.38488829314593597797 0.45183242775724302698
1047 543 0.38485641449482699272 0.38487773942634800894 0.45183380917180898662
1039 535 0.38485965728622900661 0.3848887814557049869 0.45183208505658400966
1058 554 0.38485817640439701215 0.38488202296626600196 0.45183554303888900927
1035 531 0.38485120145850998385 0.384886363635970008 0.45183794210616501363
1032 528 0.3848540530151219885 0.38487770629411399703 0.45184359370342297435
1025 521 0.38484738884388197677 0.38488015757257298954 0.45184729586620098196
1050 546 0.38485337527921997802 0.38486765721260801643 0.45184433613843200117
1079 575 0.38486689941827201267 0.38486925200181099083 0.45184694614843401439
1080 576 0.38485756754068700669 0.38485573482160101433 0.451829683230687007
1061 557 0.38484950238942200462 0.38486078500881099052 0.4518266927486699891
1044 540 0.38483720180324898497 0.38484971111221699669 0.45181349478454502222
1041 537 0.38482231389743898342 0.38483393148810901563 0.45180610029437501263
1026 522 0.38482194943806202758 0.38483905759080200282 0.4517935228620569843
1055 551 0.38482071485629398833 0.38482235119652602462 0.45179318198957701957
1050 546 0.38481258587820998951 0.38480752937294199212 0.45179188852488799677
1023 519 0.38480477830199000255 0.3848154849556180146 0.45178133022694799692
1035 531 0.38480747502021400708 0.38480083579345897293 0.45176957648937199341
1028 524 0.38481839646145099554 0.38481420395451199079 0.45176907632239099444
1026 522 0.3848158395591990133 0.38480936759704498229 0.4517602909984009818
1024 520 0.38480231464286202003 0.38481473363300999768 0.45175400833562101566
1025 521 0.3848015616949190254 0.38482080155375197883 0.45175283786589598423
1018 514 0.38480472462378101373 0.38482482302924297946 0.45175585773875798212
1028 524 0.38480334561144302619 0.38480854566382000082 0.45176005950076197903
1016 512 0.38480682059686899255 0.38481993455459501119 0.45176272997915800644
1038 534 0.38481834829137800957 0.3848169111885780258 0.45177009206348500703
1030 526 0.38481470224338998332 0.38482297096829298777 0.45176320739625802636
1025 521 0.38482074984615199931 0.38482941384759700165 0.45176261187934702024
1027 523 0.38483031052377997261 0.38483421001721002108 0.45176067204514497311
1045 541 0.38484033422206198605 0.38483454938049699301 0.45176204366850497562
1021 517 0.38483668360805600717 0.38485295313986200849 0.45174920409856600401
1015 511 0.38483420694321202049 0.38486126417717797521 0.45174661186080999897
1019 515 0.38483641582435101913 0.38486605382202498937 0.45174180900263000149
1039 535 0.38483885140683798953 0.3848684979362039793 0.45174487211492297956
1042 538 0.38483629340143599151 0.38487070025217401392 0.45175007995266197591
1054 550 0.38483311292625899114 0.38486821724284098201 0.45175286121067798062
1051 547 0.38483134390514700529 0.38486987409293199613 0.45174958369799200764
1038 534 0.3848280895228020082 0.38488058328675200936 0.45174652353987099218
1041 537 0.38482327976661800939 0.38487661400453399008 0.45173446577498099774
1042 538 0.38482595683682502274 0.3848735812256249833 0.45173929179073601947
1049 545 0.38481483432079099938 0.38486235460919299145 0.45173944205233002025
1038 534 0.38481034447803197374 0.3848557312008559772 0.4517362406146869791
1045 541 0.38482041626135299328 0.38487236654896900268 0.45173338115820199645
1055 551 0.38483009045476002097 0.38487814717580498547 0.45173773138874601107
1060 556 0.38482699868634301366 0.38487387123507699194 0.45173046413897999241
1029 525 0.38482041073501199735 0.38488852957883301631 0.45173175788019998
1029 525 0.38483133000383801248 0.38489126295365999608 0.45171499283815197412
1023 519 0.38482870597806900781 0.38489352502940499257 0.45170646452224000322
1052 548 0.38483431961594599668 0.38488262977294801503 0.45169921355260500562
1067 563 0.38482213406745902073 0.38487626457844897887 0.45168886420786702462
1052 548 0.38482161436986200842 0.38489402260758098784 0.45168378888629001633
1075 571 0.3848241246625550005 0.38488765789613099688 0.45169433650743201492
1083 579 0.38482282492658997919 0.38488097272735199983 0.45169684424143802248
1057 553 0.38482673692034402579 0.38489170810183898075 0.45169470459106597637
1065 561 0.38481892014040697259 0.38488433446031999896 0.45170067958464599212
1063 559 0.38482150784067598037 0.38488970900276797682 0.45170948630550000757
1038 534 0.38480663847140000877 0.38489733403880199702 0.45170654624097800189
1052 548 0.38480752010674201813 0.38488988457133099796 0.45171355601967899673
1059 555 0.38481414123453000498 0.38488476358926798637 0.45171191955378298122
1075 571 0.38482300153557402744 0.38488640321393902122 0.45171809629872500258
1055 551 0.38481481257530797402 0.3848894361289170174 0.45171421423923002747
1060 556 0.38481770589328301302 0.38488532827454102758 0.4517136689622219814
1059 555 0.38483237725351598923 0.38488587441102900533 0.45171579055596799979
1051 547 0.38483146915842297853 0.3848899134652329912 0.45171986271314901185
1063 559 0.38483900158699901883 0.38489077712688002375 0.45171998194137302773
1063 559 0.38483894600365398109 0.38489536400305501829 0.45172300888053501522
1058 554 0.38484446353740697777 0.38489893355947502052 0.45171391650016601282
1046 542 0.38482962420526700686 0.38490079808790800264 0.45170690839202998212
1074 570 0.38484472774147598928 0.38489158274349699607 0.45170750270282400418
1063 559 0.38483848656261199217 0.38488670770115301911 0.45169929723273799516
1059 555 0.38483966772661898359 0.38488958056885297365 0.45169927567380002698
1079 575 0.38483976439388900559 0.3848718606741999837 0.45170368380764702732
1091 587 0.38483398611096197861 0.3848656077880630022 0.45169209540821797511
1062 558 0.38482790896626400956 0.38487590894284001708 0.45169994087838899466
1068 564 0.38482546178514798196 0.38487089546496500159 0.45170008056707100508
1070 566 0.38481289649041899859 0.38487099080111597527 0.45170417573405502454
1042 538 0.38480999447010000303 0.38488654353523299445 0.45171134712488897334
1047 543 0.38480708879414998735 0.38487356113894499732 0.45170549141242499758
1041 537 0.38480904484268102506 0.38488810393496297735 0.45170976047665001296
1042 538 0.38479302644325502625 0.38488224470243298514 0.45170453832396301186
1056 552 0.38479406118226500144 0.38487422466706300295 0.45170608521771599131
1052 548 0.38478075454753801754 0.38487030007781797281 0.45170059153168601318
1048 544 0.38477200288132901163 0.3848701609572700022 0.45169023000186997452
1068 564 0.38477859085474802603 0.38485937045285900648 0.45168330286892299785
1048 544 0.38476391153303801662 0.384860461849823976 0.45167741560257601563
1024 520 0.38476249025001602044 0.38486610191719999863 0.45167114262807001035
1044 540 0.38476822716691999604 0.38486102992522902566 0.4516774319629329737
1039 535 0.38477242295806601824 0.38486867824176101971 0.45167946824497900993
1035 531 0.38477846533995901934 0.3848690737452180044 0.45167371613291001919
1033 529 0.38478250214763698445 0.38487818268851198278 0.45167339389064298238
1046 542 0.3847833825990240042 0.38486948857109998245 0.45167470294449602042
1046 542 0.38477326758964697229 0.38485972155564002195 0.45167544573014600795
1050 546 0.38476707936364801244 0.38485335106003598638 0.45168490304236097455
1053 549 0.38475735392533999546 0.38485175450323100277 0.45168411069448699546
1061 557 0.38475393753845199551 0.38484107383693799687 0.45168183422975899388
1052 548 0.38475474984555702029 0.38484509555936802228 0.45168092959936401165
1053 549 0.38473712641837798376 0.38483065434805202587 0.45168971535826002439
1060 556 0.38473670918132901742 0.38483552503258799948 0.45168990633484901176
1042 538 0.38473422314798000343 0.38484061775513800363 0.45168892066224297643
1041 537 0.38472244809550898426 0.38484594688557199893 0.45168980423570997962
1042 538 0.38471720302114498224 0.38484312254098901329 0.45169096116718898681
1050 546 0.3847294506439670192 0.38485121226824797747 0.45169108653847600543
1037 533 0.38472712118847501861 0.38486221535970899232 0.45168929625734499655
1035 531 0.38473115664500001643 0.38486322528302002732 0.45168272685155297363
1042 538 0.38473480670102000456 0.384864855152369012 0.45168023106428301094
1041 537 0.38473531266430199826 0.38486018166067098578 0.45167664369011101266
1046 542 0.38473873023233201573 0.38485666568857301861 0.45167830075765297293
1043 539 0.38472966097184402301 0.38486090746742401825 0.45168352593569999209
1064 560 0.38474456478419899463 0.38486100432649700265 0.4516836361695090174
1055 551 0.38473350815783502465 0.38486309188482598076 0.45168448638338498657
1054 550 0.3847320254150660146 0.3848572015201949803 0.45168605925342597551
1065 561 0.38472694573691501585 0.38484073665858398172 0.45168761568581899946
1067 563 0.38473166292867599925 0.38483615906971901932 0.45169034264850499438
1081 577 0.38473828582071101234 0.38483955432326899526 0.45169082125581400122
1087 583 0.38472716718612698372 0.38483659323671498553 0.45168693301756501768
1100 596 0.38473310054079001841 0.38483799580055899625 0.45168457158753799741
1096 592 0.38472481903925098701 0.38483327228969499423 0.45167540834543501438
1081 577 0.38470439252066201963 0.38483536537395701682 0.45166746884412201091
1068 564 0.38469925278615302311 0.38484158462095502395 0.45166496991558702234
1040 536 0.38468877196427597731 0.3848435905643299848 0.45167324487925597509
1054 550 0.38470234432341698927 0.38483328163116697906 0.45167665991594802
1050 546 0.38469354544189598988 0.3848276465333639873 0.45167847041655401208
1051 547 0.38469894506232499287 0.38482476390516601183 0.45166501382750701143
1029 525 0.38469862000116600287 0.38483670728082802759 0.45166274286270602367
1043 539 0.38469905477092597446 0.38483428421549698006 0.4516555259227900132
1030 526 0.38468858731709798526 0.38484049551859700333 0.45165282591898398001
1058 554 0.38469786898318597546 0.38482768753889501356 0.45165308813570198554
1059 555 0.38470714470383099437 0.38484282740901698538 0.45165304668862299442
1077 573 0.38471573158541599868 0.38483429816567499282 0.45165402855800002024
1085 581 0.38470770793829001111 0.38482516559800900025 0.45165876777228797234
1079 575 0.38470045115691597903 0.38482152863765400896 0.451660674618172997
1080 576 0.384690760730398984 0.38481347031540502623 0.45167261838968397747
1084 580 0.38468526147112702684 0.38480549117380902224 0.4516672982657269908
1060 556 0.38467641649670397674 0.38481695369766000248 0.45165097376525997763
1039 535 0.38465897907815699286 0.38482559631525797839 0.45165406244686001624
1060 556 0.38466421577798798337 0.38482791277269801089 0.45165470667092399992
1054 550 0.38466169427148000359 0.38483357498793202556 0.45165290830779297737
1059 555 0.38467445597670701929 0.38483032034830499946 0.45164811025376100373
1070 566 0.38466608106027200265 0.38481557484521800028 0.45164733522915700981
1078 574 0.38466834728764198736 0.38482169454718301305 0.45164759794404402138
1088 584 0.38466780238462899844 0.38482340043181700873 0.45165334587033001412
1069 565 0.38466308065331700217 0.38483438107400297357 0.45165872490612901657
1068 564 0.38464195995362199243 0.38482710467042402502 0.45165662524072397455
1089 585 0.3846459762171169916 0.38481069729326100592 0.45164687830655098066
1084 580 0.38463951791643402611 0.38481064960624999927 0.45164800104286600968
1065 561 0.38463753935463201872 0.3848209371015470226 0.45164807220832497991
1062 558 0.38463298274086599182 0.38481206751383700837 0.45164567509828501546
1051 547 0.38461659796896702224 0.38480951143900798961 0.45164157565972401498
1051 547 0.38460605929154401128 0.38480802407104397478 0.4516380986212090165
1042 538 0.38461068515708801696 0.38481465795081198911 0.45164168855990000084
1034 530 0.38462031027691601093 0.3848321482571440133 0.45163363172594500616
1031 527 0.38462250622421101376 0.38483004427583200613 0.45164749507067797341
1042 538 0.38462477660840699301 0.38482862579981502726 0.45164352757789699711
1035 531 0.38463022628280701953 0.38484093834257798727 0.45164431504673602236
1025 521 0.38462174370847201921 0.38485211231458799075 0.45164360790659502376
1029 525 0.38463089995278798572 0.38484969765996301927 0.45164893947118300854
1009 505 0.38463059381758801791 0.38485312277295802286 0.45164468921807399138
1013 509 0.38463550706997901019 0.38485594307442499984 0.4516456503852879778
1021 517 0.38464419991152698497 0.38484686404436402318 0.45164130780903899431
1028 524 0.38464199986987301916 0.38484453675134400186 0.45163996742432399589
1044 540 0.38465265193614700534 0.38484281621323002121 0.45164494365638702122
1054 550 0.38465347361433699369 0.38484397485605797984 0.45165169448363701177
1033 529 0.38465376731027400847 0.3848448200018450005 0.45165476229088602489
1048 544 0.38465768544475997803 0.38484340473889799839 0.45165963609455900274
1041 537 0.38465337105860397671 0.3848398680817269879 0.45165906940719202645
1023 519 0.38465653388000198287 0.38485009990679397429 0.45166370143021600247
1026 522 0.38466195959865501219 0.38484384047496700276 0.45166688935062798693
1021 517 0.3846646652535269939 0.38484612602374501655 0.45165656319590602452
1025 521 0.38466208747248997746 0.38484599557001697434 0.45165441438181497258
1038 534 0.3846748990720800232 0.38485130695801600398 0.45165080968507798076
1027 523 0.38467239729535201986 0.38484595810006799743 0.45165760700188400945
1012 508 0.38465187485138102597 0.38485254928568801702 0.45165837202616898605
1032 528 0.38465932752239301307 0.38484826471815097859 0.4516557343838140115
1035 531 0.38467039447609102654 0.38485334139369098416 0.45166390179223098178
1028 524 0.38466442972701797576 0.38485154732198001426 0.45166640356643400489
1021 517 0.38466358948812900964 0.38485299714706500129 0.45166501493398897304
1045 541 0.38467170933515199005 0.38484735852590101768 0.45166294748931001823
1055 551 0.38467651330354502015 0.38484685073301400093 0.45167042575308202768
1047 543 0.38467755191458702368 0.38484852346238601628 0.45168098197947997852
1029 525 0.38467798891475002421 0.38486354375587600307 0.45168192828640502112
1032 528 0.38468963345484197269 0.38487260101207398932 0.45168203802676198944
1033 529 0.38469623404088698626 0.3848763052905260218 0.45168443642873001842
1038 534 0.38470275670174697291 0.38486433343708098542 0.45168364608352001843
1027 523 0.3847016836118660188 0.3848660766726860194 0.45167162041299802056
1036 532 0.38470910424960297336 0.38485675360329402173 0.45166775644762402475
1039 535 0.3847102836598569886 0.38485910600427697403 0.45166496680605300318
1068 564 0.38473046582763997803 0.38485430396809999776 0.45167354843670398656
1070 566 0.38472202560773099966 0.38485063649627099247 0.45167216210369398599
1064 560 0.38471246562990402129 0.38484463887226999512 0.45167569310572902586
1047 543 0.38470673764191298805 0.38485059693736700659 0.45166475842858999634
1046 542 0.38470131306895199996 0.38484046503953700524 0.45166285520882798465
1032 528 0.38469784282092900352 0.38483710068991300313 0.45165594469893499685
1049 545 0.38470194626404302651 0.3848354694735390269 0.45164699140826597423
1029 525 0.38469607808690797768 0.38483669194335401453 0.45164839937302597717
1020 516 0.3846975584980950047 0.38483565664082197699 0.45163249624936802062
1027 523 0.38469558777636397862 0.38483582835413998602 0.45163353010557599765
1050 546 0.38469286957026399554 0.38481888700295302508 0.45162528264013901413
1038 534 0.38468977903097900661 0.3848199590832300232 0.45162100221747297768
1051 547 0.38468766278936100678 0.38480812896442601057 0.45162067014224099859
1065 561 0.38469064126264301828 0.38479443091704301771 0.45162060532268000212
1087 583 0.38471128430079498672 0.38479926220952498372 0.45161731908598701235
1084 580 0.38468656138405099565 0.38478564919236801778 0.45161351595376098
1067 563 0.38469208193990500622 0.38479722257100701377 0.45161050002169200734
1083 579 0.38469273634319300914 0.3847920116898350118 0.45160717154337598478
1076 572 0.38467663684391101286 0.38478942211570799081 0.45160265145593997405
1062 558 0.38465897713516200573 0.38477522329628499609 0.45159092954832602551
1069 565 0.3846531357958570263 0.38476440244151099979 0.45158326182657299031
1049 545 0.384638852130214981 0.38475792473230502333 0.45159108140407000498
1073 569 0.38464019115945602412 0.38474898684934899507 0.45158598961451401621
1076 572 0.38463570345040698495 0.3847340630431629882 0.45158350321811702166
1080 576 0.38463286073341002025 0.3847246832915610093 0.45158371436505301277
1076 572 0.38462680873455301622 0.38471500827392401956 0.45158322017366198109
1061 557 0.38462090870853199442 0.38472066691514200665 0.45158399524364201127
1073 569 0.38461642945117002768 0.38472206564337102508 0.45158550643824502124
1046 542 0.38459993927781299661 0.38472428290587601385 0.45158164553252999607
1042 538 0.38459099187124901054 0.38473449586574098857 0.45157614205908197524
1033 529 0.38459248946599400298 0.38474395368607400281 0.45157737163741801245
1039 535 0.38460039798778100639 0.38473742415716699616 0.45158097973180499896
1027 523 0.38459578022562601607 0.38474889364064701613 0.4515807995466000202
1025 521 0.38459518845439899515 0.38474161933200701213 0.45158528088171401293
1021 517 0.38459966370629300458 0.38473874931442297864 0.45158913407768197512
1023 519 0.38460301951287600986 0.38474386879713101672 0.45158166699842999803
1015 511 0.38461426752665101025 0.38474868504718201523 0.45158364419597701866
1041 537 0.38462841402022102111 0.38474544721211101361 0.45158299497453902038
1059 555 0.38463630065104698064 0.38475302419317497504 0.45159873387538901346
1053 549 0.38464135625190098988 0.38475977467361099915 0.4515907564678959818
1049 545 0.38464187061344201624 0.38475891714431997848 0.45159315060182697588
1041 537 0.38462423598335598873 0.38474748316097401313 0.45159338960218298187
1045 541 0.38462282080543497287 0.384754827482654993 0.45159774868052099395
1048 544 0.38462638776228502691 0.3847472723220500268 0.45159889155492699553
1025 521 0.38461545894336202078 0.38475483458798598324 0.45159293605940897809
1045 541 0.38462994967807900837 0.38475443244702001167 0.45159793178945101255
1040 536 0.38463343799551602542 0.38475454496166600071 0.45159470781350402602
1027 523 0.38463759355478699398 0.38475748522358199644 0.45159666074537302416
1019 515 0.38464969314988500804 0.38476168743417898943 0.45160105935313599179
1018 514 0.3846556245429850196 0.38475443478929799435 0.45160054790899401
1015 511 0.38466452255954902695 0.38475469626677499813 0.45161143901243000487
1018 514 0.38467118991329601885 0.38475510840931398393 0.4516129032255880027
1014 510 0.38467147370942400553 0.38475440540192701322 0.45161094151552200193
1018 514 0.38467516889020597626 0.38475050771408797479 0.45161755729405000936
1021 517 0.38467982631996500142 0.3847496572627540079 0.4516167625382059847
1024 520 0.38468737289879101349 0.38475355973523500674 0.45161921977632402125
1036 532 0.38469410173060497593 0.38474461944018401027 0.45162052473377700679
1026 522 0.38469941880759300767 0.38474770199624802602 0.4516206784677220254
1019 515 0.38469584413220797581 0.38473824620386598561 0.45160943631994698855
1042 538 0.38470441535395100141 0.3847294635165209864 0.45160152568451900068
1042 538 0.38469802482457099435 0.38473307169241599546 0.45159870032566401532
1077 573 0.38470873669575500475 0.38473230498727301052 0.45159287786188900826
1078 574 0.38470878924178497638 0.38472619840256200296 0.4515878659947449858
1050 546 0.38470025780100697288 0.38473980621021597326 0.45157951791780198691
1057 553 0.38469675972415900977 0.38473510947897898715 0.45157593978137999802
1064 560 0.38470739016818600309 0.38474085842865102247 0.45157630566509099346
1039 535 0.38469649941182498809 0.38474771414947100956 0.4515762369358269912
1027 523 0.3846995113181089776 0.38474597476552602204 0.45158088367877302627
1027 523 0.38470000903116202684 0.38474868349738400308 0.45158145002490401865
1030 526 0.3846983638457500132 0.38474709967833398139 0.45157158094421701033
1031 527 0.38469494469872400622 0.38475010194387998519 0.45157966719394199151
1006 502 0.38468990480359799289 0.38476353108668398528 0.45158385997324401728
1016 512 0.38470206990252797663 0.38476571324167402333 0.45159172247612400231
1025 521 0.38471607506805499677 0.38476996471012597789 0.45159160364706402158
1039 535 0.3847245381782110063 0.38476349695867101408 0.45159640966235398141
1039 535 0.38471772077920701749 0.38476700770248201122 0.45159235668768099581
1022 518 0.38471231300308300627 0.38477347285248197917 0.45159488500452399373
1024 520 0.3847221729535230117 0.38477143811721598032 0.45159069527320200299
1024 520 0.38472782412624501047 0.38477930130841697665 0.45159453767283097569
1043 539 0.38473642197745100413 0.38476818904129500565 0.451590365593738996
1047 543 0.38474162369060099786 0.38476770680892702359 0.45158897878463499787
1031 527 0.38472892013391402077 0.38477733741009201296 0.45160088977442097713
1040 536 0.38473007446184898095 0.38476284179379000028 0.45159916162948798846
1040 536 0.38473225585913800595 0.38476575607455698602 0.45158762096366200645
1048 544 0.38472125580570598613 0.38476218409871798531 0.4515841971583680059
1077 573 0.38473013640263098445 0.38475102034521202476 0.45158914698965602064
1094 590 0.38472782373747299589 0.38474863043453899625 0.45158998624125401555
1084 580 0.38472029610606200967 0.38473629311307100398 0.45159329590949198741
1073 569 0.38471387277396701387 0.38473486390042399563 0.45158748158993600175
1041 537 0.38470245208127301639 0.38474337581087197924 0.4515881357073279756
1039 535 0.38470235734285401774 0.38474776294935097987 0.4515927082255080105
1036 532 0.38470057196765700125 0.38474257582027499014 0.45159376160997999339
1045 541 0.38470628357189801116 0.38474593296592402014 0.4515912836964879884
1027 523 0.38469090620805901359 0.38475325857790898532 0.45158396558912600183
1013 509 0.38468471823156097367 0.38475381087758298015 0.45158862696451401719
1009 505 0.3846916771586659789 0.38476495471129201764 0.4515888021903530225
1036 532 0.38470560615625098988 0.38475308122784201981 0.45158218296141999781
1041 537 0.38470220739731597615 0.38475297588867302112 0.45157450425178097264
1071 567 0.38470335967852598014 0.38474273328118901993 0.45158158192063402314
1045 541 0.38469600377604301622 0.38475100256968802759 0.4515803268797070058
1044 540 0.38470075397832997899 0.38474384497463998134 0.45158883106538100227
1050 546 0.38470315390891901552 0.38473610355357201751 0.45159660762894598962
1050 546 0.38470034717321299755 0.38473291767752298975 0.45159491922608901993
1065 561 0.38469138295991001097 0.38472797358893101594 0.45159446188975699288
1070 566 0.38468440408356402438 0.3847231788025259891 0.45159605021345700093
1052 548 0.38467486511003101679 0.38473188382263201479 0.45159182669740899341
1060 556 0.3846871548798649898 0.38473875210447200379 0.4515876668637009983
1065 561 0.38467556794133800357 0.3847333701927659888 0.45158344701942498833
1056 552 0.38467343186738500727 0.38472622890320501421 0.45158566616625600565
1062 558 0.38466522123360502583 0.38471814103773399607 0.45158333813392598222
1063 559 0.38465335657853999551 0.38470675872333298662 0.45158515693515299816
1042 538 0.38464917869379899873 0.38471266973029299985 0.45158936981023001245
1052 548 0.38464558657545500076 0.38471345342123497435 0.45158490910730297863
1035 531 0.38464623807133702105 0.38472294936804801724 0.45157561776086202476
1004 500 0.38464272308686398016 0.38472694743517099614 0.45158070437382802353
1006 502 0.38464461712212300037 0.38472179804407097281 0.45157266073884400059
1004 500 0.38464015318777700081 0.38472140709427199434 0.45157651876800197766
1016 512 0.38463985475075301856 0.3847180907309780129 0.4515747490811010123
1032 528 0.384650803792217999 0.38470907132301102038 0.45157855930015899926
1041 537 0.38465393427742500254 0.38471058472352698265 0.45158425157634302094
1033 529 0.38464158932166198079 0.3847101979526310056 0.45158808811615597234
1035 531 0.38464771308512002435 0.38471331770070399392 0.45158593462164098309
1022 518 0.38465500168792099434 0.38472637260099001866 0.45158987590241800314
1035 531 0.38465914963508401891 0.38472620152116498993 0.45158437086850600206
1027 523 0.38466220270929502023 0.38472186355935600321 0.45159247302369398547
1023 519 0.3846667121611729856 0.38472651062892598839 0.45159351826139398911
1016 512 0.3846727501867839849 0.38473078893892198593 0.45159824929917402603
1015 511 0.38467011250735599903 0.38473820675695502569 0.45159481191291100943
1006 502 0.38467622015288299719 0.38474700538988498844 0.45159177374605302679
999 495 0.38467445793455201652 0.38474529501477400251 0.45160120983330798161
981 477 0.38467451666431401458 0.38475984801334700558 0.45158944544908602436
1008 504 0.38469503359454199076 0.38475842949516897429 0.4515830036097709943
1025 521 0.38469959832860900484 0.38476036516109402008 0.45158488927464501828
1009 505 0.38469928812961701192 0.38477410504559700355 0.45159318830788397481
1004 500 0.38470741561775601003 0.38478659694475597641 0.4515944141664670064
1003 499 0.38472063056177902007 0.38479711463675397853 0.45160139401818899518
1001 497 0.38473180549256402738 0.38480107464243901161 0.45160884391051497877
1013 509 0.38474391737575297512 0.3848076562700429859 0.45160965347473297493
1034 530 0.38476438484528102668 0.38480353427267899313 0.45160966950720898838
1031 527 0.38476718592026498689 0.3848000681098610043 0.45161961310796899793
1021 517 0.3847591595490569838 0.38480257246854399078 0.45162505429272098434
1023 519 0.38475963499533100132 0.38480151135751300417 0.45162713953045102722
1027 523 0.38476555309345200628 0.38481565021053998343 0.4516378337443440194
1010 506 0.3847696582338410165 0.38483181642010000356 0.45164529270669601102
1008 504 0.38477325288958802441 0.38483038307630701436 0.4516552157555350222
1017 513 0.38477720495598399797 0.38483200465496897325 0.45164546014988299349
1024 520 0.38479725969999201141 0.38485273200834801965 0.45164144870333500226
1021 517 0.38479518599361001163 0.38485565528705101279 0.45163789548362498483
1019 515 0.38479738997032997272 0.38486191548275600072 0.45163015943529499774
1052 548 0.38480734705765701209 0.38485816027847402632 0.45163024664728101953
1051 547 0.3848030232648729787 0.38485693985332597444 0.45163218963102602643
1031 527 0.38480479428146502352 0.38486667710598398973 0.4516410351171469828
1032 528 0.38480511029226599495 0.38487111702939197366 0.45164856916617102112
1040 536 0.3848057145920150135 0.3848717832664009797 0.4516542911111089964
1049 545 0.38480914715555297745 0.38486853578876700777 0.45165093784101401075
1041 537 0.38480656718235800584 0.38487384028403898162 0.45165109612303100395
1018 514 0.3848044265926909846 0.38487630910673598095 0.45166199273369000977
1024 520 0.38480821671658199667 0.38487226031522597802 0.45166090326981300773
1047 543 0.3848178642124360227 0.38486821968215900736 0.451668831535337989
1050 546 0.384809933781322 0.38486795025311598684 0.45166424905160101888
1067 563 0.38481320819413300516 0.38486426849356697444 0.45165850202769797228
1089 585 0.38480592765183502246 0.38485364414328598892 0.45166771542576700238
1087 583 0.38478448968281997455 0.38484200938469698139 0.45167150957746698969
1084 580 0.38477643202285699564 0.38484254098131698285 0.45167954647993202588
1074 570 0.38475977985143999804 0.38484212902400799505 0.45167822673439700365
1056 552 0.38475707473843501205 0.38484981268864199011 0.45168662329983300108
1082 578 0.38475429423085399927 0.38483630907577898173 0.4516876976126270038
1091 587 0.38474949704194699729 0.38482555735141799058 0.45168746806506998581
1082 578 0.38474015770156300142 0.38482608920321498269 0.45169000924917901418
1076 572 0.3847251219769379782 0.38481628419710101063 0.45169089948931501199
1066 562 0.38471961359216499954 0.38481688423749099703 0.4516775449442519963
1059 555 0.3847042290752730187 0.38481416793398198761 0.45167270111780000175
1072 568 0.38470860705523002299 0.38480198874908499995 0.45166686133022798666
1061 557 0.38469950373288497314 0.38480209041145102544 0.45165860374881000583
1064 560 0.38470279851269501004 0.38480435625058301286 0.45165313337897500245
1074 570 0.38470234527163099658 0.38480135544336702136 0.45166110745475701593
1072 568 0.38469951495366300209 0.38481119988258299935 0.45166375651015000514
1078 574 0.38468833229540699836 0.38480011777875300361 0.45166539229885999118
1059 555 0.38468687700608900082 0.38480490503029601834 0.45165510489882398915
1068 564 0.38468426740739097847 0.38480861266406501953 0.45165240626914998634
1064 560 0.38467971733290401426 0.38481029739155697689 0.45165303147045099408
1075 571 0.38468063615539599409 0.38480989177323299266 0.45164772256509000403
1067 563 0.38467299611557498329 0.38481474578029101208 0.45164753346125402489
1043 539 0.38465989558223301348 0.38482190179888198234 0.45164293724810600228
1037 533 0.38465959749421502201 0.38482213823535499353 0.451646778221368006
1030 526 0.3846532613637970166 0.38482626295679600581 0.45165603361898798429
1040 536 0.38465318002730902736 0.38482614322292602038 0.45166710928390801927
1054 550 0.38464182085917397735 0.38481638655897898449 0.4516627378718269803
1043 539 0.38464461471921801428 0.38484238527508901617 0.45165966678126401312
1043 539 0.38463979718574797806 0.38483751271733701582 0.45166722188535002314
1035 531 0.38463189525613400432 0.38483667096689999632 0.45167343201851101187
1036 532 0.38463770468671998337 0.38484258776296798032 0.45167572262817401452
1062 558 0.38464401378986301516 0.38482672261097300437 0.45168036133548700173
1067 563 0.38465053472608601304 0.38482458500528299306 0.45168790552189197474
1055 551 0.38465016842860400015 0.3848278400044229941 0.4516935480481690246
1052 548 0.38465776102380000445 0.38483030129817702436 0.45169619357800699921
1061 557 0.38467144305573597318 0.38483592400654897947 0.45169778439511798496
1045 541 0.38466813380081799068 0.38484930225662999925 0.45169687589022200491
1026 522 0.38465851984087801041 0.38485879480980000888 0.45169736775215701963
1033 529 0.38466216360906602123 0.38484617515947400213 0.45169788981524700011
1044 540 0.38467131945158600237 0.3848439655385920144 0.45169754042912502179
1053 549 0.38467331023623801967 0.38484649556291300465 0.45169424479516900872
1067 563 0.38466907190460397636 0.38485032117283202169 0.45168860581754999295
1064 560 0.38465803739768800185 0.38485815883750801314 0.45168576373020902226
1056 552 0.38465795624788101659 0.38486548746256399323 0.45168712798983701173
1051 547 0.38465086435330697601 0.38486693467581700734 0.45169100003004597488
1042 538 0.38464041501802698209 0.38485727139496100913 0.45168454197581897613
1050 546 0.3846399086871559736 0.3848564313927140268 0.45167385352923100639
1067 563 0.38464397723277099495 0.3848474945834440275 0.4516820775313720171
1070 566 0.38463039212735899985 0.38484035572034497319 0.45168419143443400143
1076 572 0.38463246064314898787 0.38483607968495098239 0.45167915045148498976
1074 570 0.38461945625561499984 0.38482629904681997512 0.45168003361626701819
1071 567 0.38460652919012300321 0.38482861520079297835 0.45167719955681900901
1058 554 0.38460346115790999821 0.3848407997533809799 0.4516738573100400056
1044 540 0.38460417768586202536 0.38484696624100600548 0.45168320851251997361
1050 546 0.38460682069273399719 0.38483790217671798306 0.4516823230229010111
1072 568 0.3845981896478590234 0.38482198451680299511 0.45168506251844897648
1074 570 0.38460917866744798177 0.38481750061517400185 0.45167836793406201945
1040 536 0.3845962712184560206 0.38481394787160699833 0.45168428052773801351
1042 538 0.38458415443246801724 0.38480597463973997829 0.45168984626099101254
1050 546 0.3845767483579949908 0.38480036247053600595 0.4516854141055959837
1045 541 0.38457647140538298025 0.38479646375817999626 0.45168530676258200618
1061 557 0.38457790568712801882 0.38478978487053799862 0.45167742294404300551
1062 558 0.38456673108889799506 0.38478510576275398725 0.45167832054360201877
1058 554 0.38456368009652397433 0.38478142499716200264 0.45168355309692898025
1063 559 0.38456248113987601123 0.38477518149037098771 0.45168196682098799011
1041 537 0.38455879086673699918 0.38477863601812301031 0.45168077055426397726
1037 533 0.38457268159955498854 0.38478301573700401939 0.45167911173495600696
1023 519 0.38457361687921698401 0.38479402317817501533 0.45168318958711001221
1030 526 0.3845783925849620144 0.3847854988809299992 0.45168518937674001501
1042 538 0.38458764692848201872 0.38478610232410498382 0.45168670985348602365
1056 552 0.38458495100722400739 0.38476968012069800995 0.45169093077744199016
1055 551 0.38458844133064301607 0.38477227950072501184 0.45170013400483000066
1060 556 0.38458894490155598467 0.38476490908449401118 0.45169777151281997885
1046 542 0.38458838244305998399 0.38477120814022397477 0.4516895492298599879
1060 556 0.38459080405807899439 0.38476063945400401645 0.45168601235372801694
1051 547 0.38459627856780198574 0.38476622478052002752 0.45168708395932299915
1058 554 0.38460771552763001191 0.38476405367130800395 0.45167395141223098953
1065 561 0.38462397476363402449 0.38477027460508900214 0.45167285043271698797
1033 529 0.3846209208399329893 0.38478182307165498255 0.45166781663001998037
1044 540 0.38463284111870899018 0.38477965174479999977 0.4516673123120140132
1040 536 0.38464823286321797591 0.38479197961610400736 0.45168068584554499356
1018 514 0.38464964370510901226 0.38480443769567801438 0.45168175818474798344
1030 526 0.38465736603300498819 0.3847932416045140025 0.45168163773019398555
1034 530 0.38465147144177902483 0.38479000611104202667 0.45168023810425600439
1032 528 0.38466528509405401026 0.38479819841402801428 0.4516788245758480147
1037 533 0.3846596043984090163 0.38479354521964598268 0.45168109945206702527
1039 535 0.38466235800874698514 0.38478874954529801444 0.45167876347473001619
1048 544 0.38465923007896601904 0.38478686746419099585 0.45168148363199900341
1046 542 0.38465589176454201281 0.3847860486214380038 0.45168684802220299135
1047 543 0.38465375832583797999 0.3847875710336349786 0.45168454234241101064
1044 540 0.38465035257793500634 0.38478264075501100727 0.45168394539988498959
1045 541 0.38466400296571900963 0.38478756067948099995 0.45168629137432897425
1060 556 0.38467771828724900418 0.38478284301812898383 0.45168205713633602372
1070 566 0.38467098378378800083 0.38476898902614098397 0.45168259052647602436
1053 549 0.3846554829358310168 0.38476555126104899918 0.45168443061181601239
1065 561 0.38466021059407601301 0.38476452635952801407 0.4516824553306689749
1070 566 0.38465765509094201891 0.3847626516156250065 0.45168347814548298613
1043 539 0.38464556078165501596 0.38476473716817299886 0.45167920587735799209
1049 545 0.38464399901870299781 0.38476541117751700272 0.45167395619641398374
1035 531 0.38462626249605402773 0.38476403159147998245 0.4516671078948389928
1016 512 0.38461997484518600787 0.38477588004724200266 0.45166967492415699414
1037 533 0.3846290814801089919 0.38477202627442802507 0.45166395619116100901
1043 539 0.38462583148777801378 0.38475933469574502555 0.45166822597077499468
1043 539 0.38463330969398901171 0.38475795609992802238 0.45166365130802998973
1046 542 0.3846395855553689791 0.38474732135521599874 0.45165619037629600729
1059 555 0.38464966698451902305 0.3847472198032420021 0.45165478898992800216
1057 553 0.3846523397385350207 0.38473546137091901853 0.4516529439484209818
1060 556 0.38465818366440002185 0.38473112435864698089 0.45165342337527197847
1056 552 0.38465542426556498246 0.38473378005396202672 0.45165569292775098464
1059 555 0.38465238451643601891 0.38472549363213398577 0.45166305007747498124
1061 557 0.38465061490203100725 0.3847190471119579791 0.45165747756037200045
1059 555 0.38465828543762897729 0.38472396098411498766 0.45166409145870500819
1061 557 0.38465926205990602638 0.38472626574263402155 0.45166691717450202503
1073 569 0.38466087172992702303 0.3847217994928610052 0.45166889931790299428
1055 551 0.38463946056324499478 0.38472283453994698954 0.45167470733193698651
1045 541 0.38463832851276902325 0.38473154854376401257 0.4516711490438399812
1074 570 0.38464008166455898596 0.38472292587165701772 0.45168780997872898242
1058 554 0.38463395630047197971 0.38472261912577498943 0.45167937603538599323
1062 558 0.38463493688905697754 0.38471745281687802498 0.45167863704672800429
1058 554 0.38463422905565197718 0.38473060059675701083 0.4516790498497310069
1032 528 0.38462297706790998797 0.38472585417968202526 0.45168706149347898071
1051 547 0.38462873876678599361 0.38471949595714999282 0.45169037721937099761
1038 534 0.38462444949278501438 0.38471686754668699137 0.45169329380198397494
1046 542 0.38462669555112100062 0.38471142641242300764 0.45169261203689697881
1074 570 0.38463961635985499665 0.3847099986096310098 0.45168884985269297516
1079 575 0.38463174575898800844 0.38470737531918902663 0.45169267965940301801
1072 568 0.38462373863861598622 0.3847187461719310253 0.45169588880265698627
1064 560 0.38461980631245701323 0.38471787757707798239 0.45169830121906701104
1073 569 0.38461798086904597227 0.38471026356916598887 0.45170287740923997788
1087 583 0.38461861164553901027 0.38469808589022802536 0.45169642237628199188
1089 585 0.38462148655402700337 0.38469244622020198898 0.45169291458942201212
1081 577 0.38461159809191497461 0.38469158571289102655 0.45168936429583300685
1064 560 0.3846071823059930006 0.38469669323157701379 0.45168544758754497481
1063 559 0.38461040824752301681 0.38469555091729001894 0.45167706021671299998
1064 560 0.38460837721101098774 0.38469539321666001985 0.45167205903252399812
1082 578 0.38460256411388998865 0.38468506188717099814 0.45168516175125400514
1065 561 0.38458820819150602022 0.38468301188829900905 0.45168360103978300035
1069 565 0.38457126887409698313 0.38467289719591102326 0.45168427618545797797
1072 568 0.38457141920992798934 0.38467449714867901767 0.45167838217139399948
1095 591 0.38456233127269900951 0.38466403940133298001 0.45167730920043597242
1089 585 0.38455331590336200298 0.38465554710137900285 0.45167027356067501742
1088 584 0.38454787294478598447 0.3846474790517229736 0.45166206669550401642
1087 583 0.38455446156720901607 0.38464025530321899193 0.4516692342523769832
1084 580 0.38454041985266901316 0.38463520681064000684 0.45166807642813899815
1080 576 0.38453239731265198564 0.38463674309114598282 0.45167344926044200593
1060 556 0.38451836727612198619 0.38464086879163600363 0.45167553377743901999
1081 577 0.38452495914222201145 0.38463428349886702451 0.45167704518100398881
1065 561 0.38450800167082799241 0.38462693125369301628 0.45167311510013097298
1055 551 0.38450271687771098161 0.38462825792709198769 0.45167488992209497978
1070 566 0.38450888861013698961 0.38462916452180401228 0.45166877804677102448
1065 561 0.38451317072073198933 0.38462713311243401648 0.4516647503406219788
1053 549 0.3845082372581030139 0.38462852868402902518 0.45166325878980001507
1049 545 0.38450756359207199919 0.38463285953886899859 0.45166619139884400802
1060 556 0.38451002907917497531 0.38462775424213602182 0.45167888977392300909
1074 570 0.38451193778478798269 0.38462390867538298611 0.4516805588017659967
1065 561 0.38450638337187797999 0.38462963467423599839 0.45167549397193701433
1060 556 0.38451421563571802631 0.38463431042383999792 0.45167801128331902527
1042 538 0.38451012464906098032 0.38463989166035700284 0.45168386338577298789
1053 549 0.3845153773531849728 0.38464386507764797285 0.45168469625384899402
1062 558 0.38450794800925297556 0.38464288176831301636 0.45168827848073900277
1059 555 0.38450553470748599638 0.38463687454839701196 0.45168777977798502121
1037 533 0.38450360697023100442 0.38463986883676898332 0.45168691465733501467
1028 524 0.38449597246815397922 0.38463756185357400597 0.45169074136894299398
1039 535 0.3845019872724190213 0.38464020651788299876 0.45169233110640100159
1038 534 0.38449763051149399296 0.38465065783119101184 0.45169330647595001826
1039 535 0.38450711741966997481 0.38464632846950297385 0.45169569758624400491
1035 531 0.3845059595937849739 0.38464841167004698574 0.45170217677632001907
1055 551 0.38450835005177502746 0.38463370547161102042 0.45170431789476001017
1053 549 0.38451393747400397505 0.38464003882236702525 0.45170559688405098608
1058 554 0.38452299834226100206 0.38464978144401101856 0.45171166093446402101
1077 573 0.38452927459255997755 0.38464685040938600968 0.45171494960639002603
1060 556 0.38452171902177301188 0.38464976647444398816 0.45171852831127101702
1050 546 0.384515003381701026 0.38466040512720300892 0.4517223547193430222
1053 549 0.38451842876481501232 0.38466735280410502273 0.45173387468502701481
1054 550 0.38452157539189002478 0.38466365393726698052 0.45173148720866401762
1057 553 0.384528123096013974 0.3846758125925370253 0.45173561342393897533
1032 528 0.38452869786119697748 0.3846871288950640122 0.45172643814876600743
1034 530 0.38452982756159798106 0.384694064718763995 0.45174192342352698093
1020 516 0.38453830745316702755 0.38469675631254302006 0.45174112060072402208
1043 539 0.38454748087493600961 0.38468999949388299475 0.45174930271581897889
1056 552 0.38454985608304798061 0.38469866604507702013 0.45175700224415998862
1050 546 0.38455257442037499294 0.38469843734449299388 0.45176162764449301346
1056 552 0.38456180692492697437 0.38469772344892000371 0.45176211861034298867
1044 540 0.38454698926691999183 0.38468534882154398202 0.45175879827492998464
1041 537 0.38454111588319300763 0.38467658855057601519 0.45176837930138902255
1050 546 0.38454542671307201385 0.38467033076018397608 0.45177413073793398768
1039 535 0.38453886305126200318 0.38467122021560901102 0.45178550426556701725
1022 518 0.38452780295379401787 0.38468618801728998724 0.4517984846612509986
1035 531 0.38452332533052102637 0.38468173550600498478 0.45180637693150099699
1038 534 0.38452424648035199439 0.38468061102345701974 0.45180738082866300775
1047 543 0.38453602962238198071 0.38468634769420900765 0.45180915454510400808
1056 552 0.38453888388302498447 0.38468660942965299254 0.45181509238608602574
1054 550 0.38454934310445698653 0.38469573642852700202 0.4518229008456010054
1032 528 0.38454797445929500554 0.38470859910566701512 0.45181816504850197402
1035 531 0.38454522581422201366 0.38471488016498400775 0.45181996184674300121
1022 518 0.38454676129693199371 0.3847277341321019839 0.45182918328688498333
1029 525 0.38455030066745599093 0.38472701688436300449 0.45182778623517699801
1020 516 0.38454472065216099841 0.38473467287650597868 0.45183297260466098733
1006 502 0.38454439025757097825 0.38474135612970400411 0.45182387574192800495
1021 517 0.38455690362526201431 0.38473862940554298673 0.45182606179528800316
1016 512 0.38454828939954299738 0.38473548811563101912 0.45181780162172002768
1013 509 0.38454995998573099358 0.38473636013118400756 0.45181100304070298534
1034 530 0.3845522519254440108 0.38472493014278197343 0.45181223289738497995
1048 544 0.38455950929013499318 0.38471958477996298642 0.45181084179725300443
1061 557 0.38455828098166899842 0.38472080771469102656 0.45180792915380202368
1054 550 0.38456015553467398638 0.38472755221664300951 0.45180869665862499751
1040 536 0.38455237777707501623 0.38472987505867800584 0.45181368766690099825
1037 533 0.38454970537000499053 0.38473709812587397749 0.45181924395676797968
1042 538 0.38455213258858100822 0.38473776016676497491 0.45182325005327000911
1054 550 0.38454739534232801335 0.38474153112150899503 0.45182952278931398649
1050 546 0.38453618584762100374 0.38474937170232698103 0.45182701469999797528
1054 550 0.38453386322204402559 0.38474237342815997831 0.45182055067968901474
1062 558 0.38454248597010898258 0.3847413789235730186 0.45182030211860801927
1065 561 0.38453644588195801113 0.38474052601965602616 0.45181707468356702151
1067 563 0.38452868769940701243 0.38472953815071797568 0.45180890951334801153
1048 544 0.3845223094550950238 0.38473978123114899175 0.45181094536252397464
1005 501 0.38450946643683298065 0.38474815684617197364 0.45181201228547701598
1017 513 0.38451175983110097434 0.38474482165690399027 0.45181055279802301294
1023 519 0.38451061334948199999 0.38473859553429601288 0.45181664034482799108
1041 537 0.38451675506406002292 0.38473615897562102317 0.45181480596813100581
1041 537 0.38451664195202600594 0.38474528794066897852 0.45181408506867298813
1047 543 0.38450505611571300646 0.38473858355324397351 0.45181378192569099372
1034 530 0.38450240051681500164 0.3847351133180569871 0.45181954842833599306
1035 531 0.38450496516671600622 0.38472916933064399414 0.451817440366257983
1062 558 0.38450952357968798401 0.38472501886582599617 0.4518205953760839888
1067 563 0.38450632215615898613 0.38472554595326602378 0.45181942446665701585
1076 572 0.38451430574737999191 0.38472098339933502587 0.45181707302347801081
1062 558 0.38451432801442697595 0.38472659429663397246 0.45181502664060901875
1068 564 0.38451997310609498104 0.38472719021430901165 0.45181849104996701927
1056 552 0.38451416543828698114 0.38472723245471202036 0.45181238557926300947
1053 549 0.38451356894336802261 0.38472274310171900025 0.45181675763857798156
1046 542 0.38451448364201201713 0.38473192078911899738 0.45182140468893600138
1048 544 0.38451416444946301398 0.3847294219286540029 0.45181582123375202409
1063 559 0.38451165375729101648 0.38472102253629597568 0.45182261010374902277
1052 548 0.38450722411417498359 0.38472189015456498273 0.45182718031847401985
1051 547 0.38449629104653298972 0.38471898647433100393 0.45182999229794601481
1037 533 0.38449193434218897902 0.38472500024488598402 0.45183393846687597284
1035 531 0.38449736852843702239 0.38472154490899301837 0.45183935119596801977
1035 531 0.38448069540116397436 0.38471027824093301239 0.45184021849832500806
1032 528 0.38449009871892297907 0.38471375154576598066 0.4518411314417549729
1031 527 0.38449060610715601882 0.38471955560074999614 0.45184719858260602443
1044 540 0.38447928188059499188 0.38470857138750802484 0.45184858112665399199
1042 538 0.38447527794114400024 0.38471040119087901443 0.45184215397959198723
1035 531 0.38446751557000202748 0.38470914739056299991 0.45183980637577797479
1030 526 0.38446987366211399229 0.38471624699869400033 0.45184094898237697757
1022 518 0.38447325360934198057 0.38471985148418902378 0.45184744092367101764
1020 516 0.3844716447917749802 0.38471654263482002456 0.45184351610338802097
1012 508 0.38447249366194602427 0.38471658838565298 0.45184062374265598905
1045 541 0.38447170782772199793 0.38470555484864399354 0.45184877060434397444
1066 562 0.3844711946808530012 0.38469486565447097437 0.4518540635308769815
1056 552 0.38446917767160598833 0.38469347931765701665 0.45186245043677097932
1050 546 0.38447746946895799969 0.38470706600246301621 0.45187863068676498157
1037 533 0.38446269556853801541 0.38470478991599799112 0.4518805489011750165
1052 548 0.38446777739022902631 0.38469786804557698501 0.45188142054189400776
1038 534 0.38445676149103802377 0.38469853332339898344 0.45187682106546600558
1051 547 0.38446034340299001242 0.3846922302315849973 0.45187453131150601138
1070 566 0.38445806140001997919 0.38467097360670199357 0.4518793703577150267
1081 577 0.38445938942125001958 0.38466181270097599132 0.4518723266097769975
1078 574 0.38446119506068798799 0.38465941258597902142 0.45187249957188302396
1082 578 0.38445584842801999725 0.38465319260084102071 0.45187381517723301805
1090 586 0.38444634700635599289 0.38463721862999600276 0.4518784721881640154
1095 591 0.38444686194064198181 0.38463769144100001807 0.45188317336838301763
1063 559 0.38442681562629699155 0.38464048260119598766 0.45188324188279799243
1081 577 0.38442488712530298312 0.38463959124446900351 0.45187945180218097585
1082 578 0.38442009915976199652 0.38463965429040497535 0.45187449239581500837
1072 568 0.3844151755349949906 0.38464591976120099392 0.4518741756772879925
1069 565 0.3844031165116559845 0.38464427770312198396 0.45187330523421898043
1050 546 0.38439323475793302221 0.38464467971631699506 0.4518738054026649742
1037 533 0.38439158208773499537 0.38463983651114902473 0.45187139512185497958
1032 528 0.38437926872550598478 0.38464922880497398605 0.45187783302812700725
1038 534 0.38438407931862300648 0.38465446389894597523 0.4518696569382070205
1046 542 0.3843892245921209927 0.38465180072525900767 0.45186366574706599009
1021 517 0.38438866142198901965 0.38466342878846299103 0.45186810349799899633
1033 529 0.38437533931404899157 0.38465981358305800786 0.45186255726208301997
1043 539 0.3843819089264909894 0.38465817143126301847 0.45187119580206497327
1030 526 0.38437476285656702046 0.38465836603775299674 0.45187284721616299832
1032 528 0.38437488145311399235 0.38465257705498401286 0.45187882952912900025
1039 535 0.38436245061799600986 0.3846406730527899831 0.45187530716389401331
1038 534 0.38436270965204799577 0.38463937601130898658 0.45187633213292599521
1032 528 0.38437496969347800801 0.3846484076182170031 0.45187307037869600679
1043 539 0.38438336265554401416 0.38464296532547598284 0.45187059467773699195
1045 541 0.38438537942450701212 0.38464214417678299629 0.45187435201709502675
1047 543 0.38438610680828400046 0.38464037286785002223 0.45188072467800999288
1033 529 0.38437308693377897351 0.38465217997540801509 0.4518825610360199807
1030 526 0.38437144716518800713 0.38464972806200298239 0.45187788097144498956
1055 551 0.38438802516646297658 0.38464524210659500891 0.45187575926927997516
1073 569 0.38438306798352500637 0.38463858742353501663 0.45188036327463299013
1049 545 0.38437309963822502423 0.38464834970034000872 0.45188391442484499017
1053 549 0.38436733713449500183 0.38465085197585102694 0.45187868343909798341
1074 570 0.38436753420815999993 0.38464704762408097327 0.45187756209341101155
1074 570 0.38436678019906100889 0.38465741256390301173 0.45186862618077799914
1064 560 0.38436378982873997678 0.3846594363141199735 0.45186365617317597598
1062 558 0.3843632374422389919 0.38466057832191402621 0.45185779511639401207
1043 539 0.38435314662233899252 0.38466002659517201101 0.45185030037852502716
1063 559 0.38435759982182199357 0.38465595375057598515 0.4518463023360430042
1059 555 0.38434934316718100122 0.38464910581896599728 0.45183814894647100768
1049 545 0.38434662856035101131 0.38464801499609702073 0.45183982945703599077
1030 526 0.38435059940043697635 0.38464834521832702574 0.45183217923160101659
1064 560 0.38436349110859802103 0.38464651191806897845 0.4518342413995419804
1056 552 0.38436266511215699815 0.38464352806219598291 0.45183328506893899457
1059 555 0.38434854490646397362 0.38463209134856302107 0.45183937157988002253
1038 534 0.38433739696488000703 0.38463425161963799015 0.45183638761027999919
1030 526 0.38432956267860501898 0.38463269248651799082 0.45183036024013201182
1045 541 0.3843371180062239989 0.3846320802794460092 0.45182091067246399341
1051 547 0.38432788058034700329 0.38463538829680499198 0.45182519943689197772
1063 559 0.3843299673921110049 0.38463531670674799834 0.45182098926595098964
1054 550 0.38432059535397899985 0.38463882507465801952 0.45182895527738098362
1038 534 0.384313519338350007 0.38464638376631798966 0.45183287229664098605
1031 527 0.38431155789425297531 0.38464306843663498281 0.45183253880173301908
1044 540 0.38431425095798599223 0.38463124860649999803 0.45182966211180697336
1025 521 0.38431559001913701001 0.3846370491900589772 0.45182955670748997656
1011 507 0.38432689479327097892 0.38464035002277602304 0.45183161653731601648
1006 502 0.3843326757211840139 0.38464034433040400485 0.45184325709180600539
1018 514 0.38434734213159399419 0.38464175522763699444 0.45184748729004498013
1028 524 0.3843620707903789846 0.38463487110228100629 0.45186138377067802674
1013 509 0.3843662967261829988 0.38465354040161897631 0.45185776822575002276
1018 514 0.38437522955964298355 0.38465231851872699886 0.45185616169662401465
1013 509 0.38437461202287898088 0.38466208119268002763 0.45185913064011401508
1024 520 0.38437796376793798014 0.3846638226762080226 0.45185790704493500325
1015 511 0.38437949251232500503 0.38466946975381199891 0.45185878395770301408
1023 519 0.38438995748305898603 0.3846648113890470122 0.45185438235568997634
1017 513 0.38439772939677302466 0.38466062548430302037 0.45186077632180599029
1021 517 0.38438971646533698356 0.38465206750452601847 0.45185781748890402332
1051 547 0.38439803010689099771 0.38465024359868299486 0.45186132929529798652
1057 553 0.38440150570717601664 0.38464976459102001582 0.45186287153725102073
1036 532 0.38440477073635298533 0.38466159548824502279 0.45186129285095899544
1034 530 0.38440011762793702133 0.38465559988915898337 0.451866241651263989
1043 539 0.38441338408501601887 0.38465659937331997398 0.45187170913543400763
1060 556 0.38441611680683102081 0.38465652343713002681 0.45186564035904497327
1061 557 0.38441730128092799212 0.38466081592858097915 0.45186706340871302112
1045 541 0.38441654003284697616 0.38467431142942298816 0.4518672476257800108
1037 533 0.38442670748245599821 0.38469042090218097396 0.45186097028589300439
1045 541 0.38443553046516798499 0.38469255363885201948 0.4518572293010140184
1031 527 0.38444112972894300961 0.38469454914257200651 0.45186287586594497956
1048 544 0.38444391404754701957 0.3846767416102530035 0.45185909408636498741
1039 535 0.38443932738063801846 0.38467558710481497553 0.45186297762488797369
1029 525 0.38444659994637797595 0.38468785246264197708 0.45185846779640098658
1031 527 0.38444992091390900457 0.38469474609525400322 0.45186318282727400142
1037 533 0.38444815005606197689 0.38469137567801697797 0.45186563002138002698
1033 529 0.38444878738063098522 0.38469142604059397561 0.45186103526546800291
1026 522 0.38444722048686097438 0.38470428179326099372 0.45185400043271300996
1025 521 0.38445876248277099929 0.38471498753053301467 0.45184341107664199866
1023 519 0.38445010421461001116 0.38471737874777300892 0.45185351578975402331
1033 529 0.38445442074170999014 0.38471092375460802515 0.45185756479194499891
1044 540 0.38446228124654202585 0.38471317945527300219 0.45185340228452902656
1049 545 0.38446953239289599624 0.38471101468899399078 0.45185458465697997399
1055 551 0.3844654897252500203 0.38470804809763697873 0.45185712943514799722
1054 550 0.38446458583921300223 0.38470796164425902219 0.45186140928545398543
1063 559 0.38446555402782101041 0.38469970932702901578 0.45186431540301402743
1070 566 0.38446799182127000538 0.38470303747226497482 0.45187162172422101758
1073 569 0.38446675763192200703 0.38470817005537499833 0.45187120225061799816
1097 593 0.38446505726924501412 0.38469724898238000232 0.45186904497567398353
1085 581 0.3844529449067780047 0.38469850161349300466 0.45186688861723900423
1077 573 0.38444063556576202334 0.3846980838706169914 0.45186244564128502654
1066 562 0.38442813311353701833 0.38469773184806599353 0.45185804979761401423
1058 554 0.38443177009961998492 0.38469022804693497886 0.45186132839697301655
1046 542 0.38441793958442099788 0.3846830626575740153 0.45185365866341997698
1037 533 0.38441491583678000232 0.38468378193884500416 0.45185860507399699948
1041 537 0.3844132280382839828 0.38468523685552502567 0.45186774627923498304
1025 521 0.38441254003298397368 0.38469503510363300958 0.45186597267384398524
1012 508 0.38441351020784997328 0.38469421668292097527 0.45187302014043501108
997 493 0.38442107706036499071 0.38470941591646301561 0.45187237298734200808
987 483 0.38442244990157498075 0.38470639052256200285 0.45187209584556298214
994 490 0.38442675170229101411 0.38470457036582300647 0.45187419070200202098
981 477 0.38443664220669498954 0.38472335894983800131 0.45188019668250600791
1002 498 0.38444493665705298246 0.38472607115364099162 0.45188628695591498419
996 492 0.3844506266389289828 0.3847315807031160273 0.45187901643342998081
1008 504 0.38444813638268399147 0.38473195795861298008 0.45188054989184300858
1017 513 0.3844551566110679941 0.38472480056377900137 0.45187858156401800036
1003 499 0.38445458970032098112 0.38472664159642699921 0.45187783826668598275
1014 510 0.38445661596829600049 0.38471509544697801708 0.45187723293366699462
1031 527 0.38445877925557297994 0.38470981369867701671 0.45186891529136202772
1036 532 0.38445795050528097647 0.38470160266335901023 0.45187201624819500756
1048 544 0.38446834900705501026 0.38470158423553402205 0.45187779013494200342
1056 552 0.38446838036959901652 0.38469497751467301994 0.45187558443795899921
1067 563 0.38447956706245700609 0.38468963751510698579 0.45187799311887300036
1070 566 0.38447667608377400494 0.38469208358198397901 0.45187762894392302648
1066 562 0.3844746478274320145 0.38469579201253301104 0.45187680399591101388
1065 561 0.38446830796913800121 0.38469324776820001954 0.45187418471433599132
1043 539 0.38446899933283901207 0.38469296308713901711 0.45187425344658099791
1026 522 0.38446405500429997604 0.38470464426639300326 0.45187876432854001685
1020 516 0.38446680635642999091 0.38470754800885498259 0.45187549074138100291
1022 518 0.38447061785068997741 0.38470692989066801459 0.45188414891223899206
1027 523 0.38446833065679197894 0.38470724254225502348 0.45188411975296699508
1040 536 0.38448526357663598274 0.38470529635214001374 0.45188191745003797317
1032 528 0.38448423067711201551 0.38470813141065701712 0.45188217930993601623
1018 514 0.38448121114153999134 0.38471680643883898743 0.4518901195657299974
1033 529 0.38449170597918297387 0.38471001514851699277 0.45189163136642401808
1034 530 0.38449597185561101842 0.38471304617793000702 0.45188948708391701858
1039 535 0.38450222047347898391 0.38471428645308797245 0.45189177356526299967
1046 542 0.3844987365997120099 0.3847060415943109879 0.45189167252205397762
1058 554 0.38449684438732600888 0.3847003861533019875 0.45189339363572900155
1048 544 0.38449322987424600084 0.3847060030003500164 0.45188849753461901582
1048 544 0.38449543998673402223 0.38471214762077998728 0.45189282698912802694
1010 506 0.38448216856123601515 0.38472093850561500661 0.45189516797253198588
1013 509 0.38449879642332801533 0.384730983701521978 0.45189434611847800749
1010 506 0.38450212729349397822 0.3847292345413789727 0.45189884092847398822
1011 507 0.3845063801955829752 0.38472629672445701754 0.45190256492963298829
1016 512 0.38451519114119198095 0.38472845947126999011 0.45190506336716101954
1027 523 0.38451356092030397615 0.38472526016312402763 0.45190592735390100465
1026 522 0.38451767930905500492 0.38473086088352198564 0.4519078075708509723
1026 522 0.38452403951385699665 0.38473189473406699257 0.4519086292319869913
1025 521 0.38452637054885102641 0.38473504443983297385 0.45190594665650302142
1032 528 0.38452988694732498365 0.38472258521521901509 0.45191149405318398191
1028 524 0.38452185224942397879 0.38471925680637197864 0.45190781267697999191
1046 542 0.38452899986755201267 0.38471950087622902581 0.4519082042000279742
1049 545 0.38452948164252798158 0.38472860057962898761 0.45190556535831499785
1024 520 0.38451736276330600317 0.38473260541430598369 0.45190740150917602103
1022 518 0.38452470361459101245 0.38474064035377897319 0.45191258354860497359
1033 529 0.38452591157630799934 0.38474358699118998972 0.45192140609192799072
1028 524 0.3845360824738969785 0.38475636975449400978 0.45192239223388197544
1013 509 0.38453649496480402092 0.38476168406745497874 0.45191543965629499269
1042 538 0.38454283886065898646 0.38475201647469997601 0.45191017624361701222
1040 536 0.38454937607070399652 0.38475627541445600599 0.45190960187474799037
1032 528 0.38454576745411600536 0.3847548586133470172 0.45191596786306398315
1039 535 0.3845469673983070158 0.38474638476492001304 0.45191656682296599268
1054 550 0.38456245335564398502 0.38474569587034701534 0.45190729939684298744
1061 557 0.38456812571361398412 0.38475094327298697827 0.45190229042404000959
1067 563 0.38455991109990800281 0.3847447837574209939 0.45190142995324300568
1053 549 0.38455459432150201904 0.38475470792818200483 0.45189533332885800654
1059 555 0.38455375275197500873 0.38474835130821599671 0.45189770573299098411
1050 546 0.38454528278787697415 0.38474852058304498392 0.45190177280222798561
1049 545 0.38454884779162501474 0.38474928185797702129 0.4519007446884870105
1047 543 0.38454583831069300004 0.38475024161297100012 0.45190022711415400725
1047 543 0.38454374891034898143 0.38473394941351601872 0.45189398507991102028
1056 552 0.38454823295836199071 0.38473530644866199557 0.45189251920807699259
1049 545 0.38454318912728102653 0.38473422711281701769 0.45189190899254200184
1061 557 0.38454727703634400404 0.38472900379107799473 0.45188674930619099346
1064 560 0.38454952401731801181 0.38473062468702801109 0.45188313306075400533
1041 537 0.3845373274442510092 0.38473770196056900073 0.45188579123915401103
1028 524 0.38453347258345899062 0.38475049702266200802 0.45189092905072197892
1035 531 0.38452883238981100389 0.38474606397418498194 0.45189846279714501742
1024 520 0.38453672170347802384 0.38475313335635702439 0.45190344010716598788
1029 525 0.3845417886402969776 0.38475192147008502319 0.45190153161544599492
1035 531 0.38455092005259700061 0.38475064197947100864 0.45190323498926698864
1047 543 0.38456011332744799436 0.38475448887034602308 0.45189960811335899704
1072 568 0.38456995798823601085 0.38474822231863797795 0.45190227129210597257
1040 536 0.38457003227323799388 0.38476046774769101511 0.4519057453436740035
1049 545 0.38457646306184101181 0.38475984719882100338 0.45191035786728900314
1044 540 0.38458203954653097378 0.38476408048469101786 0.45190797060804299701
1058 554 0.38459756941721301438 0.38477257976029799469 0.45190684684849702357
1055 551 0.38460320487031302017 0.38477910334968101758 0.45191164030502201099
1051 547 0.38460065431313700257 0.38478648028114198487 0.45190952879026502487
1042 538 0.38460877371341900544 0.38479896627755599825 0.45191388976313101589
1036 532 0.38461734782823797651 0.38481098736815200212 0.45191734382699999539
1042 538 0.3846215348181969973 0.3848044582310169992 0.45192362144524300671
1029 525 0.38462199144650799365 0.38481037888415198234 0.45193187748963098427
1058 554 0.38463343527344601158 0.38480071127671799935 0.45193196960991499633
1039 535 0.38462604290156499065 0.38480158845003098467 0.45192430844913200616
1021 517 0.38462447169854002693 0.38481202521052898513 0.45192521629389897919
1017 513 0.38463329393468198569 0.38481211313434898758 0.45192548982560298843
1028 524 0.38464073997897901824 0.38480886424674398683 0.45192903019480301641
1021 517 0.38463230597763098384 0.3848177894832969792 0.45193350529097597867
1020 516 0.38462766449735097396 0.38482213102521001247 0.45193431646651299749
1030 526 0.38463216804081801214 0.3848128627815859959 0.451933521339171973
1048 544 0.38463621239866901957 0.38481236721054601357 0.45192772195136099445
1039 535 0.38463522860603999165 0.38481931950575398726 0.45192871355075797668
1032 528 0.38463913992182402479 0.38482718298719098549 0.45192985585520500935
1017 513 0.38463880894244301123 0.38483628877578801575 0.45192475903339501819
996 492 0.3846336505359450042 0.38484238173394502702 0.45193021214144901698
988 484 0.38463827788325100077 0.38483906334759399037 0.45192544801752898564
997 493 0.38464453288880601223 0.38484189040339800147 0.45191963323350597959
1003 499 0.38465671828975300794 0.38484667388754500994 0.45192624656496899194
1027 523 0.38466961546902500579 0.38484244867996297845 0.45193032432415597421
1027 523 0.38466927823699897937 0.38484207453685997935 0.45193381318009301362
1023 519 0.3846653577650779865 0.38484346407441799576 0.4519366563681109783
1026 522 0.38466821237220899521 0.38485026603223898567 0.45193957194728201499
990 486 0.38466481589161499732 0.3848636510875649841 0.45193694405730300279
998 494 0.38466662885716301767 0.38485766438486701535 0.45193735255017897234
976 472 0.38467059016654997494 0.38486458446316501592 0.45193901956495802219
986 482 0.38468685111412898037 0.38486583414654401691 0.45193199538846501317
995 491 0.38469646902731602367 0.38486259052996002472 0.45192697734388398434
994 490 0.38470334890155899465 0.38485953521434201896 0.45192889380322698312
1003 499 0.38471386917575101094 0.38485785448270498632 0.45193588432036702063
1026 522 0.38472978205661501061 0.38485917401020097728 0.4519385303372939755
1015 511 0.38473066925856602705 0.38486446127323498123 0.45193001278913902397
1024 520 0.38473617267589399482 0.38484995184275500035 0.45192795336736701906
1036 532 0.38473822692881598506 0.38484052837608700992 0.45192826951562198312
1039 535 0.38475041604333198864 0.38485375555564399486 0.45193068737592800854
1037 533 0.38474837521768501247 0.38484784921739501051 0.45192864126631998589
1037 533 0.38474841187311098478 0.38485665166190302644 0.4519318706246580053
1026 522 0.38474435614761398616 0.38486251679246902269 0.45193650858017597738
1026 522 0.38474471980297697549 0.38486318252328299838 0.45193977543981100897
1043 539 0.38474501467864097304 0.38485266167294901463 0.45193214944268000899
1050 546 0.38475524050703002743 0.38485859056077498241 0.45193261449246502348
1060 556 0.38475683098333401944 0.38485788960584099705 0.45193418355093201155
1053 549 0.38475200032350498347 0.38485861697036799489 0.45193549217650297312
1049 545 0.38474924520172398834 0.38486311039625997754 0.45193869537107100864
1030 526 0.38473566729686997645 0.38485513345282701403 0.45194397412094000632
1038 534 0.38474303157145500753 0.38486287663211099508 0.45194621671481099989
1026 522 0.38474449737833699148 0.38487249872757400837 0.45194641430001297744
1016 512 0.38473986997889297879 0.38487172910883199473 0.45194220913225102709
1023 519 0.38474923734362798111 0.38487452796655702292 0.45194822057204397936
1027 523 0.38475199401762200102 0.38487356407105899336 0.45195247467980598222
1032 528 0.38476038454285199641 0.3848783749257970177 0.45194379762135500345
1044 540 0.38475530102520300035 0.3848709277151500241 0.45194757702996102289
1033 529 0.3847584456499479888 0.38487618893480401994 0.45195292591372299151
1018 514 0.38475925728018001148 0.38488377873481199876 0.45194974517987701601
1027 523 0.38475618321618498818 0.38488476219085798746 0.4519538042446660242
1031 527 0.38474366597029402426 0.38487758041254199748 0.45195376151744098836
1029 525 0.38474765097817298365 0.38488063660444998826 0.45194970803284700844
1045 541 0.38474529253498301884 0.38487741057700197711 0.45195012736588602298
1042 538 0.38474390663063001705 0.38487851891099700286 0.45195776695579298332
1065 561 0.38474206707610097977 0.38486927367499301766 0.45195558006206598689
1084 580 0.38473383120069198915 0.3848586095105199778 0.45195879184513998439
1079 575 0.38473219227464600101 0.38485661650244801235 0.45195685999322599002
1062 558 0.38472641958565201303 0.38486057519218702661 0.45196019131754300302
1070 566 0.38473149784418797514 0.38485890622865498445 0.45196474160282701371
1063 559 0.38472011099672798196 0.38484980189605699774 0.45196690206393602685
1075 571 0.38471698794005998456 0.38485273067874697928 0.45195914605593601188
1078 574 0.38471812864875998272 0.38484453280820302146 0.45195280263224602013
1059 555 0.38470642807440902367 0.38484971960228997467 0.45194796360691902315
1064 560 0.38470518283420601646 0.38484618130624298482 0.45194407524902802109
1049 545 0.38469684380126900614 0.38485233516739597581 0.45194580619147001199
1049 545 0.38469437624085400795 0.38485176953781097264 0.45194292049453499427
1057 553 0.38469784145496699335 0.38485075391110101783 0.45194226669852999301
1033 529 0.38468351460476202242 0.38486135893224399096 0.45195181717419097289
1038 534 0.38468723794045001085 0.38486085530009800371 0.45195304505924199789
1039 535 0.38468864014762699233 0.38486009251629998973 0.4519675280513509863
1009 505 0.38468096081860497781 0.3848620367462640135 0.45196300435347197544
1013 509 0.38467701829000200409 0.38485663157544697244 0.45196548643025097336
1016 512 0.38468067581380899211 0.38484870841251600515 0.45196592914624600379
1025 521 0.38469212093689397758 0.38485452745593801138 0.45196216594815902257
996 492 0.38469127001227898521 0.38486472444145902738 0.45195853697438698182
1007 503 0.38470019960448398333 0.38485796751715700692 0.45194933320696201173
1013 509 0.38470114736762400787 0.38485127955089898366 0.45195361087356500374
1029 525 0.38471470095329501904 0.38485399946872100863 0.45195078735936300429
1034 530 0.38471789572568498849 0.38485685027879301678 0.45195020198150398505
1043 539 0.38472681254241197779 0.38485435235171300272 0.45194618927122098828
1045 541 0.38472968320102601814 0.38485746066441200997 0.45194680355756300383
1037 533 0.38473396611043697568 0.38485779075670500937 0.45194743819745297753
1038 534 0.38473136926627798937 0.38486656069573799144 0.45193787234593002511
1032 528 0.3847363576986490008 0.38486914467450300537 0.45193660301113902644
1031 527 0.38473903026961198126 0.38486973319419398587 0.45192790753447897867
1036 532 0.38473771999947797839 0.3848609954548170009 0.45191890624706898549
1031 527 0.38473885056825102291 0.38486885550082600149 0.451918409022545986
1016 512 0.38473882645867701902 0.38487426560887799676 0.45191820920340597389
1028 524 0.38474817094658197991 0.38487839278579899505 0.45192587565883901579
1018 514 0.3847515452820839954 0.38488141879724302452 0.45192850462588401994
1010 506 0.38474580653092399496 0.3848839326426939933 0.45193105224493801408
1044 540 0.38476059292677700086 0.38487867484626298031 0.45193241503343900556
1074 570 0.38476934362516101995 0.38487425405624198227 0.45192750633386902237
1081 577 0.38476527177336899976 0.38486655949326098458 0.45192341788529699631
1094 590 0.38475722905036802146 0.38485470079731798343 0.45192445250234397625
1085 581 0.38475277895071302581 0.38485420141356901924 0.45191860222657398438
1074 570 0.38474749771541100207 0.38485293123968500328 0.45192120083162901079
1065 561 0.38475125036816998358 0.38485614993700500985 0.45192203887033499665
1048 544 0.38474565264056598268 0.38485571371006599417 0.45192029201405198302
1052 548 0.38474505021548499606 0.38484950794631000992 0.45191740412960501594
1057 553 0.3847484809315360188 0.3848452267836969809 0.45191931587682898641
1060 556 0.38475146028491402639 0.38485691381798298183 0.45192105063671900167
1082 578 0.38474944410074601864 0.3848618709036710217 0.45192637194830198588
1046 542 0.38474551460942701953 0.38487860300969800598 0.45193886420688200722
1039 535 0.3847454244585559735 0.38487566133348100061 0.45194469197526998538
1039 535 0.38474910793531197362 0.38487804268786102169 0.45194010994776800949
1040 536 0.3847576489790819898 0.38487965070995500128 0.45194530286597001112
1039 535 0.3847579379850010195 0.3848922779347579981 0.45194733781594198518
1044 540 0.38475598762687102106 0.38489830323685098046 0.45195984087372498283
1046 542 0.38476024026197197525 0.38490215050063697477 0.45195351641251002572
1050 546 0.38476468419114900898 0.38490100554017597778 0.45195094769561700021
1049 545 0.38476075653148500422 0.38489915500234500589 0.45195378719632700593
1064 560 0.38475280483774099149 0.38489052812363799827 0.45194535488227199904
1060 556 0.38473579329207502342 0.3848822246307589956 0.45194276577243802651
1047 543 0.38473130039408198755 0.38488849882283399095 0.45194493419954501201
1060 556 0.3847296161618999899 0.38488269191587098916 0.45195430879746201214
1055 551 0.3847251909596769992 0.3848823829953729736 0.45196094468085401541
1043 539 0.38472076865504800658 0.38487957951640400234 0.45195429531536501777
1043 539 0.38471143553812697791 0.38487499356375498571 0.45195667068214201434
1019 515 0.38471773080420701429 0.38488809331433798677 0.45195677121735600146
984 480 0.38471190823466300257 0.3849020143316769782 0.4519569440369329838
988 484 0.38472253295847297361 0.38490897683558000786 0.45195506676678798286
974 470 0.38473360231279701837 0.38492174451250399381 0.45195461720531998617
981 477 0.38473644495325898252 0.38492193851277900496 0.45195437140022998168
975 471 0.38474017907686697271 0.38492806319227002021 0.45195118463652600438
987 483 0.38474951522516198654 0.3849235930698640118 0.45196239917602598624
1016 512 0.3847578904146319867 0.38491460140936700762 0.45196637895086200221
990 486 0.38475385237980197495 0.38492442069093102397 0.45197122075665602248
1035 531 0.38477068820398602211 0.38491575482517398354 0.45197874878901600493
1055 551 0.3847686819783520118 0.38490160841684101234 0.45197859412665397638
1065 561 0.38476636000963998496 0.3848967108845929852 0.45197734032339798027
1050 546 0.38476861935656897495 0.38490945757331801458 0.45197452745952398923
1040 536 0.38476318189189501195 0.38490525105994499722 0.45198233146077798628
1046 542 0.38476728624995198969 0.38490245521749499868 0.45197747358447598609
1017 513 0.38475988198607902202 0.38491232542439801634 0.4519843226267820091
1008 504 0.38476398378190701521 0.38492130150993397741 0.45197394810278002097
1006 502 0.38476039732178901609 0.38491105511059997557 0.45197641776586799933
1017 513 0.38476367147300699623 0.38490902518742498017 0.45197801997924502704
1043 539 0.384776025981279024 0.38490845968439701963 0.45197589051946501781
1046 542 0.38476716327681598218 0.38491203177705501925 0.45198214442110201672
1041 537 0.38477367104289800226 0.3849188339732669828 0.45198005936896001877
1041 537 0.38477071821349001501 0.38491457399367801084 0.45198448754359199508
1034 530 0.38478059083882898417 0.38491495242509699004 0.45198840527029499059
1033 529 0.38478340848054798373 0.3849296995239069874 0.45199236584162100216
1014 510 0.38477817135143699279 0.38493471224044500945 0.45199294354986502276
1032 528 0.38478327190542199743 0.38494113255692502529 0.45198533043841099266
1033 529 0.38477937036415998939 0.3849417709392319864 0.45197633122404801131
1022 518 0.38477832284917701244 0.38495008704707900371 0.45198294761963697663
1026 522 0.3847926798916350144 0.38495477717856102506 0.45198426756178500252
1030 526 0.38479536981698797549 0.38494905621112801564 0.45198183648114098609
1021 517 0.38478785717136998468 0.38494765585653401008 0.45198784902197697289
1035 531 0.38479852816159798579 0.3849445408533769819 0.45199298358972300749
1039 535 0.3847979198329010142 0.38494853845214999088 0.45199599971796500242
1054 550 0.38479560084921998753 0.38493889433465999783 0.45200161000524802235
1043 539 0.38478480225017802629 0.38492728153931599078 0.45199575254346902042
1028 524 0.38478419716970901909 0.38493583509934997666 0.45199704483139901967
1039 535 0.38478821374888300122 0.38493552163954497525 0.45199786398226798889
1029 525 0.38478090107101697859 0.38493830699671899298 0.45200099946015498409
1027 523 0.38478434636126901403 0.38494242138193202063 0.45199130796216502315
1025 521 0.38478247643195800931 0.38494628260087798699 0.45199803975363900266
1016 512 0.38478035532091198201 0.38494899849310099116 0.45199372880563398747
1017 513 0.38479562057561300659 0.38496152845742998005 0.4519994488532029786
1021 517 0.38478192992803500472 0.38495589422482601183 0.4519936360236370132
1028 524 0.38479238822515898777 0.38496057608335798594 0.45199845910251701397
1029 525 0.3847957020508360193 0.38496335605673098756 0.45199541940535598039
1028 524 0.3847988858283239999 0.38496828194453097671 0.45200041917244099254
1022 518 0.38479392256044497866 0.38497707402722097791 0.45199739183899900752
1014 510 0.38479426653424897431 0.38497541420920999844 0.4519979493884920263
1011 507 0.3847957487840250046 0.38496793968140702313 0.45199128346303601989
1017 513 0.38480404223374398143 0.38497159513441098211 0.45199657222473499374
1034 530 0.38480696771812100687 0.3849643173460710055 0.45199514427773501701
1031 527 0.3848127324693679796 0.3849665144005859907 0.45199818089710197544
1037 533 0.38480833711185502555 0.38496663586869100948 0.45200142478182897543
1047 543 0.38481523444706000614 0.38496498414832902579 0.4519950060740069997
1038 534 0.38480649510827097393 0.3849651713108599993 0.45200213298311997523
1027 523 0.3848079066410010074 0.38496641849507801103 0.45200483435506899621
1045 541 0.38481164492960800994 0.38496862411353199862 0.45200061503748600877
1049 545 0.38480857745952401494 0.38497423779955902701 0.45199659421498200595
1048 544 0.38480860058623700404 0.38498073127604598431 0.45199564079225901247
1045 541 0.38480641812082200248 0.38498665234136797419 0.45199195375480399894
1055 551 0.38480908619046300112 0.38497635259204399105 0.45199211756445401011
1058 554 0.38480615231466097637 0.3849627166660229971 0.45199822394638899947
1049 545 0.38479654478798097639 0.38496674813628500855 0.45199231739460898893
1032 528 0.38479310931598398327 0.38497057818484897718 0.45199252034592302119
1030 526 0.38478697246144000221 0.38496099046420201306 0.45198930935273901044
1015 511 0.3847925381614589746 0.38497093444676699914 0.45199158216618801065
1013 509 0.38479998757122102493 0.38498062816946199138 0.45198899463052399916
1015 511 0.38479680459332699094 0.38498490581145899947 0.45199195062354402541
1009 505 0.38480337067140901741 0.38498847817780401659 0.45198228155619102342
1012 508 0.38481395377311200523 0.38500383031350898788 0.45198459319531997247
994 490 0.38481422809263599039 0.38501123474113901901 0.45198877957638800007
994 490 0.38481833411853200166 0.38501341666907901162 0.45199389957498498083
991 487 0.38482702187521400372 0.38502925296730899918 0.45200153665685099957
983 479 0.38484067373663299882 0.38504344725702099872 0.45200207404858699922
1002 498 0.38486323309933301307 0.38505046540972398539 0.45201380295837401135
1006 502 0.38486563161312697945 0.38504735692960601057 0.45201929439039201242
1017 513 0.3848692826720819804 0.38504544733847001492 0.45202560028467997366
1024 520 0.38486929322943197462 0.3850397020585710206 0.45203204899190502219
1032 528 0.38487865435750900911 0.38503999209194500475 0.45203542539394697686
1044 540 0.38487502273135099085 0.38503532486594099771 0.45203145462310601044
1047 543 0.38487434559638100673 0.38502996505746400757 0.45203491930319200653
1043 539 0.38487711432615900886 0.38503565757268498615 0.45203301779981197583
1035 531 0.38487850398707001975 0.38504103345170298534 0.45203060311812298666
1036 532 0.38486666807873898266 0.38503461541882899599 0.45203819378307097399
1024 520 0.38486743485767099804 0.38503917348084598649 0.45203375195765899131
1013 509 0.38488649886707798631 0.38505056075253402126 0.45203266745476000654
1032 528 0.38489264290766900256 0.38504400931700299981 0.45203301794892497556
1047 543 0.38489653218316000061 0.38504035181105300545 0.45203187838575398239
1030 526 0.38489710527141302032 0.38504502682990499052 0.45203583930948998404
1045 541 0.38488740511258301424 0.38502776229057200652 0.45203646242903999797
1043 539 0.3848898559401099928 0.38502868160735598257 0.4520354678453240016
1032 528 0.38488197560160497535 0.38503348705298900967 0.45203697182721802594
1037 533 0.38488592460011800123 0.38503490579070798194 0.45203300013005798252
1052 548 0.38488943608795600504 0.38502868479918600508 0.45202882957943402165
1033 529 0.38488368689580398918 0.38503774153328701457 0.45202351223804398961
1020 516 0.38487306566446000122 0.3850376566036969872 0.4520293191670999855
1028 524 0.38488482753152697402 0.38504195032347099392 0.45203451073511097258
1021 517 0.38488389950086598912 0.38504699972381600803 0.4520358517430019818
1032 528 0.38488753059580099736 0.3850450986993669833 0.45204171936040798974
1024 520 0.38487635344357301603 0.38504382486292498822 0.4520366890145710026
1026 522 0.38488129895092798582 0.38504398659997901566 0.45204484742964701205
1029 525 0.38489142339364901257 0.38505102708701599568 0.45204212797956200287
1039 535 0.38489449229968697441 0.38503936687785500492 0.45204241991210597496
1045 541 0.38489955080859700187 0.38504766177663302118 0.45204794089118099931
1036 532 0.38490086557996999739 0.38505782620253098392 0.45204649062812002347
1054 550 0.3849023695756629837 0.38504624149215399553 0.45204952853051899586
1047 543 0.38490031655676698596 0.3850407727114160128 0.45205308215963002638
1042 538 0.38489233426419200423 0.38503837251765499206 0.45204681803315899247
1029 525 0.38488604376614599101 0.38503822248173297238 0.45204932049010099204
1025 521 0.38487588675445699726 0.38503532903378900887 0.45204020377683001852
1030 526 0.38488119550035299055 0.38503593058313101416 0.45203252955647299505
1016 512 0.38488712581174899796 0.38504413842206497431 0.45202785736885497947
1019 515 0.38489467685289802112 0.38504205239339200917 0.45202745758681200927
1022 518 0.38490284550740200276 0.38504027505916099683 0.45202965040388298767
1019 515 0.3849030936346790055 0.38504823411843397407 0.45203661584985599386
1024 520 0.38492053854031799132 0.38505225726547898102 0.45203174697041698105
1047 543 0.38493560609402099892 0.38505741536005999581 0.45203216797643802627
1051 547 0.38494201963750601658 0.38505464403341799207 0.4520293768433609749
1046 542 0.38494538045931597781 0.3850595435357079821 0.45202773499666698553
1050 546 0.38493641262154698612 0.38505166540391799757 0.45202801765819600188
1036 532 0.38492701860434397343 0.38504827318053397311 0.45202996905219300361
1055 551 0.38492906439361301851 0.38504332785073902556 0.45203178081641398611
1058 554 0.38492788539243899537 0.3850353321412500196 0.45203248940896201269
1041 537 0.38493062325072102681 0.38505056751829397355 0.45203529758150101658
1052 548 0.38493765102321397809 0.38503995506743499133 0.45203382812241599265
1023 519 0.38493230266257699723 0.38504994275465098674 0.45202721387650102169
1020 516 0.38493031612182099233 0.38504662010287898921 0.4520279616257439903
1014 510 0.38492969565849999292 0.38505176318312400729 0.45203098990760798292
1014 510 0.38492702456924199339 0.38504781874211302384 0.45202988780941999458
1015 511 0.3849317357782789939 0.38506041707395999296 0.45202801101193401667
997 493 0.38494018694575299344 0.38506940066120198818 0.4520370956744120261
1038 534 0.38495333475873699802 0.38506931957282097834 0.45204020238466402493
1046 542 0.38495538091595399299 0.38506332693636202702 0.45203442073946398239
1038 534 0.384961516835720996 0.38507373463578198347 0.45203315301566199258
1037 533 0.3849628790228090125 0.38507246423601998453 0.45203786752803698512
1037 533 0.38496510037642500679 0.3850774639809160238 0.45203127710805701689
1033 529 0.38496968250648400112 0.3850855706239130205 0.45203249212063600915
1025 521 0.38497258641977100124 0.38509211486398697843 0.45202513746782502224
1051 547 0.38497400223681899067 0.38507439078291499923 0.45202081297018198436
1034 530 0.38497753583921101583 0.38507671503415802361 0.45201933465545501845
1038 534 0.38497721415760499664 0.38507469910588099093 0.45200822726450201605
1038 534 0.38497739174667100492 0.38507361569791898059 0.45201333208123700702
1004 500 0.38497007608181499361 0.3850800257704949936 0.45201551477588097772
1002 498 0.3849779999916390083 0.385079617936782026 0.45201328805140700284
999 495 0.38497917127819097916 0.38507574084461498876 0.45201359458743600728
1021 517 0.38498664436807200628 0.3850785070284140077 0.45202482741385702214
1048 544 0.38499554233782201651 0.38507246948950701881 0.45202417178681297827
1052 548 0.38499125546402002129 0.38507424452449301455 0.45201960744047098295
1051 547 0.38499433370541502608 0.38507749503040800132 0.45201655496540199541
1040 536 0.38498299662957302658 0.38507498260681699565 0.45201415389425098068
1035 531 0.38498601493585099531 0.38508294186993802244 0.45201159435195598091
1036 532 0.38498686972014900531 0.38508049424182200227 0.45200241942406299556
1033 529 0.3849898335593909815 0.38507346420429899858 0.45199480190278501501
1038 534 0.38499834879117500464 0.38507671153711497958 0.45199943398195502331
1034 530 0.38500112068595199188 0.38507308770171500001 0.45200021060541800688
1004 500 0.38499239370839599683 0.38508102943664601625 0.45200983226699797957
1011 507 0.38499861877534802268 0.38507882955289302052 0.45201226822296697305
1015 511 0.38500688475727901094 0.38507861273689897308 0.45200877749325202304
1025 521 0.38500736507039201584 0.38507692295295997686 0.4520008931409439934
1009 505 0.38500364772201101093 0.38507552399082201067 0.45200551839755598316
1024 520 0.3850135004470309763 0.38508662550946498593 0.4520036915757920104
1015 511 0.38502095487450699318 0.38508522008430401407 0.45201377932433001172
1001 497 0.38501544014406702265 0.38509216510263299948 0.45200817483175298461
1000 496 0.38502566158750201053 0.38510102226601999886 0.45200061624065301924
1005 501 0.38502632207672199405 0.38509580032657098059 0.45201003432735897825
1016 512 0.38503777190611399028 0.38509594934036500691 0.45200802713551602174
1027 523 0.38503546383459402724 0.38508819864182597392 0.45201038159522100024
1031 527 0.38503950698963601562 0.3850952057747750179 0.45200889143649902735
1042 538 0.38503880173233101525 0.3850862825431369818 0.4520092680878010083
1039 535 0.38503606226466602358 0.38509705296420898568 0.4520045345311399787
1026 522 0.38503918659064600982 0.38510410895388702546 0.45200214100144198159
1035 531 0.38504082823766799804 0.38509389464337601128 0.45200108150310902566
1019 515 0.38503735378441900084 0.38510600611809497895 0.45199754266871500219
1035 531 0.38504089947605402156 0.38510443594302901094 0.45199919440421298944
1023 519 0.38503971156077299032 0.38510328406773097765 0.45199136919874799423
1031 527 0.38504614729825298314 0.38510546610267598622 0.45198623346655097954
1023 519 0.38504403048910601504 0.38510634890096701044 0.45198778716353599227
1017 513 0.3850401911515610176 0.38510822108729098057 0.45197989201843902229
1003 499 0.38504318570823298229 0.38511871407727599204 0.45197776496880498476
1029 525 0.38504979484922902122 0.38511529408344197245 0.45197659677407697743
1036 532 0.38504718756637401622 0.38510922621398302468 0.45197013854745798911
1047 543 0.38505023419154299491 0.3851053122964340214 0.45197086723097101846
1053 549 0.38504793547114202212 0.38509635227500099708 0.4519787898443000107
1058 554 0.38504526594460697364 0.38509213453642798797 0.45197784136731500304
1052 548 0.38505187691967401875 0.38510046293674399243 0.45197221413174698545
1038 534 0.3850421461564009773 0.38510066996033898157 0.45196835611140001587
1017 513 0.38503469888489000317 0.38510290723292900372 0.45196162297236197603
1020 516 0.38504173473453201515 0.38510138641710101037 0.4519614544883580054
998 494 0.38503674387770797649 0.38510780056146298733 0.45196277486295199921
999 495 0.38503954910400400857 0.38510549079246098048 0.45196468555035101966
1004 500 0.38504737300900199193 0.38512038855233898804 0.45197626486919301181
1024 520 0.38505108273682198128 0.38511611344483598351 0.45197715994642201354
1021 517 0.38505535437773602547 0.38511477985131498114 0.45197353620205898972
1038 534 0.38507078404458700005 0.38511019509069399636 0.45197379834277401356
1033 529 0.38507744122740400483 0.3851100873067390129 0.4519733935573029826
1039 535 0.38507550929801798167 0.38510489610874798494 0.45196919388468098644
1037 533 0.38507578020721699996 0.38510952072141402258 0.45197541276311797853
1045 541 0.38507924168803697729 0.38510598596179601572 0.45196936368255402616
1061 557 0.38508619371577001989 0.38510233385417602658 0.45197049977531300602
1056 552 0.38507856487702102344 0.38509959905272500569 0.45196256589469602227
1069 565 0.3850725216781910043 0.38510037011149200747 0.45195684467490099268
1045 541 0.38506312895146999065 0.38510517420904399888 0.45195370609259899464
1040 536 0.38505986287245902444 0.38510097087193301268 0.4519568080229159901
1040 536 0.38505567448552902032 0.38510137013329798217 0.4519537203133129899
1027 523 0.3850489233051940241 0.38509728785292601794 0.45195999312348900112
1013 509 0.38505893832260601473 0.38510649478004799207 0.45196152736730899058
1013 509 0.3850579327701709742 0.38511130303928298169 0.45195732368476099206
1019 515 0.38506113967860200464 0.3851210676103670183 0.45196105295248500955
1016 512 0.38506802218260299808 0.38512083414198300391 0.45196324409418298096
1043 539 0.38506755870882797277 0.38511542356683398092 0.4519627618677060088
1047 543 0.38506410505906402131 0.38510969318330201538 0.45196073248780799236
1053 549 0.38506694751392300802 0.38510561481773697423 0.45195473005712299974
1062 558 0.38506576371724399177 0.38509818513699700659 0.45195238921981401026
1035 531 0.38505999914222299729 0.38510193147516097456 0.45194758250295902213
1014 510 0.3850516134969970139 0.38510348466972099679 0.451945156429650996
1028 524 0.38506380229590997377 0.38509782171641698811 0.45194322017055699181
1029 525 0.38506432087723901914 0.38509998697104097509 0.4519450637396020265
1024 520 0.385059527539760027 0.38510710458959601654 0.45194976122114799422
1042 538 0.38507011174859800962 0.38510798473984098056 0.4519564678219220033
1022 518 0.38506936211250897273 0.38511301680076598375 0.45195726572344901983
1054 550 0.38507724680096500069 0.38511659290687599855 0.4519528614318040205
1050 546 0.38507246882272200272 0.38511008621623799009 0.45195506687403397272
1063 559 0.38506413944692102769 0.3851030349869150049 0.45195726433012800571
1073 569 0.38507344184169600698 0.38510013058756198401 0.45196305133683301047
1080 576 0.38506627668544901599 0.38509564588306699484 0.45195804716861498473
1093 589 0.38506295647074301192 0.38508414357512199544 0.45195700768868102282
1075 571 0.38504599332242800402 0.38508234286635201205 0.45195874197392699179
1054 550 0.38502995149774499328 0.38508353165166697707 0.45196037266472399718
1053 549 0.38502548920240597941 0.38507557323876301369 0.45195740248612797929
1056 552 0.38501505285087300745 0.38507036427418500635 0.45195700368896402077
1041 537 0.38501175852422997448 0.38506765246929902657 0.45194631935217000063
1025 521 0.38500322387934798885 0.38506353498790102385 0.45194160712197001262
1046 542 0.38500448484376997849 0.38504967917973897951 0.45194338039744097468
1039 535 0.38499948595846200661 0.38504472062249001096 0.45194254691664798029
1048 544 0.38501115260417101416 0.38504561031824302564 0.45193372657089997402
1033 529 0.38500554562521299706 0.38504607211628999464 0.45192785688420500367
1039 535 0.38501550346515300838 0.38504610626924601346 0.45192970746749400179
1027 523 0.38500283689930397957 0.38504656778168899756 0.45192898397733499705
1007 503 0.38499826972365802646 0.38505080227620702704 0.45192998986975102538
1022 518 0.3850046288832980057 0.38505199440364401564 0.45193005694739801781
1036 532 0.38501658505734898119 0.38504801476982197794 0.45193345936606199587
1015 511 0.38500459945249898563 0.3850529143398889742 0.45193112906724802746
1024 520 0.3850093234827159927 0.38504869531922297776 0.45193658050321600106
1025 521 0.3850087531943359731 0.3850570625242920042 0.45194347266406098562
1045 541 0.38500533449462398528 0.38504178323567800346 0.45193928175082997978
1026 522 0.38499463502352299082 0.3850488093485939789 0.45194101297201000333
1040 536 0.38500263068811602096 0.38504635549210497469 0.45194188971276699762
1026 522 0.38499849365015698099 0.38504900335081099216 0.45193463242557901927
1058 554 0.38500600056426997897 0.38503337451664398916 0.45193860126265100741
1042 538 0.38500386295162197792 0.38503929922791901852 0.45193631157020702771
1033 529 0.38500755510228801271 0.38503550705336397897 0.4519369837560340275
1051 547 0.38501875610725300181 0.3850300837418519917 0.45193639720271200355
1045 541 0.38501976888729699811 0.3850294503001939761 0.45194463768726500508
1067 563 0.38502223465109097766 0.38501699566994102009 0.45193301584343897881
1050 546 0.38501863868641200694 0.38502224734858397914 0.45193823066794702736
1053 549 0.38501619379290302758 0.38501348822292502661 0.45193466361751000182
1058 554 0.38501962710825299308 0.38501055744377798984 0.45193251793471500566
1063 559 0.3850268137345629893 0.38501927495864102236 0.45192227802775197798
1055 551 0.38502655700182897291 0.38501925537449899206 0.45191905297490397864
1066 562 0.38504015629727600389 0.3850181406857189903 0.45192002264042002713
1060 556 0.38503601831054601323 0.38502721808460199648 0.45192883231122199517
1041 537 0.38503321530060097277 0.3850330076657900169 0.45192851718788201731
1030 526 0.38502787760560497343 0.38502995850415699941 0.45193703033639698319
1012 508 0.38502338278229597535 0.38503204966723697522 0.45193731131471498452
1042 538 0.38503237085429398157 0.38501895294116100787 0.45194053373655002082
1054 550 0.38503421890639000225 0.38501712005407801032 0.45194017880292697287
1053 549 0.38502730522894401677 0.38501734897004702418 0.4519323782580069726
1074 570 0.38503096845931900072 0.38501298086383500818 0.45192633041259799853
1070 566 0.385033849034338016 0.38501871068818299682 0.45192867588624602293
1074 570 0.38502953900587100211 0.38500641117834000227 0.45192885612108602
1059 555 0.38502457144217799856 0.38500839067916597935 0.4519284621866310192
1022 518 0.38501301523175801567 0.38502287597591500212 0.45193737203478401288
1043 539 0.38501432327403800615 0.38501948169774402597 0.45193526642064302257
1048 544 0.38501472444887502311 0.38502926273586202122 0.45193176898279102671
1050 546 0.38501947173665201918 0.38503486100728601116 0.45193088429824801455
1051 547 0.38500641602816099152 0.38502856047928102345 0.45192750615018600913
1030 526 0.38500338778860099254 0.38502840893447798365 0.45192386528158901005
1020 516 0.38499474296149999164 0.38502880735931099832 0.4519226055041650203
1022 518 0.38499846358349898434 0.38503035130576501732 0.45192052419161599097
1027 523 0.38499048944639302494 0.38502025117388899433 0.45192634544228499349
1027 523 0.38499120042471102199 0.38502125923687602338 0.45193531164650202481
1059 555 0.38499594580272300526 0.38501056891727597487 0.45193174425240401071
1053 549 0.38499719591293801724 0.38501561690061197885 0.45193060851345800977
1055 551 0.38499579857896798485 0.38501626876758399121 0.4519288365081530201
1053 549 0.38498801289660000702 0.38501184838736901561 0.45192674140720601184
1052 548 0.38498752195760799211 0.38500700651089497795 0.45192551691711602135
1057 553 0.38498552085748999341 0.38500168467541800998 0.45192416868612600434
1092 588 0.3849903167116839886 0.38499263576792902564 0.45192663387577597378
1071 567 0.38497929524797197542 0.3849893044816339871 0.45192572623704102552
1066 562 0.38497441059870901592 0.38498380538871401768 0.45192526294476698112
1052 548 0.38497614764965598644 0.38498987262258399511 0.45192168130028897988
1039 535 0.38496873993283198256 0.38499323275457397742 0.45191985371035398034
1028 524 0.3849692771929010271 0.38499303457637301662 0.45191038215446799331
1039 535 0.384974680071325015 0.38499224165625201 0.45190440703237000353
1057 553 0.38497911964910902505 0.38498109493652199475 0.45190588792675701058
1050 546 0.38497724843552899587 0.38498288977071498662 0.45190304278120502213
1049 545 0.38498294368456598136 0.38498937230073998483 0.45190272342353399182
1060 556 0.38498785564194398789 0.38498839703984999439 0.45189886176887500424
1043 539 0.38497463054580199904 0.38498453379747399339 0.45188616784190699383
1042 538 0.38497462356898198843 0.38497958966721701479 0.45188683224304299069
1041 537 0.38497323506745900756 0.38497867927933498988 0.45188580710261699869
1026 522 0.38496554522792797437 0.38497818736336997247 0.45188861102613597787
1032 528 0.38497645988475298617 0.38498352271055097384 0.45188518374088698648
1041 537 0.38498058742415802724 0.38498363134255397799 0.45188583639352197796
1062 558 0.3849850173066209913 0.38497407344045597721 0.45189243894437597371
1069 565 0.38499184339284797662 0.38496853254365298591 0.45189456381209097691
1064 560 0.38497785449347199371 0.38496684839207101492 0.45189640702104599823
1068 564 0.38497790547457400034 0.3849634797262659891 0.45190579668027197613
1048 544 0.38497441832342799151 0.38496808667474502474 0.45190795531700000964
1038 534 0.38497219453896802666 0.38497216055583299843 0.45190665042613298308
1035 531 0.38497050206062199962 0.38497971127037600159 0.45190895798762797941
1022 518 0.38497211577376000413 0.38498365686880497982 0.45190140823102598056
1032 528 0.38496905283260401953 0.38497669418326302404 0.45189585801196102688
1027 523 0.38497042498146200051 0.38497716254315300644 0.45189606563782297455
1027 523 0.38498377312076498269 0.38497972338996200303 0.45190021926263201912
1044 540 0.38499310035624001447 0.38497251687718098134 0.45189976314259699963
1056 552 0.38499296173003300092 0.38497083170694701426 0.45189414610242900627
1050 546 0.38498528823666999799 0.38496812707085598104 0.4518990873778079842
1056 552 0.38498359564200601568 0.38496476189037198701 0.45190173312102599468
1058 554 0.38497862154426898407 0.38495673051441897661 0.45188939002199002282
1047 543 0.38497532483558200012 0.38495810105842098725 0.4518956832613930108
1048 544 0.38497955871039502007 0.38497055216221798268 0.45189681795593000802
1025 521 0.38497333293923302611 0.38497712489466201502 0.45190295759878601478
1018 514 0.3849701522921700203 0.38497489333038897863 0.45190329388049599313
1007 503 0.38497833503323697357 0.3849832552739390068 0.4519126772505249745
1005 501 0.38499302823244502259 0.38498425038245798202 0.4519117563630850043
1010 506 0.38500854302548498387 0.38499559599419397316 0.45191527351015098324
1029 525 0.38502309640048298922 0.38499300481860299072 0.45191504336490301297
1037 533 0.38502283147530802498 0.38500148816316698275 0.45192025770405902518
1029 525 0.38502466265876700291 0.38500834449528598125 0.45191550195883201102
1029 525 0.38502045937931600461 0.38501490710026597952 0.45191365206230998952
1035 531 0.38502545593323800333 0.38501285768289500444 0.45191572137752800131
1033 529 0.38502991132070202296 0.38501169796317602501 0.45191567796181597583
1031 527 0.38503723512310200627 0.3850068356119599744 0.45191403050745598824
1036 532 0.38503369605054399427 0.38499762487978100856 0.45191148114412599268
1035 531 0.38503254216496701767 0.38499665530007998182 0.45190998433585499727
1037 533 0.38502184682158402396 0.38499067765610400782 0.45190849935733801157
1022 518 0.38501908766657300109 0.3849956752602520238 0.45190175158915701914
1022 518 0.38502258621862101018 0.3849985845523229977 0.45189986996333297853
1026 522 0.38501821652340201263 0.38499409888104801913 0.45189887593843197644
1037 533 0.38501831757140397849 0.38498299019076298588 0.45189237231709500353
1050 546 0.38501555716939700469 0.3849710525639660208 0.45190171591557598552
1052 548 0.38500689823867700889 0.38497068971366699142 0.45189877437692499429
1047 543 0.3850025311592830124 0.38497348101799999665 0.45189324987968998437
1057 553 0.3850082344270380208 0.38497323787927700822 0.45189615210236100395
1070 566 0.38500797349412002601 0.3849730530245950022 0.45189989390504597955
1055 551 0.38500552359644601985 0.38497447164049397594 0.45190988581881902375
1052 548 0.38499937736503697661 0.38497303256966797225 0.45191211309963502663
1061 557 0.38499721996000102475 0.38496331515188297878 0.45191542564717501751
1073 569 0.38499773852707802613 0.38495693711736800324 0.45191761382847400741
1080 576 0.38498963034849797982 0.38495473187310602636 0.45192711118724399055
1056 552 0.38497374288477798077 0.38495680658014197473 0.45193073129110000741
1069 565 0.38496909287560998614 0.38494448161540101294 0.45193342829569899122
1052 548 0.38496468759578600372 0.38495500964739698402 0.45193099591518598457
1050 546 0.38496069402170302043 0.3849605968004349843 0.45193219448280297357
1037 533 0.38495023386847199154 0.38495600876007002311 0.45193645716210900654
1023 519 0.38494820909044302759 0.38496152850261800005 0.45193873873717199663
1044 540 0.38495236051439302161 0.38494707412374801203 0.45195053653881200884
1044 540 0.38494535025662801608 0.38494392370256197422 0.45195031942240199152
1049 545 0.38495021420516700728 0.38493987583501798611 0.45195498744036299854
1063 559 0.38495910780065900614 0.38493767149865298904 0.45195862219072502342
1067 563 0.38496342786856901919 0.38494545111959799222 0.45195420005199699043
1061 557 0.38495446237814701096 0.38494378604777301778 0.45195491735744497408
1057 553 0.38496050801375397699 0.38494579668614198331 0.45195439205396198412
1057 553 0.3849498853704870216 0.38494556275456398575 0.45195586528172299046
1071 567 0.38495426533168397576 0.3849436015820529855 0.45195296338593099472
1046 542 0.38493896340240302267 0.38494905515960398112 0.45194895815245000881
1058 554 0.38494073923384397595 0.38493979434719000077 0.45194746327916202056
1060 556 0.38493759623583601037 0.38493095016460698865 0.45195117890773300884
1035 531 0.3849313127358430231 0.38494541916463498321 0.45194705019056402584
1034 530 0.3849350477350559907 0.38493805768098199316 0.45194632697721098813
1037 533 0.38493326374072200924 0.38494374887260002227 0.45194751874863198227
1025 521 0.38493592777885399236 0.38494290601421998765 0.4519491101514179765
1040 536 0.38493994956457200374 0.38493596854479100733 0.45194900894994000096
1050 546 0.38493840382319099991 0.38493264949441102774 0.45194421466351197836
1032 528 0.38493568392245397503 0.38493874961082402697 0.4519456128938649786
1050 546 0.38493680085799697466 0.38493549248877700908 0.45194397330549701541
1055 551 0.38493265708447399476 0.3849316439323329786 0.45195144132578801699
1037 533 0.38492526596246701143 0.38493720951144100306 0.45195433882317298524
1021 517 0.38492372470303098941 0.38495449242947299417 0.45195458434661600622
1024 520 0.38492969511851599096 0.38495223236168202297 0.45195768395983199062
1028 524 0.38492957757271001329 0.38494488843050500559 0.45195811343613201405
1011 507 0.38493099646982698037 0.38494724206025099367 0.45196131108157400202
1051 547 0.38493423386999098268 0.38494014671694198881 0.45196619229030099429
1059 555 0.38492997112815202643 0.38494245239185798102 0.45196715592619002289
1068 564 0.38493203477996301709 0.38494085311975900776 0.45197263975208301634
1098 594 0.38493828543942798515 0.38493559227185297766 0.45198069918579397708
1072 568 0.38492558949375299537 0.38494078744144799575 0.45197900863513101877
1063 559 0.38491838798401001309 0.38494048784954698617 0.4519861962687959922
1084 580 0.38492293011288197802 0.38493422431977097897 0.45198577822660301884
1082 578 0.38491703147835099053 0.38493339916472701923 0.45198346317707499553
1074 570 0.38490765114824698756 0.3849333966952960262 0.45198568395251698115
1070 566 0.38490240287981897227 0.38493593458412900254 0.451980552386318013
1072 568 0.38489869251458602717 0.38492831521934800509 0.45198696578655100931
1048 544 0.38488985892839699954 0.38492665732622299846 0.45198968936946198882
1037 533 0.38488697913484498647 0.38493043393514897454 0.45199374613237397469
1027 523 0.38488515595824301929 0.3849430597991870262 0.45200488960986501263
1031 527 0.38489211663674399722 0.38494252282992297287 0.45200425862304099978
1021 517 0.38488835658474501722 0.38494139907708602166 0.45200023756455798285
1035 531 0.38489884481546399186 0.38494558376881299333 0.45200500782647101694
1036 532 0.38489660757696797511 0.38494846814560101933 0.45200425617630002328
1053 549 0.38489908154341001545 0.38494616734948100545 0.45200797460852598642
1037 533 0.38489873623031201078 0.38494981330304800515 0.45200724407381498438
1027 523 0.38489626924218600657 0.38496059536245097465 0.45201084557743698156
1051 547 0.38490010119500300823 0.38494486138736000447 0.45201117410358498949
1043 539 0.38490116708991800598 0.38494467724728098634 0.45201670208751099089
1062 558 0.38490587677550702761 0.38493867024288902501 0.45201333975538199317
1069 565 0.38490882209461901864 0.3849353714835589968 0.45201223705724197233
1051 547 0.38490371636310899417 0.38493460341140900427 0.4520058648916269739
1065 561 0.38490601219313197445 0.38492912983372701285 0.45200444446466397919
1055 551 0.38490396215761002452 0.38492824485376697652 0.45200504606427899246
1061 557 0.38490455343015200773 0.38492689291415399522 0.45199966824741399929
1066 562 0.38490578718896301114 0.38493224741573300873 0.45199862127137602208
1040 536 0.38489257250953901046 0.38493888906273199257 0.45200214870685900825
1035 531 0.38489052371008902753 0.38493800285229301528 0.45200193896816298622
1040 536 0.38489639985162399372 0.38494446817733102284 0.45199600058950401005
1039 535 0.38489863918604200199 0.3849439361231800083 0.45199904082068897981
1025 521 0.38490657025952701442 0.38495991663976197872 0.45199988852481098878
1032 528 0.38490534370333701064 0.38495009818411501934 0.45200146263209201036
1029 525 0.38489754356228400578 0.38494839283121201623 0.45199883836595400322
1045 541 0.38490077113579002077 0.38494380649860698851 0.45199677366167601011
1051 547 0.38489971903765002326 0.38493669552602699513 0.45199676358227197648
1062 558 0.38488570019416401546 0.38493364594656798161 0.45199796025687799528
1059 555 0.38487122386456101841 0.38492848067670798473 0.45199899481105498822
1065 561 0.38487486522599301253 0.38493517313329200791 0.45199251360979997294
1063 559 0.38487399183151599358 0.38493845448531699427 0.4519857313083829875
1054 550 0.38487464724872499922 0.38494302690644199849 0.45198508158917399813
1047 543 0.38487085095627299181 0.38494073512058102349 0.45198620169843800598
1038 534 0.38487549158049400022 0.38494489384689101197 0.45199082324830902602
1030 526 0.38486290946902901311 0.38494630212551700366 0.45199052795185401532
1044 540 0.38487111242328397864 0.38495644347682100861 0.45199017479704001188
1042 538 0.38487241359076301839 0.38495485542277002589 0.45199722359802502192
1043 539 0.38488150036110302388 0.38495526008237601623 0.45200064561497399485
1046 542 0.38487846511690598783 0.38495256070121597336 0.45200016593974601253
1038 534 0.38487800537369198928 0.38495993712970999479 0.45200023896836699633
1041 537 0.38488339643358299158 0.38496332881306499774 0.45200256879069300453
1029 525 0.3848863871349360033 0.38497602906018901781 0.45200309473383498693
1047 543 0.3849029411806489942 0.38497625069133301068 0.45200312001665299277
1054 550 0.38489762200936100678 0.38497437161733899513 0.45200235895940699127
1047 543 0.38489412254538601932 0.38497354336310501965 0.45198799614350998466
1049 545 0.38489231587314598482 0.38497224759813697403 0.4519851660343500166
1054 550 0.38489547137538399069 0.38498593415222398528 0.45199142082333199077
1078 574 0.38490288943482897643 0.38498065611036902389 0.45198949070160698849
1051 547 0.38489074813582102585 0.38498608400653999695 0.45198895180815101824
1027 523 0.3848852682258879776 0.38498682421336000159 0.45199380771071701046
1042 538 0.38489082233659799304 0.38498213787660401364 0.45199212899798402177
1032 528 0.38489316448443999796 0.38499498916125302062 0.45198835529101100139
1048 544 0.38489392564600100055 0.38499118039816199177 0.45199397832270199471
1039 535 0.38489445735143701377 0.38500233173146297672 0.45199648577499801361
1033 529 0.38489534354589299836 0.3849937238443140175 0.45199204252972102758
1038 534 0.38489248999481001645 0.3849864669414639895 0.45199337936501099433
1027 523 0.38488917393272598089 0.38499206381106698682 0.45198240258080402132
1040 536 0.38490043195516498997 0.38499315821679197525 0.45198125757468998742
1060 556 0.38490503983735702143 0.38498812863386699945 0.45198609146388402102
1049 545 0.38489624254719601026 0.38498794122236701387 0.45198171656257901674
1056 552 0.3848993344511270065 0.38499213417833300088 0.45197807562089598044
1061 557 0.38490277949210000008 0.38498856369718298387 0.45197747819931199942
1052 548 0.38490284571901400845 0.38498872512788701039 0.45197718708948497746
1032 528 0.38490186339888998734 0.38500113713866701559 0.45197205547676699844
1044 540 0.38490967088471100821 0.38500042445307297578 0.45197300005511897858
1064 560 0.38491374841132197648 0.38499225135145898058 0.45197201475425402561
1058 554 0.38490664547953401531 0.38499316962115498475 0.45197430634457802512
1055 551 0.38490623990480998806 0.38499297781505897875 0.45197491206678297448
1058 554 0.38490997328366399755 0.38499005557638599218 0.45196794078564300756
1043 539 0.38490479852893899615 0.38498776328593198315 0.45197407724220101111
1036 532 0.38490061578262402264 0.38498856805385500701 0.45197564226892000816
1050 546 0.38491138015596998434 0.38498494452379999897 0.45197101018438701203
1068 564 0.38491841838899798489 0.38497748158501099436 0.4519731861757659841
1065 561 0.38492836290757298512 0.38498387205360601326 0.45197371455428697606
1062 558 0.38492929088364702395 0.38498909874345399462 0.45197162245556998794
1052 548 0.38491719960750098162 0.38499298843781698531 0.45197444401429298644
1051 547 0.38491051973672502085 0.38498733315658900667 0.45197355867761201953
1056 552 0.38491296084133802546 0.38498248924828898376 0.45197282303791397329
1044 540 0.38491557772829598782 0.38499038455694500893 0.4519711466551349921
1055 551 0.38491348206358000361 0.38498781294255302043 0.45196923184967602305
1039 535 0.38490576005102700163 0.38499186558118198009 0.4519704470694559939
1049 545 0.38490332277472999456 0.38498941543881398664 0.45197234012657699909
1039 535 0.38490135048047202648 0.38499439531292201089 0.45197066924911599717
1008 504 0.38490426287742002254 0.38500180867576599963 0.45196940840561200536
1009 505 0.38491244740028002225 0.38500777698888200007 0.45196376560054202232
999 495 0.38491546483754601748 0.38500990034703297393 0.45196109977134901747
1006 502 0.38491105370368899896 0.3850120949326680253 0.45196000117653201134
1010 506 0.3849246216003709975 0.38502758136662801336 0.45196797425011897564
1014 510 0.38492972212083398365 0.3850287794912379824 0.45197640856416598787
1027 523 0.38494461797600199038 0.38502777063231302668 0.45197179185906199983
1025 521 0.38494079044965101577 0.38502862547174099284 0.4519749313172169991
1036 532 0.38494385254854301959 0.38502947594766800954 0.45197704136884697679
1043 539 0.38494060316166800462 0.38502237980578901677 0.45197439799868499577
1031 527 0.3849371817964710174 0.38502798349227601582 0.45196778266236997679
1034 530 0.38493915009563900442 0.3850215835576210055 0.45197247791049499632
1050 546 0.38493909308227697297 0.3850132275229040113 0.45196783749454000345
1051 547 0.38493341358785299056 0.38501489379946002289 0.45196352195464101209
1045 541 0.38494035766565198875 0.38501678125291100008 0.45196683310815899404
1032 528 0.38493948854611897969 0.38502104779590401451 0.45196119491818698144
1046 542 0.38494069945437997537 0.38502040051079600147 0.45196276463850199034
1044 540 0.38493618780866900586 0.38501070824976801887 0.45196256549704499905
1039 535 0.38493086944432802765 0.38500275839512898557 0.45196012064578200418
1048 544 0.38493549322886699837 0.3850040785363729734 0.45196188505187301354
1030 526 0.38493566959647501635 0.38500996491748201711 0.45196313905242702091
1019 515 0.38493954586303702481 0.38501139216006902144 0.45196552014440100065
1032 528 0.38494266005915800388 0.38501079972054197409 0.45196678773331300238
1034 530 0.38493525883294998913 0.38500650419924298262 0.45196477099665599564
1042 538 0.38493583414085902339 0.38499786869478802576 0.45196852345885402125
1013 509 0.38493277178412999007 0.38501166911545098293 0.45197340128845198137
1003 499 0.38493450617454300078 0.38500817607387199937 0.45197735657740700788
1019 515 0.38494102849635097874 0.38499862130701201224 0.45198029225207797532
1005 501 0.38494113763035997522 0.38501183872858002477 0.45198959762085699765
1019 515 0.38494148219080798201 0.38500339101153902011 0.45198808343380697528
1032 528 0.38494217500554300804 0.38499488996308800504 0.4519819441211639921
1037 533 0.38495140206931299787 0.38500441090873399608 0.45198009290261897952
1038 534 0.38494476121897597265 0.38500682729357299516 0.45198102691113001272
1015 511 0.38493663313758902378 0.38500987318315399444 0.45198331223908400078
1023 519 0.38493726358111002295 0.38499813157577500444 0.45199098794063402584
1025 521 0.38493910718485402356 0.3849978880934359915 0.4519882066496159756
1048 544 0.38495149231617498131 0.38499533443517802711 0.45198383413442400069
1047 543 0.38494428094032501209 0.38499665143974198811 0.45198475599456899854
1045 541 0.38494168503373898949 0.38499814043856800394 0.45198443072430999345
1060 556 0.384942426660907 0.38499570802551602577 0.45197877885105197659
1049 545 0.38493661201011497575 0.38499004228159899865 0.45198356476496998058
1031 527 0.38492509328224699949 0.38498852672995698132 0.4519794997300409789
1030 526 0.38492405901627702036 0.38498390227901702065 0.45197528812039799995
1037 533 0.38492791533577297436 0.38498452696534102291 0.45197077570724097928
1038 534 0.38492641778153302567 0.38498255631905797802 0.45197390825959599114
1043 539 0.38492745558224400471 0.38497638167896397476 0.45196552299560099897
1046 542 0.38492917838522899832 0.38498392150521298927 0.45196122002188698907
1063 559 0.38493245526646702181 0.38498426472364799533 0.45196068017505097725
1071 567 0.38493055451703300784 0.38497636418584102458 0.45195710640216002485
1049 545 0.38492567097888197303 0.38498015138051000505 0.45195491771849899409
1054 550 0.38492595767038101373 0.38497726344300997603 0.45195604757072899149
1055 551 0.38492658814921998367 0.3849745451713729727 0.45195739645661198169
1069 565 0.38493285038668501041 0.38496947197405700924 0.45195040171633299453
1060 556 0.3849235985598110088 0.38496347756097498705 0.4519485934326750165
1076 572 0.38492876556824401346 0.38496214969940700801 0.45194354235613798387
1091 587 0.38492813000623699038 0.38495604986965598071 0.45193899951357802136
1064 560 0.38491394978553000739 0.38495857281507900316 0.45194180412569801009
1075 571 0.38491383266800099916 0.38495856900529401567 0.45194635597927002024
1077 573 0.38491652832412398544 0.38496494145425702582 0.45195469983078201404
1061 557 0.38491682500435697722 0.38496481742451699182 0.45195436700435398514
1070 566 0.38490661451580199248 0.38495505169884597363 0.4519525418693299823
1063 559 0.38490495685929998482 0.38495343633333400923 0.45194896371464898799
1046 542 0.38490455747175700285 0.38496543013364797892 0.45195340239759201895
1015 511 0.3848967065206990168 0.38497322511399600931 0.4519479754299389751
1031 527 0.38490100854687497867 0.38497275975952399696 0.45194927213361901774
1016 512 0.38490353454523301702 0.3849856046885780092 0.45195124224164501259
1008 504 0.3849038273128009835 0.3849898404606370006 0.45195099671378902162
1010 506 0.38491099268932998934 0.38499292252636302392 0.45195017833890099856
1005 501 0.3849117421218199997 0.38499451578983800992 0.45194518665757699161
1029 525 0.38491242648814999461 0.38498934658532701913 0.4519507125667859837
999 495 0.38491466143722502524 0.38501077431160701803 0.45194914985952300279
995 491 0.38492182527986601448 0.38501459907294399709 0.4519536845380229817
1013 509 0.38492456851614798019 0.38501166074287102026 0.45195696151432401821
1035 531 0.38493596206431501816 0.38500207470551101041 0.45195840802284298343
1041 537 0.3849454062298829915 0.38499902057070201078 0.45195967519836699466
1058 554 0.38494625735302101521 0.38500010425667402503 0.45195391898114700702
1052 548 0.38494287970724799797 0.38499860024035298389 0.45195643488614600791
1050 546 0.38494064184254900285 0.38500414268680999141 0.45195146498399901835
1071 567 0.38493331638430999808 0.38499950503458801876 0.451951444981645023
1069 565 0.3849283944888879927 0.38499662521896299561 0.45195470741832100003
1062 558 0.38492473663179999077 0.38499844497952800948 0.4519555055802200183
1040 536 0.38492228002342898652 0.38500861419960502596 0.45195453116284300954
1024 520 0.38491571226708198861 0.38501191861841799202 0.45194766879079600885
1034 530 0.38492205544840601972 0.38501396519232600202 0.4519459030119160059
1040 536 0.38493011126329501614 0.38500953873530702198 0.45193752725402802639
1041 537 0.38493028338747897754 0.38500637779724800058 0.45193417150819398254
1059 555 0.3849342786984120135 0.38499555571381699481 0.45193053146221501271
1080 576 0.38494198321993300382 0.38499280343504299617 0.45192340531670499582
1063 559 0.38492896776549001547 0.38499239240876498291 0.45192329818955101484
1060 556 0.38493113591401401097 0.38499535013594199384 0.45192611342137800623
1056 552 0.38493084539409300193 0.38500173408787702334 0.45192523170289600198
1060 556 0.38492679121228701167 0.3849946910799860178 0.45192670801077400311
1044 540 0.38492313874737998924 0.38500146987615502248 0.45192990628711798839
1040 536 0.38492148801349701515 0.38499534258849299473 0.45192324450547100012
1043 539 0.38492519370451300231 0.38499595568290700953 0.45191998255960197373
1046 542 0.38491504486524402706 0.3849869826538879769 0.45192359730806397344
1041 537 0.38492149048396001598 0.3849871372997640262 0.45192307335928899592
1039 535 0.38492075250277402176 0.38498815564799399036 0.45191812445096302131
1056 552 0.38492559300050199766 0.38498352331178098407 0.45191775843291998038
1052 548 0.38492035576445299272 0.38497638311299198222 0.45191415154217001726
1045 541 0.38492844699333400582 0.38497910449502797947 0.45191056017824698943
1067 563 0.38493680799283397365 0.38498342888621900348 0.4519073189117300271
1062 558 0.38493782993474401355 0.38498900401873098476 0.4519075389741339932
1060 556 0.38493218900478098909 0.38498710958307297281 0.45190534936909598773
1061 557 0.3849330938399689872 0.38498926005452599464 0.45190359105823202368
1044 540 0.38493042370025898347 0.38498776256761302328 0.45190267683818402533
1052 548 0.38492768970884699842 0.38498479198907697985 0.45190421017101001233
1035 531 0.38492928764118999885 0.38498956220453300903 0.45190552611618700629
1053 549 0.38492780150319499954 0.38498414260891300476 0.45190236102352698833
1072 568 0.38492194007505897702 0.38497331913482701893 0.45190223680759200597
1056 552 0.38491398134688398214 0.38497490021094599166 0.45189938273094298893
1076 572 0.38491676782365097376 0.38496601678863501261 0.45190126006533298808
1057 553 0.38490500531823601538 0.38496771325824702403 0.45190395016939199913
1034 530 0.38489330573106600442 0.38497669593172600955 0.45190626648699100398
1023 519 0.38489200930089401131 0.38497640086560802608 0.4519075448132189865
1030 526 0.38490189925957701833 0.38497485312481699582 0.45190833605075197976
1023 519 0.38490587764582301356 0.38498399604436300825 0.45190425567644998406
1027 523 0.38491127491904997271 0.38498216296548098958 0.45190507202057900171
1036 532 0.38490974239068698193 0.38498164520135197408 0.45190835129991702157
1021 517 0.38490878400283201621 0.38498265331493797259 0.4519121296832819823
1043 539 0.38491054535770097278 0.38497071493055901037 0.45191245458775397559
1054 550 0.38490856019334801497 0.38496315214690302042 0.45190769967441601906
1054 550 0.38490754408936600495 0.38496155677498800074 0.45191246208752799962
1043 539 0.38489983501168101299 0.38495541256450099832 0.45191453833632799775
1036 532 0.38489252645717997314 0.38495211472954699028 0.4519110088561780203
1052 548 0.38490165589483599229 0.3849548348442110024 0.45190404586459198555
1055 551 0.38490421455910300841 0.38495034692942897703 0.45190834123897799524
1066 562 0.38490495428170901082 0.38494722471526199303 0.45190947431631200981
1061 557 0.38489934838445200027 0.38494188507359700102 0.45191182197551599264
1059 555 0.38489119100751101321 0.38493915723246702187 0.45191679691613101388
1065 561 0.38489414148406198013 0.38493938203332800363 0.45190948161068500433
1072 568 0.38489301575051299009 0.38493053462259302355 0.45190866623492997878
1086 582 0.38488735544515401132 0.38492418766150399145 0.4519018789788020185
1063 559 0.38487853407890298962 0.38492917454631497831 0.45189896295701598161
1065 561 0.38488086278168698318 0.38492662115509801435 0.45190027664928800188
1067 563 0.3848714189772329819 0.38492560605463199686 0.45190177755323601705
1060 556 0.38487137002059601532 0.38493551935716302514 0.45190560543585400755
1043 539 0.38486634818341597386 0.3849404451208099931 0.4519090854249879774
1047 543 0.38487116338880000832 0.38494627454935498312 0.45191300599870998234
1045 541 0.3848638199502509849 0.38494831142787000466 0.45191408970323199146
1017 513 0.38485620115275398501 0.38495447271093602426 0.45191219666401299948
1029 525 0.3848638409894459822 0.38496431987023799204 0.45190523990116698849
1032 528 0.38486492442718400753 0.38496402861794598582 0.45190491449990999318
1045 541 0.38487165852354798812 0.38496034357839198359 0.45189774958088202439
1046 542 0.38486794035092197763 0.38495502020110600183 0.45190425005879397702
1039 535 0.38485953107247899974 0.38495370948908802511 0.45190335972551098909
1046 542 0.38486676943376302296 0.38495749211148500013 0.45190073624846599509
1046 542 0.38487039832752301116 0.38494244072461297757 0.45189767592464197277
1062 558 0.38487447248918599252 0.38494210479884699572 0.45189345230846200696
1052 548 0.38487888301032402438 0.38495639903212902633 0.45189778085730797352
1050 546 0.38487900415883502525 0.38495599594266299848 0.45189569311922500594
1053 549 0.38487957890910401426 0.38494870160549099491 0.45189214930548798899
1062 558 0.38488471936728901879 0.38494751069470201088 0.45189046546876998622
1056 552 0.38488669862590801918 0.38495671035363199231 0.45188561193067400268
1060 556 0.38488727172477799066 0.38494981608499101444 0.4518836092369959978
1094 590 0.38490041142825598408 0.38493829461385997703 0.45188824474189898117
1092 588 0.38490238662546899517 0.38494116749427198521 0.45188134983732297645
1079 575 0.38489478480747102429 0.38494280257103502541 0.45187346077150097878
1049 545 0.3848825668650059928 0.38494268181043300725 0.45187401594405701699
1053 549 0.38488426507360001816 0.3849456720582399849 0.45188635076414201963
1054 550 0.38487953889111298222 0.38494301729026397796 0.4518846949799639745
1057 553 0.38487047754832998114 0.38493483724491800446 0.45187757106496301285
1043 539 0.38486271972427898991 0.38493534359541398127 0.45187258388952800114
1040 536 0.38486566233555602468 0.38493398893767200031 0.45186664133402199006
1054 550 0.38487333103068899209 0.38492124827733298353 0.45186051405914601231
1036 532 0.38486580046015700374 0.38492547403116600391 0.45186081063262001356
1051 547 0.3848640085192079896 0.38491493948490301813 0.4518551013731140209
1062 558 0.38486030022553102681 0.38491330774733001352 0.45185815198090001354
1065 561 0.38486503480114597764 0.38491978672229099079 0.45185455566869098254
1048 544 0.38485739849446398697 0.38492231938166898697 0.45185707160152999151
1022 518 0.38485707812254899007 0.38492918336197901041 0.45185441925850600153
1038 534 0.38486332520739102714 0.38493160305896201301 0.45184678292525398691
1052 548 0.3848618169382119758 0.3849187133995359833 0.45185479467458700142
1047 543 0.38486081852179798712 0.38491573046005300718 0.45185555203926497381
1056 552 0.3848549293632310131 0.38491084217864002248 0.45184675048986000512
1044 540 0.38485999747326998799 0.38491792540665598077 0.45184865357687198362
1030 526 0.38485815470778300673 0.3849229262442639965 0.45185373747775298137
1014 510 0.38485934743370997513 0.38492539352975702061 0.45185656914273097939
1025 521 0.38486065022810700409 0.38491752398779199851 0.45185360428921800269
1037 533 0.3848622909333799802 0.38491432712284001649 0.45185747857132102512
1016 512 0.38485775879335898386 0.38491724687433798158 0.45186221383947100527
1010 506 0.38485950987071698703 0.3849216838874109925 0.45185662513247198957
1017 513 0.38487068563132698085 0.38492550215200899144 0.45185774575111997686
1025 521 0.3848723785577419787 0.38492415726208101256 0.45185042796441898805
1020 516 0.38487205170683902455 0.38493084100116697899 0.45185255960930198471
1027 523 0.38487873071748102127 0.38493493643203302579 0.45185396394550297883
1037 533 0.38488467844752399794 0.38494032467376498863 0.4518554487777249884
1036 532 0.38488507560202800395 0.3849462145971659921 0.45185520513706900481
1059 555 0.38488816108621698442 0.38493841332510797537 0.45186101641161902087
1068 564 0.38487987274960999695 0.38493252471367800371 0.45186286351372600967
1071 567 0.38488161684096700021 0.38492898714151102535 0.45186429983823600542
1071 567 0.38486537960288397242 0.38492590808040000327 0.45186131630104497958
1074 570 0.38486046206898699706 0.38492411698142398047 0.45185370500641197644
1094 590 0.38486344158613799982 0.38490606457809001251 0.45185190039731498723
1085 581 0.38485180991825401753 0.38490489335307298546 0.45184809835346101403
1071 567 0.38484320494092000287 0.38490394245624298675 0.45184782133949702443
1056 552 0.38483913695243299191 0.38490489639002101185 0.45184953911156600093
1042 538 0.38483881688723897696 0.3849141973400119765 0.45185178447646301425
1060 556 0.38484632773838300945 0.3849105613400580217 0.45185225602730699768
1044 540 0.38483952085593897685 0.38491257925559002606 0.45185245800266499172
1039 535 0.38484261268868602546 0.3849106171471100013 0.45185062090972299975
1042 538 0.38484296172886400811 0.38490737089303700413 0.4518501686927560157
1031 527 0.38484398216911097634 0.38491778282766497821 0.45185515562513400845
1038 534 0.38484706716463701337 0.38492080520678600974 0.45185635571536597599
1045 541 0.38484389583101097365 0.38491532523111399167 0.4518579052494119952
1035 531 0.38484626003851402087 0.38491935390028098052 0.45185508115112099636
1049 545 0.38485353430816099385 0.38491784545190599331 0.45185494334320902565
1049 545 0.38485069783688302669 0.38491667211740399068 0.45184829283298899583
1032 528 0.38485065565163800727 0.38492365691071001033 0.45184936393773800223
1050 546 0.38486222420866700311 0.38492270784430898667 0.45184372257942501117
1028 524 0.38485855456450102086 0.38493108991443397704 0.45184551742745399094
1031 527 0.38485728441747302231 0.38492594938151797335 0.45184684385522400074
1043 539 0.38484976399123799196 0.38491137085953702757 0.4518465088077749936
1046 542 0.38485558044443402004 0.38490606310057501327 0.45184708749910601489
1034 530 0.38484159270770001982 0.38490271582686297336 0.45185149183502099079
1039 535 0.38484199385997097664 0.38490813610169599679 0.45184777685449400986
1029 525 0.38483487063648902371 0.38491578885472299554 0.45184695039250299953
1007 503 0.38483037374413597842 0.38492136903529200476 0.45184507162221998477
1025 521 0.38484209184089102074 0.38492868292598397817 0.45184359088836700824
1048 544 0.38485096297642001906 0.38492728860290198467 0.45184215895192997303
1071 567 0.38485453739590702593 0.38492031553266298216 0.45184321804365201736
1061 557 0.38484452657038498158 0.38491306595186297601 0.45184128229549602729
1061 557 0.38484331631066498458 0.38491239998145498902 0.45183496622113000774
1060 556 0.38483826371419099788 0.38491530594986500535 0.45182487857482700466
1061 557 0.38482191253397901587 0.3849068416141619986 0.45182161463502501508
1039 535 0.38482549734350701698 0.38490767243518497764 0.45182022304326502349
1037 533 0.38482384431716398776 0.38490605669888500184 0.45182079418603499077
1024 520 0.38482030035623498998 0.38491302241380298543 0.45181196785301197538
1055 551 0.38482476540867999182 0.38490868503967901049 0.45181071818378898408
1026 522 0.38482356216057500564 0.38492010059608899875 0.45181190729980702514
1066 562 0.38483219778404598177 0.38491036375610498954 0.45181261665512900683
1068 564 0.38482776365565202203 0.3849091968285759946 0.45180743802712397539
1064 560 0.38482461395241701618 0.38490279625787099382 0.45180563037072402066
1072 568 0.38482690855729900781 0.38490124078354498449 0.45180374278011198319
1072 568 0.38482481334199297729 0.38490052104551597534 0.45179440587122898787
1096 592 0.38482627523798501601 0.38489380058012900854 0.45178717959726699682
1073 569 0.38481918297437700538 0.3849080477635489772 0.45178267196305199604
1060 556 0.38481342755543701539 0.38490582405281198453 0.4517800196704779836
1067 563 0.38481550297590000342 0.38489893182179701903 0.45177467728609799202
1079 575 0.38480480246388598653 0.38489732944519600144 0.45177667540548499536
1090 586 0.38480370934755597778 0.38490133884353300298 0.45177660026856697462
1073 569 0.38480012177419598007 0.38491000834331901004 0.45177395276565601723
1078 574 0.38480158624228499864 0.38490561949479401571 0.45177414558645001552
1064 560 0.38479877980594801024 0.38491484641709000636 0.45176603790724101373
1037 533 0.38479514369800199569 0.38492206457901401162 0.45177457500658302347
1041 537 0.38479699529947197778 0.38492350804016700616 0.45177493055967599123
1037 533 0.38479474586285400406 0.38492245356893700636 0.45177406320337398782
1041 537 0.38479609705449802082 0.38492478411530500759 0.45177227918739598644
1024 520 0.38479567809942399892 0.38493744074844199465 0.45177260939420199604
1013 509 0.38480057918993698651 0.3849480376051019892 0.4517816132551090158
1011 507 0.38480248634176800193 0.38494692210189401793 0.45177919964467500025
1025 521 0.38480926788596697685 0.38494026162417099846 0.45177368333809397871
1030 526 0.38482197501502302117 0.38494269844995598895 0.45176978367493297872
1045 541 0.38481567599837002147 0.38494275791348997462 0.45176913956745301526
1040 536 0.38481159887576499301 0.38494086919267700431 0.4517730141472939831
1047 543 0.38480846326581802375 0.38493349387873798673 0.45176814261483899671
1034 530 0.38479913028497797489 0.38493876080663902428 0.45176358536101202112
1030 526 0.38479721636916297545 0.38493110524745099976 0.45176160910026097461
1041 537 0.3848029379142700046 0.38492583910352601295 0.45176102545744201144
1028 524 0.38480335050554997922 0.38492312079016000048 0.45176827473845099226
1031 527 0.38480901442124498812 0.38492384025359299704 0.45176662201596101687
1041 537 0.38481451076044298487 0.38492268004106799939 0.45176416855156897867
1039 535 0.3848090038816739944 0.38491554015125600818 0.45176658745475301027
1039 535 0.38480880395730798771 0.38491753689243901615 0.45176011109852598491
1036 532 0.38480550823470099919 0.3849224677371799741 0.45176157927315102603
1051 547 0.38480480894638702249 0.38491787760664297746 0.45175273099427998291
1053 549 0.38480737186825997309 0.38491621718778501471 0.45175195280202801174
1043 539 0.38480800136698800618 0.38491931384202099364 0.45175215964180798212
1065 561 0.38480829622624401765 0.38490958316351497892 0.45174867069977997502
1033 529 0.38480423122395301938 0.38491991900949801275 0.45174921507146797994
1041 537 0.38480579674336201634 0.38492014157102100169 0.45174445387129402718
1030 526 0.38480593187046902015 0.38491903539394101141 0.45174396606607297722
1039 535 0.38480749831728000565 0.38491577731390802519 0.4517480986442140023
1019 515 0.3848020016467210147 0.38491715488837202619 0.45174655886207099043
1015 511 0.38480583060408501961 0.38492384077160601841 0.45174494888865301956
1030 526 0.38480739444671802074 0.38492373482495001458 0.45174425361970899084
1020 516 0.38481011932174702395 0.38492754289001102075 0.45174544468546001807
1028 524 0.38481306284160499143 0.38491975485387097677 0.45174574509803200328
1020 516 0.38480855894568000153 0.38492317495645300696 0.45174914632923401925
1016 512 0.38481117149315502424 0.38492118439688199905 0.45174853250868801657
1033 529 0.38481697523009000816 0.3849236152504200148 0.45175309852581402303
1020 516 0.38482327752596101611 0.38493122488456099628 0.45175183669240798201
1026 522 0.38482566487953201451 0.38492322143677198953 0.45174626491331298928
1039 535 0.38482507462915499508 0.38492046706706101178 0.45174527027833799586
1039 535 0.38482525482599599931 0.38492394017258801941 0.45174744276652101238
1058 554 0.38482317901955898076 0.38491815779582200241 0.45174500340526402287
1074 570 0.38482259149499398188 0.38490884571315797658 0.45174346625291600388
1067 563 0.38481583613187597681 0.38491507682712899907 0.45173870944054100862
1057 553 0.38481216949357799351 0.38491248553933399279 0.45174795792100702618
1072 568 0.38482088064070102407 0.38492037061280298671 0.45174821020945299388
1069 565 0.3848124276385350151 0.38491376131257698523 0.45175131354760900138
1067 563 0.38480633989087598135 0.38491155799229498369 0.45174996324529798075
1069 565 0.38480141082957397547 0.38491123286153200445 0.45174406606945499698
1052 548 0.38479763799590999129 0.38491602000119901072 0.45174235987728800223
1045 541 0.38479392254229899395 0.3849115034113649858 0.45173900468015798504
1042 538 0.38478707564424202703 0.38490291758716199677 0.45173448578454400426
1048 544 0.38479638435679802688 0.38491095332380298455 0.45174010255895602484
1058 554 0.38479799967262201532 0.38490484809493502594 0.45173568851141199243
1050 546 0.38480043872462399435 0.38491161512314497894 0.45173686547828600935
1057 553 0.38480315337253101493 0.3849032567992000109 0.45173662422652599568
1066 562 0.38480756766298401805 0.3849072786854370043 0.45173458494909102257
1073 569 0.38480544338839800522 0.38490645590036398627 0.45173424213170598751
1069 565 0.38480573691506297918 0.38490986372536700744 0.45172757642309802062
1055 551 0.38480191595481699762 0.3849149200631600265 0.4517306653690760232
1044 540 0.38479541090410601667 0.38490579783092199184 0.45172792717603599266
1052 548 0.38479153725600900859 0.38490113327164598989 0.45172576582436901882
1034 530 0.38479150459916700022 0.38491420640270601616 0.45172388203991298283
1044 540 0.38479712099711099738 0.38491404325399597441 0.45172331012217897817
1056 552 0.3847987329661209932 0.38491036819776097699 0.45172021853697802429
1054 550 0.38480067445474197552 0.38491317055877899422 0.45171719692969097837
1049 545 0.3847949941285719877 0.38491844355661697374 0.45171630441044302584
1045 541 0.38479008736151099068 0.3849133429584479793 0.45171735433420800998
1046 542 0.38478654942616802304 0.38491400645583900841 0.45171586368015098634
1047 543 0.38478629788303597703 0.38491960488418902608 0.45171221345061601804
1032 528 0.38479076298216202678 0.38492541921141698591 0.4517150215300109739
1043 539 0.38478919843980402549 0.3849154384899149961 0.45171361312530500243
1023 519 0.38477723018902798557 0.38492097713922301949 0.45171203325367298431
1018 514 0.38477336969334902106 0.38491982618409098515 0.45171690858876201169
1024 520 0.38477422035678698897 0.38490321652127701402 0.45171528210895800504
1038 534 0.38477550547078698262 0.38489862034745997432 0.4517104295105809908
1018 514 0.38476907724047498816 0.38489434588430798678 0.45171668053964197931
1005 501 0.38477539952138800627 0.38489511385779900943 0.45171376918191802341
1013 509 0.38477903642204397405 0.38488920276940802312 0.45170951679440202176
1023 519 0.38477835236947999231 0.38487891544197500027 0.45170783549902998599
1025 521 0.38478811128688100718 0.38488587581530497861 0.45171775277302700369
1046 542 0.38479381882864699405 0.38488594082514798744 0.45172000493491398787
1040 536 0.38479389720839302091 0.38489027191706298714 0.45172061614618397307
1051 547 0.38479790907817101875 0.38488398311911198313 0.45171987525921197815
1045 541 0.3847966774559949954 0.38487714923909599474 0.45171970692507801282
1056 552 0.38479533326582998631 0.38486714633180801881 0.45171822154398799665
1030 526 0.38479218989285501884 0.3848745362241610124 0.45171455874030602695
1018 514 0.38478713691563698474 0.38487334272955897596 0.45171557093040898279
1014 510 0.38478787220558802185 0.38487280417778402253 0.45171982520130998795
1027 523 0.38479259402225601816 0.3848666400450870273 0.45171985051368901409
1022 518 0.38478672434221700138 0.38485774162584102109 0.4517158461874359876
1032 528 0.38479040191355501355 0.38486196078236900586 0.45171445485671601894
1027 523 0.38479386233060597355 0.38486732312681898316 0.45171777991620798431
1045 541 0.38480119771408399787 0.38486597329095001419 0.45171991109060999348
1036 532 0.38480471060042198417 0.38487477522411200903 0.45171715724147698534
1059 555 0.38481885480991900872 0.38487642250196801852 0.45171674999389899163
1042 538 0.38481805841525701384 0.38487593540736797504 0.45171447820983201549
1026 522 0.38482593023574701574 0.38488423573991997761 0.45172087621119599854
1016 512 0.38483080182652201762 0.38488937127101702229 0.45172741983206898819
1029 525 0.3848340836019250033 0.38489188732934498383 0.45172718341570400336
1025 521 0.3848368229760499859 0.38489718290056101901 0.45173430774551798228
1002 498 0.38482986519783701773 0.38490078301557201224 0.4517334984788790031
1025 521 0.3848417579224530094 0.3848933714798229988 0.45173397924869401754
1024 520 0.38483779457515698841 0.38489419472509101006 0.45173291872655402246
1018 514 0.38483470559561400171 0.38489670766964201309 0.45173100137056199088
1039 535 0.38483842043144200762 0.38489644442149900661 0.45173150555910301929
1049 545 0.38484202869502398547 0.3848902363864180054 0.45173689685927698179
1035 531 0.38483164747320197652 0.3848960199897270007 0.45173932924007897949
1022 518 0.38483052088250002676 0.384902723624921006 0.4517412019891789976
1010 506 0.38483755942360098334 0.38490680921083597621 0.4517418747241099819
1019 515 0.38484295674035601253 0.38490637358938500912 0.45173468748867601219
1013 509 0.38484161232461400193 0.38490463215231601746 0.45172987459781299702
1012 508 0.38484358411399799405 0.38490675784467798248 0.45173165622583999479
1013 509 0.38484675445066202082 0.38490077207512002344 0.45171930665592902043
1030 526 0.38485133046855601879 0.38490012428290698576 0.45171825071386401129
1030 526 0.38485161468961898157 0.38489740581272702258 0.45172391003851497526
1062 558 0.38485711500699598675 0.38488762487668898293 0.45172353601717402105
1070 566 0.38485685452092799341 0.38488551226579098552 0.45172230814924702047
1068 564 0.38485958106594297945 0.38489481977003398017 0.45171526959216101726
1042 538 0.38485443418184001052 0.38490232399669499497 0.45172343160644601312
1037 533 0.38485455505366900075 0.38490868954417900571 0.45172474428600301044
1058 554 0.38485624319860800568 0.3849094008733969785 0.45171670827222998312
1058 554 0.38484903647481899513 0.38490543913047298163 0.45171096219436202013
1046 542 0.38485094963716398597 0.38491255775426802543 0.45171521407912601509
1060 556 0.38485779719100898788 0.38491549576215899897 0.45171642509896497986
1058 554 0.38485118806233498123 0.3849173457440259738 0.45172025359890899399
1050 546 0.38484615813051398225 0.38491468521173799466 0.45172107650729698136
1042 538 0.38484161907057801155 0.38490789752248899536 0.45172378769876997406
1050 546 0.38483886723885102343 0.38490437423542400719 0.45172178887469599529
1048 544 0.38484142934833598382 0.38490507999103701353 0.45171941630362499875
1048 544 0.38484176795989000208 0.38490567900998401418 0.45171980727737298666
1044 540 0.38484189081496200657 0.3849080689180660042 0.45172161874401101089
1056 552 0.38484542639158897392 0.38490774920732001574 0.45171924626998599672
1032 528 0.38484620151517900943 0.38491240982922997338 0.45172335316499401259
1023 519 0.38484470405308301988 0.38490666317018501497 0.45172477558617002424
1018 514 0.38483870604374698088 0.38490715499886901663 0.45172920913194697379
1034 530 0.38483481771433097895 0.38490363686173800772 0.45172590696674297384
1036 532 0.38483299262135600705 0.38489523633705502448 0.45173140711444897955
1031 527 0.38483636604109200396 0.38489778725691098371 0.45173690405442401552
1026 522 0.38484477135650602131 0.38490212317607097603 0.45173842597790397901
1032 528 0.38484851681849502336 0.3849059739145049841 0.4517401973373820212
1055 551 0.38485843016135201644 0.38490078011506001499 0.45173488592972799172
1036 532 0.38486087654708800443 0.3849081969864360242 0.45173693024299998999
1029 525 0.38486499634072202092 0.38491344669192800731 0.45174254767596899729
1042 538 0.38486294630279399565 0.3849160501712030058 0.45174286584273698475
1024 520 0.38486030971673701462 0.38491685784024898265 0.45173701466474597277
1026 522 0.38486945646648201835 0.38492107871141401088 0.45173071089588401339
1033 529 0.38487681618043101395 0.38492162001909702163 0.45173280983883601358
1031 527 0.38487812004372501384 0.38492540608621000908 0.45171905152078900558
1025 521 0.38487639734558898308 0.38493194983382200691 0.45171950910599700801
1031 527 0.38488839149343001544 0.38494216445552298378 0.45171534449131500732
1048 544 0.38489563151749500713 0.38494151378940399955 0.45171200728215399334
1039 535 0.38489228829960198119 0.38494285945119399717 0.45170936254453597503
1039 535 0.38489153606572501509 0.38494371966514601136 0.45170671870941297987
1034 530 0.38489467569178897888 0.38494387720314898749 0.45170388232779901116
1036 532 0.38489646430430901614 0.38493209075886197779 0.45170174982963101629
1027 523 0.38489895111121502635 0.38493900110063100639 0.45169876877100201273
1028 524 0.38489955029190298097 0.38493294734036698213 0.45170784143042802539
1017 513 0.3848986385578829772 0.38493704761389802016 0.45170824343500998177
1021 517 0.38490484034882399555 0.38494665457794902119 0.45171175682929898265
1039 535 0.38490144461892300543 0.3849387209844600255 0.4517168179572479958
1039 535 0.38489756876897901483 0.38493375450945299665 0.45171493338608897927
1056 552 0.3848891074788799993 0.3849282026497060083 0.45171355833983201089
1067 563 0.38489115907363702362 0.38492631460812598565 0.45172261888099402016
1066 562 0.38488582850296498838 0.38492194259356699026 0.45172904351588499816
1064 560 0.38488632074685097395 0.38492167252801801069 0.45172457041623897966
1059 555 0.38488272041834298287 0.38491940836595300857 0.45172615503154200933
1065 561 0.38488105529493099599 0.38491541814383500864 0.45173085846851901426
1064 560 0.38488488628574601957 0.38491779066457199043 0.45172890607120802509
1064 560 0.3848863978277500264 0.38491956747702699149 0.45172873988468797979
1054 550 0.38487569568064999848 0.38491881722888399153 0.45172616691135597522
1073 569 0.38488442450054699551 0.38490777440064899428 0.45172053566256997748
1066 562 0.38488835549971001093 0.38491687583333500378 0.45171778643054699698
1071 567 0.38487873028632302308 0.38490912349153899585 0.45172039813163100686
1049 545 0.38487465576363599773 0.38490831466938302263 0.45172602076546902738
1065 561 0.38487213684937099378 0.38489620690714099194 0.45172718539043399399
1062 558 0.38487069242634097677 0.38489847120834397298 0.45172210141148999574
1057 553 0.38486478932263001873 0.38489174663838898738 0.45171950018461098919
1028 524 0.38485426664506600103 0.38489368383406502572 0.45172038447782597581
1023 519 0.38485267182904298044 0.3848885799712570277 0.45172558407728802266
1019 515 0.38485504999260700121 0.38488433307182401411 0.45172247635158702117
1016 512 0.38485963021929897598 0.38488428419319398177 0.45172103702404298176
1040 536 0.38486608308532899159 0.3848823044712599839 0.4517208605017000167
1035 531 0.38487130283125797758 0.38489155848575601349 0.4517208297811100004
1011 507 0.3848660494621499728 0.38489714763151400279 0.45171821023839398013
1026 522 0.38487330571841898985 0.38489419693160298319 0.45172086099242597657
1025 521 0.38487422513516900135 0.38489393025125900882 0.45171821947577700529
1021 517 0.38488088769005301959 0.38490123898128597579 0.45171506020485502342
1023 519 0.38488422374083902655 0.3849007602675350026 0.45171417504982802615
1021 517 0.38488375093154397755 0.38489791901201397817 0.45171525958265401623
1022 518 0.38488525477067297986 0.38490624502724202216 0.45171493870518997227
1026 522 0.38489308931897997512 0.38490538390662198953 0.45171657579053997589
1031 527 0.38490258586175302158 0.38490629746055798899 0.45171751379710500807
1035 531 0.38489508423337798204 0.38489680330872200198 0.45172741516310799259
1034 530 0.38489353741683102195 0.38489004685700300978 0.4517240441747489843
1023 519 0.3848973510000289755 0.38488570077883199616 0.45172255275649497719
1020 516 0.38489301833148698018 0.38487889620683801706 0.45172292673120201245
1023 519 0.38489211137995099632 0.38487831432007701959 0.45172756066418601195
1043 539 0.38489297040602299393 0.38487650406329898534 0.45173192270069401077
1034 530 0.38488424868823700731 0.38487297527204700209 0.45173701336566302045
1046 542 0.38488291325545798127 0.38487266515604801054 0.45174167605095300049
1050 546 0.38488549055220699913 0.38487567747512502203 0.45174452772261197708
1042 538 0.38487329358721800165 0.38487574274361502358 0.4517428760490340145
1044 540 0.38487533616288799321 0.38487827024229998019 0.4517405289068009977
1009 505 0.38486956727341797846 0.38489177079274500271 0.4517374651724200274
1021 517 0.38487529710179602116 0.38489236425521200502 0.45173888099692999232
979 475 0.38486659366227998769 0.38489412904357400702 0.45173712000212501438
996 492 0.38487601047973701851 0.38489841614182102036 0.4517386925164260103
1029 525 0.3848932863681330252 0.38489596015083499259 0.45173772831292502428
1034 530 0.38489168638989501581 0.38488820322460998158 0.45173559925442502427
1039 535 0.3848971997418290103 0.38488328588151698995 0.4517353982588480088
1045 541 0.38489629680545101031 0.38488088872607201241 0.45173577972962797311
1039 535 0.38489485952071800234 0.38488496178111297752 0.4517358363763239737
1034 530 0.38489043268576400569 0.38488989353208502564 0.45173033287816499737
1006 502 0.38488932152865901193 0.38489566864125301926 0.45172990896955400597
1017 513 0.38489135218636499891 0.38489861489196902644 0.45173423614269397897
1022 518 0.38489354938540498718 0.38489332834030398622 0.45173779898109900355
1034 530 0.3849005460716449778 0.38488932293448802069 0.45174403889583197858
1010 506 0.38489409799048801553 0.38488430234146397968 0.45174121650830201258
1009 505 0.38489309199659998972 0.38488051725835098482 0.45174171967753301571
1025 521 0.38489768513546601669 0.38487400908432400914 0.4517357649505879813
1022 518 0.38489507734893702029 0.3848734852867670142 0.45173611219514597792
1042 538 0.38489614932559601534 0.38486735950838202314 0.45172883872250102488
1035 531 0.38489407634462902141 0.38486240219014100639 0.45172790150895397732
1032 528 0.38489488134398802677 0.38486476061478297472 0.45172136027722198381
1030 526 0.38489776513675799663 0.38486503508311997734 0.45172344453134799513
1022 518 0.38489616895643402605 0.38486712303185599549 0.45172744059659497573
1023 519 0.38489446869920401761 0.38486740151032999835 0.45172494940772800476
1029 525 0.38489927214365299291 0.38486725344665101423 0.4517197646453909865
1047 543 0.38489778364414700684 0.38486396337856798588 0.45171096075012301396
1040 536 0.38489581746495299397 0.38487352093380500229 0.45171371397222298549
1043 539 0.38489310736314097383 0.38487140024960797557 0.45172036534782200601
1037 533 0.38489173027337897359 0.38487018273117901135 0.45171724125019901974
1043 539 0.38489971901920799757 0.38487402641636497824 0.45171726865569200582
1025 521 0.38489466746445299972 0.38487424406514497699 0.45171478348024002303
1022 518 0.38489509754110201589 0.38487702193636097459 0.45170730829408600737
1021 517 0.38489105871437900852 0.38487101041984000949 0.45170099664539498097
1033 529 0.38489617120486202539 0.38487155419671897905 0.45170090291798098425
1015 511 0.38489421051658700978 0.38487379604284499557 0.45169658061842599128
1013 509 0.38489283240180599543 0.3848698095057500046 0.45169303005050498445
1022 518 0.38489708907491798628 0.38487343913311300447 0.45169458909254900369
1045 541 0.38490623935218298834 0.38486722419336000245 0.45168806123339999559
1075 571 0.38491405669640199605 0.38486016263959499373 0.45168377676465398807
1053 549 0.38491247027389602353 0.38485969107254297539 0.45168138962603299191
1049 545 0.3849174715496280208 0.38486055225979698413 0.45167828973314400054
1071 567 0.38492241091110601658 0.38485482126104897382 0.45168185607548699823
1065 561 0.38492379445642099789 0.38486036392159800323 0.45167813309469501126
1060 556 0.38491842666658498961 0.38485819239151597415 0.45167225131380800418
1067 563 0.38491667391454897906 0.38485480331819998945 0.45167576101406498035
1071 567 0.38490530878144801896 0.38484944983488200698 0.45167884663239699083
1056 552 0.38490159816694902162 0.38484627061704101969 0.451676374725153984
1079 575 0.38490388217597198972 0.38484225121973297812 0.45166741215629802042
1097 593 0.3849046295584659938 0.38484094445975197685 0.45166987292835497625
1094 590 0.38489863846601102271 0.38483198228364901006 0.45167026397414200556
1090 586 0.38489190773341702689 0.38483093914693800031 0.45167684088907700257
1102 598 0.38488008284481800558 0.38482597089965098203 0.45167293553317799937
1080 576 0.38486969996912800962 0.38482439423539999135 0.45167140111335302155
1074 570 0.38486169895261301832 0.38482849777114702672 0.45166381773045499726
1065 561 0.38486467638901000754 0.38483291374943301433 0.45165913927847001208
1069 565 0.3848604957347219746 0.38483154978037098504 0.45165378396965000229
1064 560 0.38485992162390098015 0.38483920388625597608 0.4516644262043270075
1068 564 0.38486130959528602746 0.38483996167050299464 0.45166523970374800045
1048 544 0.38486190424682797939 0.38484293960514498467 0.45166674245258497944
1069 565 0.38486938357613897921 0.38483436621128297439 0.45166834399991601101
1061 557 0.38486441537817600578 0.38483544179924700224 0.45166602385725101998
1078 574 0.38486172202049401259 0.3848324398350059794 0.45166905784713501371
1054 550 0.38485056591698402206 0.38483754363414002242 0.45166729318374998492
1043 539 0.38484300792347098108 0.38484206147827199063 0.45166661790731799098
1057 553 0.38483979052811301269 0.38484033067202799705 0.45167180385767602413
1065 561 0.38484017548792298635 0.38483520841080498531 0.45167502340478998812
1066 562 0.38484203982895398566 0.3848377116147719823 0.45168298057795397416
1040 536 0.38483359275712897274 0.38484397194331398939 0.45167749870660400813
1049 545 0.38483683439522198277 0.38484631840540201031 0.45168183540714501589
1050 546 0.3848314046869060201 0.38483939942624001418 0.4516825553564030038
1052 548 0.38483062872980300373 0.38483353968882599849 0.45167920549045698086
1033 529 0.38482568042082598847 0.38482868466687397691 0.45167432671524399002
1055 551 0.38483779559986597274 0.38482912359375798239 0.45167045882919198974
1055 551 0.38483363885907201363 0.38482258318417000842 0.45167141274664301953
1026 522 0.38482805791533497564 0.38482873244870402507 0.4516759458916619896
1011 507 0.38482426875603997773 0.38484238913401097593 0.45167083866839502493
1017 513 0.38483316148085899844 0.38484081807635900363 0.45167386330919301329
1042 538 0.38483602619161699776 0.38483814187756198999 0.45166944432411898491
1035 531 0.38482685735435201435 0.38483482967750098913 0.45166921268071197337
1043 539 0.38483426305182100169 0.38483701105522299946 0.451670830543055013
1047 543 0.38484129820763102181 0.38483390647977300247 0.45166797584507201169
1048 544 0.38484907099480797354 0.38483122539549802221 0.45167570297575398985
1050 546 0.3848462861513620159 0.38483129484968797707 0.45167088960181900337
1040 536 0.3848400779482800127 0.38482930532022702197 0.45166925279416597627
1026 522 0.38483898655978299175 0.3848306915954209928 0.45166600195522799144
1022 518 0.38484237598190901286 0.38483788593740997364 0.45166382485121997492
1040 536 0.38484206977015900097 0.38483262450241101371 0.45166457950724397952
1049 545 0.3848413441803240076 0.38483232569836500758 0.45166489120300601368
1044 540 0.3848415695949100046 0.38483202312809999812 0.45166534671704400283
1061 557 0.38484595257312997907 0.38483346360032300026 0.45166214382616798328
1045 541 0.3848438071415860029 0.38484123099592099093 0.45165828946018699019
1061 557 0.38484797857075397909 0.38484367257196100409 0.45164918837864798107
1051 547 0.38484888731251398752 0.38485169941574398633 0.45164785639613602708
1057 553 0.38484205684407701842 0.38483626831223899378 0.45164680105485499606
1047 543 0.3848331735317029878 0.3848347550162730113 0.45164580137394499948
1059 555 0.38483592563751500837 0.38483113552761000209 0.45164334450764298534
1051 547 0.38483715291576897632 0.38483573495688799815 0.45163959672270498347
1047 543 0.38483905985235700165 0.38484459869786197261 0.45164462541258398875
1051 547 0.38483965213939502759 0.38484376957432098187 0.4516389586884729801
1050 546 0.38483151253381497892 0.38483551548584599145 0.45164096256288599474
1033 529 0.38482795397494701239 0.38484016289924399823 0.4516383320204980234
1031 527 0.38483244185424098083 0.38483996532367498178 0.45163662897635797888
1039 535 0.38483550565488200412 0.38483992737565098086 0.45163134242363700555
1050 546 0.38483893495189802625 0.38484188955498099816 0.45163556241605801178
1039 535 0.38484330912517900058 0.38485457953562501876 0.45163572410633501253
1027 523 0.38485104952830501146 0.38486263623532701583 0.45164507843267198695
1024 520 0.38484644211612900611 0.3848595472969880138 0.45164480797945899537
1024 520 0.38485302281915101386 0.38486060787475800948 0.45164536449817499486
1033 529 0.38486322624227398137 0.38485572668307399535 0.45164505050434400335
1014 510 0.38485893354842398706 0.38485258025522101066 0.451640694173440993
1016 512 0.38485316741468400537 0.38484886161151599104 0.45164043621132499151
1021 517 0.3848594778732349897 0.38485097477503998897 0.45164116937633602689
1019 515 0.3848539245804860065 0.38484573254818899013 0.45163792788617301843
1015 511 0.38485262967573097281 0.38483508170100300116 0.45163658053763899858
1027 523 0.38485038222894402127 0.38482779618272500155 0.4516412652194760069
1025 521 0.38484729867567102346 0.38482949356539097874 0.45164390131732801148
1017 513 0.3848460529874829783 0.38483370923743098757 0.45164979311063302436
1027 523 0.38485110223789098516 0.38483062886249497225 0.45165170060031900601
1023 519 0.38484728687956398785 0.38482744224001097511 0.45165159513426900162
1034 530 0.38485186341176602642 0.38482452293115598785 0.45165361137637299871
1030 526 0.38485056407665402256 0.3848301541942230064 0.45166324648056499491
1019 515 0.38484297900115599367 0.38483032870526900915 0.45166443578732801134
1025 521 0.38484938893199399645 0.38482583435455397503 0.45166556959698300755
1033 529 0.38484850961328898045 0.38482632541107197888 0.45167192282862200781
1038 534 0.3848511446142720005 0.38482162450955098576 0.45167872392512298241
1032 528 0.38485492786365099738 0.38482399781380699499 0.45168343655871101561
1039 535 0.38485724535203502672 0.38481919371229300619 0.45169003587503997466
1025 521 0.38485809783903002224 0.38482303600558798173 0.45169125211123101193
1032 528 0.38486836509207500434 0.3848309097147329938 0.45169981433658901171
1036 532 0.3848720377080649957 0.38483475058670402191 0.45169984319176198495
1028 524 0.38487010822587697234 0.38483932065446502246 0.45169888510224498468
1027 523 0.38487079700882897981 0.38483912424314398182 0.45169230852952801936
1020 516 0.38486709235168298227 0.38484359080609098491 0.45169451085334799689
1028 524 0.38487363648946298911 0.38484810543451797304 0.45169782139091302353
1020 516 0.38487762035705497254 0.38485413589464301243 0.45170081211234197616
1036 532 0.38488557815797802553 0.38484676982660398492 0.45170372455378199339
1027 523 0.38488736126119998948 0.38485834668055202146 0.45170662535392802628
1022 518 0.38488574419964199924 0.38486379743297299827 0.451710117976985015
1013 509 0.38488428411960301512 0.3848713374269219778 0.45171400427903901642
1010 506 0.38488585640946598732 0.3848775689579069792 0.45172411333022000068
1017 513 0.38489327835607900496 0.3848880889929640059 0.45173621242063299874
1022 518 0.38489469221013300482 0.3848871534617879786 0.45173473487294002471
1018 514 0.38489422536447198686 0.3848956815197370207 0.45172774769540802176
1027 523 0.38489162002198701318 0.38488878985703101065 0.45173116656568501615
1018 514 0.38489225720351599724 0.38488142426694399445 0.45173670865436799104
1011 507 0.38489116864762501491 0.3848819537156529802 0.45174102237070001831
1007 503 0.38489326007692498122 0.38488728711629699442 0.45174222707808298072
1025 521 0.38490584210314598979 0.38488426480615200997 0.45175086095247701801
1039 535 0.38491137221473498142 0.3848883995838000005 0.45174915216967498344
1055 551 0.38492081250050197427 0.38488751654142400183 0.45175466561019200773
1049 545 0.38491611817660797978 0.38489525198867902134 0.45175262807729699155
1023 519 0.38490788306230100391 0.38490151821953000333 0.45175375251966498613
1028 524 0.3849086114811269832 0.3849012066822780076 0.45175549060063302509
1040 536 0.38490584702419100571 0.38489343535734998891 0.45175328150334798094
1041 537 0.3849078307451350156 0.38489083022702902381 0.45175944513180699147
1037 533 0.38489939318216898068 0.38487831565162899938 0.45176285319897602211
1071 567 0.38490486306580501408 0.38487014012517600792 0.45176316675560501679
1062 558 0.38490090797652898313 0.38487098249808698869 0.45176197241997001486
1060 556 0.38488919096550500143 0.38487052516290398696 0.45176601103062197229
1038 534 0.38487758522170500974 0.38486886229871697385 0.45177217941384001376
1047 543 0.38487509034235101169 0.38487278382639900087 0.45176957507569398542
1051 547 0.38487421226172702227 0.38487076024078598069 0.45177114317379701847
1047 543 0.38486584413783697656 0.38486535387031201028 0.45177440112445099718
1045 541 0.38486559316126800478 0.38486567509738300874 0.45177412325800297976
1054 550 0.38486690168964798886 0.3848624558061489731 0.45177596284661097892
1022 518 0.38486602563773097962 0.38487646446114998078 0.45177700687840899318
1036 532 0.38487373143262199049 0.38488147374207298812 0.45177506868534700324
1046 542 0.38487737913117697763 0.38487601449425801192 0.45177780144670398599
1036 532 0.38487447659132101307 0.38487987385663502415 0.45178543960254602396
1039 535 0.38487682265950601268 0.38488331591753799366 0.45178277175064301963
1039 535 0.38488031243788300984 0.38488472581528698768 0.45177730335992599686
1052 548 0.38488239438163401873 0.3848811423314589808 0.45177654683113599443
1044 540 0.38486982947804498911 0.38487631496024199418 0.45178024600583099879
1028 524 0.38487077545504400078 0.38488027088559301214 0.4517828877097749829
1019 515 0.38487291591252598133 0.38488277174386498203 0.4517796447598689813
1006 502 0.38487640570762299275 0.38488724517139599746 0.45177525962139497562
995 491 0.38487573833485499986 0.38489140596687299034 0.45177338151827201029
991 487 0.38488197668861001688 0.3848956697630510071 0.45177274464171401913
1023 519 0.38489121994076097577 0.38488824842600699583 0.4517665879714899968
1025 521 0.38489246970899498868 0.38487905458113702561 0.45177180034877501003
1048 544 0.3848968316377679999 0.38487179400610599389 0.45178217825107497285
1032 528 0.38489855066574102382 0.38487392689353600028 0.45178407637645900952
1011 507 0.38489782929361998631 0.38488192568134299565 0.4517840374951930249
1010 506 0.38490463266664198816 0.38488006358081799929 0.45178587808073900067
1005 501 0.38491345087075901077 0.38488447705029599222 0.45179337648651701764
995 491 0.3849192577220290068 0.38489496114254601045 0.45179217245186298335
1000 496 0.38491853071604897885 0.38488801139280098829 0.4517928834744719957
1006 502 0.38492827511288202347 0.38489320432833401542 0.45179378733355701758
1015 511 0.38493397221459102475 0.38489336416991298817 0.45179635523088501614
1026 522 0.38494008439474597383 0.38489025838419399506 0.45179899741252599332
1043 539 0.38494427308552298106 0.38489545323115897935 0.45179117458219197889
1028 524 0.38494121575381101685 0.38490017375998897275 0.45179482706405299508
997 493 0.38494095601156602671 0.38491406168401698373 0.4517940907786899829
1016 512 0.38494731911614499253 0.38490789695208998955 0.45179613523367101457
1020 516 0.38494643045757298561 0.38491494834921402557 0.45179733144459000016
1004 500 0.38494342549691701327 0.38492142310305199615 0.45179549829690102136
1024 520 0.38495330277332401314 0.38492225377193800551 0.4518074944619980271
998 494 0.38494698572496000022 0.38492903218832802414 0.45181035010606201974
1003 499 0.38495489831502599509 0.38492970371361401316 0.4518117376526880058
1017 513 0.3849572187585439953 0.38492312867930400522 0.45180958928097997296
1026 522 0.38496160547176799804 0.38492639045458398872 0.45180536929888498454
1031 527 0.38496252930994601105 0.38492732372361798676 0.4518054121513169763
1047 543 0.38496469264873001137 0.38492442981032098936 0.4518076885969100065
1053 549 0.38496457807745099178 0.38492908802848802008 0.45181272999619498387
1043 539 0.38495775249566599463 0.38492639742674400472 0.45181285861888698108
1035 531 0.3849595589936429807 0.38493100040977301646 0.45181566287025598516
1041 537 0.38495572844245401489 0.38492753701084098106 0.45181584560846099752
1048 544 0.38495866647752702283 0.38492810652491898926 0.45180876864935898274
1036 532 0.38495323940913200866 0.38492815589007201016 0.45180840021302198783
1026 522 0.38495349225829500472 0.38492918341754400746 0.45180215207980700676
1038 534 0.38495632824385300763 0.38493042948525502123 0.45181076991905599893
1021 517 0.38495312780932200436 0.38493347632109897738 0.4518088403852290047
1049 545 0.3849645738325430111 0.38493647437631900443 0.45181323502994197305
1056 552 0.3849618361567970215 0.38492361313406697754 0.4518199869412249936
1056 552 0.38495419143942199991 0.38492268577470301061 0.45182193297311201707
1060 556 0.38495976033858197995 0.38492222207283499635 0.45182246988920699016
1049 545 0.38496300482450002134 0.38492304182687797631 0.45182784527562702692
1056 552 0.38496387557810501923 0.38491560898356097509 0.45183012433289199139
1036 532 0.3849663504775099887 0.38492040602492599843 0.45182291666651497319
1052 548 0.38496943203325600935 0.38491715682271099297 0.45183091623392701575
1053 549 0.38496824111137400992 0.3849137543763900271 0.45182778697324499362
1074 570 0.38497219864762100006 0.38491138778844602442 0.45182697201684801636
1074 570 0.38496441114279100759 0.38491031193230001994 0.45182973343194399174
1047 543 0.38495765733586700952 0.38491881853754400522 0.45182984875235998601
1037 533 0.38495806285725198137 0.38492077318484202442 0.45182945780034700078
1040 536 0.38496541669625200521 0.38493283480572298982 0.45183143093627797793
1030 526 0.38495680940362697608 0.3849332447368870036 0.451834063021189003
1035 531 0.38495891138738702608 0.3849338086526020164 0.45184168313581801746
1041 537 0.38495993513058102131 0.38493520164002398287 0.45184154607723997499
1040 536 0.38495565749823401624 0.38493133626458497787 0.45184330023843899404
1047 543 0.38495107353290197727 0.38492541629489601673 0.45185076139908997295
1057 553 0.38496218177464097687 0.38492778454469800398 0.45185298671933299408
1058 554 0.38496346167963602092 0.38492711417058900203 0.45185653920928497973
1067 563 0.38495949388555500414 0.38492330852194700519 0.45185839618929102279
1065 561 0.38495675769580300907 0.38492860927197397602 0.45185341708924098292
1081 577 0.3849643594828199844 0.38493041286734197559 0.45185655665762902711
1068 564 0.38496147866317798059 0.38492953545670899329 0.45186075232234301779
1067 563 0.38496096046319400186 0.38492608736034400474 0.4518635133413069771
1056 552 0.3849540705947039898 0.38492835201247099786 0.4518786778019949768
1040 536 0.38495406790818298415 0.38493544583654099034 0.45188483977076299158
1058 554 0.38494948597927297618 0.38492655142176701588 0.4518825335408909738
1067 563 0.38495261225066301769 0.38492341368345001085 0.45188077719027702761
1043 539 0.38494598536222701668 0.38492716173236202204 0.45187596183785699866
1048 544 0.38494177316534800015 0.38492063757097100263 0.4518782105144629746
1033 529 0.38493653495439400514 0.38492875770917100997 0.45188197651077399719
1061 557 0.38494382337276900063 0.38491761419002801237 0.4518873651373990219
1063 559 0.38493801994648801923 0.38491432951066301138 0.45189050562952398638
1060 556 0.38492508894932098151 0.38490416412426997628 0.45188663917891802591
1045 541 0.38492847517026201887 0.38490986120762699096 0.45188870413316700736
1052 548 0.38493047120085999158 0.38491027345999900833 0.45189110193062198562
1057 553 0.38493344265110601699 0.38491325360983902337 0.45188363347276500059
1055 551 0.38492821196688198349 0.38491063947846898552 0.45188393186057701501
1060 556 0.38492579909791202475 0.38491233756896597873 0.45188180053892601507
1072 568 0.38493010228631802105 0.38491044159005499692 0.45187990698685598367
1052 548 0.38491933968962499524 0.38491916648138702062 0.45188048471221597957
1040 536 0.38491631645872798062 0.38492593629562499302 0.45188192373670998947
1033 529 0.38491913664938298689 0.38493085766858697871 0.45187707489563400109
1030 526 0.38492041563472401133 0.38493670034048299566 0.45187993264148101913
1025 521 0.38491795639847897759 0.38494346670443402303 0.45187653619605400168
1039 535 0.38492630273026301468 0.38494018203183599791 0.45186998409812600963
1043 539 0.38493132179809397275 0.38493894969877201495 0.45186859762618597491
1027 523 0.38491965274203698844 0.3849351040284290093 0.45186617127082701062
1008 504 0.38492144799629501861 0.38494160418666401036 0.45185778769304602021
1008 504 0.3849265630214550038 0.38494851441750399523 0.45186515355522499648
1001 497 0.38493173186434798128 0.38495065690917401602 0.45187010202053601304
1006 502 0.3849335161376559733 0.38495423565566799784 0.45186711046981797857
1012 508 0.38493249311742600005 0.38494998432929800058 0.4518665732829790227
1043 539 0.38493918804819199364 0.38494348517695298195 0.45187099185379697719
1031 527 0.38493079858395001791 0.38494358150174101674 0.45187525162529601497
1023 519 0.38493325448322202043 0.38494367779295901588 0.45187137957118400644
1028 524 0.3849325352269190037 0.3849416790292640167 0.45187220603141498021
1025 521 0.38492956782844600649 0.38494505267989298503 0.45187663319840698506
1017 513 0.38493206999053297679 0.38494749884974399645 0.45187282946224899272
1037 533 0.38493901382248102427 0.38494396823567200716 0.45187034324213298797
1006 502 0.38493600234202102195 0.38495055373675501897 0.45187446839093597939
1005 501 0.3849413601469480195 0.38496015903141600489 0.45187316095086099699
1005 501 0.38494697446824499565 0.38496066088622299395 0.45187375016627301383
986 482 0.38495228451027702077 0.38496529737961299178 0.45187204740927200408
1006 502 0.38495804206913797341 0.38496212241923499775 0.45187249906386600662
1007 503 0.38496626059057598157 0.3849609932607079843 0.45187352285465898216
1007 503 0.38497063743340198538 0.38496895251042900776 0.45187159742723298494
1008 504 0.38497470761875901557 0.38497542896409697732 0.45187043190235498535
1028 524 0.38497709547075498193 0.38496710122444799396 0.45186653699890300118
1048 544 0.38497978752011302594 0.38495703811804699024 0.45186703084442797484
1056 552 0.38497625198979201766 0.38496454088884302092 0.45187030484037399303
1060 556 0.38497379728590197523 0.38495968798374602393 0.45187096722845998542
1031 527 0.38495722690091299656 0.38495901826859701966 0.45186400564805101476
1035 531 0.38496695568273198163 0.3849625296557550036 0.45186562143509301226
1016 512 0.38496633839622901307 0.38496914924552999571 0.45186665990679797389
1027 523 0.38496974465216099448 0.38496628742759397834 0.45186843419126998533
1018 514 0.38497014675310098353 0.3849706140429720036 0.45187626598459001981
1004 500 0.38497237642188797402 0.38498212236282697285 0.45187418422455699618
1025 521 0.38497695157024197643 0.38497508258299401041 0.45186931144976799635
1030 526 0.38498076085593002649 0.38497558351789101794 0.45186403574102501635
1032 528 0.38498920729511099115 0.38497302466763599904 0.45186097104949901615
1016 512 0.38498253005526100745 0.38497337035346301803 0.4518655002268979759
997 493 0.38498120301969901424 0.3849746826054240012 0.45187112598462098045
1011 507 0.38498658347092601373 0.38497411418593902033 0.45187444621552297352
1028 524 0.38498865562336198609 0.38497130868126799852 0.45187564073666902642
1022 518 0.38499266420549899115 0.38497419886764500108 0.45187321867339397263
1033 529 0.38499194152922899814 0.3849692571630939919 0.45187352611532299873
1017 513 0.38498938823181999558 0.38497066847278599289 0.45187581029176898673
1048 544 0.38498977356432700914 0.38497219706950802642 0.45187568143319301051
1063 559 0.38499281130713597365 0.38497194002029899718 0.45187040101208197918
1072 568 0.38498908671936699077 0.38496582842245702372 0.45187350456711700142
1075 571 0.38498541937035102301 0.38496272315013302379 0.45188249817260001118
1067 563 0.38498713552840402308 0.3849646434531989736 0.45188474725428301459
1069 565 0.38498234743730197494 0.384968964295468008 0.45188946397099699626
1064 560 0.38497456701179100236 0.38496550028851000969 0.45189206077222399127
1067 563 0.38496831077461002302 0.3849648878118619999 0.451885271316656012
1047 543 0.38496216188366000344 0.3849650790796280142 0.45187726156188001703
1039 535 0.3849624089914990277 0.38496959257726998116 0.45187487579927299031
1033 529 0.38496138616579400615 0.38497202122056400908 0.45188160509051500391
1035 531 0.38496513275385002562 0.38497571990216300497 0.45188128496075802287
1043 539 0.38496974493387697835 0.38497352890670799574 0.45187759929906101686
1035 531 0.38496826626637498103 0.38497656610405600608 0.4518783965753839782
1037 533 0.38496932313075099552 0.38497604870609902772 0.45188275824521600965
1046 542 0.38497169495388100513 0.38497502347194201278 0.45188044980533098594
1045 541 0.38497290250610799456 0.38497790713450802391 0.45188103376801497246
1028 524 0.38496949696657600803 0.38498951925753299719 0.45188294588246502581
1036 532 0.38496832576178902086 0.38499017692068698837 0.45189127578615501113
1041 537 0.38496826833487801656 0.38498783438919098598 0.45189046357932699527
1017 513 0.38497181020603199464 0.3850026304926310039 0.45188695222948399577
1026 522 0.38497980611474297286 0.38500317385796500869 0.45188888413006200739
1014 510 0.38498562958206600237 0.38499940027627799211 0.45188015767360001362
1056 552 0.3849913858989539861 0.38498991495059298185 0.45188029453420902604
1073 569 0.38499755145860298233 0.38498666194038899668 0.45187627741645902679
1067 563 0.38499166196104800397 0.38498319953759402301 0.45187655666364801021
1076 572 0.3849926108598740182 0.384982280141453026 0.45187795706750000235
1068 564 0.38498237562587600546 0.38498161454795998271 0.45187855003055898973
1063 559 0.38497811618981997439 0.3849829243672370227 0.45187926947758799701
1070 566 0.38498351918614998057 0.384982963462033978 0.45188256986004499138
1085 581 0.38497419513045399997 0.38497997439593401037 0.45187900224271898564
1077 573 0.38496477567642500839 0.38498138269493198393 0.45188067905592999018
1072 568 0.38496082747697601967 0.38497362518323902103 0.45187830172780002469
1071 567 0.3849569823004170277 0.38496410062063401991 0.45187425916564499806
1059 555 0.38494868406588500509 0.38496925655295499702 0.45186892491311897446
1054 550 0.38494231019364899549 0.38496793320400601868 0.45187320983524698059
1063 559 0.38493866767537199269 0.38495988364192601505 0.45187675084742301435
1054 550 0.38493032737602800308 0.38495896662804202082 0.4518680379849340234
1042 538 0.3849347272199409864 0.38496138593856299437 0.45187515831227598184
1059 555 0.38493800217685997245 0.3849608237717849768 0.45187393078713400385
1009 505 0.38492810591354797989 0.38497643327269298608 0.45187547683756701389
1028 524 0.38493567592270200306 0.38497506070551101853 0.45187504248347598601
1038 534 0.38494506381470700029 0.38497611257314501287 0.45187228806154500216
1027 523 0.38493895705677400043 0.38497216276596102347 0.45186927914037200438
1025 521 0.38493814704165002505 0.38496558163820998599 0.45186656076236197954
1026 522 0.38493314932756800273 0.38496320374574999335 0.45186298256370899251
1019 515 0.38493370154488598667 0.38496632488257398474 0.45185747101229301048
1018 514 0.384944999894835993 0.38497297921665002418 0.45185334632416002121
995 491 0.38494656506540997354 0.38498054009974097545 0.45185555946224698065
1000 496 0.38495644541607798583 0.38498385996195599867 0.45185212392537799087
1016 512 0.38496722730741900209 0.38498642422897200177 0.45185685524842700289
1012 508 0.38497155430998097891 0.38499059797137502592 0.45185415159268199625
1016 512 0.38497310542255902543 0.38499179632297897413 0.45185862858356801164
1049 545 0.38498181239326001446 0.38498341493070298291 0.45185537439796602532
1044 540 0.38497197809045902162 0.38498214892088200578 0.4518574685237630173
1042 538 0.38497429073576899805 0.38498047394731399473 0.45186140151413500821
1059 555 0.38497710063582302187 0.38497466745895098095 0.45186162563591497632
1057 553 0.38497452810524401823 0.3849713853623160098 0.45186081121607402089
1047 543 0.38497185495458502436 0.38497147847413598631 0.45186290301703502248
1033 529 0.38497506948386700509 0.38498210127411097714 0.45185783490058900602
1027 523 0.38497581926882301628 0.38498224178522300054 0.45185605165333897482
1053 549 0.38498114530779498077 0.38497634443782602354 0.4518635059957419875
1041 537 0.38498158985883201844 0.38498338652892399869 0.45186475243518298139
1048 544 0.38498057268850000012 0.38498232209310501162 0.45186650499240199608
1046 542 0.38497523030300101476 0.3849813071386409824 0.45186753972040200056
1074 570 0.38497612066150499466 0.38497420312364399875 0.45186817442450799565
1081 577 0.38496589843893397331 0.3849737488154350018 0.45187102293560499344
1074 570 0.38496136230525301869 0.38497680838928899361 0.45186471779571302232
1057 553 0.38496517501985799692 0.384991238380545997 0.45185833949572101753
1055 551 0.38496456643759602301 0.38499243657389897733 0.45186054417306698028
1052 548 0.38496420359506600128 0.38500133066608199783 0.45186647149106501375
1056 552 0.38496715847829499069 0.38500795988324298946 0.45187029827643399038
1052 548 0.38496283120168800496 0.38500774616098598635 0.45187070907174098355
1047 543 0.38496408392101899576 0.38500169273718598539 0.45186959299735501849
1039 535 0.38496859726597099094 0.38501017435566697866 0.45186783368902100344
1046 542 0.38497019205766497274 0.3850124725099179912 0.4518628530524029796
1023 519 0.38497224575112298783 0.38502074355376497694 0.45186684667697801787
1044 540 0.38498197536880501834 0.3850185196431110124 0.45185776897955998166
1049 545 0.38497629305258301846 0.38501685161735399454 0.45185747544952997723
1054 550 0.38497884702913598431 0.38501362344421802275 0.45185914968048401796
1056 552 0.38498972202487502514 0.38502495753342502738 0.45185788929978598638
1062 558 0.38499347618963497553 0.38502202930688600446 0.45185243906283301119
1048 544 0.38499321963152299819 0.38501884391340901459 0.45184982231579601253
1049 545 0.38499541422224298204 0.38501736931231000938 0.45184147387033102294
1057 553 0.38499986639120398202 0.38501333796064901582 0.45184170985995597558
1063 559 0.38500451588746298359 0.38501206705343099523 0.4518347950879390007
1027 523 0.38500491270476000505 0.3850173602503830228 0.45182924921167000321
1025 521 0.38500364811315301861 0.385014886133540013 0.45181659788833800073
1041 537 0.38500187583996897667 0.38501221741497698714 0.45180871294805602378
1038 534 0.3849976034923979773 0.38501441222726301428 0.45180492865175497785
1053 549 0.3849984861751120091 0.38501655753204100385 0.45179731110204601752
1045 541 0.38500003255034898064 0.38501026961628098677 0.45179991831418397918
1044 540 0.38499911802375902381 0.38500950237746101035 0.45179689448786497508
1047 543 0.38500170834460700764 0.38501264721127198554 0.45179669612631900844
1032 528 0.38499648629630600638 0.38502069856661097491 0.4517968036855239955
1044 540 0.38500318134418998195 0.38501933096661000722 0.45179710932692002112
1047 543 0.38501197863010699907 0.38501740685662499963 0.45179234506736498655
1038 534 0.38500786307684697896 0.38502089996440097552 0.45179736355643901335
1039 535 0.38501195204590299426 0.38501882653849800464 0.45179782763496101339
1063 559 0.38501533406256399639 0.38501636380531500947 0.45179549933010698659
1070 566 0.38501336502083699509 0.38501184217350398198 0.45180201744762799043
1059 555 0.3850046016095329815 0.38501172971281100166 0.45180838465090700229
1040 536 0.38499419364414599887 0.38500765910921097568 0.45181001006557902633
1029 525 0.38498563745814201598 0.38500424352958600993 0.45180951613161202118
1032 528 0.38499022301885599262 0.38500813128637900729 0.45180436839372400959
1022 518 0.3849823685334449741 0.38500776917400697519 0.45180650656260201714
1028 524 0.38498280659915801172 0.38501005938097598857 0.45180258626276798006
1026 522 0.38498289703653498783 0.38500794214041000885 0.451809577271375995
1038 534 0.3849913816327280025 0.38500938359379599518 0.45181138673162701824
1046 542 0.38499341480472298871 0.38501347225509102712 0.45180581255542501262
1038 534 0.38499350667447301833 0.38501775773704999262 0.45179615423813301867
1035 531 0.38499528900561402756 0.38502348686373399911 0.45180434627331700348
1056 552 0.38500106075886397772 0.38501987219426397902 0.4518060341902009891
1049 545 0.38499450898354597994 0.38502235595222500386 0.45179402649963001926
1043 539 0.38498836143664100229 0.38501759351806402742 0.45179331709377501536
1032 528 0.38499249715619199286 0.38501787280199900598 0.45178890241035202235
1031 527 0.3849895418511469769 0.3850135604943529799 0.4517834337671339795
1005 501 0.38499372793813801952 0.3850128830105919997 0.45178557296983201663
1019 515 0.38499252011247997451 0.38500683465557500318 0.4517815270638170233
1031 527 0.3849925601793430241 0.38500008756832099222 0.45177824617086898007
1039 535 0.38499693513476701545 0.38500077502110402472 0.45177318919892600624
1058 554 0.38500379967983899832 0.38500056739863197652 0.45177880831949801532
1059 555 0.38500329059848398261 0.38499891076553399705 0.4517813626110059877
1047 543 0.38500661905069999413 0.38500428165694899896 0.4517887663237740159
1031 527 0.38500107817838602475 0.38500735962725202155 0.45179133952633598881
1025 521 0.38500773698122697786 0.38501416906032798204 0.45179037216418099776
1034 530 0.3850106065576269776 0.38501495070938301923 0.45178956122734398315
1017 513 0.3850097506131689995 0.38501887071108498173 0.45179025271760497873
1015 511 0.38500695021447001176 0.38501436927689497436 0.45178475170803900074
1032 528 0.38501280787897401714 0.38501570443261001753 0.45179112405737198443
1025 521 0.3850153354286999785 0.38501927611898900672 0.45178561314748100219
1028 524 0.38501487038356102532 0.38501960967083398435 0.45178570041741500374
1022 518 0.38501227150560501933 0.38502313454258801917 0.4517857333510030271
987 483 0.38500236015261102285 0.38503312338338402387 0.45178720808122102559
994 490 0.38501632455123002696 0.38504256580267698373 0.45178464350778002601
999 495 0.38502307379517197727 0.38504085049753900005 0.45179281528624698483
986 482 0.38501813547159702278 0.38503833661809400146 0.45180246666080897677
1025 521 0.38503387381494297292 0.38503334396158700459 0.45180492898426699577
1036 532 0.38504166042080101295 0.38503053837399098258 0.45180977770925201398
1036 532 0.38504383103225098273 0.3850279826618799861 0.45181004790024498208
1037 533 0.38504360339294901872 0.38503482715685299898 0.451810956504003991
1024 520 0.38503787157156499354 0.38503550325663998821 0.45181897040493701478
1024 520 0.38503834616248799882 0.38504095513489500213 0.45181955230138398649
1023 519 0.38503693575548697536 0.38504441858441701418 0.45181629921672500361
1039 535 0.38504332312624600654 0.38503898144318898789 0.45181568304775299172
1040 536 0.38504519097639899883 0.38504070313075600129 0.45181648297989102092
1040 536 0.38504507062222298464 0.38503759942316700959 0.45181617040823002229
1029 525 0.38504357071450201477 0.38503151687784298307 0.45182756849958199963
1008 504 0.38503427513877802602 0.38503801023265499248 0.45182594956914301498
1010 506 0.38503986471383599977 0.38504107024681799576 0.45182460343846697626
1016 512 0.38504376625814001889 0.38503687793468999168 0.45182374752632797898
1027 523 0.38504340156302002685 0.3850269312098200114 0.45182577338526802579
1028 524 0.38504784596436797406 0.38502775576962300352 0.45182796572767397469
1023 519 0.38504881802851897987 0.38503369589102698356 0.45182703577638300141
1033 529 0.38504820094669300889 0.38502737604646902758 0.45182576445328598291
1027 523 0.3850471396609860264 0.38502795183836902027 0.45181965842890398077
1035 531 0.38505386499517102461 0.38502605182486199231 0.45182428092451698554
1047 543 0.38506226151098199573 0.38502647596895800408 0.45182802296123297792
1010 506 0.38505763782464297318 0.38503478267009899616 0.45183220804445500818
1019 515 0.38506226738246102093 0.38503932694668502323 0.45183834602800598823
1045 541 0.38506689156973999966 0.38503762629866300493 0.45184034743977502524
1024 520 0.38506231758836201307 0.38504633399622700818 0.45183940478483797243
1038 534 0.3850706652942399999 0.38504294480083500751 0.45183493254077999879
1044 540 0.38506984954122097653 0.38503802064624798041 0.45183735804677099823
1033 529 0.385074876545941025 0.38504865234492302584 0.45183432051685901154
1040 536 0.38507578671877501497 0.38505175447551498458 0.45183433757898699978
1034 530 0.38507551774105097664 0.38505559925765597828 0.45183742472220100872
1039 535 0.38507890776705500091 0.38505255529206500187 0.45183978627689197483
1053 549 0.38508159797100699473 0.38505243770805297476 0.4518420851165579899
1036 532 0.38507870484933398592 0.38505354793231000299 0.45184045232176700546
1030 526 0.38507417979891001014 0.38505189225120001195 0.45184614226963398798
1044 540 0.38507711310711700836 0.38505449551822401588 0.45184790076953301741
1053 549 0.38507935875555998617 0.38505591154966101186 0.45184789425839100296
1073 569 0.38508189506998702356 0.38505450752869702091 0.45184696633511001185
1061 557 0.38507386181860697727 0.38505418657747597644 0.45184568638180200306
1049 545 0.38507221320210399673 0.38505233264808702565 0.45184165787591301644
1041 537 0.38506428376012502568 0.38505473798111200523 0.4518483465306150082
1024 520 0.38506288429893398284 0.38505362317884600509 0.45184498271393297442
1016 512 0.38505822018690200048 0.38505261210162800012 0.45184652060976199239
1023 519 0.38506496673975998402 0.38505313709242400266 0.45184963027930602486
1015 511 0.3850618380451680256 0.38504921039829098639 0.45184201097474002706
1021 517 0.38506606711210700222 0.38504118480706400751 0.45184061683440501778
1003 499 0.38505909358587597779 0.3850371137976359992 0.4518420594013720093
996 492 0.38505793576238600551 0.38503921641608201965 0.45184717864250001362
1010 506 0.38506200860790901208 0.38503628669642797622 0.45184793754549501532
1024 520 0.38506628294163497417 0.3850281244081459886 0.45184701859996101447
1014 510 0.38506798383519902362 0.3850394610199650014 0.45184940234914700019
1035 531 0.38506814769775699059 0.38503900283089897982 0.45185620373827101171
1049 545 0.38507077946149997905 0.38504007112327098827 0.45185976574597197519
1050 546 0.38507297223666098196 0.38504113553023100458 0.45186213688644799591
1027 523 0.38507018971380502226 0.38504841295262298706 0.45186218038085002036
1007 503 0.38505903229294802248 0.38504636946162401623 0.45186276033681699316
1013 509 0.38506452788519002217 0.38504629763150699517 0.45185729456181900066
1012 508 0.38506154923978602733 0.38504544114417799117 0.45185353447637199853
1031 527 0.38506798108260997804 0.38504192579893897763 0.45185788598484999401
1061 557 0.38507154439979002225 0.38503515644497299242 0.45185853037482798245
1057 553 0.38506132648503699212 0.38503021171236501141 0.45185994782742400222
1042 538 0.38505092058948897638 0.38502792995484602656 0.45185195383500498245
1038 534 0.38504114711516801428 0.38502391946129299605 0.4518515364615480201
1035 531 0.38503802806784598323 0.38502148879689301886 0.45184879329093802225
1020 516 0.38504150517566698708 0.3850276725893250207 0.45184988187598601472
1034 530 0.3850468999231330125 0.38502288027023301442 0.45185308436739102245
1037 533 0.38504771387127600946 0.38502448942734801562 0.45185379986727697288
1030 526 0.38504616848242800842 0.3850303822996959946 0.45185935357804002388
1035 531 0.38505101620053799882 0.38503154496404401463 0.45186053220552002685
1045 541 0.38505842266139300722 0.38503034691670101619 0.4518596046234210073
1046 542 0.38506277843186198506 0.38502865329488300539 0.45185921499264097845
1048 544 0.38506167222961501517 0.38502996615833001703 0.45185519540371199554
1042 538 0.38506470067726600304 0.38503536109468500248 0.45186351682533099083
1024 520 0.38506896181652400246 0.38503932175540500626 0.45186599097141300074
1018 514 0.38507007225308298448 0.3850373816182369735 0.45186086934280000893
1007 503 0.38506975464043202706 0.38503917735517201315 0.45186384018407399488
1004 500 0.38506820785013701203 0.38503807507134801824 0.4518601638230619888
997 493 0.38506322019191402406 0.38503559288334898714 0.45186241476759297919
1009 505 0.3850658530900780141 0.38503105887588601197 0.45185938537767200707
1013 509 0.38506995586412601229 0.38502868120095401494 0.45185299175192100707
992 488 0.38507140983920901123 0.38503470078252499675 0.4518580919314820199
1022 518 0.38508227866650401872 0.38503085533019898445 0.45186296350658100573
1018 514 0.38508122644638098642 0.38502916839256601245 0.45186905792547799043
1044 540 0.38508188597610698567 0.38502503826240602747 0.45187055811230797397
1053 549 0.38508705646769497699 0.38503258710237098228 0.45187183346323700484
1051 547 0.38508968288200101648 0.38503158642904300457 0.45187835580141799685
1039 535 0.38508338008032999555 0.38503785607267498881 0.45188190182665199934
1029 525 0.3850829620175360013 0.38503989391364401573 0.45188674612882701043
1014 510 0.38509333394486300328 0.38505002372339697247 0.45188762855689301734
1016 512 0.38509713318649702041 0.38504813771206097828 0.45188388279634900124
1028 524 0.38509936031971597759 0.38503781443203399792 0.45188142503096101477
1059 555 0.38510716901787600541 0.38503275089661198605 0.4518755429000440027
1046 542 0.38511115399263101677 0.38505018960492998215 0.45187353782919598144
1043 539 0.38511259887319299056 0.38504791289883200101 0.45187006331430201733
1042 538 0.38511516623921998592 0.38504818541708801805 0.4518627585871590191
1024 520 0.38511112200320402055 0.38505708685343897901 0.4518595228176540135
1010 506 0.38510805130837399979 0.38506956187743801578 0.4518672385449090112
1015 511 0.38510742821337401454 0.38506576085859101077 0.45186983023465998599
1017 513 0.38510652105837400727 0.38505623078313999663 0.45186874286003697598
1051 547 0.38511530264933002687 0.38504730371052298121 0.45187816473759301328
1062 558 0.38511404256377301802 0.38504321922753698137 0.45188340036641799768
1041 537 0.3851063802723450058 0.38504696688110301439 0.45188418965577498154
1073 569 0.38510913465426799274 0.38503623160715599871 0.45188770712787201811
1045 541 0.38510206403986202428 0.38504453137848798638 0.45188989009604602076
1043 539 0.38509377175032000196 0.38503653465567699854 0.45188787723822798625
1064 560 0.38510204924650098812 0.38503514542779698759 0.45188481007854497395
1072 568 0.38510294765190800081 0.38504002752205501725 0.45188378025071301858
1054 550 0.38509192861697300048 0.38503947471298599625 0.45188555946979902522
1038 534 0.38509082801252897399 0.38504855294710199631 0.45189142018890299246
1037 533 0.38508712819573098773 0.38505014345746102489 0.45189319378034997765
1020 516 0.38508461273195698782 0.38505525428896097972 0.45189811970272497632
1015 511 0.38509079757459302451 0.38505630635615001323 0.45189618742306697508
1024 520 0.38509878258791602201 0.38505613858738702016 0.45189889739378297229
1019 515 0.38509915237107200658 0.38505284233155101514 0.45189506039538102078
1018 514 0.38510811136683897882 0.38505829251213502529 0.45189699122233700779
1006 502 0.38510490868294300348 0.38506198192270002512 0.451899281452340984
1025 521 0.38511341438399698811 0.38505892712794798083 0.45190033478175301029
1032 528 0.38511352932010201044 0.38505558514344900845 0.45189648147169997339
1039 535 0.38511471562867000129 0.38505942641394902415 0.45189806305318702684
1023 519 0.38511629558630000592 0.38506603817263101996 0.45189575775096102461
1018 514 0.38511427198267200733 0.38506108490317098036 0.45189428914066998022
1020 516 0.38511701678490400935 0.38506599168299598945 0.45189853225234100087
1019 515 0.38512079254335601641 0.38506284072397001239 0.45189730125647997738
1017 513 0.38512534649450297364 0.38506208172732697692 0.45189733880191002013
1007 503 0.38513209962178501788 0.38506176025418997755 0.45189476740633199858
1027 523 0.38513576439393698569 0.38505935128174900717 0.4518970239088009877
1029 525 0.38514372079033798446 0.38506264043762100657 0.45189451711973599446
1040 536 0.3851443655658339793 0.38505559551662499329 0.45189126471481599889
1055 551 0.38514607100135700435 0.38505537732530897843 0.45189199121190698483
1058 554 0.38514277537940799778 0.38504604569573802619 0.45188961747719502693
1065 561 0.38514824471922798343 0.38504100203814001224 0.45189019815483599807
1057 553 0.38515200595429599506 0.38504667925271102158 0.4518840985387709841
1070 566 0.38515094714515701879 0.38504252477658901244 0.45188393142349297937
1058 554 0.38515160335072201603 0.38504226154649701108 0.45187536996165000858
1059 555 0.38515249420637498456 0.38504107428036299376 0.45187297958156602551
1066 562 0.385146862736421014 0.38503346333819099545 0.45187634685900501808
1063 559 0.38514736081160200198 0.38503368556653799759 0.45186927464327297788
1069 565 0.38514397078066897606 0.38502310401814099361 0.45186986710653798127
1062 558 0.38513654485907700131 0.3850159800190389725 0.45187149030317802501
1062 558 0.38513870161633501077 0.385009876653851002 0.45187088996525298645
1043 539 0.38513809039815100066 0.38501229076116399996 0.45186665692763700042
1036 532 0.38513699257741601523 0.38500882057224000699 0.45186835004419700912
1056 552 0.38514249969172598131 0.38500219373364297226 0.45187029786111398977
1062 558 0.38513779875747000681 0.38499469351636500525 0.45186080652054200213
1052 548 0.38513499855957000761 0.38499507040448899264 0.45186551694485399544
1025 521 0.38512836285779999956 0.38499797162269799866 0.45186978826186902092
1023 519 0.38512371331247502448 0.38500165847932599217 0.45186921674332902743
1011 507 0.38512635570498898741 0.38501044205299400636 0.4518662613749929724
1031 527 0.38513939198028301902 0.38500649288284999328 0.45186245079145498371
1019 515 0.38513999266544002298 0.38501055870159200945 0.45186144340350997695
999 495 0.38514098119784601071 0.385019576495839011 0.45186858355101799933
1007 503 0.38514478327757400988 0.38501640426758099167 0.45186645556500798504
1021 517 0.3851538743010449739 0.38501571054696898111 0.45186631295166601596
1028 524 0.38515689310932799128 0.38501676521293398681 0.45186601850195601271
1035 531 0.38514719043062900505 0.3850118975727280235 0.4518655840565150017
1035 531 0.38514928902457001847 0.38501693358276201096 0.45186544164995801065
1015 511 0.38515376845871801548 0.38502652207814902496 0.45186336726019099563
1022 518 0.38516236523122499014 0.385029270895241027 0.45186376486638002437
1025 521 0.38516707508900499546 0.38503721211195002239 0.45186518999340702374
1015 511 0.3851656775981650016 0.38504796643113697874 0.45187109806968300818
1012 508 0.38516966640073801997 0.38504755498570197858 0.45187077285002702487
1009 505 0.38516860954430198749 0.38504088428270799582 0.45186824421303301014
1009 505 0.38517861090947602687 0.38504338597772702624 0.45186977729028798834
1010 506 0.38518235340031997671 0.38503827163892301311 0.45187024593827002095
1009 505 0.3851873028624629991 0.38503829662821797974 0.45186764614611002466
1011 507 0.38519796862245797575 0.38504506184168701965 0.4518670463684700267
1021 517 0.3851964231191730148 0.38503845465903102641 0.45186815429157001223
1027 523 0.38519178237365397921 0.38503757419415102214 0.45186013811623798597
1035 531 0.38519251318701497322 0.38503765675599999074 0.45185496015942100412
1023 519 0.38519480061840799534 0.38504606768992699628 0.45185858500641401525
1026 522 0.38519146708785201305 0.38504135248405402248 0.45185769347917498218
1024 520 0.38519539877025499308 0.3850424472789150121 0.45185813069624397587
1015 511 0.38519849987491500132 0.38504905646581699674 0.45186000098138900949
997 493 0.38519807399995498187 0.38505779666771999814 0.4518616655703450169
1015 511 0.38520421956927497487 0.38505676271349897899 0.45185408824005401929
1013 509 0.38520475196014902775 0.385060756829673001 0.45185190076518300106
1029 525 0.3852133572423270258 0.38506271867249097784 0.45184954162692397839
1042 538 0.38521538689681400491 0.3850612002643259979 0.4518456510858609998
1064 560 0.3852208509315049878 0.38505794454775299496 0.45184740749433699447
1053 549 0.38521863520944099601 0.38505758324451999641 0.45184489657893200931
1063 559 0.38522008628051501722 0.38505398596171097614 0.45184826537866201734
1068 564 0.3852222113360410094 0.38505541651745600618 0.45185359943112901604
1077 573 0.38521747484636997827 0.38505206615440201734 0.45185231485160798348
1061 557 0.38521598167700799031 0.38505968062268297603 0.45185148662842899991
1063 559 0.38522153819668097929 0.38506231519582301281 0.45185353580218601266
1071 567 0.38521308464803599714 0.38505514710475502449 0.45185660757635498497
1041 537 0.38519827050611799013 0.38505265775012298413 0.45185470717547698838
1038 534 0.38519711579462101447 0.3850553426773999921 0.45185472997557901698
1048 544 0.38519813154208898398 0.38505276384881698126 0.4518567169385859783
1027 523 0.38519925407889499258 0.38505621256263100616 0.45185151718220900596
1035 531 0.38519621357384697946 0.38505324859379802538 0.4518499324435459874
1022 518 0.38520085202897097476 0.38506026908078500037 0.45184792301349502308
1021 517 0.38519719003007102387 0.3850567719222759977 0.45184873667581698653
1004 500 0.38519864625027500082 0.38506746239278299981 0.45185279484647999926
1015 511 0.38519878787474798321 0.38507376769547702056 0.45184732573607500061
989 485 0.38519170695459897802 0.38507696812098202166 0.45185277133602197441
989 485 0.38519788326348197716 0.38507954437868302522 0.45185281530440901676
1006 502 0.38520839650063198878 0.38507701226844798237 0.45184979526438501241
1034 530 0.38522323984306899858 0.38507337168844502084 0.4518491318226219855
1035 531 0.38522411081798801913 0.3850736393355569942 0.45185187273594201729
1035 531 0.38522407284120002702 0.38506855674050899374 0.45185245971456000635
1044 540 0.38522773516958197515 0.38506467801274202323 0.45184900786838999576
1060 556 0.38522701451058399824 0.38505058602104502707 0.45184703220495597842
1051 547 0.38522195914352902468 0.38505022726380500053 0.45184881394759501827
1056 552 0.38521830059118500333 0.38504852642665898799 0.45184324274735199189
1058 554 0.38521714592810502031 0.38505000275404199783 0.45184276191597699812
1064 560 0.38521497657501002632 0.38504868381252399523 0.45184744085665501379
1042 538 0.38520723457037797655 0.38505473077640300916 0.45184855398286599693
1048 544 0.38521411485099699146 0.38505788478828900656 0.4518521206462470241
1060 556 0.3852131975979449785 0.38505526733425898822 0.45185483825551098214
1060 556 0.38521262848305498627 0.38505616635148898208 0.45185568557779798304
1050 546 0.38521195740137498253 0.38505647567497497397 0.45186219558777102057
1038 534 0.385211777727676008 0.38505298647614000229 0.45186122828453900713
1036 532 0.38520976475453100329 0.38504622882886901936 0.45185877022202597386
1016 512 0.38521303774880000237 0.38505673482656099793 0.45185733153552198882
1022 518 0.38521592567394902229 0.3850587858831480137 0.4518589346980980137
1007 503 0.38521915545859497509 0.38506732221468398247 0.45185576991856801765
1034 530 0.38521779859460697493 0.38506500119625397538 0.45185414031606802032
1038 534 0.38521991666502097829 0.38506223910838399682 0.45185016295787100438
1034 530 0.38522280173137901649 0.38506355932179298085 0.45184555301621798229
1047 543 0.38522870986364099455 0.38506089526190701022 0.45184779282725101579
1042 538 0.3852269833579750058 0.38506231579974997681 0.45184793684396201696
1041 537 0.3852254928265479994 0.38506315821650799469 0.45184392361536002136
1053 549 0.38522827810884502364 0.38506088292863199785 0.45183791666873601711
1040 536 0.38521992568890700559 0.38506162845900798741 0.45184025791773801961
1051 547 0.38522899437306001857 0.38506073837017301686 0.45183328955047402653
1037 533 0.38522789282137798184 0.38505878719603597871 0.45182971528736298739
1050 546 0.38523364555886702165 0.38505814167443702667 0.45182723734375002111
1059 555 0.38523930441502601818 0.38505917750232998564 0.45183234399373400914
1051 547 0.38523081372746798001 0.38505834217281598164 0.4518312638126000258
1074 570 0.38523594001414401822 0.38505323921489797989 0.45183018396753898971
1063 559 0.38523124742537601106 0.38505206826704402312 0.45182546344523799586
1067 563 0.38523114766024602051 0.38505262436123999237 0.45182554137310398934
1072 568 0.38523392769126901802 0.38505351696227502201 0.45183146833107301621
1072 568 0.38522669021854899496 0.38504870437368199365 0.45183177612590702532
1073 569 0.38522530466876697686 0.38504768158917102028 0.45182929887323797224
1064 560 0.38522314901732701564 0.38504900067503000649 0.45183423946883599642
1072 568 0.38522295372810699821 0.38504672897172298462 0.45184090633053397568
1082 578 0.38521859020420501363 0.38504239998132699929 0.45184040980458400893
1079 575 0.38522131863224801096 0.38504414877000198159 0.45183882954466297877
1066 562 0.38521834903464402533 0.38504882002680401731 0.4518341970071729774
1037 533 0.38521390126442200952 0.38505861241091399183 0.45183282800950197444
1036 532 0.38521179065626298677 0.38505858718600699531 0.45183916036463600552
1039 535 0.38520695338471599989 0.38506197007441800295 0.45184320011535100692
1038 534 0.38520561404357600566 0.38506343179323998527 0.45183792684115398064
1038 534 0.38520600240594599084 0.38506144670323599888 0.45183981825593000359
1041 537 0.38520274794008002583 0.38506161767041702237 0.4518396334819380078
1040 536 0.38520968352435597248 0.38507135603494102583 0.45183516476668600381
1061 557 0.3852117371937039958 0.3850680378908190038 0.45183151959654699326
1032 528 0.38521231778673498125 0.38507685373676397989 0.45182768658801697459
1025 521 0.38521274593162302402 0.38508716042529100854 0.45182222951543399292
1023 519 0.38521031704843300414 0.38508288048182998109 0.45181921886391301912
1016 512 0.38521027171057198313 0.38509007620661800386 0.45182060949508501269
1014 510 0.38520851082831497614 0.38508766098389701771 0.4518127101728129924
1038 534 0.38521170789954500835 0.38508410434654999355 0.45181025445891098702
1030 526 0.38520708259255598271 0.38508589955380401193 0.4518091202727950173
1020 516 0.38520349737524001155 0.38509380414440702589 0.45181285725316699953
1029 525 0.38520813280858101635 0.38509526186744502674 0.45181185392646200372
1040 536 0.38521267024454097783 0.38509466385862900495 0.45181180271391702119
1034 530 0.38520427471193302571 0.38509311372445298449 0.45181410346916500709
1040 536 0.38519696585289298074 0.38509428563779601884 0.45181276213324500501
1059 555 0.38520040013644801791 0.38509383451194700854 0.45181389204220301359
1064 560 0.38520384277415797847 0.38508774161260800328 0.45181273052700499093
1058 554 0.38519688690936898512 0.38508308782589201202 0.45180608541904698772
1056 552 0.38519422185087398569 0.38508621759063099699 0.45180469382570398462
1063 559 0.38519523052164500454 0.38508385733159500308 0.4518036930568590237
1067 563 0.38519299341482099441 0.38507915622067601102 0.45179021341922898092
1064 560 0.38519027968797797667 0.38507784150452600835 0.45178904703276601129
1074 570 0.38519266509702299039 0.38507571859808398251 0.45178718089362102095
1065 561 0.38518504295212402377 0.38508037150297297346 0.45178073634081300503
1056 552 0.38517595517660202509 0.38507710936827399539 0.45178253801474799189
1065 561 0.3851753420210399792 0.38507618421493500227 0.45177525653422601071
1060 556 0.38516635029811402413 0.38506815250376702497 0.45177661044023398329
1051 547 0.38516364338642899989 0.38507771288947201249 0.45176877253687597324
1037 533 0.38516032280541501187 0.3850835507696819815 0.45176836827822097753
1028 524 0.38515594929102497934 0.38509024459242402472 0.45176907357166201651
1030 526 0.38515252609724198729 0.38509655956789201614 0.45176907945327998695
1023 519 0.38515386928046801973 0.3851043914612419794 0.45177330821096600699
1024 520 0.38515645343732102246 0.38510302874976898302 0.45177835402444199708
1047 543 0.3851585604325670209 0.38509281790635202514 0.45177221933787597985
1012 508 0.38514997133927297845 0.38509278337733698905 0.4517686822093470167
1031 527 0.38515663592101501145 0.38509461638995501342 0.45176351018217797417
1047 543 0.38515526675593697581 0.3850878847953669859 0.45176290788481898719
1037 533 0.38515404431191502255 0.38509190384012298436 0.45175997187518801557
1045 541 0.38515091816456897833 0.38508336183048802459 0.45175961034590900178
1044 540 0.38514684111774599717 0.3850825299623180098 0.45176102355229902363
1056 552 0.38514209747262401207 0.385076802574457977 0.45176336348981599444
1043 539 0.38514007232903002542 0.38507782256271100296 0.45176702816403502272
1049 545 0.38514364763692499061 0.38508008197285098495 0.45176459247582601009
1065 561 0.38514503134253702532 0.38507825321788202722 0.45176655282159999816
1070 566 0.38514485461420600032 0.38507618710439300846 0.45177484829293201862
1076 572 0.38514581229436500864 0.3850763048733290006 0.45177520284025901587
1066 562 0.38513955964241597396 0.38507266704812298519 0.45177464037226500171
1045 541 0.38513141176526699549 0.38507487572150200794 0.45178107845511400464
1043 539 0.38513583549665797445 0.38508221114935997642 0.45178611226165998893
1050 546 0.38513613132245899662 0.38508675266284198013 0.45178604496115798428
1036 532 0.3851309759510109787 0.38508548854985197307 0.451788089279347993
1029 525 0.38512848058814497243 0.38508494157716299799 0.45178675779546401126
1025 521 0.38512987313259500199 0.38508785948875401406 0.45178931807665301257
1014 510 0.38512424615671997374 0.38508735832281798528 0.45178733083997302256
1010 506 0.38512715500213001718 0.3850910795686999788 0.45178957249961199105
1016 512 0.38514064046580698264 0.38509541639839400817 0.45178773449191100831
1026 522 0.38514767225221802072 0.38510104280342999372 0.45179258868283300732
1037 533 0.38514573856313499833 0.38509755658406097378 0.45178771843447701473
1045 541 0.38514693996211002425 0.38509383397826002504 0.45178499607806299476
1054 550 0.38515225690549598214 0.38509693887276502666 0.45178715653309797773
1046 542 0.3851455880176959945 0.3850966282271490182 0.45179239734266801731
1061 557 0.38515071634343300833 0.38509347389621101376 0.4517952315071420144
1059 555 0.38515233192242198657 0.38509823057406400437 0.45179352618640000738
1044 540 0.38515168471174898723 0.38510256103802598115 0.45179392532459899945
1032 528 0.385151507504512991 0.38511049395352997538 0.4517932317953469723
1044 540 0.38514640733849897503 0.38510393534147402406 0.45179809868955800312
1062 558 0.38515049228840997353 0.38509576071619500137 0.45180451419421502335
1033 529 0.38514482857027798612 0.38510321305638400835 0.45180540825338399991
1034 530 0.38514771950001702727 0.38511213511589897918 0.45180323590960902447
1042 538 0.38514238202046602311 0.38510922327832597389 0.45179915702623602014
1064 560 0.38514773619536202265 0.38510389269915201726 0.45180574820937102754
1054 550 0.3851459564338530206 0.38510329483966598829 0.45180388255971498657
1064 560 0.38513849522384302482 0.38510010673516698043 0.45180273077455701536
1075 571 0.38513240266908199683 0.38509885645967900647 0.45180074762214600392
1084 580 0.38513048068314098549 0.385090218715341992 0.45179910215507002036
1074 570 0.38511976259426600189 0.38509062019188800008 0.45180096810263598028
1071 567 0.38511860260654501298 0.38509059765346498327 0.45179967864184700232
1075 571 0.38510968272907097898 0.38508892181127202248 0.45179945209001598494
1054 550 0.38510096435195600995 0.38508647924351602221 0.45179746168034301546
1054 550 0.38509984176832101621 0.38508890793925598661 0.45179513678096500096
1018 514 0.38509542893884701753 0.38510069745026898058 0.45179803080481700794
1045 541 0.38510168128586502734 0.38509793754557097856 0.45179718865929502369
1037 533 0.38509447140057700976 0.38510084024814600356 0.45179904361742301289
1058 554 0.38509264554617500531 0.38509462874737199201 0.45180116439454698352
1051 547 0.385086632144460983 0.38508912468220701797 0.45180160918630202227
1045 541 0.3850928857426009766 0.38508937326029601955 0.45179439362470602548
1038 534 0.38508757510532298785 0.38509001058924502425 0.45178728756929598109
1017 513 0.38508996041938697852 0.38509701432051601788 0.4517865087521429901
1028 524 0.38508635041105099273 0.38509090351163099974 0.45178376952254301058
1031 527 0.38509217382324401058 0.38509040081167100755 0.45178802848317001217
1016 512 0.38509017505357001632 0.38509122431790498986 0.45178613050024801767
1016 512 0.38509595052594397524 0.38509298863404300972 0.45179087182313298898
1025 521 0.38510648207136000121 0.38509517521698000131 0.4517875423441359839
1028 524 0.38509998737803502467 0.38509935318002197491 0.45178879179520098353
1005 501 0.38509755873410400628 0.38510488541488502312 0.45178923029000800371
1017 513 0.38510747639771097939 0.38510910637940398704 0.45178518839257497675
1019 515 0.38510754268612701345 0.38511054312292097856 0.45178679216941297625
1049 545 0.38511627679106602562 0.38510302274805502387 0.45179182442658699648
1060 556 0.38511515881724001087 0.38509964919782202486 0.45179668891684898746
1058 554 0.38511348256188598915 0.38510226637757899448 0.45179289554998697254
1047 543 0.38511021029691300255 0.38510313632667397821 0.45179498046051397298
1057 553 0.38511352210721599976 0.38510174244985101444 0.45179737261376401447
1052 548 0.38511740320903997681 0.38510609632849401862 0.4517934628716980261
1035 531 0.38511426844434798467 0.38511289806056397955 0.45179692026471002242
1043 539 0.3851095311990139769 0.3851136331631879739 0.45179427466243599065
1046 542 0.38511829587859697233 0.38512174713030999929 0.45179534378206598344
1040 536 0.38511582741224198445 0.38511752702981799645 0.45179712043432701529
1037 533 0.38511805699043299978 0.38511499545624300334 0.4517978037089209753
1034 530 0.38510927433455499624 0.38511016196792902111 0.45179597187011599768
1049 545 0.38511342882894999962 0.3851034948511730116 0.45178856634877900822
1057 553 0.3851127385792390001 0.38510285891112500112 0.45178693180935797225
1060 556 0.38511068217886201825 0.38509967429554997631 0.45178470819584598539
1079 575 0.38511036430491002447 0.3850971592087940043 0.45178829108174300977
1065 561 0.38510174201063601673 0.38509544225968900255 0.45178517728904799
1063 559 0.38510002613921301418 0.38509024048212298075 0.45178426396080401117
1076 572 0.38509900857065598734 0.38508810369388002393 0.45178415888940198775
1056 552 0.38509260265518402422 0.38508403194430801397 0.45178164885324800792
1035 531 0.38508671042455100419 0.38508743738955897307 0.45178288370545000019
1035 531 0.38508814441964500652 0.38508934298519498229 0.45178421579139899089
1024 520 0.38507755438792301561 0.38508781466848501784 0.45177896989797600158
1023 519 0.38507964130878197251 0.38508980693820699104 0.45178198824968401892
1032 528 0.38507206084287398662 0.3850802499852630234 0.45177803335798000228
1036 532 0.38506893844590400766 0.38508008879465999152 0.45178284173700899995
1024 520 0.38507526044867501636 0.38507869574536002233 0.45178335655918899771
1027 523 0.38507922511031100754 0.38508106722468099514 0.45178758187069700814
1049 545 0.38508444978810002501 0.38507592566803500178 0.45178962267446598489
1047 543 0.38508986960455598991 0.38507716760249000032 0.45178475463231898557
1039 535 0.38508679962915998152 0.38507850752108901959 0.45178111717539798375
1014 510 0.38508813683049597509 0.38508405642205201236 0.45177935210622499618
1046 542 0.38510109704329897884 0.38508009555214001152 0.45178103690465898357
1020 516 0.38509690284954800621 0.38508611947983500956 0.45178234830792102228
1016 512 0.38509875256368897301 0.38508313295884999405 0.45178499754192702476
1025 521 0.38510341651826801579 0.38507903030131801492 0.45177895446017601877
1027 523 0.38510015426126198435 0.38508276483718900662 0.45177302155519799554
1044 540 0.38510424918701702257 0.38507556732601500027 0.45177512972357497523
1033 529 0.38510192178646801553 0.38508158735377101545 0.45177187388339001828
1040 536 0.38510741780276097623 0.38508611078935300887 0.45178074006927798623
1058 554 0.38511524809722297302 0.38508838183854599002 0.45177997902669297936
1053 549 0.38511535807410102183 0.38509107208520299004 0.45178047460230502663
1054 550 0.38511303429336501969 0.3850909551475579784 0.45178056672507499458
1062 558 0.38511206375775697275 0.38508957143042399363 0.45178716919604799962
1063 559 0.3851074027485170137 0.38508594219849301421 0.45178925291875698944
1060 556 0.38510831093302799744 0.3850889147089620046 0.45179133600113602354
1071 567 0.38510870523543300203 0.38508191503645899934 0.45179496883036501798
1063 559 0.38510568575798098667 0.38507720418425300801 0.45179750291377901439
1045 541 0.38509809118356497226 0.38507142161849400308 0.45179702261626297766
1038 534 0.38510031021750201763 0.38507485927746198939 0.45179533710410402225
1047 543 0.38510056199962999779 0.38507034424350700119 0.45179143597305598812
1054 550 0.3851024593274379737 0.38506260500780198353 0.45178873018503401537
1069 565 0.38509635245778700563 0.38505346689698299878 0.4517865761513720213
1065 561 0.38508786316040999331 0.38505513397298002376 0.45178088411043298978
1073 569 0.38508759996478397758 0.38505843888616597681 0.45177672223590997769
1052 548 0.38508575644478298949 0.38506585020611899806 0.45176637781952400097
1059 555 0.38508690018931601706 0.38506485023203601559 0.45176799991967397929
1081 577 0.38509377851165699225 0.3850670279561799747 0.45176945648944899503
1056 552 0.38508268749039697987 0.38507018246141000439 0.45177216581295298603
1059 555 0.38508434009826997269 0.3850746939477219799 0.45177241615484498016
1052 548 0.3850802524827610096 0.38507695988686202471 0.45177489923903801916
1056 552 0.38507701006312700098 0.38507409217705301785 0.45177798706943400608
1039 535 0.38507208830726097348 0.38508205887525598365 0.45178327677662999395
1036 532 0.3850627308777200275 0.38507942134810801971 0.45177692852675299662
1038 534 0.38505944375225997778 0.3850795891598359777 0.45178171783560799879
1041 537 0.38506002533038902191 0.3850813853499779893 0.45178195729549597282
1043 539 0.38505100175832301934 0.38507580956240700099 0.45178617788127101162
1053 549 0.38504976965261200617 0.38507457978135700705 0.45178501575312401961
1062 558 0.38504778918920501418 0.38507157228507499225 0.45178843274076602166
1045 541 0.38504268921103901313 0.38507630689637700749 0.45178501325502501418
1056 552 0.38505493307138399794 0.38507838465671201389 0.45178653048987799101
1040 536 0.38504769248545200888 0.38508013420956199724 0.45179533134739102707
1043 539 0.38504953529222402109 0.38508715828503198297 0.4517971110838380211
1034 530 0.38505082409740098992 0.3850880627644119869 0.45179733710766700749
1041 537 0.38505285719452098103 0.38508094939389597711 0.45180059219530299686
1031 527 0.38505195330354202721 0.38508633309719098037 0.45179933248113102184
1013 509 0.38505547797715000691 0.38509072932394999844 0.45179949967872101713
1024 520 0.38506509186550802459 0.38509741542001801884 0.45180098553475400713
1053 549 0.38507758551810500336 0.3851014475196020137 0.45180112324978000116
1032 528 0.38507365343777399946 0.38510672698832099092 0.45180356569362900565
1048 544 0.38507213501473802619 0.38510320875925202477 0.45180806755899799443
1043 539 0.38506867078402001736 0.38509996597755402625 0.45180592009892101002
1072 568 0.38507580379942102367 0.38510073573227598942 0.45180907338300102527
1061 557 0.38507270833146300948 0.38510335828934000313 0.45180391226786997816
1059 555 0.38507506176786698848 0.38510179321839299593 0.45180348277502602183
1062 558 0.38507475677429797711 0.38510456150092697847 0.45180153221629698601
1057 553 0.38507343080571398986 0.38510811795014199266 0.45180244018284498875
1052 548 0.3850717823619539959 0.38510552721245200347 0.45180067611881197243
1047 543 0.38506892964187000583 0.38509963570897298712 0.45179417267934901536
1064 560 0.38507605860433902212 0.38509904884306400685 0.45179217725457299082
1059 555 0.38507111294698698201 0.38509735073931400384 0.4517847505227989835
1060 556 0.38506880973536800061 0.38509187620866497381 0.45178609142867298676
1064 560 0.3850652130463619871 0.38508771717744300078 0.45178369615870900278
1076 572 0.38506253674969198597 0.38508918546856102383 0.4517807282396030244
1072 568 0.38506483590152801311 0.38509529549283000316 0.45178100510864099837
1078 574 0.38507038428438300492 0.38509628947652002617 0.4517811654121710041
1067 563 0.38506906458213702171 0.38509556117516702267 0.45177410871863199482
1069 565 0.38506611900311399355 0.38509349403707998638 0.45177143516074502738
1064 560 0.38506670366537798511 0.38509709441321599011 0.45177148807399197805
1076 572 0.38507085850471800548 0.38509400392522602496 0.45176949742583799585
1071 567 0.38507190318164802312 0.3850941125194909942 0.45176702178876698701
1076 572 0.38506844953813101906 0.38508972635746202551 0.45176323151445002546
1055 551 0.38506773772085500784 0.38509819777119602691 0.45176984370197798002
1042 538 0.38506401206555102013 0.38509510521132200855 0.45176626849245898887
1043 539 0.38506393824874501908 0.38509906927224601958 0.4517716550271799747
1051 547 0.38506043931849898154 0.38509724016687502113 0.45176655321082898054
1045 541 0.38505962856918202197 0.38510097050349900716 0.45177123725681600508
1046 542 0.3850598429207600093 0.38509709285228899134 0.45176793631738398904
1058 554 0.38506691145931498665 0.38509507005503701427 0.45177026594509600566
1056 552 0.38506865105678600436 0.38509801273859101123 0.45176466263363601605
1037 533 0.38506492919939100394 0.38510016460520002379 0.45176526093720298372
1032 528 0.38506555786933199803 0.38509916035033198156 0.45176789112796600367
1045 541 0.385068500902156996 0.38509821265536897661 0.45176570014030598132
1036 532 0.38506385358164202382 0.38509341092954002539 0.45176527839622698801
1045 541 0.38506823139975299153 0.38509074327601899856 0.45176517770995600065
1049 545 0.38507242469878100177 0.38508974484038799302 0.45176897080511702054
1048 544 0.38507064166785398562 0.38509064675742898931 0.45176727748622297343
1040 536 0.38507362667681399593 0.3850998393608729975 0.45176643867326798931
1025 521 0.38507175421901301826 0.3851104689661160041 0.45176482270514300987
1052 548 0.38508315733238301926 0.3851084064668370277 0.45176136384136100776
1052 548 0.38508539962769700038 0.38511481897842197997 0.45176346581799298185
1035 531 0.38507867551684199503 0.3851134477697459868 0.45176455797536202441
1052 548 0.38507970837189797741 0.3851142110216659864 0.45176942475863901549
1038 534 0.38507695913720102476 0.38511640106262501337 0.45177771356618501297
1023 519 0.38507277031957298785 0.38512655182346200444 0.45177885338049700303
1027 523 0.38508416652674398728 0.38513183968127201462 0.4517816788834539965
1047 543 0.38508340296823800886 0.38512460005472798352 0.45178085732390499407
1051 547 0.3850876834695309836 0.3851218432929159885 0.45178228437206202628
1037 533 0.38508715086929601323 0.38512416466620297273 0.4517816979143209899
1049 545 0.38509230241711200904 0.38512140882294398914 0.45177641948774299729
1029 525 0.385097403981182973 0.38513667809233298467 0.45178270265548398088
1026 522 0.38509585225493098148 0.38513900413543400436 0.45178344262734398962
1033 529 0.38509910640951400262 0.38513781827705401151 0.45178651589226698215
1031 527 0.38509963482710002358 0.38513838607520500812 0.45178220919110800846
1027 523 0.38510016686954801068 0.38514039027337798604 0.45178624923967197757
1039 535 0.38510037454823198289 0.38513292383165997901 0.45179080144863997814
1036 532 0.38510288845889001363 0.38513330551421298686 0.45178769643761501618
1027 523 0.38509469133528401175 0.38513489176218601573 0.45179014842280301734
1023 519 0.38510075493467099683 0.385138732414001983 0.45178571964263097849
1026 522 0.38510395656082002658 0.38513920629105802274 0.45178866451248700375
1023 519 0.38510361249873498179 0.38513719068543100787 0.45178650849357399055
1027 523 0.38510164887178899296 0.38513166515056102002 0.45178841729763402624
1029 525 0.38510678465346398491 0.38513583226935099724 0.45178642795046397573
1036 532 0.38510758271294998067 0.38513681692724599515 0.45178917770056797876
1029 525 0.38510699996262298672 0.38513857922242100695 0.45179009030165401262
1036 532 0.38511697731598198979 0.38513882176851899075 0.45178669895217898889
1032 528 0.38511907221936597656 0.38514169720083601955 0.45178062103963700924
1029 525 0.38511775147480697967 0.38514470948986301302 0.45178081814202797339
1056 552 0.38512342655519099521 0.38514459074003998262 0.45178844602537199249
1071 567 0.3851258352444140165 0.38513962536837498263 0.45178642987754302762
1067 563 0.38512391549228902621 0.38514217513950599336 0.45178480041119700727
1069 565 0.38512361377010501107 0.38513767304582902096 0.45178971888450497607
1079 575 0.38512012619391000623 0.38513095854154399955 0.4517900315770350117
1042 538 0.38510555804173401961 0.38513622768991701006 0.45179462865537600713
1049 545 0.385107648203000974 0.38512974201270899766 0.45179549045161898624
1039 535 0.3851085491013849782 0.38512924931381398164 0.45179526877176701127
1036 532 0.38511243246194398759 0.38513446777054399783 0.45178695109076399961
1044 540 0.38511313894779297673 0.3851352241044099789 0.45178642260177998002
1020 516 0.38510358814161699259 0.38513633602700997338 0.45178602192719202746
1024 520 0.38510043041583902346 0.38513262051900298832 0.4517872896535319871
1017 513 0.38509741103879102653 0.38513608504581897662 0.45178703313316098678
1026 522 0.38510023516170899249 0.38513214034254600326 0.45178757641552802493
1040 536 0.38510448360481902563 0.3851326216318979867 0.45179330576488002658
1042 538 0.3851074914205300237 0.38513696545358300227 0.45179292084738398305
1020 516 0.38510397576145799503 0.3851403787995160144 0.45179281677963800679
1046 542 0.38511304052808298382 0.38513850787253101071 0.45178935945411802244
1023 519 0.38511223659208199122 0.38514408056606297404 0.45179273465960101408
1005 501 0.38510867352064198643 0.38514689360051601597 0.45179221677620801101
1022 518 0.38511902416519200321 0.3851454787285770176 0.45179585137175098941
1050 546 0.38512417709187701798 0.38514517863520997265 0.45179762494495900871
1047 543 0.38511578718672800914 0.38514294111369401508 0.45179884038226397758
1066 562 0.38511345978939198753 0.38513662024637201897 0.45179779144841497596
1060 556 0.38511572850405201285 0.3851413208415859768 0.45180200925309099702
1073 569 0.3851251994688469904 0.38514027497287101065 0.45179837135938000214
1082 578 0.3851207560041700062 0.38514171838745897558 0.45179871957362899293
1085 581 0.38511764761986300165 0.38513681295044099873 0.45179644184328998646
1082 578 0.38511472934845797367 0.38513705869726300168 0.45179181447303001784
1060 556 0.38510984205542597714 0.38514437252366801046 0.45179440407422799542
1055 551 0.38511178322626599124 0.38515365967582199103 0.45179489641597697647
1030 526 0.38511125110310301389 0.38516412879725298035 0.45178979168429800328
1018 514 0.38511489434202600401 0.38516573608534099282 0.45178756370088302141
1032 528 0.38511275185036897284 0.38516005794350699487 0.45178422123346201333
1035 531 0.38510974055775798464 0.38515754412178399013 0.45178486009455098849
1045 541 0.38511768864797002454 0.3851535606245299892 0.45178158551009900412
1047 543 0.38511413398519001028 0.38514696853163499224 0.4517769083696899779
1054 550 0.38510975174758699247 0.38514666895515897727 0.45177454780944897861
1072 568 0.38510761170459001379 0.38514159784056800628 0.451776311066747982
1079 575 0.38510474786734100183 0.38513042473071601446 0.45177664218737800805
1070 566 0.38510509001953702191 0.38512970092092102536 0.4517706051991989824
1069 565 0.38510226792566898402 0.38512999150561799677 0.45176532865217300383
1072 568 0.38509821235170299536 0.38512184750308497971 0.45176242598869098543
1068 564 0.38509310857875300727 0.38512393347633899765 0.45175864814374200318
1062 558 0.38508923664044697466 0.38512523056858100068 0.45175921269155200344
1057 553 0.3850851848633550234 0.38512529237245302083 0.45175072534648602618
1054 550 0.3850791693151279782 0.38511944620508098414 0.45175327685118499277
1044 540 0.38507603607565898951 0.3851217969201959912 0.45174852549391597556
1018 514 0.38507089141849099034 0.38512959080854297644 0.4517476327895320054
1025 521 0.38507626632026398239 0.38513056846581500414 0.45174797683584899666
1041 537 0.38507962430711500934 0.38512623627772502033 0.45174225030566700356
1054 550 0.38507817968529400865 0.38512598429389000021 0.45174134855169700842
1044 540 0.38507313004160897973 0.38512595351956502299 0.4517336587896110256
1044 540 0.38507438747998301576 0.38512399839196598261 0.451733526232863003
1026 522 0.38507656296101000493 0.38512748287948600501 0.45174136863324099167
1032 528 0.38508667952544500812 0.38513151645574900117 0.45173466074057799791
1037 533 0.38509195434353299392 0.38513358909036699007 0.45173194972216901277
1059 555 0.38509174066808399273 0.38512922082413897362 0.45173387715954499422
1069 565 0.38508966147649997813 0.38512897266872397894 0.45173475833288001535
1057 553 0.38508571024968801799 0.38513351345805102444 0.45173010416569697734
1047 543 0.38508856413273701014 0.38514024426077797525 0.45173187741019898978
1044 540 0.38508899964377302227 0.38514085347687698757 0.45173411888806097592
1059 555 0.38508952348837899304 0.3851386379141070182 0.45173359229419302041
1055 551 0.38509091663999300836 0.38513805567803199859 0.45173444530586798207
1030 526 0.38508322549323498185 0.38514336190911802049 0.45173802681907898604
1025 521 0.38508780876546799821 0.38514473613899302684 0.45173931075470402652
1050 546 0.38509320820963599541 0.38514009534519799693 0.45173648858073101042
1045 541 0.38508629709415498343 0.38513796569555702742 0.45173542723636500584
1036 532 0.38508942362724002395 0.38513820175433999271 0.451728617606919014
1052 548 0.38509327076738497642 0.38513620929773800805 0.45173124036213901933
1046 542 0.38509269661567002707 0.38514032881759302507 0.45173367120175000888
1053 549 0.38509849969525600244 0.38514654673437398458 0.45173318536895301634
1059 555 0.38510275575183100516 0.38514335994152298914 0.45173153367107099498
1043 539 0.38509489669282398472 0.38513949324742102753 0.45172923151672700337
1048 544 0.38509235851888501401 0.3851410585837620193 0.45172497158710600562
1052 548 0.38509105312776398256 0.38513988438461299602 0.45172598785608297778
1057 553 0.38509274853536001881 0.38514568520406200491 0.45173032938415802473
1059 555 0.38509349489531502497 0.38514546741809202457 0.45173027437446300336
1069 565 0.38509692802323597371 0.38514023441688599592 0.4517308881865830239
1078 574 0.38509634671778297799 0.38514275492944299861 0.45172740488083201749
1091 587 0.38509540921163898375 0.38513684774037498793 0.45172270885185800138
1073 569 0.38509006674830698058 0.38513759164562499926 0.45172019020668902067
1069 565 0.38509117663735598081 0.38514288759013098895 0.45172361137156402666
1081 577 0.38509215028344401244 0.38514108264264401704 0.45172325127981499682
1081 577 0.38509376631508801525 0.38514337731094699935 0.45171793744539401327
1064 560 0.38508510408090201871 0.38513997332240601512 0.4517217195097489868
1042 538 0.38508130895844699948 0.38514576554773199968 0.45172079690838901067
1022 518 0.38507573832283198412 0.38514996104309001668 0.45171899761375400306
1032 528 0.38507644197336499126 0.3851479286088460019 0.45170818504272497451
1040 536 0.38507578031367101223 0.385147535185424994 0.45170293547163598014
1043 539 0.38506880406031701591 0.38513922258619498473 0.4516975732399770016
1047 543 0.3850752792328629992 0.38514014077614100451 0.45169322341196599391
1048 544 0.38507216762709900459 0.38513688066125900678 0.45169063781978902039
1053 549 0.38507218915182500618 0.38514144934949101629 0.4516928751399100217
1039 535 0.38505890653159302595 0.38513732742075401649 0.45169008059861998072
1030 526 0.38505080151378301423 0.38513884432382800016 0.45168822077776399349
1042 538 0.3850610905942229989 0.38513794553999797232 0.45168200803197100512
1042 538 0.38506152760280498715 0.38513268439392300824 0.45168192160881398545
1045 541 0.38506001119895200135 0.38513120411731399662 0.45167992054743699715
1055 551 0.38505367723079797493 0.38512940898531800027 0.45168530967732800629
1054 550 0.38505588132738099993 0.38512787385483598923 0.45168169101450700298
1045 541 0.38505731195551601287 0.38513460857221298861 0.45167773054487597717
1039 535 0.38504908334681697823 0.38512922014537698256 0.4516709725464890246
1051 547 0.38504602144834498834 0.38512633367602400192 0.45167686434614301438
1071 567 0.38504704301052600224 0.38512122304746598811 0.45167969997854001685
1053 549 0.38504171941987397343 0.38512354952165900324 0.45168171691365499587
1033 529 0.38503816865850998274 0.38512837455140602749 0.45168171613796598285
1053 549 0.3850394651940939883 0.38512104195154500674 0.45167919496515701594
1060 556 0.38503813052021501617 0.38512260603264097947 0.45167150134414302265
1054 550 0.38503117964234701009 0.38512030881687597805 0.45166281177246897505
1057 553 0.38502726711026097339 0.38511551832279999896 0.45165729044808899939
1048 544 0.38502330226734199359 0.3851231971417289901 0.45165202790991099135
1040 536 0.38501989273152198434 0.38512153415294198 0.45165377084251800976
1035 531 0.38501938675884700425 0.38511397430177701784 0.45165691008614400337
1048 544 0.38502172355698599526 0.38511431174278698553 0.45165821484720597434
1034 530 0.3850164618690929963 0.3851084312928420017 0.45165368624210899817
1046 542 0.38501911625615298229 0.38510400534392402738 0.45165695750175699485
1043 539 0.38502023433919502216 0.38510665241274200099 0.45165222137712901507
1047 543 0.38502547014889998422 0.38510544323827300417 0.45164444818606802601
1056 552 0.38502622525165902667 0.38510315573260400779 0.45164622831001999259
1067 563 0.38502267464986200673 0.38510240835799597336 0.45164768547116002084
1054 550 0.38501425094459301723 0.38509980380049402271 0.45164637024103498897
1048 544 0.38501491617638800014 0.3850996821164370254 0.45164397396835498366
1040 536 0.3850147229733150156 0.38509942523944301618 0.45164225202951802096
1037 533 0.38501054754956198778 0.38510379530522798053 0.45164009399682597534
1033 529 0.38501107485095797944 0.38510416997561802699 0.45164573444685401915
1041 537 0.38501630578465501076 0.38510627284458198716 0.45164876457312802538
1033 529 0.38501218208895898742 0.38510049549328201346 0.4516484369348729988
1040 536 0.38501167218238402379 0.3850992526572820096 0.45165475589644099585
1050 546 0.38501147659198997619 0.38509769243455599375 0.45165251232350600574
1043 539 0.38501300183905801111 0.38510060556727898629 0.4516503262450869971
1047 543 0.38500964119692598908 0.38510370414758698931 0.4516478092377059772
1035 531 0.38501062618127601667 0.38510561896516998237 0.45164989825548101932
1052 548 0.38501377384572599283 0.38510102939131701794 0.45164448264069700922
1030 526 0.38501082854487500562 0.38510556418873498341 0.45164186336758499474
1030 526 0.38501004341856198687 0.38511245492792300915 0.45164004055639500601
1032 528 0.38500497252619897415 0.38510935477254798487 0.45163930744300700981
1034 530 0.38501159804224499572 0.38510778742703999367 0.4516392561979720166
1026 522 0.385012942631624 0.38511200872301398768 0.45163556915304398087
1021 517 0.38501468843429598188 0.38511871213166098959 0.45163848144610102553
1022 518 0.38501408510146600817 0.38512225245996800638 0.45163649956795898222
1022 518 0.38501443490433501227 0.38511897075890999531 0.4516313289318260038
1026 522 0.3850113142064309768 0.38510670511619699008 0.45162061494710598053
1025 521 0.38501297442196297238 0.38510645538685200906 0.45161803095829800014
1036 532 0.38501282600506397946 0.38510029157575098591 0.45161430321222900686
1033 529 0.38501718680209201517 0.38510143448309902547 0.45161278027162099491
1022 518 0.38501438085545397483 0.38509625676267300598 0.45160711573999201551
1006 502 0.38501378423922799632 0.38510028821294101098 0.45160704094758702398
1007 503 0.38501584095877200431 0.38510603742874999211 0.45161218472851299977
1021 517 0.38502051202441800459 0.38510384723363100257 0.45161139082257900634
1010 506 0.38502843517507001625 0.3851030919071020131 0.45160301738230901325
1022 518 0.38502805607445300673 0.38509679680325897833 0.45160172414486998704
1031 527 0.38503534050853299719 0.38509293841467101549 0.45159729455183200697
1037 533 0.38504311750074499132 0.38509313859011401471 0.45159377320859300786
1051 547 0.38504738093877899363 0.38508649120420801459 0.45159121640799299024
1069 565 0.38505285060903099437 0.38508592828412602227 0.45159409054353200075
1075 571 0.38505625405866700239 0.3850871696365140151 0.45159533985116501187
1055 551 0.38504886117320302752 0.38508922167061299113 0.45159040488873902763
1060 556 0.38504591776133001435 0.38508672401798899054 0.45159105959718698342
1075 571 0.3850452674846729928 0.38508359802212899226 0.45158859943007900739
1058 554 0.38503827934985901393 0.38508632229034001071 0.45159013185018997971
1054 550 0.38503952199411600743 0.385091252131409989 0.4515903050737860025
1043 539 0.38503676302934297659 0.38509424346288301244 0.45158853478917898583
1042 538 0.38503836817882197696 0.38509800434200197605 0.45159037796172302182
1011 507 0.38503201314632001795 0.38510233436632801407 0.45158517491950200817
1007 503 0.38502889710667498324 0.38509929243080998074 0.45158845118870299951
1043 539 0.38503714453278697905 0.38509796949958202683 0.45158837934026802019
1046 542 0.38503303529213400713 0.38509659602834800385 0.45158449880984302682
1045 541 0.38503122291480201822 0.38509738352101602343 0.45158258020710401182
1038 534 0.38502918621930098952 0.38509785124717399452 0.45158011539118098066
1038 534 0.3850255764702399941 0.38510007954441299871 0.45157456071664897612
1027 523 0.38502808037620400716 0.38509932710574601433 0.4515781464718390259
1028 524 0.385028873020939022 0.38509772576932299604 0.4515745622807529891
1039 535 0.38503141629516202116 0.38509720988901202654 0.45157875004585601442
1041 537 0.38503220821910100202 0.38509525016653700646 0.45157883028251000201
1045 541 0.38502972700146198548 0.38509132130722401044 0.45157639676805699791
1039 535 0.38502786725898302533 0.38509632678207800227 0.45157601586305401442
1045 541 0.38502906171326500839 0.38510052944629702409 0.45157585196494498536
1037 533 0.38502370353673198711 0.38510499557181099295 0.45157645960363801407
1018 514 0.38502660700331298171 0.38511448510281998114 0.4515794669585779797
1029 525 0.38502887986223000016 0.38511302496489002722 0.45157278200388201173
1038 534 0.38502589942629200648 0.38511039441099398362 0.45157706823863097423
1037 533 0.38502539461590701286 0.38510978682068902623 0.45157704550504701446
1042 538 0.3850300849369099887 0.38511649505021600115 0.45157867790595801472
1038 534 0.38502702151501999595 0.38511754601347697458 0.45158060133967697913
1036 532 0.38502956056456100198 0.38512393609491701874 0.45157788886122901539
1032 528 0.38503752211315400711 0.38512726318529100222 0.45157605114506599309
1047 543 0.38503830842996000783 0.38512512914013802279 0.45157171384208699694
1050 546 0.38503564729680600509 0.38512586706098100864 0.45157469922820797636
1046 542 0.38503473685904199275 0.38512547852947098814 0.45157397190188297564
1044 540 0.38503144500289299135 0.38512670067707399646 0.45157741593000000346
1033 529 0.38503165286366697329 0.38512926501096600429 0.45158214623208697835
1038 534 0.38503674698912998542 0.38512784869617899819 0.45158649992227001269
1015 511 0.38502894737891601995 0.38512422883037100707 0.45158444707229700166
1015 511 0.38502871060306198547 0.38512352988090797767 0.45158185031820602395
998 494 0.3850342510578499966 0.38512774971224800202 0.45158374201421702665
1002 498 0.38504148518330699735 0.38513040632812500785 0.45158589598148202171
1005 501 0.38504262742404898878 0.38513337684021697882 0.45158343129140399164
1031 527 0.38504837782070100438 0.38512958959488902133 0.45158545330758098624
1041 537 0.38505422000899697244 0.38512870952887900966 0.45158853505357798852
1033 529 0.38504959652479298082 0.38512805382946102561 0.45159264789441799781
1039 535 0.38505060650477401785 0.38512489017903800415 0.45159484584844800104
1044 540 0.38504759148363798538 0.38511895239263999047 0.45159534551438301753
1055 551 0.38504529202862297632 0.38511404980768099149 0.45159878971523997881
1044 540 0.38504532046757000696 0.38511867409281802521 0.45160442698358799207
1059 555 0.38504793965477301931 0.38511547416607999628 0.4516080657436489787
1061 557 0.38504251661145799668 0.38510909708245799621 0.45160900381926200042
1044 540 0.38502981249494899751 0.38510893962387199307 0.45161071013712500433
1043 539 0.38503918033383299768 0.38511597735881897275 0.45161635166946800801
1066 562 0.3850475113921180137 0.38511429552750897631 0.45162159807126200928
1070 566 0.38504026001369701104 0.38511029732198198694 0.45161494545104602372
1063 559 0.38503957527870702471 0.38511098406390098514 0.45161505755180197941
1068 564 0.38504009480201800697 0.38510702322851697588 0.45161524454526902339
1062 558 0.3850411478098589857 0.38511334191790197456 0.45161295004529800057
1065 561 0.38504229050383398381 0.38511027276632897598 0.45160481393374901637
1063 559 0.3850399090442799821 0.38510725150325997301 0.45159932940836000625
1058 554 0.38503079169848797303 0.38510459551405101797 0.45159769350188300185
1051 547 0.38502399350485799756 0.38510720803956699498 0.45160073723283200575
1066 562 0.38501929033350501541 0.38510003906234402393 0.45160808429466897662
1091 587 0.3850149481811540042 0.3850945807442350266 0.45161418495486999047
1089 585 0.38501426790247300636 0.38508901573485498915 0.45161800135236002118
1073 569 0.38501269226734602391 0.38509090107378801671 0.45161859927824898886
1073 569 0.38500385055980301807 0.3850838250996819756 0.45162159106379601292
1072 568 0.38500713802319297407 0.38508478115217398274 0.45162493728042402141
1065 561 0.38500780041120302721 0.38508100760471397628 0.4516275345226479776
1041 537 0.38500569672984802372 0.3850856624662339911 0.45163037414918399959
1038 534 0.38500635618351902734 0.38508425564160297938 0.45162638066908100676
1031 527 0.38500634661777100032 0.38508985538139001159 0.45162553756068701816
1018 514 0.38500001157956098563 0.38508947428186102169 0.45162088262201499633
1033 529 0.38500257899488898872 0.38509382638474598526 0.45162236685208700937
1035 531 0.3850036349490040255 0.38509482676681300317 0.45162336496539401409
1025 521 0.38500362284430000859 0.38510483356551999945 0.45162782766082298913
1024 520 0.38500810977658600498 0.38510475985234698948 0.45162922620064999135
1030 526 0.38501041128458002305 0.38510602808473798353 0.45163183808582602063
1039 535 0.38501921451568899002 0.38510404077641902099 0.45163143382339898668
1035 531 0.38501746493254102033 0.3851059308660699787 0.45163267254811201301
1040 536 0.38501411389524098361 0.38510412764957102638 0.45163115774258200119
1040 536 0.38501868284475099236 0.38510311566795202287 0.45163166842288399172
1049 545 0.38502178498062900047 0.38510300650727902205 0.4516412939230209922
1050 546 0.3850190158466049728 0.38509763891229498167 0.45164392969962602331
1026 522 0.38502305665707697857 0.38510241417633900296 0.45164549202829801233
1027 523 0.3850224174815989886 0.38510007005488999798 0.45164880753611902353
1016 512 0.38502289395258398885 0.38509954803976098603 0.45164500745470798071
1018 514 0.38502243111041400958 0.38510103419716801287 0.45164391218659399874
1011 507 0.38502259544625899723 0.38509810950889700187 0.45164507316079000043
1002 498 0.38502462837924900096 0.38510244303446600211 0.45164984046371597914
1006 502 0.38502839019049300839 0.38510477549160199162 0.45165433619546702104
1004 500 0.38503437420220698595 0.3851081267279090059 0.4516589610701919888
1010 506 0.38504328648152097436 0.3851126794990260005 0.45165741707702999896
1025 521 0.38504948580345699227 0.38511443544963197549 0.45165700985977502713
1024 520 0.38505018345842800809 0.38511169808333600706 0.45166002077051997654
1003 499 0.38504564055751799856 0.38511638116506202723 0.4516612895402229988
997 493 0.38504833170205099435 0.38511763673053001078 0.45166319146171901577
994 490 0.38505030924006200532 0.3851253414331919922 0.45166418954980397382
1002 498 0.38505095348114698472 0.38512469131004301026 0.45166685374651399654
987 483 0.38505511111601598007 0.38513283368892797798 0.45167169446367599894
1001 497 0.38505926100193199613 0.38513067330381900444 0.45166914558610399277
1015 511 0.38506425137296901307 0.3851302449759930191 0.45167202182816201805
1009 505 0.38506551945382999635 0.38513363398432998164 0.45167108282093298977
1002 498 0.38507140217795798875 0.38513533005972599987 0.45167223699331798814
1009 505 0.38507266892274699677 0.38513232860947899105 0.45167554826204897589
1009 505 0.38507136180406797976 0.38513167814409599021 0.45167866353757801789
1024 520 0.38507257834013297604 0.38513178771143402601 0.4516898013578899973
1031 527 0.38508279749087798161 0.38513708330620100018 0.45168871146349998114
1007 503 0.38507679519511700539 0.38514557201028298827 0.45168835614254498889
1038 534 0.38508261804345100821 0.38513818123517101766 0.4516844700791030065
1028 524 0.38508650034789898564 0.38514116412829602076 0.45168510974378900391
1011 507 0.38508510998461198405 0.38514379178740199006 0.45168572138690099571
1011 507 0.38509044641704098799 0.3851471272949679725 0.45168042544502901015
1020 516 0.38509648926864298302 0.38514598487554302375 0.45168054585012201718
1030 526 0.38509336432121399341 0.3851395296987700223 0.45167735078399201543
1034 530 0.3850951550619590158 0.38513923328789601008 0.45167787070085302359
1044 540 0.38510234542291799098 0.38514310462372497446 0.45167481602768200233
1038 534 0.38509403601484398783 0.3851479943127609773 0.45167265385881799622
1027 523 0.38508401065282399367 0.38514495027432898988 0.45167568021673598633
1040 536 0.38508442641832602016 0.38513853860758201497 0.45167526329251700412
1032 528 0.38507745919999897266 0.38513594018436997368 0.45167926251362300327
1041 537 0.38507615094590902372 0.3851347618299980069 0.45167985602083898788
1033 529 0.38507073653471501906 0.38513172144152701959 0.45168262892263300046
1053 549 0.38507093613139398158 0.38512262129057400761 0.45168997332220900409
1054 550 0.38507458740693201182 0.38512480750036698351 0.45168397144791500031
1051 547 0.38507783453889099512 0.38512800366713301203 0.45168397099654300497
1040 536 0.38507980648771900078 0.38513208866619397241 0.45169048667289002363
1030 526 0.38507881284927797383 0.38513727979663597845 0.45168779656893598418
1037 533 0.38507596083294998168 0.3851326061919579935 0.45168778589667202272
1027 523 0.38507814990171501668 0.38513522446946701905 0.45168714520184899408
1021 517 0.38507941101797898975 0.38514125566701901127 0.45168895922416402167
1051 547 0.38509091389267602334 0.38514171694748100538 0.45169092114152498141
1043 539 0.38508877125542401165 0.38513907196462199289 0.45169434658842200214
1027 523 0.38508791264275998856 0.38514208761305301909 0.45169820583438902162
1021 517 0.38509363467818402693 0.38514395349349400677 0.45170175816276997294
1012 508 0.38509277207553899158 0.38514449157265900903 0.45170492133558898251
1017 513 0.38509499944036801322 0.38514118817180897913 0.45170114995950899628
1027 523 0.385096602574509006 0.3851392552457509888 0.45169452012135502539
1023 519 0.38509808060374400851 0.38513816074986301219 0.4516919542484110206
1029 525 0.38509650897623798338 0.38512937962047999463 0.45169050946470401531
1037 533 0.38509939338104598461 0.38513209102151502172 0.45169092378568997947
1035 531 0.38509936755394902352 0.38513320812143697625 0.4516949274051880181
1029 525 0.3850976219778090015 0.38513511962798502308 0.451690772083328973
1059 555 0.38510583786159702235 0.38512944102863000406 0.45169364655332000513
1065 561 0.38511445372629499184 0.3851295387902909928 0.45169224824653797512
1050 546 0.38510953204687797813 0.3851325505037430097 0.4516893619264040205
1034 530 0.38510712411433500879 0.38513931178408200573 0.45168955455856402148
1026 522 0.38510340055211200738 0.38513840083501699185 0.45168961703528998086
1030 526 0.38510676440900798445 0.38514167721912301312 0.45168980957579202284
1038 534 0.38511405441787099901 0.3851404098633759987 0.45168366303467499812
1058 554 0.38511869622230798793 0.38513182439438398141 0.45167560613476698261
1071 567 0.38511778196831197851 0.38512787190325797892 0.45167253989977101947
1077 573 0.38511911883125399259 0.38512555029208500601 0.45167383370193497916
1069 565 0.38511772136155497659 0.38513226319029597589 0.45168024345159502042
1078 574 0.38511429457569401613 0.38513272024941197502 0.45168180399979102058
1080 576 0.38511110030331402454 0.38513168353779098085 0.45168668661063898773
1072 568 0.38510416523623397511 0.38512932009370998143 0.45168309436962100767
1067 563 0.38509868165135302531 0.38512713142855997672 0.45168185700232699187
1074 570 0.38509799884449702478 0.38512221649757599762 0.45168082251725699683
1067 563 0.38509519931906599499 0.38512584201343502688 0.451675110844907024
1067 563 0.3850891903031110064 0.38512290846138902412 0.45166789691311998167
1066 562 0.38508652431811302153 0.38512851998716801649 0.45167132958304501145
1071 567 0.3850874625901180015 0.38513188021540201156 0.45166969828822900457
1065 561 0.3850866826070240001 0.38514223541456499289 0.4516717194889000031
1063 559 0.3850841565373400166 0.38514062289066497424 0.45166988512988398563
1066 562 0.38508549564829702705 0.38514178134814397447 0.45167500269344501573
1059 555 0.38508221837058498327 0.3851451378185239971 0.45167953827364998309
1049 545 0.3850818012960809944 0.38514998830807301022 0.45167966688643801376
1063 559 0.38508234571185800954 0.38514692331063599129 0.45167728925567302012
1057 553 0.38507889994564997727 0.38514513358783897257 0.45167381542731299682
1057 553 0.38507756496457701267 0.38513894627457301301 0.45167605431467200416
1084 580 0.38508662970687401739 0.3851369844617130167 0.45167153186073000226
1074 570 0.3850786153109880261 0.38513906877630699199 0.45166951550020001394
1074 570 0.38507490282954398575 0.38513688359517000981 0.45166064911859099551
1061 557 0.38506922076618099737 0.38513839229596097402 0.45165985034233302464
1053 549 0.38506924199476200155 0.38514693108548297973 0.45165824178100599795
1056 552 0.38507220724201002282 0.38514685611744298166 0.45166130944470300745
1058 554 0.3850717887820919727 0.38514550424627097547 0.45166297775398800418
1058 554 0.38506601855135297319 0.38514147604520998502 0.45166343087847499183
1054 550 0.38506564704237100649 0.38514381601117197995 0.45166804236962498909
1067 563 0.38506360461474897772 0.38514357196153098384 0.45167242249579997448
1076 572 0.38506375767558198575 0.38514253369244100256 0.4516707583778999946
1063 559 0.38506216498848200303 0.38514153419208602136 0.45167283754733600354
1057 553 0.38506109340128297225 0.38514343344664997426 0.45166889341605698238
1041 537 0.38506195412290500357 0.38514703928040799896 0.45166795682828497771
1050 546 0.38506890442231100913 0.38514819357955099033 0.45166436361934397814
1049 545 0.38506520026567397919 0.38514570286708199598 0.45165973330281200537
1054 550 0.38506031891375497311 0.38513905271615600512 0.45166047077023602219
1038 534 0.3850550854766560116 0.38513392192952800031 0.45166480182111501396
1058 554 0.38505550140268901549 0.38512929327103601063 0.45166218512799899409
1068 564 0.38505210892100300013 0.38512413837098302682 0.45165744715677397236
1065 561 0.38505205075218201793 0.38512248834066797887 0.45165616390446200468
1073 569 0.38505391263547300573 0.3851239528170969928 0.45165124453631499968
1065 561 0.38504399761439600525 0.38512186452589097785 0.45165205648825901275
1055 551 0.38503816272690100098 0.38511885709447102322 0.45165214258114699808
1029 525 0.38503556310744402325 0.38513192616622798914 0.45164667519034101817
1032 528 0.38504084222383200276 0.38513505049781499023 0.45165079140153602255
1029 525 0.38504205064253999025 0.38513269258007498674 0.45165110744738701243
1045 541 0.38504487640202600396 0.38513122371277397349 0.45164827569127202755
1051 547 0.38504752813317300042 0.38513264323466900318 0.45164348143372001765
1045 541 0.38504707217901801286 0.38513646549730101709 0.45164518331477299107
1035 531 0.3850456984355760115 0.38514142462414302504 0.45164931523039097971
1038 534 0.38504720910994000294 0.38514209254966397245 0.45164948441872299068
1033 529 0.3850533140512230057 0.38514336744248800493 0.45164756294267399683
1036 532 0.38505132938220898442 0.38514185228049602205 0.45164610018378098522
1027 523 0.38505332175209100454 0.38514698063455998778 0.45164679217647202281
1025 521 0.38504709417848298481 0.38514274538009302118 0.45164833666128401113
1028 524 0.38504821507650499601 0.38514061635710900022 0.45164560975174300461
1018 514 0.38505103915203797715 0.38514714450122300438 0.45164796896858599995
1014 510 0.38505866549461398307 0.38515244184841701536 0.45164636080677400543
1025 521 0.38506471058036900734 0.38515901260839302545 0.45164838971828602521
1013 509 0.38506792595240502131 0.38516290937538699701 0.45164769768640000702
994 490 0.38506694603151297995 0.38516789492109498871 0.4516447166711939909
1007 503 0.38507189815418202405 0.38517092233001598567 0.45164773373974698156
1004 500 0.3850709146021359941 0.38517359563142400392 0.45165035637422501491
1002 498 0.38507691792770898376 0.3851763523467450212 0.45164927092229600891
1008 504 0.38508269776004200313 0.38517849843280999034 0.45164962280096399017
1009 505 0.3850915755899079751 0.3851852734879270268 0.45165099023089400054
1030 526 0.3850916814751230155 0.38517781917353399734 0.45165772810341797694
1036 532 0.3850925761090340238 0.38517464214328300809 0.451655031883855973
1038 534 0.38509525558677898394 0.38517727059661499567 0.45165132125536899821
1045 541 0.38509483635641100774 0.38517527127793999009 0.45165028240197302445
1058 554 0.38509895081848799503 0.38517571805217898362 0.45165131045167999924
1043 539 0.38509203799240299126 0.38517707647957799555 0.4516507839596279883
1034 530 0.38509162292519999449 0.38518066091937097628 0.4516544170783690082
1046 542 0.38509508520600599368 0.38517709138373301681 0.45165150443944601655
1059 555 0.38509301291596098604 0.38516960035083702696 0.45165377460419997568
1047 543 0.38509855975713802589 0.38518128852522298677 0.4516514481632409872
1041 537 0.38510315197256800301 0.38518599966651601019 0.4516494784038420085
1040 536 0.38510281999176598777 0.38519080603834099374 0.4516509256958259888
1064 560 0.38510078997218200048 0.38518432893773402181 0.45165223532210602153
1057 553 0.38509519252134399858 0.38517984282745598712 0.45165510676825898484
1041 537 0.3850966544431699834 0.38518664961942400415 0.45165994020765898309
1046 542 0.38509950055908598321 0.38518316298362997863 0.4516626913331360238
1053 549 0.38510421876074302228 0.38518347369132499569 0.45166325035015897349
1038 534 0.38510441402211198492 0.38518560879924901297 0.45165840555251801636
1019 515 0.38510234692055200778 0.38518992393962397935 0.45165596227605497859
1028 524 0.38510558406270201104 0.38519110993349098271 0.4516559195143339811
1040 536 0.38510855681803501938 0.38518858943614697754 0.45165778398887801437
1034 530 0.38511022968547697909 0.38518863504128497688 0.4516599397289249862
1035 531 0.38510629157468800887 0.38518651381227697605 0.45166129185027498183
1048 544 0.38510782718465602636 0.38518765770127200154 0.45166340077243499751
1048 544 0.38510723543175001682 0.38518836129778299959 0.45166432371650999666
1026 522 0.38510247472788100565 0.38519275983374900996 0.45166288494159800848
1026 522 0.38509623098125500551 0.38518845672494300691 0.45166391742134498477
1018 514 0.38509872856274601771 0.38519241838410300804 0.45166000903620301399
1019 515 0.38509627576307298158 0.38518546576160200834 0.45165747768427699782
994 490 0.38509247322007300607 0.38519229486509798388 0.45166108907273200268
1020 516 0.38510135301067399682 0.38518843392484097832 0.45166620252229400245
1036 532 0.3851005909674840022 0.38518210011868098119 0.45165869737345099022
1058 554 0.38510381887486400121 0.38517528256961397481 0.45165444659245002068
1064 560 0.38510665676344002506 0.38517624647027698392 0.45165454098861601562
1065 561 0.38510302719060901522 0.38517334387731899659 0.45165176693743497305
1068 564 0.38510334819467301193 0.38517457129506299518 0.45165359139898497709
1045 541 0.38509425042486000734 0.38517648453956199184 0.45165677215500399377
1061 557 0.38509526627097101503 0.38517171774183200927 0.4516525152564210277
1056 552 0.38509749382147101526 0.38517936824778598037 0.45165429362492998111
1059 555 0.3850949119222629724 0.38517747070356900263 0.45165820935548600668
1048 544 0.38509822803858201334 0.38517959568585202756 0.451657593742531005
1040 536 0.3850936929215140192 0.38518108037624299023 0.45165613189257297622
1038 534 0.38509292963659802478 0.3851875173499619831 0.45165211447970698977
1037 533 0.38509359825766498187 0.38518938917378897635 0.4516536459543459836
1033 529 0.38509140721960899434 0.38518856962331998739 0.4516621240808200155
1056 552 0.38509657612908698709 0.38518836026858299659 0.45166563604302301105
1062 558 0.38509711095040999318 0.38518615010069501281 0.45166320180954500074
1062 558 0.38510003154125999059 0.38519297030870297549 0.45166451253679501532
1058 554 0.3850905128354579765 0.38519263098648598431 0.45166741372453500514
1051 547 0.38509053766252698825 0.38519506844227902054 0.45165731927503000032
1058 554 0.38508773707680499232 0.38519438241614600837 0.4516572041441930252
1054 550 0.38508182546880498354 0.38519287425789400237 0.45165575334567997778
1079 575 0.38508985362356101811 0.38519114946593702165 0.45165357647458198587
1059 555 0.38508286328956498057 0.3851921501638940204 0.45165101875850000024
1034 530 0.38507734959248302031 0.38519635930593798534 0.45164689069197699878
1044 540 0.38507771530975798413 0.38519563188550798305 0.45164433466689701824
1044 540 0.38507812627425397345 0.38519385751342599677 0.45164621850098402023
1040 536 0.38507732829957297405 0.38519225885766600337 0.45164775675246199294
1037 533 0.38507493071530302098 0.38518958059680097339 0.4516450835981010159
1041 537 0.38507646312278098755 0.38518884609604098213 0.45164112308304898979
1040 536 0.38507804716766397268 0.38518924583617197843 0.4516441672203659885
1032 528 0.38507664217962800368 0.38519080842153202715 0.45164487948186199384
1049 545 0.38508172736688700555 0.38518306790640799431 0.45164200867728798716
1050 546 0.38508079698842800909 0.38517982608360901153 0.45163545707012597852
1069 565 0.38508436214085800531 0.38517637674868698827 0.45163753930312100504
1050 546 0.38507781336008500839 0.38518201058357898203 0.4516375176743390174
1059 555 0.38507277060819899983 0.38518163194014698458 0.45163292753441097727
1073 569 0.38507054435960502703 0.38517563060956899745 0.45163403045097499922
1054 550 0.38506382940466399312 0.38517676054970301225 0.45163757991796499303
1052 548 0.38506479979449997897 0.3851846855200560249 0.45163778484927097345
1050 546 0.38506357270318597452 0.3851836988873830192 0.45163771785320899754
1055 551 0.38506717861040601347 0.38518621337639602498 0.45163968008667798593
1012 508 0.38506111626830702432 0.3851949826602499849 0.45164318167894401679
1033 529 0.38506130598649601637 0.38519244284895698405 0.45164166517395498701
1046 542 0.38506633270244600142 0.3851936152139799896 0.45163619215490902192
1040 536 0.3850603988589039739 0.38519210798396502637 0.45163965643864301125
1057 553 0.38505709408821697792 0.38518723595645498747 0.45164219647975800687
1056 552 0.3850547411786889862 0.38518888270603501844 0.45163468013455299044
1067 563 0.385055147666782005 0.38518936459259101035 0.45163399847987500957
1067 563 0.38505348852834497819 0.3851898463455200039 0.45163371503782701044
1057 553 0.38504958432115998779 0.3851980151616479775 0.45163110653498500513
1058 554 0.38504767189606597944 0.385194438458282995 0.45163290407275302751
1065 561 0.38504584693083399038 0.38518888018526398209 0.45163822846163098612
1055 551 0.3850391949085090193 0.38518478623077800904 0.45163370310041800471
1058 554 0.38503926199199101088 0.38518595805074901106 0.45163402576800099064
1047 543 0.38503821480829597546 0.38518501069273097803 0.45163295597979302709
1053 549 0.38503785682776497934 0.38518169995609802259 0.45163055753414399485
1056 552 0.38503714838385999508 0.38517993525998500681 0.45163267919307298337
1054 550 0.38503541317590500581 0.38517886866646999788 0.45163089596100697287
1056 552 0.38503165134562500338 0.38517245013252399133 0.45162830017113198
1062 558 0.38502917782553297554 0.38517133921443702516 0.4516240156927729954
1072 568 0.38501921001585998061 0.38516825244514102389 0.45162096089911002439
1070 566 0.3850111454922540144 0.38516300422414900817 0.45161544121669600083
1075 571 0.3850084606911440277 0.38516849752592502432 0.45161278582671998683
1099 595 0.38500934614973597592 0.38516605558786198849 0.45160751264214599177
1111 607 0.3850036472502499918 0.38516266424076101016 0.45160253880600298437
1070 566 0.38499244924191200479 0.38517137096752601666 0.45159871274648100137
1078 574 0.3849872299682829957 0.38516724575739502701 0.45159491480643099148
1083 579 0.38498278935445801041 0.38516126792715199567 0.45159542265762797619
1091 587 0.38498161514954998275 0.38516162367633899333 0.45159747331284699756
1079 575 0.38497102782715697522 0.38516008456325701026 0.45159539135565901491
1087 583 0.38496775387063397744 0.38515747599613997521 0.45159747772696501311
1074 570 0.38496349173862398629 0.38515830075190798931 0.45159625317584101145
1080 576 0.3849635722493209844 0.38515693669749800909 0.45159296389679198791
1096 592 0.38496786505985397531 0.38515656730073100089 0.45158615908817800744
1095 591 0.38496145682025201262 0.38514982184687002187 0.4515867758892649908
1076 572 0.38495797394692699012 0.38515198120836402484 0.45157974834786102081
1074 570 0.38495646880755002295 0.38514962880760800212 0.45157609391114300612
1078 574 0.38495517654361899318 0.3851430571449260265 0.45157526091372501842
1084 580 0.38495349434429498858 0.38513885193056301981 0.45157832049524698759
1046 542 0.38494825575629398884 0.38514492044794701453 0.45157474861096502661
1070 566 0.38494898044591702169 0.38514124502158697538 0.4515689890510750093
1076 572 0.38494198087046599399 0.38513214855871502618 0.45156317708064802607
1069 565 0.38493785718010697927 0.38513513135972499146 0.4515601493105639852
1077 573 0.38494317706306901972 0.38513467085185398853 0.45155627583510798972
1078 574 0.3849445066737109955 0.38513391231274701765 0.45154833444770597906
1092 588 0.38494793380572100983 0.38513250869556298062 0.45154575079670600246
1083 579 0.38495174976779200637 0.3851402552306320004 0.45154582337364601585
1089 585 0.38495474804024198967 0.38514396681614398998 0.45154765086354198278
1062 558 0.38494621018149299818 0.38514422950756099784 0.45154397048863698094
1077 573 0.38494401877446998705 0.38514158829158801067 0.45153723311970500598
1071 567 0.38493646891199601034 0.38513971319509998636 0.45153184646136101943
1077 573 0.38493736440636200369 0.38514024042469702236 0.4515302743922690043
1070 566 0.38493573473891001813 0.38514184197304701662 0.45153032208843202344
1063 559 0.38494036214466498258 0.38514584035307797283 0.4515300725419120198
1051 547 0.3849387348561870148 0.38514443299700901191 0.45152913129366001321
1033 529 0.38493354706379201424 0.38515096605201298852 0.45152685954718801975
1019 515 0.3849335918114940025 0.38515234653797197906 0.45151923207112998337
1035 531 0.38492947558950302289 0.38514464006811999219 0.45151600077545300804
1047 543 0.38492754559139097381 0.38513899233324200289 0.45151540305073600834
1034 530 0.38492681789036597984 0.38514011408878501275 0.45151345767617101501
1021 517 0.3849246348625000036 0.38514128072207298725 0.45151177358568400644
1048 544 0.38492527470671400458 0.38513478497073899698 0.4515090935413990092
1057 553 0.38492822620381500487 0.38513720195904099786 0.45150878478455097609
1053 549 0.38492249163918701438 0.3851338741295239898 0.45150580057628597608
1062 558 0.3849260431556489892 0.38513560559746801149 0.4515006177138349841
1053 549 0.38492454373872098117 0.38514294752813998945 0.45150291338418901965
1052 548 0.384921674321342 0.38514424455702800376 0.45149702231553501264
1057 553 0.38492484050061898104 0.385141812913310011 0.45148828856886702443
1043 539 0.38491996203922701492 0.38514897786465901453 0.45148844898154399941
1040 536 0.38492102976739200892 0.38515361334936498716 0.45148517329790499586
1061 557 0.38492295071558901842 0.385149816444308013 0.4514839976305949909
1068 564 0.38492414782636097392 0.38514301613779300393 0.45147814007610898024
1061 557 0.38492119716938499874 0.38514435339184599494 0.45147274158250999543
1054 550 0.38491940255368201074 0.38514663380608898935 0.45147463516318198096
1060 556 0.38491923079679102315 0.3851439486603129847 0.45146870973431502128
1048 544 0.38491927506661499647 0.38515342132025998101 0.45147120491145897869
1065 561 0.38491589708825402205 0.38514633229432299055 0.45147088325224998817
1069 565 0.384914961274142986 0.38513928652229101335 0.4514678386779170105
1054 550 0.38491159131175700647 0.3851403677796579883 0.45146587911623597966
1073 569 0.38491376893750900434 0.38513666378147998204 0.45145959229277798919
1047 543 0.38490271354185501274 0.38513616034313097325 0.45145542096393498355
1027 523 0.38488939548459599749 0.3851366858737360066 0.45145401794738199142
1045 541 0.38488286542735999918 0.38512716850986900008 0.45145053714948402135
1044 540 0.38487638311366201282 0.38512590452623801651 0.45144567076001801409
1053 549 0.38487988710897902411 0.38512223898516800835 0.45144398260080897956
1070 566 0.38488360355862100137 0.38511926482173197694 0.45143833033284197498
1053 549 0.3848769580896759801 0.38511539106548897671 0.45143766617097602634
1045 541 0.38486945702440000794 0.38511592267543298673 0.45143878255631597618
1050 546 0.38486613604855901549 0.38511170909368297455 0.45143705183138399528
1076 572 0.38486827336062401361 0.38510258707473599138 0.45144031403739998121
1057 553 0.3848624831998749829 0.38510174450851297756 0.45144037269944797819
1067 563 0.38486342828211000944 0.38509497035553902355 0.45143982291376000271
1058 554 0.38486262702691598214 0.38509400169095098221 0.45143963130254999294
1071 567 0.38485718084495701419 0.38508685842274797961 0.45143842263741101872
1076 572 0.38485689090541297386 0.38508675246390700053 0.45143603285119998647
1049 545 0.38484646250362902764 0.3850901844507130245 0.45143704058420197622
1041 537 0.38484233982278398534 0.38509237893837600097 0.45143569671976702118
1043 539 0.38483953715099300519 0.3850939770203560264 0.45143218109594301923
1021 517 0.38483886897135199945 0.38509949323375902708 0.45143528005144500925
1050 546 0.38484109122247001089 0.38509691710029997358 0.45143684130334998938
1038 534 0.38484067634497298727 0.38510076867162901237 0.45143874083266399833
1058 554 0.38484106984140498131 0.38509217640703702346 0.45143679951251902693
1075 571 0.38484172134037797353 0.38508487010425501706 0.4514355484430589982
1073 569 0.38483956143876901779 0.38508015370343301464 0.45143368724154098182
1054 550 0.38483255607855199054 0.38507723447063402222 0.45143333852761702296
1055 551 0.38483388888959801921 0.38507627685619699731 0.45143695298704100693
1047 543 0.38483198725885597868 0.38507578400567898935 0.45144326088538100361
1049 545 0.38483438212377202303 0.38507554914230401888 0.45144182963196000102
1029 525 0.38483716152580099701 0.38508276587478001973 0.45144116697540398464
1026 522 0.38484176777845602313 0.3850870890350819864 0.45144282471011498714
1043 539 0.38484011905036702439 0.38508068198463801801 0.45144638955710897354
1036 532 0.38484149005461198989 0.3850856814615349899 0.45144338811071599293
1054 550 0.38483898968569002497 0.38508447266603301751 0.45144152025105299675
1048 544 0.38484159583644700353 0.38508355301535801551 0.45143805737842002124
1042 538 0.38484717585195898915 0.38508667751209102459 0.45143703887141700681
1078 574 0.38485619209345900416 0.385078529832384997 0.45143718774048702258
1063 559 0.3848485534587680057 0.38508148582341000798 0.45143363693601501474
1087 583 0.38485586691852902153 0.38508210553766697437 0.45143243161090201854
1068 564 0.38484819040825701819 0.38508425324770700904 0.45142641508170500142
1074 570 0.38484191282179802673 0.38508163816942497792 0.45142740185063401359
1053 549 0.38483479232219902633 0.38508288941755497437 0.45142233137998499792
1054 550 0.38482788305518100813 0.3850787856077709792 0.45141769775669299269
1052 548 0.38482768514308002272 0.38507859536186500593 0.45141259535185601637
1051 547 0.38482731683183102334 0.38507831940328701714 0.45141386116734999456
1065 561 0.3848248258847600245 0.38507316092288301768 0.45141161876978702638
1071 567 0.38482174077521297262 0.38507076218108399202 0.4514147531304700256
1048 544 0.38481636848594097389 0.38507720022555097517 0.45141281399111699013
1039 535 0.38481718983453899741 0.38507976790753400964 0.45141081226331697396
1044 540 0.38481949603753301536 0.38507524324219499778 0.45141060036540497924
1052 548 0.38481989103259500729 0.38507905138318698768 0.45141358350909799313
1028 524 0.38482003638769601839 0.38508433637827099716 0.45141878161936699332
1001 497 0.38482255487669797533 0.38509088821980397288 0.45142072113273501444
1006 502 0.38483172535149301474 0.38509536461459098478 0.45142218903836101029
1012 508 0.38483220352408697984 0.38509610795716997522 0.45142442999217602395
1010 506 0.38484289760076501041 0.38509960242857399493 0.45142782642143097771
1027 523 0.38484447404042299024 0.3850964394430759774 0.45142909585573498532
1037 533 0.38484609339397202188 0.38509633281747102096 0.45142859662269702037
1041 537 0.38484601534043699766 0.38509995599643098707 0.4514282203286780204
1029 525 0.38484856826656799189 0.38510633488258000368 0.45142136780450198286
1052 548 0.38484861829770700137 0.38510258387754997544 0.45141624070584301931
1057 553 0.38485286306735899675 0.38510277087227900994 0.45141444673176900348
1064 560 0.38485714836022100194 0.38510295781527298375 0.45141657928117101539
1044 540 0.38484314738583502713 0.38509971180264601642 0.45141215668694600893
1048 544 0.38485319142944901527 0.38510116871274902017 0.45140609303758799653
1052 548 0.38485569623574400477 0.38510504442386100932 0.45140349293231402106
1035 531 0.38485092498760498092 0.38510811160632801853 0.45140097378860499777
1038 534 0.38484611336053498043 0.3851069091219400109 0.45140341994164800976
1035 531 0.38483960846374998255 0.38510370576342201066 0.45140658980238901332
1036 532 0.38483420504112497706 0.3851000382113120013 0.45140801072684300088
1050 546 0.38483388040423399667 0.38509260691628000028 0.4514063900261670037
1027 523 0.38483195166466099835 0.38509440193736699243 0.45140651737802900412
1037 533 0.38483369761793201347 0.38509548545159000277 0.45141504517897101945
1026 522 0.38483320337314297355 0.38510122063474300225 0.45141433693320598408
995 491 0.38483194837883200057 0.38511274687257701643 0.45142253122298597878
1006 502 0.38483897585303400435 0.38511454161327302037 0.45142431324158799333
1016 512 0.38483915530767698332 0.38511553658605301997 0.451427300905238027
1016 512 0.38483789844349697296 0.38511317961095797857 0.45143025947872000847
1033 529 0.38484678087150497872 0.3851092999095460101 0.45143344806474000608
1024 520 0.38484919862297201076 0.38511176322110302062 0.45142948351986800226
1010 506 0.38485043625368697828 0.38511473820009600733 0.45143169815578998438
1030 526 0.38485411696749399768 0.38511988100105298827 0.45143461212357000045
1009 505 0.38485383182062699037 0.38512644522151501247 0.45143211156015999874
1012 508 0.38485801992847201713 0.38512704799545399714 0.45143102847986299464
994 490 0.38486254791405699605 0.38513382088694597671 0.45142874242541597418
998 494 0.38486479547170299176 0.38513278167395098572 0.45143214301681500178
1004 500 0.38487185310233601454 0.38513313459116199633 0.45142652947116601592
1035 531 0.38487426114587697246 0.38512588338594999637 0.45143225493422900474
1029 525 0.38487452008979100571 0.38512771031914300179 0.45142904807309497395
1029 525 0.38487557977124198239 0.38512810094311200615 0.45142923143218599558
1048 544 0.38488081401702500806 0.38512794976747499742 0.45143098222647198847
1059 555 0.38488183106329598715 0.38512585510859398408 0.4514289193628939767
1056 552 0.38487660799813999679 0.3851243506933340055 0.45142622867637599571
1053 549 0.38487041657489401425 0.38512483412686099316 0.45142476870785702703
1051 547 0.38487029552785601005 0.38513021147683601519 0.45142382141438702758
1048 544 0.38487405454602102717 0.38512481120155200864 0.45142000776857399424
1041 537 0.3848682877126680113 0.3851205169555430019 0.45142019213626299878
1038 534 0.38486408268939198418 0.38511305915956300927 0.45142075701527900611
1074 570 0.38486960455025398531 0.38510704455658201217 0.45141650371774000305
1074 570 0.3848629564693459848 0.38510394350900201133 0.45141325208930899171
1057 553 0.38486334615485701116 0.38510602253598502642 0.4514149761053329879
1060 556 0.3848658389320619988 0.38510494141152101788 0.45141649616110701704
1037 533 0.3848640802681529971 0.38510477954756699992 0.45141869493856301432
1051 547 0.384861857651276007 0.38509906991098902251 0.45141556062431698049
1034 530 0.38486090090187302648 0.38510233290061701705 0.45141837078316299214
1026 522 0.384861414831774995 0.38510888567818202244 0.4514219216061209905
1028 524 0.38486180090140498233 0.38511004036106799564 0.45142368679124600384
1048 544 0.38486883486660100617 0.38510736071129497704 0.4514259018979129845
1048 544 0.38486707544073900378 0.38510514437718401659 0.45142814298574801546
1033 529 0.38486451963546097765 0.38510781597341797733 0.45142848700284898822
1039 535 0.38486713693496699129 0.38510733119569701133 0.45142988139979201012
1027 523 0.38486731691615799766 0.38510730544093402239 0.45143224600822601245
1039 535 0.38486997455004601232 0.38510062654501098223 0.45143250023439002172
1057 553 0.38487166244455700559 0.38509538398202297627 0.45143121058754498431
1051 547 0.38486893874460897935 0.38509822848347802227 0.4514321366643360145
1033 529 0.38486503675181998885 0.38510371602802301316 0.45143642889739798996
1041 537 0.38486122029532798816 0.38509759170382401594 0.45143576556293202318
1042 538 0.38486110094508302337 0.38510068274112502218 0.45143956263782297755
1035 531 0.38486829708926700855 0.38510284208254297322 0.45143897866932697349
1019 515 0.38486965515676202498 0.38509965823628999892 0.45143547840205999755
1017 513 0.3848730227197409981 0.38510072361331898483 0.45144274570373899014
1046 542 0.38488239289117098796 0.38510306220885498485 0.45143923652971401639
1046 542 0.38488374124135399379 0.38510922300888300596 0.45144123417612397331
1036 532 0.38487832966268198387 0.38510881677955999258 0.45143891375024902679
1033 529 0.38487623700219197875 0.38510727706987901708 0.45143826798966002478
1011 507 0.38487562047869000592 0.38510518793060499743 0.45144201829315100394
1007 503 0.38487822709098901131 0.38510995017217297676 0.45144065800304300495
1008 504 0.38487735186712801472 0.38510407841869598311 0.45144056597530402009
1016 512 0.38488021429029600773 0.38509855108852097949 0.45143319640949802762
1013 509 0.38487959202461902164 0.38509491102991399991 0.45143646838447598624
1013 509 0.38488005862906898846 0.38509703031469899592 0.45143106256789200526
1019 515 0.38488102909998200829 0.38509532762503900782 0.45143486232914198375
1029 525 0.38488556426304498803 0.38508912649626197977 0.45143703247919197974
1039 535 0.38488124599703799067 0.38509171345235099215 0.45144069797933800148
1046 542 0.38488292375063398731 0.38509794676834901983 0.45144588326255402633
1051 547 0.38488439507917099336 0.38509981345145799514 0.45144826288866002351
1035 531 0.38487962585598600729 0.38509806745553498697 0.45144788160483501072
1034 530 0.38488449308713501562 0.38510135652942201201 0.4514468137063950004
1045 541 0.38488185699721899624 0.38509877753844001802 0.45144845406746497707
1049 545 0.38488412304638397465 0.38510051435056902314 0.4514496799332399779
1042 538 0.3848820322822529838 0.3851045163652149772 0.45145217114585600715
1043 539 0.38487826389926599324 0.38510961113934100153 0.45145428349833000015
1054 550 0.38487743351514097645 0.38510695128843902557 0.451450994234684988
1057 553 0.3848835127055409977 0.38510549700645702043 0.45144997967045097376
1028 524 0.38488134467846502051 0.38510609079275698319 0.45144878030039697903
1019 515 0.38488101722618700551 0.38510581144243200002 0.45144900468378201808
1018 514 0.38488235946990201342 0.385110604571285986 0.45144794581692299085
1036 532 0.38488859923775198268 0.38510911354956800512 0.45144309519532999087
1047 543 0.38489132131567299622 0.38511126978633497542 0.45144447885589800151
1041 537 0.38489492690546400766 0.38511665242560799705 0.45145092003743897413
1013 509 0.38488598144033697723 0.38511494440611998558 0.45145605841906000233
1022 518 0.38489092262425900204 0.38511286513327802616 0.45145643084998199335
1038 534 0.38489845356264101861 0.38511061732513801603 0.45146106669062502359
1033 529 0.38489448545637899857 0.38510619306205401413 0.45145930621988800135
1018 514 0.38490076072822498876 0.38511704802874602294 0.45145771254930699978
1007 503 0.3848999698399440117 0.38511823079823598315 0.45145391778416998907
1015 511 0.38489930424414497967 0.38511108717321801409 0.45144923852404900133
1003 499 0.38490294603540697871 0.38511578773279697696 0.45145161987386900337
1033 529 0.38491397854114201005 0.38511321052295699463 0.45145176431055999977
1032 528 0.38491155272870297699 0.38511820696707599332 0.45145340724385601971
1036 532 0.38491439631009199962 0.38511738628513997318 0.45145240391787599954
1025 521 0.3849072134942719825 0.38511886898294500625 0.45145169891670999807
1035 531 0.38490792210288399255 0.38511704212973901784 0.45145355083185001455
1037 533 0.38490174184761899445 0.38511559751086799075 0.45145683145969101036
1041 537 0.38490003023034097263 0.38511293444770500205 0.45146275566540999824
1028 524 0.38490036885129397248 0.3851180077646390032 0.45145982468189499448
1042 538 0.38490980249147499492 0.38511897938328998325 0.45145676140571799895
1067 563 0.38491368553520100004 0.38511386106321798817 0.4514547083252929971
1048 544 0.38490634406323998018 0.38511324751486297746 0.45145732123860399243
1033 529 0.38490017318010999459 0.38511246892888800764 0.45145653726652001936
1056 552 0.38490355258356301338 0.38510584228544597618 0.45145333645183799431
1050 546 0.38490814438128301278 0.38511032555532798138 0.45144795815369698211
1034 530 0.3849053534976319968 0.38511368145719798717 0.45144808571205502501
1047 543 0.38490585675374400232 0.3851083554695630129 0.45144696243114801337
1031 527 0.38490173536958399714 0.38510494539019901605 0.45144475468935102436
1027 523 0.38490478304039299484 0.38510700642451800579 0.45144448906455997284
1039 535 0.38490532299076701817 0.38510769204037897939 0.45144533290809302217
1048 544 0.38491174689015500432 0.38510608288060199644 0.45144454360022001627
1066 562 0.38491258216562201921 0.38509963625612797511 0.45144239004799302517
1038 534 0.38490470993178699244 0.38509897840790402457 0.45143564554984799697
1049 545 0.38491000322218299479 0.38509912246004801561 0.45144146507207000285
1039 535 0.38490592397869899388 0.38509291850173099636 0.45144098035962798576
1030 526 0.38490455298767800585 0.38509389499547297397 0.45144270779140999172
1040 536 0.38490551124814298412 0.38509379053363301804 0.45143797738109198159
1050 546 0.38490780304592298044 0.38509043098587197873 0.45143861218963698967
1051 547 0.38490172689603302514 0.38508378065822401748 0.45144464561232400257
1049 545 0.3849009371908380106 0.38508196143958201008 0.45143996798554697492
1048 544 0.38490335524258900701 0.38508406593504801441 0.45143855093418600033
1049 545 0.38490181630881198371 0.38508800675975102257 0.45144505369116599836
1056 552 0.38490228013889499215 0.38508027718558102137 0.45144770523105998139
1048 544 0.38490323983336199865 0.38508700582328397877 0.45144340690507800407
1055 551 0.38490066282445101198 0.38508206973266900786 0.4514457689192820089
1067 563 0.3849014551789439742 0.38507529913370802666 0.45144115674523699333
1076 572 0.38490021327819701202 0.38506436811079597371 0.45143721036406597724
1090 586 0.38490262513195699912 0.38506710138035499247 0.45143836831650402397
1087 583 0.38489793050497800309 0.38506691978480001026 0.45143954443394401777
1090 586 0.38489165672749398039 0.38505961695355900298 0.45144112046065998367
1086 582 0.38488396973271798984 0.38506010173289001441 0.45144110021588801374
1070 566 0.38487333668272100118 0.38505871171222000315 0.45144388811101798797
1074 570 0.38486793951044301343 0.38505757384462302451 0.45144357097245502164
1072 568 0.38486566188741200278 0.38505634924777398798 0.45144499735423399001
1073 569 0.38486662684766698161 0.3850567502823269983 0.4514483856567420017
1074 570 0.38487016528324702325 0.38505889438782098244 0.45145008115730600462
1074 570 0.38486090707988002135 0.38505750543949601727 0.45144984067732002453
1072 568 0.3848642410093829902 0.3850550327253859928 0.45144843475042800707
1063 559 0.38485349465174101269 0.38505285572204500655 0.45144667128808702028
1038 534 0.38485089049055698496 0.3850612352529679816 0.45144587568656602272
1020 516 0.38485206589697501522 0.38506691102714402097 0.45144943539313198144
1053 549 0.38485551839949400099 0.38505771033254798663 0.45145338455392397536
1041 537 0.38485681378623598503 0.38506483790637602294 0.45145541710536801761
1050 546 0.38485242233819799695 0.38506490841077301024 0.45145277486531498745
1024 520 0.38484965335714299561 0.38507427706141300616 0.45145496413643299016
1020 516 0.3848518641144659802 0.38507425615585799683 0.451460791108732995
1023 519 0.38484892762016598144 0.3850702885556520072 0.45145994065269701156
1038 534 0.38485573981338300209 0.38506482675508602043 0.45146217127432197724
1030 526 0.3848522628838370041 0.38506874955452302656 0.45146221635725097832
1025 521 0.38485733179747699806 0.38507296282304698254 0.45146170635133198168
1012 508 0.3848585847425179951 0.38507663212512299733 0.45146429187684700146
1019 515 0.38486621974446300065 0.38507631619246301957 0.45146331981994797244
1014 510 0.38486527546923399168 0.38507804050479699232 0.45146443627412402577
1033 529 0.38486764495149100584 0.38507179810214797744 0.4514610833247220123
1040 536 0.38487030435274699469 0.38507003577536297323 0.45146106043988698531
1022 518 0.38486372494988502213 0.385071258068256983 0.45146357498115302631
1034 530 0.38486804201183000274 0.38506949948060797961 0.45146288346058299767
1078 574 0.38487193816057302387 0.38505836970188500601 0.45146595281937901278
1054 550 0.38486731256378398092 0.38505938870868799961 0.45145888494138297631
1055 551 0.38486885128528297573 0.38506077910186997659 0.45145239031962802745
1080 576 0.38486968501585699931 0.38505392538527200008 0.45144823445298198905
1083 579 0.38486633951034998624 0.38505142391615698738 0.4514411967961239891
1084 580 0.38486071552676498486 0.38505352380038898596 0.45144197497221399962
1060 556 0.38485617242289799078 0.38505627636587297369 0.45144242233709097611
1020 516 0.38484795024059598179 0.38505815528412301596 0.45144426740053100744
1031 527 0.38485192997078498944 0.38505826041001400828 0.4514470668101590034
1021 517 0.38485177306621798365 0.38506449525269698109 0.4514527818326670161
1011 507 0.38485488946588497505 0.38506198825351700687 0.45144955040562601001
1023 519 0.38485787458021197827 0.38506346324515100532 0.4514491126192820003
1014 510 0.38484679905271801381 0.38506547604931501416 0.45145223104985099383
1019 515 0.38485024208571400051 0.38506288952796302594 0.45145509805285499727
1033 529 0.38485103812771298548 0.38505840511770600409 0.45145536316315598713
1054 550 0.38485402214778602348 0.38505814528985199408 0.45145606143642097452
1053 549 0.38484564089347400584 0.3850562686822809888 0.45145520685099699287
1046 542 0.38484933125617198924 0.38505873241234001014 0.45145443991151601448
1046 542 0.38484599479020098478 0.38505826247239299809 0.45145926384107998297
1042 538 0.38484389599489599032 0.3850684263417969988 0.45146093153667199438
1036 532 0.38484229719935597602 0.38506795212416400354 0.45146089177985199159
1023 519 0.3848402824675319911 0.38507744468273802374 0.45146403090148301551
1020 516 0.38484231680902797335 0.38508292519296999368 0.45146596583035497607
1015 511 0.38484418632464301169 0.38508517643092798899 0.45146943318494198172
1006 502 0.38484163709354302085 0.38508597856922999192 0.45147696091317301992
985 481 0.38483888362738699618 0.38509364491152597854 0.45148282493762498246
993 489 0.38484640715361800867 0.38509064185781999301 0.45148413225009498273
995 491 0.38485368168121097954 0.38509102921132098984 0.45148583780220302719
1000 496 0.38486020988609698223 0.3850929875729859897 0.45149400019684399199
1003 499 0.38486327339401299463 0.38508945222472801273 0.45149663903164999335
1000 496 0.38486287013139802715 0.385086701540003018 0.45149816903852402206
1027 523 0.38486708421642601419 0.3850834245955540025 0.45149747564011599721
1032 528 0.38486494541991400631 0.38508022202675301626 0.45149967064950402573
1033 529 0.38486936610487498811 0.3850803638320969835 0.45150081039351297463
1037 533 0.38487011344419902459 0.38508410181813101936 0.45150016798265701912
1030 526 0.38486802092182298418 0.38508304990055802763 0.45149720890243699722
1049 545 0.38486959484852500957 0.38507667670761702716 0.45149495079989998558
1054 550 0.38486708705789102192 0.38507021552767001227 0.4514984587517589798
1051 547 0.38486557191572501324 0.38506800993485901241 0.45149512914610800962
1067 563 0.38486491871108602369 0.38506514852728201959 0.45149057270594300517
1074 570 0.38486207974892899797 0.38506760665917100228 0.45148898947494497946
1061 557 0.38485879408748902009 0.38506609851977402492 0.45148853914850201052
1084 580 0.38486028348536999166 0.38505812130271899196 0.45149139798527798684
1068 564 0.38485415710962500579 0.38506053620440500174 0.45149312488740100946
1040 536 0.38484630188989898958 0.3850676473013510126 0.45149162009665200213
1041 537 0.38484071259107899277 0.38506519776321701531 0.45148922658089901683
1037 533 0.38484117574019599539 0.38506839282335597607 0.4514858577883150148
1039 535 0.38484414671469402425 0.38507418232288798121 0.45148809284809299225
1057 553 0.38484740694758501345 0.38506921792243098412 0.45149168348940699191
1044 540 0.38484503275818399137 0.3850671756450809724 0.45149520428376499481
1035 531 0.38484467505833802603 0.38506645419295898458 0.45149204412575000278
1042 538 0.38484822398163998081 0.38506210825946202148 0.4514889017893439771
1052 548 0.38485407410951000262 0.38506443971553599992 0.45148769361002599743
1059 555 0.38485696156701898474 0.38506602921193899824 0.45148789186444798771
1061 557 0.38485433821221598505 0.38506683707061900579 0.45149154049849399284
1064 560 0.3848505236919270156 0.38507065573056797891 0.45148872022828201445
1072 568 0.38485320315576898587 0.38507397201616699878 0.45148951277767301882
1065 561 0.38485288193670702528 0.38507860013418199197 0.45148528613765398498
1060 556 0.38485264337009500446 0.38508038633347502211 0.45148035349399501248
1045 541 0.38485006452033398983 0.38508662006047700288 0.4514813024332500202
1035 531 0.38484399248486000911 0.38508708930624002686 0.45148183626642401922
1031 527 0.3848449882072469963 0.38509266289506799419 0.45148326724072201932
1040 536 0.38485083073485598648 0.38509058093027098701 0.45148629162493997269
1019 515 0.38485240444316898278 0.38509450240685499933 0.45148668814272602257
1007 503 0.38485693285936001251 0.38509595290681497559 0.45148614483093402194
1012 508 0.38485768051290697445 0.3850985249972420088 0.45149127892138801732
1013 509 0.3848687317466000235 0.38510367497663100522 0.45148526588357801304
1012 508 0.38487194358358201018 0.38510636820115401457 0.45148602495320300232
1017 513 0.384878353779993021 0.3851063829785180137 0.45149068286496701896
1007 503 0.38488201459321097486 0.38510836827728400777 0.45148845250353197844
1022 518 0.38488780417017698365 0.38511085417641899298 0.45148935613810198264
1028 524 0.38489006828182198428 0.3851074225266200024 0.45148290156230197478
1028 524 0.38489351718527897717 0.38510961251058600796 0.45148300433246202346
1051 547 0.3848963053791200073 0.38510728935541799212 0.45148208291799601932
1058 554 0.38490012255110100936 0.38511084161893799349 0.45147933081327801252
1080 576 0.38490061410622800064 0.38510675543096301032 0.45148152454244599996
