LJ_3n			
N	4000	R	1	30
			
1	1	1.43868E+12	1.64772E+13
2	1.007251813	1.31919E+12	1.50049E+13
3	1.014503626	1.21038E+12	1.36733E+13
4	1.021755439	1.11122E+12	1.24681E+13
5	1.029007252	1.0208E+12	1.13765E+13
6	1.036259065	9.38303E+11	1.03871E+13
7	1.043510878	8.62978E+11	9.48983E+12
8	1.050762691	7.94159E+11	8.67544E+12
9	1.058014504	7.31247E+11	7.93582E+12
10	1.065266317	6.73698E+11	7.26366E+12
11	1.07251813	6.21023E+11	6.65241E+12
12	1.079769942	5.72781E+11	6.0962E+12
13	1.087021755	5.28572E+11	5.58975E+12
14	1.094273568	4.88037E+11	5.12832E+12
15	1.101525381	4.50847E+11	4.70765E+12
16	1.108777194	4.16708E+11	4.32391E+12
17	1.116029007	3.85352E+11	3.97364E+12
18	1.12328082	3.56536E+11	3.65374E+12
19	1.130532633	3.30039E+11	3.3614E+12
20	1.137784446	3.05663E+11	3.0941E+12
21	1.145036259	2.83225E+11	2.84955E+12
22	1.152288072	2.62561E+11	2.62568E+12
23	1.159539885	2.4352E+11	2.42065E+12
24	1.166791698	2.25966E+11	2.23275E+12
25	1.174043511	2.09774E+11	2.06047E+12
26	1.181295324	1.94832E+11	1.90241E+12
27	1.188547137	1.81036E+11	1.75734E+12
28	1.19579895	1.68293E+11	1.62411E+12
29	1.203050763	1.56515E+11	1.50169E+12
30	1.210302576	1.45625E+11	1.38916E+12
31	1.217554389	1.35551E+11	1.28565E+12
32	1.224806202	1.26228E+11	1.1904E+12
33	1.232058015	1.17595E+11	1.10271E+12
34	1.239309827	1.09598E+11	1.02194E+12
35	1.24656164	1.02187E+11	9.47497E+11
36	1.253813453	95316330275	8.78865E+11
37	1.261065266	88942964126	8.15557E+11
38	1.268317079	83028697362	7.57133E+11
39	1.275568892	77538112542	7.03191E+11
40	1.282820705	72438703562	6.53365E+11
41	1.290072518	67700621781	6.07321E+11
42	1.297324331	63296445552	5.64752E+11
43	1.304576144	59200970859	5.25379E+11
44	1.311827957	55391021055	4.88946E+11
45	1.31907977	51845273842	4.5522E+11
46	1.326331583	48544103858	4.23986E+11
47	1.333583396	45469439386	3.95047E+11
48	1.340835209	42604631855	3.68224E+11
49	1.348087022	39934336920	3.43353E+11
50	1.355338835	37444406050	3.20281E+11
51	1.362590648	35121787639	2.9887E+11
52	1.369842461	32954436760	2.78993E+11
53	1.377094274	30931232771	2.60532E+11
54	1.384346087	29041904045	2.4338E+11
55	1.391597899	27276959183	2.27438E+11
56	1.398849712	25627624117	2.12614E+11
57	1.406101525	24085784570	1.98826E+11
58	1.413353338	22643933405	1.85996E+11
59	1.420605151	21295122405	1.74054E+11
60	1.427856964	20032918107	1.62933E+11
61	1.435108777	18851361326	1.52573E+11
62	1.44236059	17744930044	1.42919E+11
63	1.449612403	16708505367	1.3392E+11
64	1.456864216	15737340288	1.25529E+11
65	1.464116029	14827031005	1.177E+11
66	1.471367842	13973490585	1.10395E+11
67	1.478619655	13172924758	1.03576E+11
68	1.485871468	12421809670	97208553687
69	1.493123281	11716871421	91260513475
70	1.500375094	11055067247	85702576411
71	1.507626907	10433568193	80507458398
72	1.51487872	9849743164	75649901338
73	1.522130533	9301144229	71106514031
74	1.529382346	8785493090	66855626237
75	1.536634159	8300668594	62877154769
76	1.543885971	7844695228	59152480560
77	1.551137784	7415732503	55664335774
78	1.558389597	7012065152	52396700081
79	1.56564141	6632094084	49334705336
80	1.572893223	6274328029	46464547931
81	1.580145036	5937375818	43773408169
82	1.587396849	5619939250	41249376085
83	1.594648662	5320806490	38881383154
84	1.601900475	5038845972	36659139411
85	1.609152288	4773000750	34573075514
86	1.616404101	4522283273	32614289363
87	1.623655914	4285770547	30774496881
88	1.630907727	4062599652	29045986624
89	1.63815954	3851963590	27421577904
90	1.645411353	3653107436	25894582148
91	1.652663166	3465324770	24458767211
92	1.659914979	3287954365	23108324426
93	1.667166792	3120377118	21837838163
94	1.674418605	2962013201	20642257687
95	1.681670418	2812319409	19516871147
96	1.688922231	2670786710	18457281521
97	1.696174044	2536937957	17459384355
98	1.703425856	2410325767	16519347168
99	1.710677669	2290530552	15633590383
100	1.717929482	2177158678	14798769665
101	1.725181295	2069840769	14011759569
102	1.732433108	1968230109	13269638372
103	1.739684921	1872001174	12569674030
104	1.746936734	1780848249	11909311141
105	1.754188547	1694484152	11286158861
106	1.76144036	1612639039	10697979693
107	1.768692173	1535059291	10142679076
108	1.775943986	1461506480	9618295720
109	1.783195799	1391756398	9122992636
110	1.790447612	1325598162	8655048800
111	1.797699425	1262833367	8212851398
112	1.804951238	1203275305	7794888634
113	1.812203051	1146748231	7399743030
114	1.819454864	1093086678	7026085196
115	1.826706677	1042134823	6672668041
116	1.83395849	993745882.1	6338321378
117	1.841210303	947781561	6021946902
118	1.848462116	904111528.5	5722513524
119	1.855713928	862612930.8	5439053007
120	1.862965741	823169935.7	5170655922
121	1.870217554	785673306.1	4916467856
122	1.877469367	750020000.8	4675685898
123	1.88472118	716112801.3	4447555348
124	1.891972993	683859961.8	4231366656
125	1.899224806	653174882.3	4026452559
126	1.906476619	623975801.4	3832185416
127	1.913728432	596185509.6	3647974719
128	1.920980245	569731079.3	3473264763
129	1.928232058	544543612.9	3307532477
130	1.935483871	520558006	3150285398
131	1.942735684	497712725.6	3001059768
132	1.949987497	475949601.5	2859418770
133	1.95723931	455213631.4	2724950867
134	1.964491123	435452797.4	2597268255
135	1.971742936	416617893.8	2476005412
136	1.978994749	398662365.7	2360817745
137	1.986246562	381542157	2251380319
138	1.993498375	365215568.1	2147386671
139	2.000750188	349643121.6	2048547701
140	2.008002001	334787436.8	1954590623
141	2.015253813	320613111.2	1865257998
142	2.022505626	307086609.1	1780306816
143	2.029757439	294176157.1	1699507641
144	2.037009252	281851645.6	1622643806
145	2.044261065	270084536.2	1549510665
146	2.051512878	258847774.7	1479914882
147	2.058764691	248115708.8	1413673772
148	2.066016504	237864011	1350614679
149	2.073268317	228069606	1290574393
150	2.08052013	218710601.9	1233398603
151	2.087771943	209766225.9	1178941382
152	2.095023756	201216763.5	1127064707
153	2.102275569	193043501.1	1077638004
154	2.109527382	185228671.8	1030537722
155	2.116779195	177755405	985646934.6
156	2.124031008	170607677.8	942854962.2
157	2.131282821	163770270	902057019.7
158	2.138534634	157228721.2	863153883.3
159	2.145786447	150969290.7	826051578.7
160	2.15303826	144978919.2	790661086.3
161	2.160290073	139245192.9	756898065.1
162	2.167541885	133756309.7	724682591.7
163	2.174793698	128501047.1	693938916
164	2.182045511	123468731.8	664595229.8
165	2.189297324	118649211.5	636583449.8
166	2.196549137	114032827.4	609839013.1
167	2.20380095	109610389	584300684
168	2.211052763	105373149.7	559910372.9
169	2.218304576	101312784.4	536612964.9
170	2.225556389	97421367.57	514356158.4
171	2.232808202	93691352.92	493090313
172	2.240060015	90115554.2	472768306.2
173	2.247311828	86687126.88	453345398.2
174	2.254563641	83399550.84	434779104
175	2.261815454	80246614.11	417029073.4
176	2.269067267	77222397.27	400056977
177	2.27631908	74321258.9	383826399.4
178	2.283570893	71537821.65	368302737.8
179	2.290822706	68866959.08	353453106.2
180	2.298074519	66303783.27	339246245.6
181	2.305326332	63843632.95	325652438.5
182	2.312578145	61482062.38	312643428.3
183	2.319829957	59214830.72	300192343.5
184	2.32708177	57037891.99	288273625.5
185	2.334333583	54947385.58	276862960.8
186	2.341585396	52939627.17	265937217
187	2.348837209	51011100.22	255474381.2
188	2.356089022	49158447.79	245453503.7
189	2.363340835	47378464.89	235854642.8
190	2.370592648	45668091.14	226658813.8
191	2.377844461	44024403.82	217847940
192	2.385096274	42444611.31	209404807.3
193	2.392348087	40926046.81	201313020
194	2.3995999	39466162.45	193556959.8
195	2.406851713	38062523.58	186121746.8
196	2.414103526	36712803.48	178993202.7
197	2.421355339	35414778.26	172157815.2
198	2.428607152	34166321.98	165602705.4
199	2.435858965	32965402.14	159315596
200	2.443110778	31810075.24	153284781.9
201	2.450362591	30698482.67	147499101.6
202	2.457614404	29628846.77	141947910.4
203	2.464866217	28599467.08	136621055.4
204	2.47211803	27608716.74	131508851.4
205	2.479369842	26655039.15	126602057.6
206	2.486621655	25736944.7	121891856.5
207	2.493873468	24853007.76	117369833.2
208	2.501125281	24001863.68	113027955.9
209	2.508377094	23182206.09	108858557.3
210	2.515628907	22392784.19	104854317.3
211	2.52288072	21632400.3	101008246.2
212	2.530132533	20899907.39	97313669.02
213	2.537384346	20194206.86	93764210.35
214	2.544636159	19514246.35	90353780.16
215	2.551887972	18859017.64	87076560.26
216	2.559139785	18227554.71	83926991.47
217	2.566391598	17618931.86	80899761.39
218	2.573643411	17032261.93	77989792.77
219	2.580895224	16466694.54	75192232.51
220	2.588147037	15921414.53	72502441.15
221	2.59539885	15395640.39	69915982.93
222	2.602650663	14888622.76	67428616.3
223	2.609902476	14399643.05	65036284.9
224	2.617154289	13928012.07	62735109.04
225	2.624406102	13473068.8	60521377.46
226	2.631657914	13034179.09	58391539.67
227	2.638909727	12610734.56	56342198.52
228	2.64616154	12202151.48	54370103.2
229	2.653413353	11807869.66	52472142.55
230	2.660665166	11427351.5	50645338.72
231	2.667916979	11060080.97	48886841.1
232	2.675168792	10705562.75	47193920.56
233	2.682420605	10363321.26	45563963.98
234	2.689672418	10032899.92	43994469.01
235	2.696924231	9713860.257	42483039.09
236	2.704176044	9405781.204	41027378.72
237	2.711427857	9108258.327	39625288.96
238	2.71867967	8820903.144	38274663.09
239	2.725931483	8543342.446	36973482.54
240	2.733183296	8275217.666	35719812.96
241	2.740435109	8016184.264	34511800.52
242	2.747686922	7765911.142	33347668.33
243	2.754938735	7524080.089	32225713.09
244	2.762190548	7290385.245	31144301.83
245	2.769442361	7064532.594	30101868.84
246	2.776694174	6846239.471	29096912.76
247	2.783945986	6635234.103	28127993.73
248	2.791197799	6431255.153	27193730.75
249	2.798449612	6234051.304	26292799.15
250	2.805701425	6043380.843	25423928.1
251	2.812953238	5859011.272	24585898.33
252	2.820205051	5680718.936	23777539.91
253	2.827456864	5508288.664	22997730.14
254	2.834708677	5341513.427	22245391.48
255	2.84196049	5180194.009	21519489.71
256	2.849212303	5024138.694	20819032.01
257	2.856464116	4873162.968	20143065.22
258	2.863715929	4727089.227	19490674.19
259	2.870967742	4585746.504	18860980.16
260	2.878219555	4448970.203	18253139.2
261	2.885471368	4316601.852	17666340.78
262	2.892723181	4188488.853	17099806.36
263	2.899974994	4064484.256	16552788.05
264	2.907226807	3944446.533	16024567.31
265	2.91447862	3828239.368	15514453.78
266	2.921730433	3715731.451	15021784.05
267	2.928982246	3606796.283	14545920.59
268	2.936234059	3501311.988	14086250.66
269	2.943485871	3399161.133	13642185.28
270	2.950737684	3300230.557	13213158.28
271	2.957989497	3204411.205	12798625.34
272	2.96524131	3111597.968	12398063.1
273	2.972493123	3021689.533	12010968.31
274	2.979744936	2934588.237	11636857.03
275	2.986996749	2850199.927	11275263.79
276	2.994248562	2768433.823	10925740.91
277	3.001500375	2689202.393	10587857.72
278	3.008752188	2612421.23	10261199.92
279	3.016004001	2538008.927	9945368.9
280	3.023255814	2465886.972	9639981.098
281	3.030507627	2395979.632	9344667.425
282	3.03775944	2328213.852	9059072.67
283	3.045011253	2262519.152	8782854.95
284	3.052263066	2198827.53	8515685.18
285	3.059514879	2137073.374	8257246.563
286	3.066766692	2077193.367	8007234.108
287	3.074018505	2019126.403	7765354.16
288	3.081270318	1962813.507	7531323.957
289	3.088522131	1908197.754	7304871.196
290	3.095773943	1855224.194	7085733.629
291	3.103025756	1803839.78	6873658.665
292	3.110277569	1753993.293	6668402.995
293	3.117529382	1705635.281	6469732.231
294	3.124781195	1658717.993	6277420.559
295	3.132033008	1613195.314	6091250.404
296	3.139284821	1569022.705	5911012.113
297	3.146536634	1526157.151	5736503.653
298	3.153788447	1484557.099	5567530.311
299	3.16104026	1444182.411	5403904.415
300	3.168292073	1404994.307	5245445.069
301	3.175543886	1366955.32	5091977.884
302	3.182795699	1330029.249	4943334.74
303	3.190047512	1294181.11	4799353.541
304	3.197299325	1259377.096	4659877.986
305	3.204551138	1225584.533	4524757.353
306	3.211802951	1192771.839	4393846.286
307	3.219054764	1160908.487	4267004.592
308	3.226306577	1129964.968	4144097.045
309	3.23355839	1099912.751	4024993.205
310	3.240810203	1070724.254	3909567.232
311	3.248062016	1042372.803	3797697.718
312	3.255313828	1014832.61	3689267.521
313	3.262565641	988078.7318	3584163.604
314	3.269817454	962087.0477	3482276.885
315	3.277069267	936834.2271	3383502.089
316	3.28432108	912297.7028	3287737.608
317	3.291572893	888455.6447	3194885.363
318	3.298824706	865286.9336	3104850.679
319	3.306076519	842771.1372	3017542.155
320	3.313328332	820888.4859	2932871.545
321	3.320580145	799619.8501	2850753.646
322	3.327831958	778946.7179	2771106.18
323	3.335083771	758851.1742	2693849.697
324	3.342335584	739315.88	2618907.461
325	3.349587397	720324.053	2546205.361
326	3.35683921	701859.448	2475671.81
327	3.364091023	683906.3391	2407237.658
328	3.371342836	666449.5018	2340836.1
329	3.378594649	649474.1963	2276402.594
330	3.385846462	632966.1505	2213874.78
331	3.393098275	616911.5447	2153192.401
332	3.400350088	601296.9961	2094297.228
333	3.4076019	586109.5444	2037132.987
334	3.414853713	571336.637	1981645.29
335	3.422105526	556966.116	1927781.57
336	3.429357339	542986.2046	1875491.011
337	3.436609152	529385.4946	1824724.492
338	3.443860965	516152.9339	1775434.523
339	3.451112778	503277.8149	1727575.191
340	3.458364591	490749.7627	1681102.102
341	3.465616404	478558.7247	1635972.326
342	3.472868217	466694.9594	1592144.352
343	3.48012003	455149.0264	1549578.031
344	3.487371843	443911.7763	1508234.534
345	3.494623656	432974.3416	1468076.303
346	3.501875469	422328.1269	1429067.009
347	3.509127282	411964.8002	1391171.507
348	3.516379095	401876.2847	1354355.798
349	3.523630908	392054.7497	1318586.985
350	3.530882721	382492.6036	1283833.241
351	3.538134534	373182.485	1250063.767
352	3.545386347	364117.2564	1217248.759
353	3.55263816	355289.9961	1185359.374
354	3.559889972	346693.9916	1154367.696
355	3.567141785	338322.733	1124246.707
356	3.574393598	330169.9062	1094970.253
357	3.581645411	322229.3867	1066513.017
358	3.588897224	314495.2338	1038850.488
359	3.596149037	306961.6844	1011958.94
360	3.60340085	299623.1474	985815.3957
361	3.610652663	292474.1986	960397.6106
362	3.617904476	285509.5748	935684.0429
363	3.625156289	278724.1691	911653.8316
364	3.632408102	272113.026	888286.7737
365	3.639659915	265671.3365	865563.3017
366	3.646911728	259394.4333	843464.4631
367	3.654163541	253277.7868	821971.8993
368	3.661415354	247317.0003	801067.826
369	3.668667167	241507.8063	780735.0145
370	3.67591898	235846.062	760956.773
371	3.683170793	230327.7458	741716.9286
372	3.690422606	224948.9534	722999.8108
373	3.697674419	219705.894	704790.2345
374	3.704926232	214594.8871	687073.4842
375	3.712178045	209612.3587	669835.2987
376	3.719429857	204754.8384	653061.856
377	3.72668167	200018.9559	636739.759
378	3.733933483	195401.4383	620856.0221
379	3.741185296	190899.1066	605398.0569
380	3.748437109	186508.8731	590353.6602
381	3.755688922	182227.7388	575711.0011
382	3.762940735	178052.7903	561458.6089
383	3.770192548	173981.1975	547585.3616
384	3.777444361	170010.2108	534080.4747
385	3.784696174	166137.1591	520933.4901
386	3.791947987	162359.4469	508134.266
387	3.7991998	158674.5523	495672.9664
388	3.806451613	155080.0246	483540.0515
389	3.813703426	151573.4826	471726.2681
390	3.820955239	148152.612	460222.6409
391	3.828207052	144815.1634	449020.463
392	3.835458865	141558.951	438111.2878
393	3.842710678	138381.8499	427486.9207
394	3.849962491	135281.7947	417139.4111
395	3.857214304	132256.7777	407061.0447
396	3.864466117	129304.8472	397244.336
397	3.871717929	126424.1056	387682.0211
398	3.878969742	123612.7081	378367.0508
399	3.886221555	120868.861	369292.584
400	3.893473368	118190.8202	360451.9807
401	3.900725181	115576.8899	351838.7965
402	3.907976994	113025.4208	343446.7757
403	3.915228807	110534.809	335269.846
404	3.92248062	108103.4948	327302.1126
405	3.929732433	105729.9611	319537.8525
406	3.936984246	103412.7323	311971.5096
407	3.944236059	101150.3733	304597.6892
408	3.951487872	98941.48783	297411.1532
409	3.958739685	96784.71778	290406.8152
410	3.965991498	94678.74187	283579.7359
411	3.973243311	92622.27467	276925.1186
412	3.980495124	90614.06551	270438.3047
413	3.987746937	88652.89751	264114.7695
414	3.99499875	86737.5866	257950.1185
415	4.002250563	84866.98059	251940.0828
416	4.009502376	83039.95823	246080.5157
417	4.016754189	81255.42836	240367.3891
418	4.024006002	79512.32902	234796.7894
419	4.031257814	77809.62662	229364.9146
420	4.038509627	76146.31516	224068.0705
421	4.04576144	74521.41542	218902.6677
422	4.053013253	72933.97422	213865.2185
423	4.060265066	71383.06366	208952.3336
424	4.067516879	69867.78042	204160.7193
425	4.074768692	68387.24507	199487.1746
426	4.082020505	66940.6014	194928.5886
427	4.089272318	65527.01573	190481.9374
428	4.096524131	64145.67635	186144.2821
429	4.103775944	62795.79283	181912.7658
430	4.111027757	61476.59548	177784.6112
431	4.11827957	60187.33474	173757.1185
432	4.125531383	58927.28061	169827.6632
433	4.132783196	57695.72217	165993.6932
434	4.140035009	56491.96695	162252.7275
435	4.147286822	55315.34052	158602.3536
436	4.154538635	54165.18592	155040.2255
437	4.161790448	53040.8632	151564.0622
438	4.169042261	51941.74897	148171.6452
439	4.176294074	50867.23592	144860.817
440	4.183545886	49816.73237	141629.4794
441	4.190797699	48789.66188	138475.5916
442	4.198049512	47785.46279	135397.1685
443	4.205301325	46803.58785	132392.2793
444	4.212553138	45843.5038	129459.0457
445	4.219804951	44904.69102	126595.6404
446	4.227056764	43986.64311	123800.286
447	4.234308577	43088.86659	121071.2531
448	4.24156039	42210.88051	118406.8589
449	4.248812203	41352.21612	115805.4665
450	4.256064016	40512.41654	113265.4827
451	4.263315829	39691.03644	110785.3575
452	4.270567642	38887.64175	108363.5824
453	4.277819455	38101.80932	105998.6894
454	4.285071268	37333.12665	103689.2498
455	4.292323081	36581.19161	101433.8733
456	4.299574894	35845.61213	99231.20644
457	4.306826707	35126.00598	97079.93198
458	4.31407852	34422.00047	94978.76773
459	4.321330333	33733.23222	92926.46553
460	4.328582146	33059.34687	90921.81033
461	4.335833958	32399.99891	88963.61925
462	4.343085771	31754.85138	87050.74068
463	4.350337584	31123.57569	85182.05339
464	4.357589397	30505.85137	83356.46572
465	4.36484121	29901.36588	81572.91469
466	4.372093023	29309.81436	79830.36524
467	4.379344836	28730.89948	78127.80947
468	4.386596649	28164.33122	76464.26583
469	4.393848462	27609.82667	74838.77845
470	4.401100275	27067.10984	73250.41635
471	4.408352088	26535.91152	71698.27286
472	4.415603901	26015.96906	70181.46484
473	4.422855714	25507.0262	68699.1321
474	4.430107527	25008.83295	67250.43673
475	4.43735934	24521.14536	65834.56253
476	4.444611153	24043.72543	64450.71436
477	4.451862966	23576.3409	63098.11761
478	4.459114779	23118.76516	61776.0176
479	4.466366592	22670.77703	60483.67907
480	4.473618405	22232.1607	59220.38564
481	4.480870218	21802.70554	57985.43927
482	4.488122031	21382.20598	56778.15979
483	4.495373843	20970.46139	55597.88442
484	4.502625656	20567.27593	54443.96728
485	4.509877469	20172.45846	53315.77892
486	4.517129282	19785.82241	52212.70591
487	4.524381095	19407.18563	51134.15041
488	4.531632908	19036.37034	50079.52969
489	4.538884721	18673.20295	49048.27581
490	4.546136534	18317.51403	48039.83516
491	4.553388347	17969.13813	47053.66808
492	4.56064016	17627.91373	46089.24854
493	4.567891973	17293.68312	45146.06371
494	4.575143786	16966.29231	44223.61364
495	4.582395599	16645.59094	43321.41093
496	4.589647412	16331.43217	42438.98034
497	4.596899225	16023.67262	41575.85856
498	4.604151038	15722.17227	40731.5938
499	4.611402851	15426.79437	39905.74554
500	4.618654664	15137.40537	39097.88421
501	4.625906477	14853.87483	38307.59093
502	4.63315829	14576.07535	37534.45717
503	4.640410103	14303.88248	36778.08456
504	4.647661915	14037.17469	36038.08454
505	4.654913728	13775.83324	35314.07816
506	4.662165541	13519.74215	34605.69581
507	4.669417354	13268.78812	33912.57696
508	4.676669167	13022.86046	33234.36995
509	4.68392098	12781.85102	32570.73174
510	4.691172793	12545.65417	31921.32771
511	4.698424606	12314.16667	31285.8314
512	4.705676419	12087.28767	30663.92433
513	4.712928232	11864.91863	30055.2958
514	4.720180045	11646.96325	29459.64266
515	4.727431858	11433.32743	28876.66912
516	4.734683671	11223.91922	28306.0866
517	4.741935484	11018.64878	27747.61347
518	4.749187297	10817.42828	27200.97496
519	4.75643911	10620.17189	26665.90291
520	4.763690923	10426.79575	26142.13563
521	4.770942736	10237.21788	25629.41776
522	4.778194549	10051.35813	25127.50006
523	4.785446362	9869.138202	24636.13927
524	4.792698175	9690.481528	24155.09798
525	4.799949987	9515.313275	23684.14446
526	4.8072018	9343.56029	23223.05253
527	4.814453613	9175.151057	22771.60138
528	4.821705426	9010.015663	22329.5755
529	4.828957239	8848.085758	21896.76448
530	4.836209052	8689.294518	21472.96294
531	4.843460865	8533.576607	21057.97035
532	4.850712678	8380.868145	20651.59094
533	4.857964491	8231.10667	20253.63358
534	4.865216304	8084.231107	19863.91165
535	4.872468117	7940.181736	19482.24293
536	4.87971993	7798.900154	19108.44949
537	4.886971743	7660.329253	18742.3576
538	4.894223556	7524.413181	18383.7976
539	4.901475369	7391.097319	18032.60382
540	4.908727182	7260.328249	17688.61444
541	4.915978995	7132.053726	17351.67147
542	4.923230808	7006.22265	17021.62058
543	4.930482621	6882.785042	16698.31104
544	4.937734434	6761.692013	16381.59564
545	4.944986247	6642.895746	16071.33058
546	4.95223806	6526.349463	15767.37541
547	4.959489872	6412.007405	15469.59295
548	4.966741685	6299.824811	15177.84915
549	4.973993498	6189.757888	14892.01311
550	4.981245311	6081.763794	14611.95692
551	4.988497124	5975.800616	14337.55563
552	4.995748937	5871.827344	14068.68716
553	5.00300075	5769.803856	13805.23225
554	5.010252563	5669.690894	13547.07436
555	5.017504376	5571.450045	13294.09963
556	5.024756189	5475.043721	13046.19681
557	5.032008002	5380.435142	12803.25718
558	5.039259815	5287.588316	12565.17451
559	5.046511628	5196.46802	12331.84499
560	5.053763441	5107.039787	12103.16717
561	5.061015254	5019.269883	11879.04191
562	5.068267067	4933.125293	11659.37232
563	5.07551888	4848.573705	11444.0637
564	5.082770693	4765.583496	11233.02349
565	5.090022506	4684.123711	11026.16123
566	5.097274319	4604.164052	10823.3885
567	5.104526132	4525.674863	10624.61887
568	5.111777944	4448.627114	10429.76786
569	5.119029757	4372.992389	10238.75288
570	5.12628157	4298.742868	10051.4932
571	5.133533383	4225.851319	9867.909887
572	5.140785196	4154.291083	9687.925795
573	5.148037009	4084.036057	9511.465487
574	5.155288822	4015.060688	9338.455213
575	5.162540635	3947.339958	9168.822865
576	5.169792448	3880.849369	9002.497941
577	5.177044261	3815.564938	8839.411506
578	5.184296074	3751.463179	8679.496155
579	5.191547887	3688.521097	8522.685976
580	5.1987997	3626.716172	8368.916514
581	5.206051513	3566.026355	8218.124742
582	5.213303326	3506.430051	8070.249022
583	5.220555139	3447.906115	7925.229074
584	5.227806952	3390.433836	7783.005945
585	5.235058765	3333.992933	7643.521979
586	5.242310578	3278.563541	7506.720784
587	5.249562391	3224.126206	7372.547205
588	5.256814204	3170.661873	7240.947292
589	5.264066017	3118.151878	7111.868279
590	5.271317829	3066.577939	6985.258547
591	5.278569642	3015.922151	6861.067605
592	5.285821455	2966.166972	6739.246061
593	5.293073268	2917.29522	6619.745595
594	5.300325081	2869.290063	6502.518939
595	5.307576894	2822.135012	6387.519847
596	5.314828707	2775.813913	6274.703077
597	5.32208052	2730.31094	6164.024363
598	5.329332333	2685.610588	6055.440397
599	5.336584146	2641.697667	5948.908803
600	5.343835959	2598.557293	5844.388118
601	5.351087772	2556.174883	5741.837774
602	5.358339585	2514.53615	5641.218069
603	5.365591398	2473.627092	5542.490157
604	5.372843211	2433.43399	5445.616023
605	5.380095024	2393.943401	5350.558463
606	5.387346837	2355.142152	5257.281072
607	5.39459865	2317.017333	5165.748218
608	5.401850463	2279.556293	5075.92503
609	5.409102276	2242.746634	4987.77738
610	5.416354089	2206.576205	4901.271863
611	5.423605901	2171.033099	4816.375785
612	5.430857714	2136.105642	4733.057144
613	5.438109527	2101.782397	4651.284615
614	5.44536134	2068.052151	4571.027538
615	5.452613153	2034.903914	4492.255896
616	5.459864966	2002.326915	4414.940308
617	5.467116779	1970.310594	4339.052011
618	5.474368592	1938.8446	4264.562846
619	5.481620405	1907.918788	4191.445248
620	5.488872218	1877.523211	4119.672226
621	5.496124031	1847.648119	4049.217359
622	5.503375844	1818.283952	3980.054775
623	5.510627657	1789.421339	3912.159145
624	5.51787947	1761.051093	3845.505667
625	5.525131283	1733.164205	3780.070056
626	5.532383096	1705.751844	3715.828535
627	5.539634909	1678.80535	3652.757817
628	5.546886722	1652.316234	3590.835102
629	5.554138535	1626.276169	3530.03806
630	5.561390348	1600.676994	3470.344826
631	5.568642161	1575.510702	3411.733985
632	5.575893973	1550.769445	3354.184565
633	5.583145786	1526.445526	3297.676027
634	5.590397599	1502.531397	3242.188255
635	5.597649412	1479.019654	3187.701546
636	5.604901225	1455.903038	3134.196602
637	5.612153038	1433.174431	3081.654523
638	5.619404851	1410.826849	3030.056793
639	5.626656664	1388.853444	2979.385279
640	5.633908477	1367.247499	2929.622214
641	5.64116029	1346.002427	2880.750197
642	5.648412103	1325.111765	2832.752182
643	5.655663916	1304.569176	2785.611469
644	5.662915729	1284.368443	2739.311697
645	5.670167542	1264.503467	2693.83684
646	5.677419355	1244.968266	2649.171193
647	5.684671168	1225.756972	2605.299373
648	5.691922981	1206.863828	2562.206307
649	5.699174794	1188.283187	2519.877226
650	5.706426607	1170.009509	2478.29766
651	5.71367842	1152.037358	2437.45343
652	5.720930233	1134.361401	2397.330644
653	5.728182046	1116.976408	2357.915688
654	5.735433858	1099.877244	2319.195221
655	5.742685671	1083.058875	2281.156172
656	5.749937484	1066.516357	2243.785729
657	5.757189297	1050.244842	2207.071338
658	5.76444111	1034.239574	2171.000695
659	5.771692923	1018.495883	2135.561744
660	5.778944736	1003.009188	2100.742666
661	5.786196549	987.7749955	2066.53188
662	5.793448362	972.7888929	2032.918034
663	5.800700175	958.0465516	1999.890001
664	5.807951988	943.5437233	1967.436877
665	5.815203801	929.2762391	1935.547971
666	5.822455614	915.2400073	1904.212806
667	5.829707427	901.4310122	1873.421111
668	5.83695924	887.8453127	1843.162818
669	5.844211053	874.4790407	1813.428058
670	5.851462866	861.3283996	1784.207156
671	5.858714679	848.389663	1755.490626
672	5.865966492	835.6591734	1727.26917
673	5.873218305	823.1333404	1699.533673
674	5.880470118	810.8086401	1672.275197
675	5.88772193	798.6816132	1645.484979
676	5.894973743	786.7488639	1619.154429
677	5.902225556	775.0070589	1593.275123
678	5.909477369	763.4529257	1567.838801
679	5.916729182	752.083252	1542.837367
680	5.923980995	740.894884	1518.262879
681	5.931232808	729.8847255	1494.107551
682	5.938484621	719.049737	1470.363748
683	5.945736434	708.3869342	1447.023982
684	5.952988247	697.8933869	1424.080912
685	5.96024006	687.5662185	1401.527338
686	5.967491873	677.4026044	1379.356197
687	5.974743686	667.3997713	1357.560566
688	5.981995499	657.554996	1336.133653
689	5.989247312	647.8656046	1315.068797
690	5.996499125	638.3289717	1294.359465
691	6.003750938	628.942519	1273.999252
692	6.011002751	619.7037147	1253.981871
693	6.018254564	610.6100727	1234.301159
694	6.025506377	601.6591516	1214.95107
695	6.03275819	592.8485537	1195.925675
696	6.040010003	584.1759244	1177.219154
697	6.047261815	575.6389513	1158.825803
698	6.054513628	567.2353633	1140.740023
699	6.061765441	558.96293	1122.956324
700	6.069017254	550.8194608	1105.469318
701	6.076269067	542.8028041	1088.273721
702	6.08352088	534.9108466	1071.364348
703	6.090772693	527.1415128	1054.736114
704	6.098024506	519.4927637	1038.384027
705	6.105276319	511.962597	1022.303192
706	6.112528132	504.5490455	1006.488805
707	6.119779945	497.2501769	990.9361546
708	6.127031758	490.0640933	975.640615
709	6.134283571	482.98893	960.5976492
710	6.141535384	476.0228556	945.8028052
711	6.148787197	469.1640705	931.2517142
712	6.15603901	462.4108073	916.9400895
713	6.163290823	455.7613293	902.8637246
714	6.170542636	449.2139304	889.0184914
715	6.177794449	442.7669346	875.4003391
716	6.185046262	436.4186951	862.0052923
717	6.192298075	430.1675939	848.8294499
718	6.199549887	424.0120415	835.868983
719	6.2068017	417.950476	823.1201341
720	6.214053513	411.9813628	810.5792155
721	6.221305326	406.1031939	798.2426077
722	6.228557139	400.3144878	786.1067584
723	6.235808952	394.6137887	774.1681808
724	6.243060765	388.9996658	762.4234528
725	6.250312578	383.4707135	750.8692152
726	6.257564391	378.0255504	739.502171
727	6.264816204	372.662819	728.3190837
728	6.272068017	367.3811853	717.3167765
729	6.27931983	362.1793382	706.4921307
730	6.286571643	357.0559894	695.8420852
731	6.293823456	352.0098727	685.3636347
732	6.301075269	347.0397438	675.0538291
733	6.308327082	342.1443797	664.9097723
734	6.315578895	337.3225784	654.928621
735	6.322830708	332.5731586	645.1075838
736	6.330082521	327.8949591	635.4439201
737	6.337334334	323.2868386	625.9349396
738	6.344586147	318.7476755	616.5780003
739	6.351837959	314.2763672	607.3705088
740	6.359089772	309.8718299	598.3099184
741	6.366341585	305.5329982	589.3937288
742	6.373593398	301.2588252	580.6194846
743	6.380845211	297.0482813	571.9847752
744	6.388097024	292.9003547	563.4872335
745	6.395348837	288.8140506	555.1245349
746	6.40260065	284.7883913	546.8943968
747	6.409852463	280.8224155	538.7945778
748	6.417104276	276.915178	530.8228768
749	6.424356089	273.0657498	522.977132
750	6.431607902	269.2732174	515.2552208
751	6.438859715	265.5366829	507.6550584
752	6.446111528	261.8552634	500.1745973
753	6.453363341	258.2280908	492.8118268
754	6.460615154	254.6543116	485.5647719
755	6.467866967	251.1330867	478.4314931
756	6.47511878	247.663591	471.4100853
757	6.482370593	244.2450132	464.4986773
758	6.489622406	240.8765557	457.6954315
759	6.496874219	237.557434	450.9985426
760	6.504126032	234.286877	444.4062374
761	6.511377844	231.0641261	437.9167743
762	6.518629657	227.8884355	431.5284425
763	6.52588147	224.759072	425.2395614
764	6.533133283	221.6753142	419.0484801
765	6.540385096	218.636453	412.953577
766	6.547636909	215.6417909	406.9532588
767	6.554888722	212.690642	401.0459606
768	6.562140535	209.7823317	395.2301447
769	6.569392348	206.9161966	389.5043009
770	6.576644161	204.0915843	383.866945
771	6.583895974	201.307853	378.3166192
772	6.591147787	198.5643717	372.851891
773	6.5983996	195.8605195	367.4713532
774	6.605651413	193.195686	362.173623
775	6.612903226	190.5692706	356.9573419
776	6.620155039	187.9806827	351.8211749
777	6.627406852	185.4293414	346.7638106
778	6.634658665	182.9146751	341.7839602
779	6.641910478	180.4361217	336.8803572
780	6.649162291	177.9931284	332.0517574
781	6.656414104	175.5851512	327.296938
782	6.663665916	173.211655	322.6146974
783	6.670917729	170.8721135	318.0038549
784	6.678169542	168.5660091	313.4632502
785	6.685421355	166.2928322	308.9917429
786	6.692673168	164.0520819	304.5882125
787	6.699924981	161.8432651	300.2515577
788	6.707176794	159.665897	295.9806962
789	6.714428607	157.5195004	291.7745643
790	6.72168042	155.4036058	287.6321167
791	6.728932233	153.3177515	283.5523259
792	6.736184046	151.261483	279.534182
793	6.743435859	149.2343534	275.5766926
794	6.750687672	147.2359228	271.6788821
795	6.757939485	145.2657584	267.8397916
796	6.765191298	143.3234343	264.0584788
797	6.772443111	141.4085316	260.3340172
798	6.779694924	139.520638	256.6654962
799	6.786946737	137.6593478	253.0520207
800	6.79419855	135.8242619	249.4927109
801	6.801450363	134.0149875	245.9867019
802	6.808702176	132.2311379	242.5331433
803	6.815953988	130.4723329	239.1311995
804	6.823205801	128.7381982	235.7800486
805	6.830457614	127.0283654	232.4788831
806	6.837709427	125.342472	229.2269087
807	6.84496124	123.6801613	226.0233449
808	6.852213053	122.0410823	222.867424
809	6.859464866	120.4248894	219.7583915
810	6.866716679	118.8312427	216.6955055
811	6.873968492	117.2598074	213.6780366
812	6.881220305	115.7102543	210.7052677
813	6.888472118	114.1822591	207.7764936
814	6.895723931	112.6755028	204.891021
815	6.902975744	111.1896714	202.0481683
816	6.910227557	109.7244559	199.2472652
817	6.91747937	108.279552	196.4876526
818	6.924731183	106.8546603	193.7686825
819	6.931982996	105.4494861	191.0897175
820	6.939234809	104.0637392	188.4501311
821	6.946486622	102.6971341	185.849307
822	6.953738435	101.3493897	183.2866394
823	6.960990248	100.0202292	180.7615322
824	6.968242061	98.70938043	178.2733995
825	6.975493873	97.41657508	175.8216651
826	6.982745686	96.14154925	173.4057621
827	6.989997499	94.8840431	171.0251332
828	6.997249312	93.64380082	168.6792302
829	7.004501125	92.4205706	166.3675141
830	7.011752938	91.2141045	164.0894546
831	7.019004751	90.02415847	161.8445303
832	7.026256564	88.85049221	159.6322283
833	7.033508377	87.69286915	157.4520441
834	7.04076019	86.55105637	155.3034816
835	7.048012003	85.42482457	153.1860528
836	7.055263816	84.31394797	151.0992775
837	7.062515629	83.21820427	149.0426838
838	7.069767442	82.13737461	147.0158071
839	7.077019255	81.07124347	145.0181907
840	7.084271068	80.01959868	143.0493851
841	7.091522881	78.9822313	141.1089483
842	7.098774694	77.9589356	139.1964455
843	7.106026507	76.94950901	137.3114489
844	7.11327832	75.95375207	135.4535377
845	7.120530133	74.97146835	133.622298
846	7.127781945	74.00246444	131.8173225
847	7.135033758	73.04654987	130.0382107
848	7.142285571	72.10353709	128.2845682
849	7.149537384	71.1732414	126.5560075
850	7.156789197	70.2554809	124.852147
851	7.16404101	69.35007649	123.1726114
852	7.171292823	68.45685175	121.5170313
853	7.178544636	67.57563296	119.8850436
854	7.185796449	66.70624905	118.2762907
855	7.193048262	65.84853152	116.690421
856	7.200300075	65.00231441	115.1270883
857	7.207551888	64.1674343	113.5859522
858	7.214803701	63.34373022	112.0666776
859	7.222055514	62.53104363	110.5689349
860	7.229307327	61.7292184	109.0923997
861	7.23655914	60.93810072	107.6367529
862	7.243810953	60.15753912	106.2016802
863	7.251062766	59.3873844	104.7868726
864	7.258314579	58.6274896	103.3920261
865	7.265566392	57.87770997	102.0168412
866	7.272818205	57.13790292	100.6610235
867	7.280070018	56.407928	99.32428311
868	7.28732183	55.68764688	98.00633478
869	7.294573643	54.97692327	96.7068978
870	7.301825456	54.27562294	95.42569592
871	7.309077269	53.58361364	94.16245724
872	7.316329082	52.90076511	92.9169142
873	7.323580895	52.22694903	91.68880343
874	7.330832708	51.56203898	90.47786577
875	7.338084521	50.90591042	89.2838461
876	7.345336334	50.25844067	88.10649336
877	7.352588147	49.61950886	86.94556043
878	7.35983996	48.98899592	85.80080409
879	7.367091773	48.36678454	84.67198492
880	7.374343586	47.75275914	83.5588673
881	7.381595399	47.14680586	82.46121927
882	7.388847212	46.54881252	81.37881254
883	7.396099025	45.9586686	80.31142237
884	7.403350838	45.37626519	79.25882755
885	7.410602651	44.80149499	78.22081032
886	7.417854464	44.23425231	77.19715634
887	7.425106277	43.67443297	76.1876546
888	7.43235809	43.12193435	75.19209738
889	7.439609902	42.57665532	74.21028021
890	7.446861715	42.03849625	73.24200178
891	7.454113528	41.50735895	72.28706393
892	7.461365341	40.98314669	71.34527156
893	7.468617154	40.46576412	70.41643262
894	7.475868967	39.95511732	69.50035802
895	7.48312078	39.45111373	68.59686161
896	7.490372593	38.95366212	67.7057601
897	7.497624406	38.46267261	66.82687307
898	7.504876219	37.97805663	65.96002285
899	7.512128032	37.49972688	65.10503453
900	7.519379845	37.02759735	64.26173591
901	7.526631658	36.56158326	63.42995741
902	7.533883471	36.10160107	62.60953209
903	7.541135284	35.64756845	61.80029556
904	7.548387097	35.19940427	61.00208596
905	7.55563891	34.75702855	60.21474392
906	7.562890723	34.32036249	59.4381125
907	7.570142536	33.88932842	58.67203717
908	7.577394349	33.46384978	57.91636577
909	7.584646162	33.04385113	57.17094846
910	7.591897974	32.6292581	56.43563771
911	7.599149787	32.21999742	55.71028821
912	7.6064016	31.81599683	54.99475688
913	7.613653413	31.41718514	54.28890282
914	7.620905226	31.02349217	53.59258729
915	7.628157039	30.63484875	52.90567363
916	7.635408852	30.2511867	52.22802727
917	7.642660665	29.87243881	51.5595157
918	7.649912478	29.49853885	50.90000839
919	7.657164291	29.12942151	50.24937681
920	7.664416104	28.76502243	49.60749436
921	7.671667917	28.40527816	48.97423637
922	7.67891973	28.05012616	48.34948004
923	7.686171543	27.69950477	47.73310444
924	7.693423356	27.35335323	47.12499045
925	7.700675169	27.01161161	46.52502074
926	7.707926982	26.67422086	45.93307977
927	7.715178795	26.34112276	45.34905372
928	7.722430608	26.0122599	44.77283048
929	7.729682421	25.68757571	44.20429964
930	7.736934234	25.3670144	43.64335243
931	7.744186047	25.05052097	43.08988172
932	7.751437859	24.73804121	42.54378197
933	7.758689672	24.42952166	42.00494924
934	7.765941485	24.12490962	41.47328113
935	7.773193298	23.82415315	40.94867677
936	7.780445111	23.527201	40.4310368
937	7.787696924	23.23400269	39.92026334
938	7.794948737	22.9445084	39.41625998
939	7.80220055	22.65866906	38.91893171
940	7.809452363	22.37643625	38.42818497
941	7.816704176	22.09776224	37.94392757
942	7.823955989	21.82259997	37.4660687
943	7.831207802	21.55090305	36.99451889
944	7.838459615	21.28262572	36.52918999
945	7.845711428	21.01772286	36.06999517
946	7.852963241	20.75615001	35.61684888
947	7.860215054	20.49786328	35.16966681
948	7.867466867	20.24281943	34.72836594
949	7.87471868	19.99097582	34.29286444
950	7.881970493	19.74229038	33.86308169
951	7.889222306	19.49672165	33.43893827
952	7.896474119	19.25422872	33.02035593
953	7.903725931	19.01477128	32.60725755
954	7.910977744	18.77830954	32.19956716
955	7.918229557	18.54480431	31.79720991
956	7.92548137	18.31421689	31.40011203
957	7.932733183	18.08650915	31.00820083
958	7.939984996	17.86164348	30.62140472
959	7.947236809	17.63958278	30.2396531
960	7.954488622	17.42029047	29.86287645
961	7.961740435	17.20373047	29.49100624
962	7.968992248	16.98986721	29.12397496
963	7.976244061	16.77866559	28.76171605
964	7.983495874	16.57009101	28.40416395
965	7.990747687	16.36410932	28.05125405
966	7.9979995	16.16068688	27.70292266
967	8.005251313	15.95979046	27.35910704
968	8.012503126	15.76138734	27.01974534
969	8.019754939	15.5654452	26.68477662
970	8.027006752	15.37193219	26.35414082
971	8.034258565	15.18081689	26.02777875
972	8.041510378	14.99206831	25.70563206
973	8.048762191	14.80565587	25.38764328
974	8.056014004	14.62154943	25.07375573
975	8.063265816	14.43971924	24.76391356
976	8.070517629	14.26013597	24.45806175
977	8.077769442	14.08277069	24.15614604
978	8.085021255	13.90759483	23.85811296
979	8.092273068	13.73458026	23.56390982
980	8.099524881	13.56369919	23.27348468
981	8.106776694	13.39492424	22.98678633
982	8.114028507	13.22822836	22.70376433
983	8.12128032	13.06358491	22.42436892
984	8.128532133	12.90096758	22.14855108
985	8.135783946	12.74035043	21.8762625
986	8.143035759	12.58170787	21.60745553
987	8.150287572	12.42501464	21.34208322
988	8.157539385	12.27024584	21.08009929
989	8.164791198	12.11737691	20.82145811
990	8.172043011	11.96638359	20.56611471
991	8.179294824	11.81724197	20.31402476
992	8.186546637	11.66992846	20.06514455
993	8.19379845	11.52441979	19.819431
994	8.201050263	11.38069298	19.57684164
995	8.208302076	11.23872539	19.3373346
996	8.215553888	11.09849465	19.10086861
997	8.222805701	10.95997873	18.86740298
998	8.230057514	10.82315585	18.63689759
999	8.237309327	10.68800456	18.4093129
1000	8.24456114	10.55450366	18.18460992
1001	8.251812953	10.42263227	17.96275021
1002	8.259064766	10.29236977	17.74369587
1003	8.266316579	10.1636958	17.52740955
1004	8.273568392	10.03659031	17.3138544
1005	8.280820205	9.911033474	17.10299412
1006	8.288072018	9.78700576	16.8947929
1007	8.295323831	9.664487882	16.68921542
1008	8.302575644	9.543460813	16.48622689
1009	8.309827457	9.42390578	16.28579299
1010	8.31707927	9.305804255	16.08787987
1011	8.324331083	9.189137959	15.89245417
1012	8.331582896	9.073888854	15.699483
1013	8.338834709	8.96003914	15.50893391
1014	8.346086522	8.847571252	15.32077492
1015	8.353338335	8.736467858	15.13497449
1016	8.360590148	8.626711854	14.95150152
1017	8.36784196	8.518286362	14.77032535
1018	8.375093773	8.411174725	14.59141574
1019	8.382345586	8.305360507	14.41474287
1020	8.389597399	8.200827488	14.24027733
1021	8.396849212	8.097559661	14.06799014
1022	8.404101025	7.995541228	13.89785269
1023	8.411352838	7.894756599	13.7298368
1024	8.418604651	7.795190391	13.56391465
1025	8.425856464	7.696827419	13.40005883
1026	8.433108277	7.599652699	13.2382423
1027	8.44036009	7.503651442	13.07843839
1028	8.447611903	7.408809053	12.92062079
1029	8.454863716	7.315111128	12.76476358
1030	8.462115529	7.22254345	12.61084118
1031	8.469367342	7.131091989	12.45882835
1032	8.476619155	7.040742896	12.30870023
1033	8.483870968	6.951482504	12.16043227
1034	8.491122781	6.863297324	12.01400027
1035	8.498374594	6.776174041	11.86938038
1036	8.505626407	6.690099515	11.72654904
1037	8.51287822	6.605060774	11.58548305
1038	8.520130033	6.521045018	11.44615951
1039	8.527381845	6.43803961	11.30855583
1040	8.534633658	6.356032079	11.17264973
1041	8.541885471	6.275010113	11.03841925
1042	8.549137284	6.194961561	10.90584271
1043	8.556389097	6.11587443	10.77489874
1044	8.56364091	6.037736879	10.64556626
1045	8.570892723	5.960537224	10.51782446
1046	8.578144536	5.884263928	10.39165285
1047	8.585396349	5.808905606	10.26703118
1048	8.592648162	5.734451016	10.14393949
1049	8.599899975	5.660889064	10.02235809
1050	8.607151788	5.588208798	9.90226758
1051	8.614403601	5.516399406	9.783648784
1052	8.621655414	5.445450215	9.666482812
1053	8.628907227	5.375350689	9.550751022
1054	8.63615904	5.306090429	9.436435024
1055	8.643410853	5.237659168	9.32351668
1056	8.650662666	5.170046769	9.211978093
1057	8.657914479	5.103243227	9.101801611
1058	8.665166292	5.037238664	8.992969819
1059	8.672418105	4.972023329	8.885465536
1060	8.679669917	4.907587595	8.779271812
1061	8.68692173	4.843921958	8.674371929
1062	8.694173543	4.781017035	8.570749389
1063	8.701425356	4.718863564	8.468387919
1064	8.708677169	4.657452398	8.367271463
1065	8.715928982	4.596774511	8.267384181
1066	8.723180795	4.536820987	8.168710446
1067	8.730432608	4.477583027	8.07123484
1068	8.737684421	4.419051941	7.97494215
1069	8.744936234	4.361219153	7.879817369
1070	8.752188047	4.304076191	7.78584569
1071	8.75943986	4.247614694	7.693012502
1072	8.766691673	4.191826407	7.601303392
1073	8.773943486	4.136703176	7.510704136
1074	8.781195299	4.082236955	7.421200702
1075	8.788447112	4.028419795	7.332779245
1076	8.795698925	3.975243852	7.245426103
1077	8.802950738	3.922701377	7.159127796
1078	8.810202551	3.870784721	7.073871024
1079	8.817454364	3.819486332	6.989642663
1080	8.824706177	3.768798751	6.906429762
1081	8.831957989	3.718714614	6.824219545
1082	8.839209802	3.66922665	6.742999401
1083	8.846461615	3.62032768	6.662756891
1084	8.853713428	3.572010613	6.583479735
1085	8.860965241	3.524268449	6.50515582
1086	8.868217054	3.477094276	6.42777319
1087	8.875468867	3.430481267	6.35132005
1088	8.88272068	3.384422682	6.275784756
1089	8.889972493	3.338911865	6.201155823
1090	8.897224306	3.293942243	6.127421913
1091	8.904476119	3.249507325	6.054571839
1092	8.911727932	3.205600703	5.982594562
1093	8.918979745	3.162216046	5.911479185
1094	8.926231558	3.119347105	5.841214957
1095	8.933483371	3.076987706	5.771791268
1096	8.940735184	3.035131756	5.703197646
1097	8.947986997	2.993773233	5.635423757
1098	8.95523881	2.952906194	5.568459401
1099	8.962490623	2.912524768	5.502294513
1100	8.969742436	2.872623158	5.43691916
1101	8.976994249	2.833195637	5.372323537
1102	8.984246062	2.794236551	5.308497969
1103	8.991497874	2.755740317	5.245432905
1104	8.998749687	2.717701419	5.18311892
1105	9.0060015	2.68011441	5.121546713
1106	9.013253313	2.642973911	5.060707101
1107	9.020505126	2.60627461	5.000591024
1108	9.027756939	2.570011259	4.941189536
1109	9.035008752	2.534178677	4.882493812
1110	9.042260565	2.498771745	4.824495136
1111	9.049512378	2.463785409	4.76718491
1112	9.056764191	2.429214675	4.710554644
1113	9.064016004	2.395054614	4.654595961
1114	9.071267817	2.361300355	4.59930059
1115	9.07851963	2.327947087	4.544660368
1116	9.085771443	2.29499006	4.490667238
1117	9.093023256	2.262424581	4.437313245
1118	9.100275069	2.230246016	4.384590541
1119	9.107526882	2.198449785	4.332491374
1120	9.114778695	2.167031368	4.281008096
1121	9.122030508	2.135986298	4.230133155
1122	9.129282321	2.105310164	4.179859098
1123	9.136534134	2.074998607	4.130178567
1124	9.143785946	2.045047325	4.081084298
1125	9.151037759	2.015452065	4.032569123
1126	9.158289572	1.986208628	3.984625962
1127	9.165541385	1.957312866	3.937247829
1128	9.172793198	1.928760681	3.890427827
1129	9.180045011	1.900548026	3.844159145
1130	9.187296824	1.872670903	3.798435063
1131	9.194548637	1.845125363	3.753248944
1132	9.20180045	1.817907503	3.708594238
1133	9.209052263	1.791013471	3.664464476
1134	9.216304076	1.764439461	3.620853275
1135	9.223555889	1.73818171	3.57775433
1136	9.230807702	1.712236505	3.535161419
1137	9.238059515	1.686600175	3.493068398
1138	9.245311328	1.661269097	3.451469202
1139	9.252563141	1.636239688	3.410357842
1140	9.259814954	1.61150841	3.369728406
1141	9.267066767	1.58707177	3.329575058
1142	9.27431858	1.562926315	3.289892034
1143	9.281570393	1.539068633	3.250673644
1144	9.288822206	1.515495356	3.211914272
1145	9.296074019	1.492203154	3.17360837
1146	9.303325831	1.46918874	3.135750463
1147	9.310577644	1.446448864	3.098335144
1148	9.317829457	1.423980317	3.061357073
1149	9.32508127	1.401779928	3.024810981
1150	9.332333083	1.379844565	2.988691662
1151	9.339584896	1.358171132	2.952993978
1152	9.346836709	1.336756572	2.917712855
1153	9.354088522	1.315597864	2.882843283
1154	9.361340335	1.294692024	2.848380315
1155	9.368592148	1.274036103	2.814319067
1156	9.375843961	1.253627187	2.780654715
1157	9.383095774	1.233462399	2.747382497
1158	9.390347587	1.213538895	2.71449771
1159	9.3975994	1.193853866	2.68199571
1160	9.404851213	1.174404534	2.649871912
1161	9.412103026	1.155188159	2.618121789
1162	9.419354839	1.136202029	2.586740868
1163	9.426606652	1.117443469	2.555724735
1164	9.433858465	1.098909831	2.52506903
1165	9.441110278	1.080598503	2.494769448
1166	9.448362091	1.062506901	2.464821736
1167	9.455613903	1.044632475	2.435221696
1168	9.462865716	1.026972703	2.405965183
1169	9.470117529	1.009525093	2.377048101
1170	9.477369342	0.992287185	2.348466408
1171	9.484621155	0.975256546	2.320216109
1172	9.491872968	0.958430773	2.292293263
1173	9.499124781	0.941807491	2.264693974
1174	9.506376594	0.925384354	2.237414398
1175	9.513628407	0.909159043	2.210450734
1176	9.52088022	0.893129268	2.183799234
1177	9.528132033	0.877292764	2.157456193
1178	9.535383846	0.861647295	2.131417951
1179	9.542635659	0.846190651	2.105680896
1180	9.549887472	0.830920647	2.08024146
1181	9.557139285	0.815835125	2.055096118
1182	9.564391098	0.800931952	2.03024139
1183	9.571642911	0.786209022	2.005673838
1184	9.578894724	0.77166425	1.981390067
1185	9.586146537	0.75729558	1.957386724
1186	9.59339835	0.743100977	1.933660496
1187	9.600650163	0.729078433	1.910208114
1188	9.607901975	0.715225961	1.887026346
1189	9.615153788	0.701541599	1.864112001
1190	9.622405601	0.688023408	1.841461927
1191	9.629657414	0.67466947	1.819073012
1192	9.636909227	0.661477893	1.796942181
1193	9.64416104	0.648446804	1.775066397
1194	9.651412853	0.635574355	1.753442661
1195	9.658664666	0.622858717	1.732068009
1196	9.665916479	0.610298083	1.710939516
1197	9.673168292	0.59789067	1.690054289
1198	9.680420105	0.585634713	1.669409475
1199	9.687671918	0.573528467	1.649002253
1200	9.694923731	0.561570211	1.628829837
1201	9.702175544	0.549758242	1.608889475
1202	9.709427357	0.538090876	1.58917845
1203	9.71667917	0.526566452	1.569694075
1204	9.723930983	0.515183324	1.550433699
1205	9.731182796	0.503939869	1.531394703
1206	9.738434609	0.492834481	1.512574497
1207	9.745686422	0.481865573	1.493970525
1208	9.752938235	0.471031579	1.475580263
1209	9.760190048	0.460330946	1.457401216
1210	9.76744186	0.449762145	1.439430918
1211	9.774693673	0.439323662	1.421666936
1212	9.781945486	0.429013999	1.404106865
1213	9.789197299	0.418831679	1.38674833
1214	9.796449112	0.408775239	1.369588982
1215	9.803700925	0.398843236	1.352626505
1216	9.810952738	0.389034242	1.335858607
1217	9.818204551	0.379346845	1.319283026
1218	9.825456364	0.369779651	1.302897527
1219	9.832708177	0.360331282	1.286699901
1220	9.83995999	0.351000375	1.270687967
1221	9.847211803	0.341785583	1.25485957
1222	9.854463616	0.332685577	1.23921258
1223	9.861715429	0.323699039	1.223744894
1224	9.868967242	0.31482467	1.208454433
1225	9.876219055	0.306061184	1.193339145
1226	9.883470868	0.297407312	1.178397002
1227	9.890722681	0.288861797	1.163625998
1228	9.897974494	0.280423399	1.149024154
1229	9.905226307	0.272090891	1.134589514
1230	9.91247812	0.26386306	1.120320146
1231	9.919729932	0.255738708	1.106214139
1232	9.926981745	0.24771665	1.092269608
1233	9.934233558	0.239795715	1.078484688
1234	9.941485371	0.231974746	1.064857537
1235	9.948737184	0.224252598	1.051386337
1236	9.955988997	0.216628141	1.03806929
1237	9.96324081	0.209100257	1.024904618
1238	9.970492623	0.20166784	1.011890568
1239	9.977744436	0.194329799	0.999025404
1240	9.984996249	0.187085054	0.986307414
1241	9.992248062	0.179932537	0.973734905
1242	9.999499875	0.172871193	0.961306205
1243	10.00675169	0.165899981	0.949019659
1244	10.0140035	0.159017867	0.936873635
1245	10.02125531	0.152223835	0.92486652
1246	10.02850713	0.145516876	0.912996719
1247	10.03575894	0.138895995	0.901262657
1248	10.04301075	0.132360206	0.889662777
1249	10.05026257	0.125908538	0.87819554
1250	10.05751438	0.119540029	0.866859426
1251	10.06476619	0.113253726	0.855652934
1252	10.072018	0.107048691	0.84457458
1253	10.07926982	0.100923994	0.833622896
1254	10.08652163	0.094878717	0.822796435
1255	10.09377344	0.088911951	0.812093762
1256	10.10102526	0.083022799	0.801513465
1257	10.10827707	0.077210373	0.791054143
1258	10.11552888	0.071473797	0.780714416
1259	10.1227807	0.065812202	0.770492918
1260	10.13003251	0.060224731	0.7603883
1261	10.13728432	0.054710537	0.750399227
1262	10.14453613	0.049268783	0.740524383
1263	10.15178795	0.043898638	0.730762465
1264	10.15903976	0.038599286	0.721112187
1265	10.16629157	0.033369915	0.711572276
1266	10.17354339	0.028209726	0.702141476
1267	10.1807952	0.023117927	0.692818544
1268	10.18804701	0.018093737	0.683602255
1269	10.19529882	0.013136381	0.674491394
1270	10.20255064	0.008245096	0.665484763
1271	10.20980245	0.003419125	0.656581177
1272	10.21705426	-0.001342279	0.647779466
1273	10.22430608	-0.006039855	0.639078473
1274	10.23155789	-0.010674332	0.630477054
1275	10.2388097	-0.015246434	0.621974079
1276	10.24606152	-0.019756874	0.613568431
1277	10.25331333	-0.024206357	0.605259007
1278	10.26056514	-0.028595582	0.597044715
1279	10.26781695	-0.032925239	0.588924478
1280	10.27506877	-0.037196009	0.580897231
1281	10.28232058	-0.041408567	0.572961919
1282	10.28957239	-0.04556358	0.565117503
1283	10.29682421	-0.049661706	0.557362953
1284	10.30407602	-0.053703598	0.549697253
1285	10.31132783	-0.0576899	0.542119398
1286	10.31857964	-0.061621248	0.534628396
1287	10.32583146	-0.065498273	0.527223264
1288	10.33308327	-0.069321598	0.519903032
1289	10.34033508	-0.073091837	0.512666741
1290	10.3475869	-0.076809601	0.505513445
1291	10.35483871	-0.08047549	0.498442206
1292	10.36209052	-0.084090099	0.491452097
1293	10.36934234	-0.087654018	0.484542205
1294	10.37659415	-0.091167827	0.477711625
1295	10.38384596	-0.094632103	0.470959463
1296	10.39109777	-0.098047413	0.464284834
1297	10.39834959	-0.10141432	0.457686866
1298	10.4056014	-0.104733379	0.451164695
1299	10.41285321	-0.108005141	0.444717469
1300	10.42010503	-0.111230149	0.438344343
1301	10.42735684	-0.11440894	0.432044484
1302	10.43460865	-0.117542046	0.425817067
1303	10.44186047	-0.120629992	0.419661279
1304	10.44911228	-0.123673297	0.413576314
1305	10.45636409	-0.126672475	0.407561376
1306	10.4636159	-0.129628034	0.401615679
1307	10.47086772	-0.132540475	0.395738444
1308	10.47811953	-0.135410297	0.389928904
1309	10.48537134	-0.138237988	0.384186298
1310	10.49262316	-0.141024035	0.378509875
1311	10.49987497	-0.143768918	0.372898893
1312	10.50712678	-0.146473111	0.367352618
1313	10.51437859	-0.149137084	0.361870324
1314	10.52163041	-0.151761299	0.356451294
1315	10.52888222	-0.154346218	0.35109482
1316	10.53613403	-0.156892292	0.3458002
1317	10.54338585	-0.15939997	0.340566742
1318	10.55063766	-0.161869696	0.33539376
1319	10.55788947	-0.164301909	0.330280579
1320	10.56514129	-0.166697042	0.325226528
1321	10.5723931	-0.169055524	0.320230946
1322	10.57964491	-0.171377779	0.315293179
1323	10.58689672	-0.173664226	0.310412581
1324	10.59414854	-0.17591528	0.305588512
1325	10.60140035	-0.178131351	0.300820341
1326	10.60865216	-0.180312844	0.296107443
1327	10.61590398	-0.182460159	0.2914492
1328	10.62315579	-0.184573694	0.286845002
1329	10.6304076	-0.186653841	0.282294245
1330	10.63765941	-0.188700986	0.277796334
1331	10.64491123	-0.190715513	0.273350677
1332	10.65216304	-0.192697801	0.268956692
1333	10.65941485	-0.194648225	0.264613803
1334	10.66666667	-0.196567154	0.260321439
1335	10.67391848	-0.198454957	0.256079038
1336	10.68117029	-0.200311994	0.251886041
1337	10.68842211	-0.202138624	0.247741899
1338	10.69567392	-0.203935202	0.243646066
1339	10.70292573	-0.205702078	0.239598006
1340	10.71017754	-0.207439598	0.235597184
1341	10.71742936	-0.209148105	0.231643076
1342	10.72468117	-0.210827937	0.227735162
1343	10.73193298	-0.21247943	0.223872926
1344	10.7391848	-0.214102914	0.22005586
1345	10.74643661	-0.215698718	0.216283463
1346	10.75368842	-0.217267165	0.212555236
1347	10.76094024	-0.218808576	0.208870688
1348	10.76819205	-0.220323267	0.205229334
1349	10.77544386	-0.221811552	0.201630693
1350	10.78269567	-0.22327374	0.19807429
1351	10.78994749	-0.224710138	0.194559656
1352	10.7971993	-0.226121048	0.191086327
1353	10.80445111	-0.22750677	0.187653843
1354	10.81170293	-0.228867601	0.18426175
1355	10.81895474	-0.230203833	0.1809096
1356	10.82620655	-0.231515755	0.17759695
1357	10.83345836	-0.232803655	0.17432336
1358	10.84071018	-0.234067816	0.171088396
1359	10.84796199	-0.235308517	0.167891631
1360	10.8552138	-0.236526035	0.164732639
1361	10.86246562	-0.237720646	0.161611002
1362	10.86971743	-0.238892618	0.158526305
1363	10.87696924	-0.240042222	0.155478138
1364	10.88422106	-0.24116972	0.152466096
1365	10.89147287	-0.242275376	0.149489778
1366	10.89872468	-0.243359447	0.146548787
1367	10.90597649	-0.244422192	0.143642733
1368	10.91322831	-0.245463862	0.140771227
1369	10.92048012	-0.246484709	0.137933887
1370	10.92773193	-0.247484979	0.135130333
1371	10.93498375	-0.248464919	0.132360192
1372	10.94223556	-0.249424771	0.129623092
1373	10.94948737	-0.250364773	0.126918668
1374	10.95673918	-0.251285164	0.124246557
1375	10.963991	-0.252186176	0.121606402
1376	10.97124281	-0.253068043	0.118997848
1377	10.97849462	-0.253930993	0.116420546
1378	10.98574644	-0.254775253	0.113874148
1379	10.99299825	-0.255601047	0.111358313
1380	11.00025006	-0.256408597	0.108872702
1381	11.00750188	-0.257198122	0.106416981
1382	11.01475369	-0.257969838	0.103990818
1383	11.0220055	-0.25872396	0.101593886
1384	11.02925731	-0.259460699	0.099225862
1385	11.03650913	-0.260180267	0.096886424
1386	11.04376094	-0.260882869	0.094575258
1387	11.05101275	-0.261568711	0.09229205
1388	11.05826457	-0.262237996	0.090036489
1389	11.06551638	-0.262890924	0.087808271
1390	11.07276819	-0.263527693	0.085607093
1391	11.08002001	-0.264148499	0.083432655
1392	11.08727182	-0.264753537	0.081284661
1393	11.09452363	-0.265342999	0.079162819
1394	11.10177544	-0.265917072	0.077066839
1395	11.10902726	-0.266475947	0.074996435
1396	11.11627907	-0.267019807	0.072951324
1397	11.12353088	-0.267548836	0.070931226
1398	11.1307827	-0.268063216	0.068935864
1399	11.13803451	-0.268563126	0.066964964
1400	11.14528632	-0.269048744	0.065018256
1401	11.15253813	-0.269520244	0.063095473
1402	11.15978995	-0.2699778	0.061196348
1403	11.16704176	-0.270421585	0.059320621
1404	11.17429357	-0.270851767	0.057468032
1405	11.18154539	-0.271268514	0.055638325
1406	11.1887972	-0.271671993	0.053831248
1407	11.19604901	-0.272062367	0.052046549
1408	11.20330083	-0.272439799	0.050283982
1409	11.21055264	-0.272804449	0.0485433
1410	11.21780445	-0.273156476	0.046824263
1411	11.22505626	-0.273496037	0.045126629
1412	11.23230808	-0.273823287	0.043450163
1413	11.23955989	-0.274138379	0.04179463
1414	11.2468117	-0.274441466	0.040159799
1415	11.25406352	-0.274732697	0.038545439
1416	11.26131533	-0.275012222	0.036951325
1417	11.26856714	-0.275280186	0.035377232
1418	11.27581895	-0.275536735	0.033822939
1419	11.28307077	-0.275782012	0.032288227
1420	11.29032258	-0.276016161	0.030772877
1421	11.29757439	-0.27623932	0.029276677
1422	11.30482621	-0.276451629	0.027799414
1423	11.31207802	-0.276653225	0.026340879
1424	11.31932983	-0.276844244	0.024900863
1425	11.32658165	-0.27702482	0.023479161
1426	11.33383346	-0.277195087	0.022075572
1427	11.34108527	-0.277355175	0.020689893
1428	11.34833708	-0.277505214	0.019321927
1429	11.3555889	-0.277645333	0.017971477
1430	11.36284071	-0.277775659	0.016638349
1431	11.37009252	-0.277896317	0.015322351
1432	11.37734434	-0.278007432	0.014023293
1433	11.38459615	-0.278109126	0.012740987
1434	11.39184796	-0.278201521	0.011475247
1435	11.39909977	-0.278284738	0.010225891
1436	11.40635159	-0.278358894	0.008992735
1437	11.4136034	-0.278424108	0.0077756
1438	11.42085521	-0.278480495	0.006574309
1439	11.42810703	-0.278528171	0.005388685
1440	11.43535884	-0.278567248	0.004218554
1441	11.44261065	-0.27859784	0.003063745
1442	11.44986247	-0.278620058	0.001924088
1443	11.45711428	-0.278634011	0.000799414
1444	11.46436609	-0.278639808	-0.000310444
1445	11.4716179	-0.278637557	-0.00140565
1446	11.47886972	-0.278627364	-0.002486366
1447	11.48612153	-0.278609333	-0.003552754
1448	11.49337334	-0.278583569	-0.004604974
1449	11.50062516	-0.278550175	-0.005643182
1450	11.50787697	-0.278509251	-0.006667534
1451	11.51512878	-0.2784609	-0.007678185
1452	11.5223806	-0.278405219	-0.008675288
1453	11.52963241	-0.278342307	-0.009658992
1454	11.53688422	-0.278272262	-0.010629447
1455	11.54413603	-0.278195179	-0.011586801
1456	11.55138785	-0.278111154	-0.0125312
1457	11.55863966	-0.27802028	-0.013462787
1458	11.56589147	-0.277922651	-0.014381706
1459	11.57314329	-0.277818357	-0.015288097
1460	11.5803951	-0.277707491	-0.016182102
1461	11.58764691	-0.277590141	-0.017063857
1462	11.59489872	-0.277466397	-0.017933499
1463	11.60215054	-0.277336347	-0.018791163
1464	11.60940235	-0.277200077	-0.019636984
1465	11.61665416	-0.277057673	-0.020471094
1466	11.62390598	-0.276909221	-0.021293622
1467	11.63115779	-0.276754803	-0.022104699
1468	11.6384096	-0.276594504	-0.022904453
1469	11.64566142	-0.276428405	-0.02369301
1470	11.65291323	-0.276256588	-0.024470495
1471	11.66016504	-0.276079132	-0.025237033
1472	11.66741685	-0.275896118	-0.025992745
1473	11.67466867	-0.275707624	-0.026737753
1474	11.68192048	-0.275513727	-0.027472177
1475	11.68917229	-0.275314503	-0.028196136
1476	11.69642411	-0.27511003	-0.028909746
1477	11.70367592	-0.274900382	-0.029613124
1478	11.71092773	-0.274685633	-0.030306385
1479	11.71817954	-0.274465857	-0.030989641
1480	11.72543136	-0.274241126	-0.031663006
1481	11.73268317	-0.274011512	-0.03232659
1482	11.73993498	-0.273777086	-0.032980503
1483	11.7471868	-0.273537917	-0.033624854
1484	11.75443861	-0.273294076	-0.034259751
1485	11.76169042	-0.273045631	-0.034885299
1486	11.76894224	-0.272792649	-0.035501604
1487	11.77619405	-0.272535198	-0.03610877
1488	11.78344586	-0.272273344	-0.0367069
1489	11.79069767	-0.272007152	-0.037296096
1490	11.79794949	-0.271736688	-0.037876458
1491	11.8052013	-0.271462015	-0.038448086
1492	11.81245311	-0.271183197	-0.039011078
1493	11.81970493	-0.270900296	-0.039565533
1494	11.82695674	-0.270613374	-0.040111546
1495	11.83420855	-0.270322492	-0.040649213
1496	11.84146037	-0.270027712	-0.041178628
1497	11.84871218	-0.269729092	-0.041699885
1498	11.85596399	-0.269426692	-0.042213075
1499	11.8632158	-0.269120571	-0.042718291
1500	11.87046762	-0.268810786	-0.043215622
1501	11.87771943	-0.268497394	-0.043705158
1502	11.88497124	-0.268180453	-0.044186988
1503	11.89222306	-0.267860017	-0.044661198
1504	11.89947487	-0.267536142	-0.045127875
1505	11.90672668	-0.267208884	-0.045587105
1506	11.91397849	-0.266878294	-0.046038973
1507	11.92123031	-0.266544428	-0.046483562
1508	11.92848212	-0.266207338	-0.046920955
1509	11.93573393	-0.265867076	-0.047351234
1510	11.94298575	-0.265523694	-0.047774479
1511	11.95023756	-0.265177242	-0.048190773
1512	11.95748937	-0.264827772	-0.048600192
1513	11.96474119	-0.264475332	-0.049002817
1514	11.971993	-0.264119973	-0.049398724
1515	11.97924481	-0.263761743	-0.049787991
1516	11.98649662	-0.26340069	-0.050170693
1517	11.99374844	-0.263036861	-0.050546905
1518	12.00100025	-0.262670304	-0.050916702
1519	12.00825206	-0.262301066	-0.051280158
1520	12.01550388	-0.261929192	-0.051637344
1521	12.02275569	-0.261554728	-0.051988334
1522	12.0300075	-0.261177718	-0.052333198
1523	12.03725931	-0.260798207	-0.052672006
1524	12.04451113	-0.26041624	-0.053004829
1525	12.05176294	-0.260031859	-0.053331734
1526	12.05901475	-0.259645107	-0.053652791
1527	12.06626657	-0.259256027	-0.053968067
1528	12.07351838	-0.258864661	-0.054277628
1529	12.08077019	-0.258471049	-0.054581541
1530	12.08802201	-0.258075234	-0.05487987
1531	12.09527382	-0.257677256	-0.055172681
1532	12.10252563	-0.257277154	-0.055460036
1533	12.10977744	-0.256874968	-0.055742
1534	12.11702926	-0.256470737	-0.056018635
1535	12.12428107	-0.256064501	-0.056290002
1536	12.13153288	-0.255656296	-0.056556163
1537	12.1387847	-0.255246161	-0.056817178
1538	12.14603651	-0.254834134	-0.057073108
1539	12.15328832	-0.25442025	-0.057324011
1540	12.16054014	-0.254004547	-0.057569946
1541	12.16779195	-0.253587061	-0.057810971
1542	12.17504376	-0.253167827	-0.058047143
1543	12.18229557	-0.25274688	-0.058278519
1544	12.18954739	-0.252324255	-0.058505154
1545	12.1967992	-0.251899986	-0.058727106
1546	12.20405101	-0.251474108	-0.058944428
1547	12.21130283	-0.251046654	-0.059157175
1548	12.21855464	-0.250617658	-0.0593654
1549	12.22580645	-0.250187151	-0.059569156
1550	12.23305826	-0.249755166	-0.059768497
1551	12.24031008	-0.249321736	-0.059963474
1552	12.24756189	-0.248886892	-0.060154139
1553	12.2548137	-0.248450666	-0.060340542
1554	12.26206552	-0.248013088	-0.060522734
1555	12.26931733	-0.247574188	-0.060700765
1556	12.27656914	-0.247133997	-0.060874683
1557	12.28382096	-0.246692546	-0.061044539
1558	12.29107277	-0.246249862	-0.061210379
1559	12.29832458	-0.245805976	-0.061372252
1560	12.30557639	-0.245360916	-0.061530204
1561	12.31282821	-0.24491471	-0.061684283
1562	12.32008002	-0.244467387	-0.061834535
1563	12.32733183	-0.244018975	-0.061981005
1564	12.33458365	-0.2435695	-0.062123738
1565	12.34183546	-0.24311899	-0.062262779
1566	12.34908727	-0.242667472	-0.062398173
1567	12.35633908	-0.242214973	-0.062529963
1568	12.3635909	-0.241761517	-0.062658193
1569	12.37084271	-0.241307131	-0.062782904
1570	12.37809452	-0.240851842	-0.06290414
1571	12.38534634	-0.240395673	-0.063021943
1572	12.39259815	-0.239938649	-0.063136354
1573	12.39984996	-0.239480796	-0.063247413
1574	12.40710178	-0.239022138	-0.063355162
1575	12.41435359	-0.238562698	-0.06345964
1576	12.4216054	-0.238102501	-0.063560887
1577	12.42885721	-0.237641569	-0.063658943
1578	12.43610903	-0.237179926	-0.063753846
1579	12.44336084	-0.236717595	-0.063845635
1580	12.45061265	-0.236254599	-0.063934348
1581	12.45786447	-0.235790959	-0.064020022
1582	12.46511628	-0.235326697	-0.064102694
1583	12.47236809	-0.234861837	-0.064182401
1584	12.4796199	-0.234396398	-0.064259181
1585	12.48687172	-0.233930402	-0.064333067
1586	12.49412353	-0.233463871	-0.064404097
1587	12.50137534	-0.232996824	-0.064472306
1588	12.50862716	-0.232529283	-0.064537728
1589	12.51587897	-0.232061268	-0.064600397
1590	12.52313078	-0.231592798	-0.064660349
1591	12.5303826	-0.231123893	-0.064717615
1592	12.53763441	-0.230654573	-0.064772231
1593	12.54488622	-0.230184857	-0.064824229
1594	12.55213803	-0.229714764	-0.064873642
1595	12.55938985	-0.229244312	-0.064920501
1596	12.56664166	-0.228773521	-0.064964839
1597	12.57389347	-0.228302408	-0.065006688
1598	12.58114529	-0.227830992	-0.065046078
1599	12.5883971	-0.22735929	-0.065083041
1600	12.59564891	-0.22688732	-0.065117606
1601	12.60290073	-0.226415099	-0.065149806
1602	12.61015254	-0.225942645	-0.065179669
1603	12.61740435	-0.225469974	-0.065207224
1604	12.62465616	-0.224997103	-0.065232502
1605	12.63190798	-0.22452405	-0.065255532
1606	12.63915979	-0.224050829	-0.065276341
1607	12.6464116	-0.223577457	-0.065294958
1608	12.65366342	-0.22310395	-0.065311412
1609	12.66091523	-0.222630324	-0.065325729
1610	12.66816704	-0.222156594	-0.065337938
1611	12.67541885	-0.221682775	-0.065348066
1612	12.68267067	-0.221208883	-0.065356138
1613	12.68992248	-0.220734933	-0.065362183
1614	12.69717429	-0.220260939	-0.065366226
1615	12.70442611	-0.219786915	-0.065368294
1616	12.71167792	-0.219312876	-0.065368411
1617	12.71892973	-0.218838837	-0.065366603
1618	12.72618155	-0.21836481	-0.065362896
1619	12.73343336	-0.217890811	-0.065357314
1620	12.74068517	-0.217416852	-0.065349882
1621	12.74793698	-0.216942947	-0.065340624
1622	12.7551888	-0.216469109	-0.065329565
1623	12.76244061	-0.215995351	-0.065316727
1624	12.76969242	-0.215521686	-0.065302136
1625	12.77694424	-0.215048127	-0.065285813
1626	12.78419605	-0.214574687	-0.065267782
1627	12.79144786	-0.214101377	-0.065248066
1628	12.79869967	-0.21362821	-0.065226687
1629	12.80595149	-0.213155199	-0.065203668
1630	12.8132033	-0.212682354	-0.06517903
1631	12.82045511	-0.212209688	-0.065152796
1632	12.82770693	-0.211737212	-0.065124987
1633	12.83495874	-0.211264938	-0.065095624
1634	12.84221055	-0.210792876	-0.065064729
1635	12.84946237	-0.210321039	-0.065032322
1636	12.85671418	-0.209849437	-0.064998424
1637	12.86396599	-0.209378081	-0.064963055
1638	12.8712178	-0.208906981	-0.064926236
1639	12.87846962	-0.208436148	-0.064887987
1640	12.88572143	-0.207965592	-0.064848326
1641	12.89297324	-0.207495324	-0.064807275
1642	12.90022506	-0.207025354	-0.064764852
1643	12.90747687	-0.206555691	-0.064721076
1644	12.91472868	-0.206086346	-0.064675966
1645	12.9219805	-0.205617328	-0.064629541
1646	12.92923231	-0.205148647	-0.06458182
1647	12.93648412	-0.204680312	-0.06453282
1648	12.94373593	-0.204212332	-0.06448256
1649	12.95098775	-0.203744716	-0.064431058
1650	12.95823956	-0.203277474	-0.064378331
1651	12.96549137	-0.202810615	-0.064324397
1652	12.97274319	-0.202344146	-0.064269273
1653	12.979995	-0.201878077	-0.064212976
1654	12.98724681	-0.201412417	-0.064155523
1655	12.99449862	-0.200947173	-0.064096932
1656	13.00175044	-0.200482354	-0.064037218
1657	13.00900225	-0.200017968	-0.063976397
1658	13.01625406	-0.199554023	-0.063914487
1659	13.02350588	-0.199090527	-0.063851503
1660	13.03075769	-0.198627488	-0.063787461
1661	13.0380095	-0.198164913	-0.063722377
1662	13.04526132	-0.197702811	-0.063656265
1663	13.05251313	-0.197241187	-0.063589142
1664	13.05976494	-0.196780051	-0.063521023
1665	13.06701675	-0.196319408	-0.063451922
1666	13.07426857	-0.195859267	-0.063381854
1667	13.08152038	-0.195399633	-0.063310834
1668	13.08877219	-0.194940515	-0.063238877
1669	13.09602401	-0.194481919	-0.063165997
1670	13.10327582	-0.194023851	-0.063092208
1671	13.11052763	-0.193566318	-0.063017523
1672	13.11777944	-0.193109326	-0.062941958
1673	13.12503126	-0.192652883	-0.062865525
1674	13.13228307	-0.192196994	-0.062788238
1675	13.13953488	-0.191741666	-0.062710111
1676	13.1467867	-0.191286904	-0.062631156
1677	13.15403851	-0.190832714	-0.062551388
1678	13.16129032	-0.190379103	-0.062470818
1679	13.16854214	-0.189926076	-0.06238946
1680	13.17579395	-0.18947364	-0.062307326
1681	13.18304576	-0.189021799	-0.062224429
1682	13.19029757	-0.188570559	-0.062140781
1683	13.19754939	-0.188119925	-0.062056395
1684	13.2048012	-0.187669904	-0.061971282
1685	13.21205301	-0.1872205	-0.061885455
1686	13.21930483	-0.186771718	-0.061798925
1687	13.22655664	-0.186323564	-0.061711704
1688	13.23380845	-0.185876042	-0.061623804
1689	13.24106027	-0.185429158	-0.061535236
1690	13.24831208	-0.184982916	-0.061446012
1691	13.25556389	-0.184537321	-0.061356142
1692	13.2628157	-0.184092378	-0.061265638
1693	13.27006752	-0.183648091	-0.06117451
1694	13.27731933	-0.183204465	-0.06108277
1695	13.28457114	-0.182761504	-0.060990428
1696	13.29182296	-0.182319213	-0.060897495
1697	13.29907477	-0.181877595	-0.06080398
1698	13.30632658	-0.181436656	-0.060709896
1699	13.31357839	-0.180996399	-0.060615251
1700	13.32083021	-0.180556829	-0.060520056
1701	13.32808202	-0.180117949	-0.06042432
1702	13.33533383	-0.179679763	-0.060328055
1703	13.34258565	-0.179242275	-0.060231269
1704	13.34983746	-0.178805489	-0.060133971
1705	13.35708927	-0.178369409	-0.060036173
1706	13.36434109	-0.177934038	-0.059937882
1707	13.3715929	-0.17749938	-0.059839109
1708	13.37884471	-0.177065438	-0.059739863
1709	13.38609652	-0.176632215	-0.059640152
1710	13.39334834	-0.176199716	-0.059539986
1711	13.40060015	-0.175767943	-0.059439373
1712	13.40785196	-0.1753369	-0.059338323
1713	13.41510378	-0.17490659	-0.059236844
1714	13.42235559	-0.174477015	-0.059134945
1715	13.4296074	-0.174048179	-0.059032634
1716	13.43685921	-0.173620086	-0.05892992
1717	13.44411103	-0.173192737	-0.05882681
1718	13.45136284	-0.172766136	-0.058723314
1719	13.45861465	-0.172340286	-0.058619439
1720	13.46586647	-0.171915188	-0.058515193
1721	13.47311828	-0.171490847	-0.058410584
1722	13.48037009	-0.171067265	-0.05830562
1723	13.48762191	-0.170644443	-0.05820031
1724	13.49487372	-0.170222385	-0.058094659
1725	13.50212553	-0.169801094	-0.057988677
1726	13.50937734	-0.169380571	-0.05788237
1727	13.51662916	-0.168960819	-0.057775746
1728	13.52388097	-0.16854184	-0.057668812
1729	13.53113278	-0.168123636	-0.057561575
1730	13.5383846	-0.16770621	-0.057454043
1731	13.54563641	-0.167289564	-0.057346223
1732	13.55288822	-0.1668737	-0.057238121
1733	13.56014004	-0.16645862	-0.057129745
1734	13.56739185	-0.166044326	-0.057021101
1735	13.57464366	-0.16563082	-0.056912196
1736	13.58189547	-0.165218103	-0.056803036
1737	13.58914729	-0.164806178	-0.056693629
1738	13.5963991	-0.164395046	-0.05658398
1739	13.60365091	-0.16398471	-0.056474097
1740	13.61090273	-0.16357517	-0.056363985
1741	13.61815454	-0.163166429	-0.05625365
1742	13.62540635	-0.162758488	-0.0561431
1743	13.63265816	-0.162351349	-0.056032339
1744	13.63990998	-0.161945013	-0.055921375
1745	13.64716179	-0.161539482	-0.055810212
1746	13.6544136	-0.161134757	-0.055698858
1747	13.66166542	-0.160730839	-0.055587317
1748	13.66891723	-0.16032773	-0.055475596
1749	13.67616904	-0.159925431	-0.0553637
1750	13.68342086	-0.159523944	-0.055251635
1751	13.69067267	-0.15912327	-0.055139406
1752	13.69792448	-0.158723409	-0.055027019
1753	13.70517629	-0.158324363	-0.054914479
1754	13.71242811	-0.157926134	-0.054801792
1755	13.71967992	-0.157528721	-0.054688963
1756	13.72693173	-0.157132127	-0.054575997
1757	13.73418355	-0.156736352	-0.054462899
1758	13.74143536	-0.156341398	-0.054349674
1759	13.74868717	-0.155947264	-0.054236329
1760	13.75593898	-0.155553952	-0.054122866
1761	13.7631908	-0.155161463	-0.054009292
1762	13.77044261	-0.154769798	-0.053895611
1763	13.77769442	-0.154378957	-0.053781828
1764	13.78494624	-0.153988941	-0.053667948
1765	13.79219805	-0.153599752	-0.053553975
1766	13.79944986	-0.153211388	-0.053439914
1767	13.80670168	-0.152823852	-0.05332577
1768	13.81395349	-0.152437143	-0.053211547
1769	13.8212053	-0.152051263	-0.05309725
1770	13.82845711	-0.151666212	-0.052982882
1771	13.83570893	-0.15128199	-0.052868449
1772	13.84296074	-0.150898598	-0.052753954
1773	13.85021255	-0.150516036	-0.052639402
1774	13.85746437	-0.150134305	-0.052524797
1775	13.86471618	-0.149753405	-0.052410143
1776	13.87196799	-0.149373336	-0.052295444
1777	13.8792198	-0.1489941	-0.052180705
1778	13.88647162	-0.148615695	-0.052065929
1779	13.89372343	-0.148238122	-0.05195112
1780	13.90097524	-0.147861383	-0.051836282
1781	13.90822706	-0.147485476	-0.051721418
1782	13.91547887	-0.147110402	-0.051606533
1783	13.92273068	-0.146736161	-0.051491631
1784	13.9299825	-0.146362753	-0.051376715
1785	13.93723431	-0.145990179	-0.051261788
1786	13.94448612	-0.145618438	-0.051146854
1787	13.95173793	-0.14524753	-0.051031918
1788	13.95898975	-0.144877456	-0.050916981
1789	13.96624156	-0.144508216	-0.050802048
1790	13.97349337	-0.144139809	-0.050687122
1791	13.98074519	-0.143772236	-0.050572207
1792	13.987997	-0.143405495	-0.050457306
1793	13.99524881	-0.143039588	-0.050342421
1794	14.00250063	-0.142674515	-0.050227557
1795	14.00975244	-0.142310274	-0.050112717
1796	14.01700425	-0.141946866	-0.049997903
1797	14.02425606	-0.14158429	-0.049883119
1798	14.03150788	-0.141222547	-0.049768367
1799	14.03875969	-0.140861636	-0.049653652
1800	14.0460115	-0.140501557	-0.049538975
1801	14.05326332	-0.14014231	-0.04942434
1802	14.06051513	-0.139783894	-0.04930975
1803	14.06776694	-0.139426309	-0.049195207
1804	14.07501875	-0.139069554	-0.049080715
1805	14.08227057	-0.13871363	-0.048966276
1806	14.08952238	-0.138358536	-0.048851892
1807	14.09677419	-0.138004271	-0.048737568
1808	14.10402601	-0.137650835	-0.048623304
1809	14.11127782	-0.137298228	-0.048509105
1810	14.11852963	-0.136946449	-0.048394972
1811	14.12578145	-0.136595498	-0.048280908
1812	14.13303326	-0.136245374	-0.048166916
1813	14.14028507	-0.135896076	-0.048052998
1814	14.14753688	-0.135547605	-0.047939157
1815	14.1547887	-0.135199959	-0.047825395
1816	14.16204051	-0.134853138	-0.047711714
1817	14.16929232	-0.134507142	-0.047598117
1818	14.17654414	-0.134161969	-0.047484606
1819	14.18379595	-0.13381762	-0.047371184
1820	14.19104776	-0.133474093	-0.047257852
1821	14.19829957	-0.133131388	-0.047144614
1822	14.20555139	-0.132789504	-0.04703147
1823	14.2128032	-0.13244844	-0.046918424
1824	14.22005501	-0.132108197	-0.046805478
1825	14.22730683	-0.131768772	-0.046692632
1826	14.23455864	-0.131430166	-0.046579891
1827	14.24181045	-0.131092377	-0.046467255
1828	14.24906227	-0.130755406	-0.046354727
1829	14.25631408	-0.13041925	-0.046242309
1830	14.26356589	-0.130083909	-0.046130003
1831	14.2708177	-0.129749383	-0.04601781
1832	14.27806952	-0.12941567	-0.045905732
1833	14.28532133	-0.129082771	-0.045793772
1834	14.29257314	-0.128750683	-0.045681932
1835	14.29982496	-0.128419406	-0.045570212
1836	14.30707677	-0.128088939	-0.045458615
1837	14.31432858	-0.127759282	-0.045347143
1838	14.3215804	-0.127430433	-0.045235797
1839	14.32883221	-0.127102391	-0.04512458
1840	14.33608402	-0.126775156	-0.045013492
1841	14.34333583	-0.126448727	-0.044902536
1842	14.35058765	-0.126123102	-0.044791712
1843	14.35783946	-0.125798281	-0.044681024
1844	14.36509127	-0.125474263	-0.044570472
1845	14.37234309	-0.125151046	-0.044460057
1846	14.3795949	-0.12482863	-0.044349782
1847	14.38684671	-0.124507014	-0.044239648
1848	14.39409852	-0.124186196	-0.044129656
1849	14.40135034	-0.123866176	-0.044019808
1850	14.40860215	-0.123546952	-0.043910106
1851	14.41585396	-0.123228525	-0.04380055
1852	14.42310578	-0.122910891	-0.043691143
1853	14.43035759	-0.122594051	-0.043581884
1854	14.4376094	-0.122278004	-0.043472777
1855	14.44486122	-0.121962747	-0.043363822
1856	14.45211303	-0.121648281	-0.043255021
1857	14.45936484	-0.121334603	-0.043146374
1858	14.46661665	-0.121021714	-0.043037883
1859	14.47386847	-0.120709611	-0.04292955
1860	14.48112028	-0.120398294	-0.042821375
1861	14.48837209	-0.120087762	-0.04271336
1862	14.49562391	-0.119778012	-0.042605506
1863	14.50287572	-0.119469045	-0.042497814
1864	14.51012753	-0.119160859	-0.042390285
1865	14.51737934	-0.118853453	-0.042282921
1866	14.52463116	-0.118546825	-0.042175722
1867	14.53188297	-0.118240974	-0.04206869
1868	14.53913478	-0.1179359	-0.041961825
1869	14.5463866	-0.117631601	-0.041855129
1870	14.55363841	-0.117328075	-0.041748603
1871	14.56089022	-0.117025322	-0.041642247
1872	14.56814204	-0.11672334	-0.041536063
1873	14.57539385	-0.116422129	-0.041430052
1874	14.58264566	-0.116121686	-0.041324214
1875	14.58989747	-0.11582201	-0.041218551
1876	14.59714929	-0.115523101	-0.041113064
1877	14.6044011	-0.115224957	-0.041007753
1878	14.61165291	-0.114927576	-0.040902619
1879	14.61890473	-0.114630958	-0.040797663
1880	14.62615654	-0.114335101	-0.040692887
1881	14.63340835	-0.114040004	-0.04058829
1882	14.64066017	-0.113745665	-0.040483874
1883	14.64791198	-0.113452084	-0.040379639
1884	14.65516379	-0.113159258	-0.040275587
1885	14.6624156	-0.112867187	-0.040171718
1886	14.66966742	-0.112575869	-0.040068033
1887	14.67691923	-0.112285303	-0.039964532
1888	14.68417104	-0.111995488	-0.039861216
1889	14.69142286	-0.111706422	-0.039758087
1890	14.69867467	-0.111418104	-0.039655144
1891	14.70592648	-0.111130532	-0.039552388
1892	14.71317829	-0.110843705	-0.039449821
1893	14.72043011	-0.110557623	-0.039347442
1894	14.72768192	-0.110272282	-0.039245253
1895	14.73493373	-0.109987683	-0.039143254
1896	14.74218555	-0.109703824	-0.039041445
1897	14.74943736	-0.109420702	-0.038939827
1898	14.75668917	-0.109138318	-0.038838402
1899	14.76394099	-0.108856669	-0.038737168
1900	14.7711928	-0.108575755	-0.038636128
1901	14.77844461	-0.108295573	-0.038535281
1902	14.78569642	-0.108016122	-0.038434627
1903	14.79294824	-0.107737401	-0.038334169
1904	14.80020005	-0.107459409	-0.038233905
1905	14.80745186	-0.107182144	-0.038133837
1906	14.81470368	-0.106905604	-0.038033965
1907	14.82195549	-0.106629789	-0.03793429
1908	14.8292073	-0.106354697	-0.037834811
1909	14.83645911	-0.106080326	-0.03773553
1910	14.84371093	-0.105806675	-0.037636446
1911	14.85096274	-0.105533742	-0.037537561
1912	14.85821455	-0.105261527	-0.037438874
1913	14.86546637	-0.104990027	-0.037340387
1914	14.87271818	-0.104719242	-0.037242099
1915	14.87996999	-0.104449169	-0.03714401
1916	14.88722181	-0.104179808	-0.037046122
1917	14.89447362	-0.103911156	-0.036948434
1918	14.90172543	-0.103643213	-0.036850948
1919	14.90897724	-0.103375977	-0.036753662
1920	14.91622906	-0.103109446	-0.036656578
1921	14.92348087	-0.102843619	-0.036559696
1922	14.93073268	-0.102578495	-0.036463016
1923	14.9379845	-0.102314072	-0.036366539
1924	14.94523631	-0.102050349	-0.036270264
1925	14.95248812	-0.101787324	-0.036174192
1926	14.95973993	-0.101524995	-0.036078324
1927	14.96699175	-0.101263362	-0.035982659
1928	14.97424356	-0.101002423	-0.035887198
1929	14.98149537	-0.100742175	-0.03579194
1930	14.98874719	-0.100482619	-0.035696887
1931	14.995999	-0.100223752	-0.035602039
1932	15.00325081	-0.099965572	-0.035507395
1933	15.01050263	-0.099708079	-0.035412956
1934	15.01775444	-0.099451271	-0.035318723
1935	15.02500625	-0.099195147	-0.035224694
1936	15.03225806	-0.098939704	-0.035130871
1937	15.03950988	-0.098684941	-0.035037253
1938	15.04676169	-0.098430858	-0.034943841
1939	15.0540135	-0.098177451	-0.034850635
1940	15.06126532	-0.097924721	-0.034757635
1941	15.06851713	-0.097672665	-0.034664842
1942	15.07576894	-0.097421282	-0.034572254
1943	15.08302076	-0.097170571	-0.034479873
1944	15.09027257	-0.096920529	-0.034387699
1945	15.09752438	-0.096671156	-0.034295731
1946	15.10477619	-0.09642245	-0.034203969
1947	15.11202801	-0.096174409	-0.034112415
1948	15.11927982	-0.095927032	-0.034021067
1949	15.12653163	-0.095680318	-0.033929927
1950	15.13378345	-0.095434264	-0.033838993
1951	15.14103526	-0.09518887	-0.033748266
1952	15.14828707	-0.094944134	-0.033657747
1953	15.15553888	-0.094700054	-0.033567435
1954	15.1627907	-0.09445663	-0.03347733
1955	15.17004251	-0.094213858	-0.033387432
1956	15.17729432	-0.093971739	-0.033297741
1957	15.18454614	-0.09373027	-0.033208258
1958	15.19179795	-0.09348945	-0.033118981
1959	15.19904976	-0.093249277	-0.033029913
1960	15.20630158	-0.09300975	-0.032941051
1961	15.21355339	-0.092770868	-0.032852397
1962	15.2208052	-0.092532629	-0.03276395
1963	15.22805701	-0.092295031	-0.03267571
1964	15.23530883	-0.092058072	-0.032587677
1965	15.24256064	-0.091821753	-0.032499851
1966	15.24981245	-0.09158607	-0.032412233
1967	15.25706427	-0.091351022	-0.032324822
1968	15.26431608	-0.091116609	-0.032237617
1969	15.27156789	-0.090882828	-0.03215062
1970	15.2788197	-0.090649677	-0.03206383
1971	15.28607152	-0.090417157	-0.031977246
1972	15.29332333	-0.090185264	-0.031890869
1973	15.30057514	-0.089953997	-0.031804699
1974	15.30782696	-0.089723355	-0.031718735
1975	15.31507877	-0.089493337	-0.031632978
1976	15.32233058	-0.08926394	-0.031547427
1977	15.3295824	-0.089035164	-0.031462083
1978	15.33683421	-0.088807007	-0.031376945
1979	15.34408602	-0.088579467	-0.031292013
1980	15.35133783	-0.088352544	-0.031207286
1981	15.35858965	-0.088126234	-0.031122766
1982	15.36584146	-0.087900538	-0.031038452
1983	15.37309327	-0.087675453	-0.030954343
1984	15.38034509	-0.087450978	-0.030870439
1985	15.3875969	-0.087227111	-0.030786741
1986	15.39484871	-0.087003851	-0.030703248
1987	15.40210053	-0.086781197	-0.03061996
1988	15.40935234	-0.086559147	-0.030536877
1989	15.41660415	-0.086337699	-0.030453999
1990	15.42385596	-0.086116852	-0.030371325
1991	15.43110778	-0.085896605	-0.030288856
1992	15.43835959	-0.085676956	-0.030206591
1993	15.4456114	-0.085457904	-0.03012453
1994	15.45286322	-0.085239446	-0.030042673
1995	15.46011503	-0.085021582	-0.029961019
1996	15.46736684	-0.084804311	-0.029879569
1997	15.47461865	-0.08458763	-0.029798323
1998	15.48187047	-0.084371538	-0.029717279
1999	15.48912228	-0.084156034	-0.029636439
2000	15.49637409	-0.083941116	-0.029555801
2001	15.50362591	-0.083726782	-0.029475366
2002	15.51087772	-0.083513033	-0.029395133
2003	15.51812953	-0.083299865	-0.029315103
2004	15.52538135	-0.083087277	-0.029235274
2005	15.53263316	-0.082875268	-0.029155647
2006	15.53988497	-0.082663837	-0.029076221
2007	15.54713678	-0.082452982	-0.028996997
2008	15.5543886	-0.082242701	-0.028917974
2009	15.56164041	-0.082032993	-0.028839151
2010	15.56889222	-0.081823857	-0.028760529
2011	15.57614404	-0.081615291	-0.028682107
2012	15.58339585	-0.081407294	-0.028603886
2013	15.59064766	-0.081199864	-0.028525864
2014	15.59789947	-0.080992999	-0.028448042
2015	15.60515129	-0.0807867	-0.028370419
2016	15.6124031	-0.080580963	-0.028292996
2017	15.61965491	-0.080375787	-0.028215771
2018	15.62690673	-0.080171172	-0.028138744
2019	15.63415854	-0.079967115	-0.028061916
2020	15.64141035	-0.079763615	-0.027985287
2021	15.64866217	-0.079560671	-0.027908854
2022	15.65591398	-0.079358281	-0.02783262
2023	15.66316579	-0.079156444	-0.027756583
2024	15.6704176	-0.078955159	-0.027680742
2025	15.67766942	-0.078754423	-0.027605099
2026	15.68492123	-0.078554236	-0.027529651
2027	15.69217304	-0.078354596	-0.0274544
2028	15.69942486	-0.078155502	-0.027379345
2029	15.70667667	-0.077956952	-0.027304486
2030	15.71392848	-0.077758945	-0.027229821
2031	15.7211803	-0.077561479	-0.027155352
2032	15.72843211	-0.077364554	-0.027081077
2033	15.73568392	-0.077168167	-0.027006997
2034	15.74293573	-0.076972317	-0.026933111
2035	15.75018755	-0.076777003	-0.026859419
2036	15.75743936	-0.076582224	-0.02678592
2037	15.76469117	-0.076387977	-0.026712614
2038	15.77194299	-0.076194263	-0.026639502
2039	15.7791948	-0.076001078	-0.026566581
2040	15.78644661	-0.075808422	-0.026493854
2041	15.79369842	-0.075616294	-0.026421318
2042	15.80095024	-0.075424691	-0.026348974
2043	15.80820205	-0.075233613	-0.026276821
2044	15.81545386	-0.075043059	-0.026204859
2045	15.82270568	-0.074853026	-0.026133088
2046	15.82995749	-0.074663514	-0.026061507
2047	15.8372093	-0.07447452	-0.025990117
2048	15.84446112	-0.074286045	-0.025918916
2049	15.85171293	-0.074098086	-0.025847904
2050	15.85896474	-0.073910642	-0.025777082
2051	15.86621655	-0.073723711	-0.025706449
2052	15.87346837	-0.073537293	-0.025636003
2053	15.88072018	-0.073351385	-0.025565746
2054	15.88797199	-0.073165987	-0.025495677
2055	15.89522381	-0.072981097	-0.025425795
2056	15.90247562	-0.072796714	-0.025356101
2057	15.90972743	-0.072612837	-0.025286593
2058	15.91697924	-0.072429463	-0.025217271
2059	15.92423106	-0.072246592	-0.025148136
2060	15.93148287	-0.072064222	-0.025079186
2061	15.93873468	-0.071882353	-0.025010422
2062	15.9459865	-0.071700982	-0.024941842
2063	15.95323831	-0.071520108	-0.024873448
2064	15.96049012	-0.071339731	-0.024805238
2065	15.96774194	-0.071159848	-0.024737212
2066	15.97499375	-0.070980458	-0.024669369
2067	15.98224556	-0.070801561	-0.02460171
2068	15.98949737	-0.070623154	-0.024534234
2069	15.99674919	-0.070445236	-0.02446694
2070	16.004001	-0.070267806	-0.024399829
2071	16.01125281	-0.070090863	-0.0243329
2072	16.01850463	-0.069914406	-0.024266152
2073	16.02575644	-0.069738432	-0.024199585
2074	16.03300825	-0.069562941	-0.024133199
2075	16.04026007	-0.069387932	-0.024066994
2076	16.04751188	-0.069213402	-0.024000969
2077	16.05476369	-0.069039352	-0.023935123
2078	16.0620155	-0.068865779	-0.023869457
2079	16.06926732	-0.068692682	-0.02380397
2080	16.07651913	-0.06852006	-0.023738662
2081	16.08377094	-0.068347912	-0.023673532
2082	16.09102276	-0.068176236	-0.02360858
2083	16.09827457	-0.068005031	-0.023543805
2084	16.10552638	-0.067834295	-0.023479208
2085	16.11277819	-0.067664029	-0.023414787
2086	16.12003001	-0.067494229	-0.023350543
2087	16.12728182	-0.067324895	-0.023286476
2088	16.13453363	-0.067156026	-0.023222584
2089	16.14178545	-0.06698762	-0.023158867
2090	16.14903726	-0.066819676	-0.023095325
2091	16.15628907	-0.066652193	-0.023031958
2092	16.16354089	-0.06648517	-0.022968765
2093	16.1707927	-0.066318605	-0.022905746
2094	16.17804451	-0.066152497	-0.022842901
2095	16.18529632	-0.065986844	-0.022780229
2096	16.19254814	-0.065821646	-0.022717729
2097	16.19979995	-0.065656901	-0.022655402
2098	16.20705176	-0.065492609	-0.022593247
2099	16.21430358	-0.065328767	-0.022531264
2100	16.22155539	-0.065165374	-0.022469452
2101	16.2288072	-0.06500243	-0.02240781
2102	16.23605901	-0.064839933	-0.02234634
2103	16.24331083	-0.064677881	-0.022285039
2104	16.25056264	-0.064516274	-0.022223908
2105	16.25781445	-0.064355111	-0.022162947
2106	16.26506627	-0.064194389	-0.022102155
2107	16.27231808	-0.064034108	-0.022041531
2108	16.27956989	-0.063874267	-0.021981076
2109	16.28682171	-0.063714865	-0.021920788
2110	16.29407352	-0.063555899	-0.021860668
2111	16.30132533	-0.06339737	-0.021800715
2112	16.30857714	-0.063239275	-0.021740929
2113	16.31582896	-0.063081614	-0.021681309
2114	16.32308077	-0.062924385	-0.021621855
2115	16.33033258	-0.062767587	-0.021562567
2116	16.3375844	-0.06261122	-0.021503444
2117	16.34483621	-0.062455281	-0.021444486
2118	16.35208802	-0.062299769	-0.021385692
2119	16.35933983	-0.062144684	-0.021327063
2120	16.36659165	-0.061990024	-0.021268597
2121	16.37384346	-0.061835789	-0.021210294
2122	16.38109527	-0.061681975	-0.021152155
2123	16.38834709	-0.061528584	-0.021094177
2124	16.3955989	-0.061375613	-0.021036363
2125	16.40285071	-0.061223061	-0.02097871
2126	16.41010253	-0.061070928	-0.020921218
2127	16.41735434	-0.060919211	-0.020863887
2128	16.42460615	-0.06076791	-0.020806717
2129	16.43185796	-0.060617023	-0.020749708
2130	16.43910978	-0.06046655	-0.020692858
2131	16.44636159	-0.06031649	-0.020636168
2132	16.4536134	-0.06016684	-0.020579636
2133	16.46086522	-0.0600176	-0.020523264
2134	16.46811703	-0.059868769	-0.02046705
2135	16.47536884	-0.059720346	-0.020410994
2136	16.48262066	-0.05957233	-0.020355096
2137	16.48987247	-0.059424718	-0.020299354
2138	16.49712428	-0.059277511	-0.02024377
2139	16.50437609	-0.059130707	-0.020188342
2140	16.51162791	-0.058984305	-0.02013307
2141	16.51887972	-0.058838304	-0.020077954
2142	16.52613153	-0.058692702	-0.020022993
2143	16.53338335	-0.058547499	-0.019968188
2144	16.54063516	-0.058402694	-0.019913536
2145	16.54788697	-0.058258284	-0.019859039
2146	16.55513878	-0.05811427	-0.019804696
2147	16.5623906	-0.05797065	-0.019750506
2148	16.56964241	-0.057827423	-0.019696469
2149	16.57689422	-0.057684588	-0.019642585
2150	16.58414604	-0.057542144	-0.019588853
2151	16.59139785	-0.057400089	-0.019535273
2152	16.59864966	-0.057258423	-0.019481845
2153	16.60590148	-0.057117144	-0.019428567
2154	16.61315329	-0.056976252	-0.019375441
2155	16.6204051	-0.056835745	-0.019322465
2156	16.62765691	-0.056695622	-0.019269638
2157	16.63490873	-0.056555882	-0.019216962
2158	16.64216054	-0.056416524	-0.019164435
2159	16.64941235	-0.056277548	-0.019112056
2160	16.65666417	-0.05613895	-0.019059826
2161	16.66391598	-0.056000732	-0.019007745
2162	16.67116779	-0.055862892	-0.018955811
2163	16.6784196	-0.055725428	-0.018904024
2164	16.68567142	-0.055588339	-0.018852385
2165	16.69292323	-0.055451625	-0.018800892
2166	16.70017504	-0.055315285	-0.018749545
2167	16.70742686	-0.055179316	-0.018698344
2168	16.71467867	-0.05504372	-0.018647289
2169	16.72193048	-0.054908493	-0.018596378
2170	16.7291823	-0.054773635	-0.018545613
2171	16.73643411	-0.054639146	-0.018494992
2172	16.74368592	-0.054505024	-0.018444515
2173	16.75093773	-0.054371268	-0.018394181
2174	16.75818955	-0.054237877	-0.018343991
2175	16.76544136	-0.054104849	-0.018293944
2176	16.77269317	-0.053972185	-0.018244039
2177	16.77994499	-0.053839883	-0.018194277
2178	16.7871968	-0.053707941	-0.018144656
2179	16.79444861	-0.05357636	-0.018095176
2180	16.80170043	-0.053445137	-0.018045838
2181	16.80895224	-0.053314272	-0.01799664
2182	16.81620405	-0.053183763	-0.017947583
2183	16.82345586	-0.053053611	-0.017898666
2184	16.83070768	-0.052923813	-0.017849888
2185	16.83795949	-0.052794369	-0.017801249
2186	16.8452113	-0.052665278	-0.017752749
2187	16.85246312	-0.052536538	-0.017704388
2188	16.85971493	-0.052408149	-0.017656165
2189	16.86696674	-0.05228011	-0.017608079
2190	16.87421855	-0.05215242	-0.017560131
2191	16.88147037	-0.052025077	-0.01751232
2192	16.88872218	-0.051898081	-0.017464645
2193	16.89597399	-0.05177143	-0.017417107
2194	16.90322581	-0.051645125	-0.017369705
2195	16.91047762	-0.051519163	-0.017322438
2196	16.91772943	-0.051393544	-0.017275307
2197	16.92498125	-0.051268267	-0.01722831
2198	16.93223306	-0.05114333	-0.017181448
2199	16.93948487	-0.051018733	-0.01713472
2200	16.94673668	-0.050894476	-0.017088125
2201	16.9539885	-0.050770556	-0.017041665
2202	16.96124031	-0.050646973	-0.016995337
2203	16.96849212	-0.050523726	-0.016949141
2204	16.97574394	-0.050400814	-0.016903079
2205	16.98299575	-0.050278236	-0.016857148
2206	16.99024756	-0.050155991	-0.016811348
2207	16.99749937	-0.050034078	-0.01676568
2208	17.00475119	-0.049912497	-0.016720143
2209	17.012003	-0.049791245	-0.016674736
2210	17.01925481	-0.049670323	-0.01662946
2211	17.02650663	-0.049549729	-0.016584313
2212	17.03375844	-0.049429463	-0.016539296
2213	17.04101025	-0.049309523	-0.016494408
2214	17.04826207	-0.049189909	-0.016449649
2215	17.05551388	-0.049070619	-0.016405018
2216	17.06276569	-0.048951653	-0.016360516
2217	17.0700175	-0.04883301	-0.016316141
2218	17.07726932	-0.048714688	-0.016271893
2219	17.08452113	-0.048596687	-0.016227773
2220	17.09177294	-0.048479006	-0.016183779
2221	17.09902476	-0.048361645	-0.016139911
2222	17.10627657	-0.048244601	-0.01609617
2223	17.11352838	-0.048127875	-0.016052554
2224	17.1207802	-0.048011465	-0.016009063
2225	17.12803201	-0.04789537	-0.015965697
2226	17.13528382	-0.04777959	-0.015922456
2227	17.14253563	-0.047664123	-0.01587934
2228	17.14978745	-0.047548969	-0.015836347
2229	17.15703926	-0.047434127	-0.015793477
2230	17.16429107	-0.047319595	-0.015750731
2231	17.17154289	-0.047205374	-0.015708108
2232	17.1787947	-0.047091462	-0.015665607
2233	17.18604651	-0.046977858	-0.015623229
2234	17.19329832	-0.046864561	-0.015580972
2235	17.20055014	-0.046751571	-0.015538837
2236	17.20780195	-0.046638886	-0.015496824
2237	17.21505376	-0.046526506	-0.015454931
2238	17.22230558	-0.04641443	-0.015413158
2239	17.22955739	-0.046302656	-0.015371506
2240	17.2368092	-0.046191185	-0.015329974
2241	17.24406102	-0.046080015	-0.015288561
2242	17.25131283	-0.045969145	-0.015247267
2243	17.25856464	-0.045858575	-0.015206092
2244	17.26581645	-0.045748303	-0.015165036
2245	17.27306827	-0.045638329	-0.015124098
2246	17.28032008	-0.045528652	-0.015083277
2247	17.28757189	-0.045419271	-0.015042575
2248	17.29482371	-0.045310185	-0.015001989
2249	17.30207552	-0.045201393	-0.01496152
2250	17.30932733	-0.045092895	-0.014921168
2251	17.31657914	-0.04498469	-0.014880932
2252	17.32383096	-0.044876776	-0.014840812
2253	17.33108277	-0.044769153	-0.014800807
2254	17.33833458	-0.04466182	-0.014760918
2255	17.3455864	-0.044554777	-0.014721144
2256	17.35283821	-0.044448022	-0.014681484
2257	17.36009002	-0.044341555	-0.014641938
2258	17.36734184	-0.044235374	-0.014602507
2259	17.37459365	-0.044129479	-0.014563188
2260	17.38184546	-0.04402387	-0.014523984
2261	17.38909727	-0.043918545	-0.014484892
2262	17.39634909	-0.043813503	-0.014445913
2263	17.4036009	-0.043708744	-0.014407046
2264	17.41085271	-0.043604267	-0.014368291
2265	17.41810453	-0.04350007	-0.014329648
2266	17.42535634	-0.043396154	-0.014291116
2267	17.43260815	-0.043292518	-0.014252695
2268	17.43985996	-0.04318916	-0.014214385
2269	17.44711178	-0.04308608	-0.014176185
2270	17.45436359	-0.042983277	-0.014138096
2271	17.4616154	-0.04288075	-0.014100116
2272	17.46886722	-0.042778499	-0.014062246
2273	17.47611903	-0.042676522	-0.014024485
2274	17.48337084	-0.042574819	-0.013986833
2275	17.49062266	-0.042473389	-0.013949289
2276	17.49787447	-0.042372232	-0.013911853
2277	17.50512628	-0.042271345	-0.013874526
2278	17.51237809	-0.04217073	-0.013837306
2279	17.51962991	-0.042070384	-0.013800193
2280	17.52688172	-0.041970308	-0.013763188
2281	17.53413353	-0.0418705	-0.013726289
2282	17.54138535	-0.041770959	-0.013689496
2283	17.54863716	-0.041671686	-0.01365281
2284	17.55588897	-0.041572678	-0.013616229
2285	17.56314079	-0.041473936	-0.013579753
2286	17.5703926	-0.041375458	-0.013543383
2287	17.57764441	-0.041277244	-0.013507118
2288	17.58489622	-0.041179293	-0.013470957
2289	17.59214804	-0.041081604	-0.013434901
2290	17.59939985	-0.040984176	-0.013398948
2291	17.60665166	-0.04088701	-0.0133631
2292	17.61390348	-0.040790103	-0.013327354
2293	17.62115529	-0.040693456	-0.013291712
2294	17.6284071	-0.040597067	-0.013256172
2295	17.63565891	-0.040500935	-0.013220735
2296	17.64291073	-0.040405061	-0.013185399
2297	17.65016254	-0.040309443	-0.013150166
2298	17.65741435	-0.04021408	-0.013115035
2299	17.66466617	-0.040118973	-0.013080004
2300	17.67191798	-0.040024119	-0.013045075
2301	17.67916979	-0.039929519	-0.013010246
2302	17.68642161	-0.039835171	-0.012975518
2303	17.69367342	-0.039741075	-0.01294089
2304	17.70092523	-0.03964723	-0.012906361
2305	17.70817704	-0.039553635	-0.012871932
2306	17.71542886	-0.03946029	-0.012837603
2307	17.72268067	-0.039367194	-0.012803372
2308	17.72993248	-0.039274347	-0.01276924
2309	17.7371843	-0.039181747	-0.012735207
2310	17.74443611	-0.039089393	-0.012701271
2311	17.75168792	-0.038997286	-0.012667433
2312	17.75893973	-0.038905424	-0.012633693
2313	17.76619155	-0.038813807	-0.01260005
2314	17.77344336	-0.038722434	-0.012566504
2315	17.78069517	-0.038631304	-0.012533055
2316	17.78794699	-0.038540417	-0.012499702
2317	17.7951988	-0.038449771	-0.012466445
2318	17.80245061	-0.038359367	-0.012433284
2319	17.80970243	-0.038269203	-0.012400218
2320	17.81695424	-0.038179279	-0.012367248
2321	17.82420605	-0.038089594	-0.012334372
2322	17.83145786	-0.038000147	-0.012301592
2323	17.83870968	-0.037910938	-0.012268906
2324	17.84596149	-0.037821967	-0.012236314
2325	17.8532133	-0.037733231	-0.012203815
2326	17.86046512	-0.037644731	-0.012171411
2327	17.86771693	-0.037556467	-0.0121391
2328	17.87496874	-0.037468436	-0.012106881
2329	17.88222056	-0.037380639	-0.012074756
2330	17.88947237	-0.037293075	-0.012042723
2331	17.89672418	-0.037205744	-0.012010782
2332	17.90397599	-0.037118644	-0.011978934
2333	17.91122781	-0.037031775	-0.011947177
2334	17.91847962	-0.036945136	-0.011915511
2335	17.92573143	-0.036858727	-0.011883937
2336	17.93298325	-0.036772547	-0.011852453
2337	17.94023506	-0.036686595	-0.01182106
2338	17.94748687	-0.036600871	-0.011789758
2339	17.95473868	-0.036515374	-0.011758545
2340	17.9619905	-0.036430103	-0.011727422
2341	17.96924231	-0.036345058	-0.011696389
2342	17.97649412	-0.036260238	-0.011665445
2343	17.98374594	-0.036175643	-0.011634591
2344	17.99099775	-0.036091271	-0.011603824
2345	17.99824956	-0.036007122	-0.011573147
2346	18.00550138	-0.035923196	-0.011542558
2347	18.01275319	-0.035839491	-0.011512056
2348	18.020005	-0.035756008	-0.011481643
2349	18.02725681	-0.035672745	-0.011451317
2350	18.03450863	-0.035589702	-0.011421078
2351	18.04176044	-0.035506879	-0.011390926
2352	18.04901225	-0.035424274	-0.01136086
2353	18.05626407	-0.035341887	-0.011330881
2354	18.06351588	-0.035259718	-0.011300989
2355	18.07076769	-0.035177765	-0.011271182
2356	18.0780195	-0.035096029	-0.011241461
2357	18.08527132	-0.035014508	-0.011211825
2358	18.09252313	-0.034933201	-0.011182275
2359	18.09977494	-0.03485211	-0.011152809
2360	18.10702676	-0.034771232	-0.011123428
2361	18.11427857	-0.034690567	-0.011094132
2362	18.12153038	-0.034610114	-0.011064919
2363	18.1287822	-0.034529873	-0.011035791
2364	18.13603401	-0.034449844	-0.011006746
2365	18.14328582	-0.034370025	-0.010977784
2366	18.15053763	-0.034290416	-0.010948906
2367	18.15778945	-0.034211017	-0.010920111
2368	18.16504126	-0.034131826	-0.010891398
2369	18.17229307	-0.034052844	-0.010862768
2370	18.17954489	-0.033974069	-0.01083422
2371	18.1867967	-0.033895501	-0.010805754
2372	18.19404851	-0.03381714	-0.010777369
2373	18.20130033	-0.033738984	-0.010749066
2374	18.20855214	-0.033661034	-0.010720845
2375	18.21580395	-0.033583289	-0.010692704
2376	18.22305576	-0.033505747	-0.010664644
2377	18.23030758	-0.033428409	-0.010636664
2378	18.23755939	-0.033351274	-0.010608765
2379	18.2448112	-0.033274341	-0.010580945
2380	18.25206302	-0.03319761	-0.010553206
2381	18.25931483	-0.03312108	-0.010525546
2382	18.26656664	-0.033044751	-0.010497965
2383	18.27381845	-0.032968622	-0.010470463
2384	18.28107027	-0.032892692	-0.01044304
2385	18.28832208	-0.032816961	-0.010415696
2386	18.29557389	-0.032741428	-0.01038843
2387	18.30282571	-0.032666093	-0.010361242
2388	18.31007752	-0.032590956	-0.010334133
2389	18.31732933	-0.032516014	-0.0103071
2390	18.32458115	-0.032441269	-0.010280145
2391	18.33183296	-0.03236672	-0.010253268
2392	18.33908477	-0.032292365	-0.010226467
2393	18.34633658	-0.032218204	-0.010199743
2394	18.3535884	-0.032144238	-0.010173096
2395	18.36084021	-0.032070464	-0.010146525
2396	18.36809202	-0.031996884	-0.010120029
2397	18.37534384	-0.031923495	-0.01009361
2398	18.38259565	-0.031850298	-0.010067266
2399	18.38984746	-0.031777292	-0.010040998
2400	18.39709927	-0.031704477	-0.010014805
2401	18.40435109	-0.031631851	-0.009988687
2402	18.4116029	-0.031559415	-0.009962643
2403	18.41885471	-0.031487168	-0.009936674
2404	18.42610653	-0.031415109	-0.009910779
2405	18.43335834	-0.031343238	-0.009884958
2406	18.44061015	-0.031271554	-0.009859211
2407	18.44786197	-0.031200057	-0.009833538
2408	18.45511378	-0.031128746	-0.009807938
2409	18.46236559	-0.031057621	-0.009782411
2410	18.4696174	-0.03098668	-0.009756957
2411	18.47686922	-0.030915925	-0.009731576
2412	18.48412103	-0.030845353	-0.009706267
2413	18.49137284	-0.030774965	-0.009681031
2414	18.49862466	-0.03070476	-0.009655866
2415	18.50587647	-0.030634738	-0.009630774
2416	18.51312828	-0.030564897	-0.009605753
2417	18.5203801	-0.030495238	-0.009580803
2418	18.52763191	-0.03042576	-0.009555925
2419	18.53488372	-0.030356462	-0.009531117
2420	18.54213553	-0.030287344	-0.009506381
2421	18.54938735	-0.030218406	-0.009481715
2422	18.55663916	-0.030149646	-0.009457119
2423	18.56389097	-0.030081065	-0.009432594
2424	18.57114279	-0.030012661	-0.009408138
2425	18.5783946	-0.029944435	-0.009383752
2426	18.58564641	-0.029876386	-0.009359436
2427	18.59289822	-0.029808513	-0.009335189
2428	18.60015004	-0.029740816	-0.009311011
2429	18.60740185	-0.029673294	-0.009286902
2430	18.61465366	-0.029605947	-0.009262862
2431	18.62190548	-0.029538775	-0.00923889
2432	18.62915729	-0.029471776	-0.009214986
2433	18.6364091	-0.029404951	-0.00919115
2434	18.64366092	-0.029338298	-0.009167383
2435	18.65091273	-0.029271818	-0.009143683
2436	18.65816454	-0.02920551	-0.00912005
2437	18.66541635	-0.029139373	-0.009096485
2438	18.67266817	-0.029073407	-0.009072987
2439	18.67991998	-0.029007611	-0.009049555
2440	18.68717179	-0.028941986	-0.009026191
2441	18.69442361	-0.028876529	-0.009002892
2442	18.70167542	-0.028811242	-0.00897966
2443	18.70892723	-0.028746123	-0.008956494
2444	18.71617904	-0.028681173	-0.008933394
2445	18.72343086	-0.028616389	-0.00891036
2446	18.73068267	-0.028551773	-0.008887391
2447	18.73793448	-0.028487323	-0.008864487
2448	18.7451863	-0.02842304	-0.008841648
2449	18.75243811	-0.028358922	-0.008818874
2450	18.75968992	-0.028294969	-0.008796165
2451	18.76694174	-0.028231181	-0.008773521
2452	18.77419355	-0.028167557	-0.00875094
2453	18.78144536	-0.028104097	-0.008728424
2454	18.78869717	-0.0280408	-0.008705972
2455	18.79594899	-0.027977666	-0.008683583
2456	18.8032008	-0.027914694	-0.008661258
2457	18.81045261	-0.027851884	-0.008638996
2458	18.81770443	-0.027789236	-0.008616798
2459	18.82495624	-0.027726748	-0.008594662
2460	18.83220805	-0.027664421	-0.008572589
2461	18.83945986	-0.027602255	-0.008550579
2462	18.84671168	-0.027540247	-0.008528631
2463	18.85396349	-0.027478399	-0.008506745
2464	18.8612153	-0.02741671	-0.008484921
2465	18.86846712	-0.027355179	-0.008463159
2466	18.87571893	-0.027293806	-0.008441459
2467	18.88297074	-0.02723259	-0.00841982
2468	18.89022256	-0.027171531	-0.008398243
2469	18.89747437	-0.027110628	-0.008376726
2470	18.90472618	-0.027049882	-0.008355271
2471	18.91197799	-0.026989291	-0.008333876
2472	18.91922981	-0.026928855	-0.008312541
2473	18.92648162	-0.026868574	-0.008291268
2474	18.93373343	-0.026808448	-0.008270054
2475	18.94098525	-0.026748475	-0.0082489
2476	18.94823706	-0.026688655	-0.008227806
2477	18.95548887	-0.026628989	-0.008206772
2478	18.96274069	-0.026569475	-0.008185797
2479	18.9699925	-0.026510113	-0.008164881
2480	18.97724431	-0.026450903	-0.008144025
2481	18.98449612	-0.026391844	-0.008123227
2482	18.99174794	-0.026332936	-0.008102488
2483	18.99899975	-0.026274178	-0.008081808
2484	19.00625156	-0.02621557	-0.008061186
2485	19.01350338	-0.026157112	-0.008040623
2486	19.02075519	-0.026098803	-0.008020117
2487	19.028007	-0.026040643	-0.007999669
2488	19.03525881	-0.02598263	-0.007979279
2489	19.04251063	-0.025924766	-0.007958947
2490	19.04976244	-0.025867049	-0.007938672
2491	19.05701425	-0.02580948	-0.007918454
2492	19.06426607	-0.025752057	-0.007898293
2493	19.07151788	-0.02569478	-0.007878188
2494	19.07876969	-0.025637648	-0.007858141
2495	19.08602151	-0.025580663	-0.00783815
2496	19.09327332	-0.025523822	-0.007818215
2497	19.10052513	-0.025467126	-0.007798337
2498	19.10777694	-0.025410574	-0.007778514
2499	19.11502876	-0.025354165	-0.007758747
2500	19.12228057	-0.0252979	-0.007739036
2501	19.12953238	-0.025241778	-0.007719381
2502	19.1367842	-0.025185799	-0.00769978
2503	19.14403601	-0.025129961	-0.007680235
2504	19.15128782	-0.025074266	-0.007660745
2505	19.15853963	-0.025018711	-0.00764131
2506	19.16579145	-0.024963298	-0.007621929
2507	19.17304326	-0.024908025	-0.007602603
2508	19.18029507	-0.024852893	-0.007583331
2509	19.18754689	-0.0247979	-0.007564113
2510	19.1947987	-0.024743046	-0.007544949
2511	19.20205051	-0.024688332	-0.00752584
2512	19.20930233	-0.024633756	-0.007506783
2513	19.21655414	-0.024579318	-0.007487781
2514	19.22380595	-0.024525018	-0.007468831
2515	19.23105776	-0.024470855	-0.007449935
2516	19.23830958	-0.02441683	-0.007431092
2517	19.24556139	-0.024362941	-0.007412302
2518	19.2528132	-0.024309188	-0.007393564
2519	19.26006502	-0.024255571	-0.007374879
2520	19.26731683	-0.02420209	-0.007356247
2521	19.27456864	-0.024148744	-0.007337666
2522	19.28182046	-0.024095533	-0.007319138
2523	19.28907227	-0.024042456	-0.007300662
2524	19.29632408	-0.023989513	-0.007282237
2525	19.30357589	-0.023936703	-0.007263864
2526	19.31082771	-0.023884027	-0.007245543
2527	19.31807952	-0.023831484	-0.007227273
2528	19.32533133	-0.023779073	-0.007209054
2529	19.33258315	-0.023726794	-0.007190886
2530	19.33983496	-0.023674647	-0.007172769
2531	19.34708677	-0.023622632	-0.007154702
2532	19.35433858	-0.023570747	-0.007136686
2533	19.3615904	-0.023518993	-0.007118721
2534	19.36884221	-0.02346737	-0.007100805
2535	19.37609402	-0.023415876	-0.00708294
2536	19.38334584	-0.023364512	-0.007065125
2537	19.39059765	-0.023313277	-0.007047359
2538	19.39784946	-0.023262171	-0.007029644
2539	19.40510128	-0.023211193	-0.007011977
2540	19.41235309	-0.023160343	-0.00699436
2541	19.4196049	-0.023109622	-0.006976793
2542	19.42685671	-0.023059027	-0.006959274
2543	19.43410853	-0.02300856	-0.006941804
2544	19.44136034	-0.022958219	-0.006924383
2545	19.44861215	-0.022908005	-0.00690701
2546	19.45586397	-0.022857917	-0.006889686
2547	19.46311578	-0.022807954	-0.006872411
2548	19.47036759	-0.022758116	-0.006855183
2549	19.4776194	-0.022708404	-0.006838004
2550	19.48487122	-0.022658816	-0.006820872
2551	19.49212303	-0.022609352	-0.006803788
2552	19.49937484	-0.022560012	-0.006786752
2553	19.50662666	-0.022510796	-0.006769763
2554	19.51387847	-0.022461703	-0.006752821
2555	19.52113028	-0.022412733	-0.006735927
2556	19.5283821	-0.022363885	-0.00671908
2557	19.53563391	-0.02231516	-0.006702279
2558	19.54288572	-0.022266556	-0.006685526
2559	19.55013753	-0.022218074	-0.006668818
2560	19.55738935	-0.022169713	-0.006652158
2561	19.56464116	-0.022121473	-0.006635544
2562	19.57189297	-0.022073353	-0.006618975
2563	19.57914479	-0.022025353	-0.006602453
2564	19.5863966	-0.021977474	-0.006585977
2565	19.59364841	-0.021929713	-0.006569547
2566	19.60090023	-0.021882072	-0.006553162
2567	19.60815204	-0.02183455	-0.006536823
2568	19.61540385	-0.021787146	-0.006520529
2569	19.62265566	-0.02173986	-0.006504281
2570	19.62990748	-0.021692693	-0.006488077
2571	19.63715929	-0.021645642	-0.006471918
2572	19.6444111	-0.021598709	-0.006455805
2573	19.65166292	-0.021551893	-0.006439736
2574	19.65891473	-0.021505193	-0.006423711
2575	19.66616654	-0.02145861	-0.006407731
2576	19.67341835	-0.021412142	-0.006391795
2577	19.68067017	-0.02136579	-0.006375904
2578	19.68792198	-0.021319553	-0.006360056
2579	19.69517379	-0.021273431	-0.006344253
2580	19.70242561	-0.021227424	-0.006328493
2581	19.70967742	-0.021181531	-0.006312776
2582	19.71692923	-0.021135752	-0.006297104
2583	19.72418105	-0.021090086	-0.006281474
2584	19.73143286	-0.021044534	-0.006265888
2585	19.73868467	-0.020999095	-0.006250345
2586	19.74593648	-0.020953769	-0.006234845
2587	19.7531883	-0.020908555	-0.006219388
2588	19.76044011	-0.020863453	-0.006203973
2589	19.76769192	-0.020818463	-0.006188601
2590	19.77494374	-0.020773584	-0.006173272
2591	19.78219555	-0.020728817	-0.006157985
2592	19.78944736	-0.02068416	-0.00614274
2593	19.79669917	-0.020639614	-0.006127537
2594	19.80395099	-0.020595179	-0.006112377
2595	19.8112028	-0.020550853	-0.006097258
2596	19.81845461	-0.020506637	-0.00608218
2597	19.82570643	-0.02046253	-0.006067145
2598	19.83295824	-0.020418532	-0.006052151
2599	19.84021005	-0.020374643	-0.006037198
2600	19.84746187	-0.020330862	-0.006022286
2601	19.85471368	-0.02028719	-0.006007416
2602	19.86196549	-0.020243625	-0.005992586
2603	19.8692173	-0.020200168	-0.005977798
2604	19.87646912	-0.020156818	-0.00596305
2605	19.88372093	-0.020113575	-0.005948343
2606	19.89097274	-0.020070439	-0.005933676
2607	19.89822456	-0.020027409	-0.00591905
2608	19.90547637	-0.019984485	-0.005904463
2609	19.91272818	-0.019941667	-0.005889917
2610	19.91997999	-0.019898954	-0.005875411
2611	19.92723181	-0.019856347	-0.005860945
2612	19.93448362	-0.019813845	-0.005846519
2613	19.94173543	-0.019771447	-0.005832132
2614	19.94898725	-0.019729153	-0.005817785
2615	19.95623906	-0.019686964	-0.005803477
2616	19.96349087	-0.019644878	-0.005789209
2617	19.97074269	-0.019602896	-0.00577498
2618	19.9779945	-0.019561017	-0.005760789
2619	19.98524631	-0.019519241	-0.005746638
2620	19.99249812	-0.019477567	-0.005732526
2621	19.99974994	-0.019435996	-0.005718452
2622	20.00700175	-0.019394527	-0.005704417
2623	20.01425356	-0.019353159	-0.00569042
2624	20.02150538	-0.019311893	-0.005676462
2625	20.02875719	-0.019270729	-0.005662542
2626	20.036009	-0.019229665	-0.005648661
2627	20.04326082	-0.019188702	-0.005634817
2628	20.05051263	-0.019147839	-0.005621011
2629	20.05776444	-0.019107077	-0.005607243
2630	20.06501625	-0.019066414	-0.005593513
2631	20.07226807	-0.019025851	-0.00557982
2632	20.07951988	-0.018985387	-0.005566165
2633	20.08677169	-0.018945022	-0.005552547
2634	20.09402351	-0.018904756	-0.005538966
2635	20.10127532	-0.018864589	-0.005525422
2636	20.10852713	-0.01882452	-0.005511916
2637	20.11577894	-0.018784548	-0.005498446
2638	20.12303076	-0.018744674	-0.005485014
2639	20.13028257	-0.018704898	-0.005471618
2640	20.13753438	-0.018665219	-0.005458258
2641	20.1447862	-0.018625637	-0.005444935
2642	20.15203801	-0.018586151	-0.005431649
2643	20.15928982	-0.018546762	-0.005418398
2644	20.16654164	-0.018507469	-0.005405184
2645	20.17379345	-0.018468271	-0.005392006
2646	20.18104526	-0.018429169	-0.005378864
2647	20.18829707	-0.018390163	-0.005365757
2648	20.19554889	-0.018351251	-0.005352687
2649	20.2028007	-0.018312435	-0.005339652
2650	20.21005251	-0.018273713	-0.005326652
2651	20.21730433	-0.018235085	-0.005313688
2652	20.22455614	-0.018196551	-0.005300759
2653	20.23180795	-0.018158111	-0.005287866
2654	20.23905976	-0.018119764	-0.005275007
2655	20.24631158	-0.018081511	-0.005262184
2656	20.25356339	-0.01804335	-0.005249396
2657	20.2608152	-0.018005283	-0.005236642
2658	20.26806702	-0.017967308	-0.005223923
2659	20.27531883	-0.017929425	-0.005211238
2660	20.28257064	-0.017891634	-0.005198588
2661	20.28982246	-0.017853935	-0.005185973
2662	20.29707427	-0.017816327	-0.005173391
2663	20.30432608	-0.01777881	-0.005160844
2664	20.31157789	-0.017741385	-0.005148331
2665	20.31882971	-0.01770405	-0.005135852
2666	20.32608152	-0.017666806	-0.005123407
2667	20.33333333	-0.017629652	-0.005110995
2668	20.34058515	-0.017592588	-0.005098617
2669	20.34783696	-0.017555614	-0.005086273
2670	20.35508877	-0.017518729	-0.005073963
2671	20.36234059	-0.017481934	-0.005061685
2672	20.3695924	-0.017445227	-0.005049441
2673	20.37684421	-0.01740861	-0.00503723
2674	20.38409602	-0.017372081	-0.005025052
2675	20.39134784	-0.01733564	-0.005012908
2676	20.39859965	-0.017299287	-0.005000796
2677	20.40585146	-0.017263022	-0.004988717
2678	20.41310328	-0.017226845	-0.00497667
2679	20.42035509	-0.017190755	-0.004964656
2680	20.4276069	-0.017154752	-0.004952675
2681	20.43485871	-0.017118837	-0.004940726
2682	20.44211053	-0.017083007	-0.004928809
2683	20.44936234	-0.017047265	-0.004916925
2684	20.45661415	-0.017011608	-0.004905073
2685	20.46386597	-0.016976037	-0.004893252
2686	20.47111778	-0.016940552	-0.004881464
2687	20.47836959	-0.016905153	-0.004869708
2688	20.48562141	-0.016869839	-0.004857983
2689	20.49287322	-0.016834609	-0.00484629
2690	20.50012503	-0.016799465	-0.004834628
2691	20.50737684	-0.016764405	-0.004822998
2692	20.51462866	-0.01672943	-0.004811399
2693	20.52188047	-0.016694538	-0.004799832
2694	20.52913228	-0.016659731	-0.004788296
2695	20.5363841	-0.016625007	-0.00477679
2696	20.54363591	-0.016590367	-0.004765316
2697	20.55088772	-0.01655581	-0.004753873
2698	20.55813953	-0.016521335	-0.004742461
2699	20.56539135	-0.016486944	-0.004731079
2700	20.57264316	-0.016452635	-0.004719728
2701	20.57989497	-0.016418408	-0.004708407
2702	20.58714679	-0.016384264	-0.004697117
2703	20.5943986	-0.016350201	-0.004685858
2704	20.60165041	-0.01631622	-0.004674628
2705	20.60890223	-0.016282321	-0.004663429
2706	20.61615404	-0.016248502	-0.00465226
2707	20.62340585	-0.016214765	-0.004641121
2708	20.63065766	-0.016181109	-0.004630012
2709	20.63790948	-0.016147533	-0.004618932
2710	20.64516129	-0.016114037	-0.004607883
2711	20.6524131	-0.016080622	-0.004596863
2712	20.65966492	-0.016047286	-0.004585873
2713	20.66691673	-0.01601403	-0.004574912
2714	20.67416854	-0.015980854	-0.00456398
2715	20.68142036	-0.015947756	-0.004553078
2716	20.68867217	-0.015914738	-0.004542205
2717	20.69592398	-0.015881799	-0.004531362
2718	20.70317579	-0.015848939	-0.004520547
2719	20.71042761	-0.015816156	-0.004509761
2720	20.71767942	-0.015783453	-0.004499004
2721	20.72493123	-0.015750827	-0.004488276
2722	20.73218305	-0.015718278	-0.004477577
2723	20.73943486	-0.015685808	-0.004466907
2724	20.74668667	-0.015653415	-0.004456264
2725	20.75393848	-0.015621099	-0.004445651
2726	20.7611903	-0.01558886	-0.004435066
2727	20.76844211	-0.015556697	-0.004424509
2728	20.77569392	-0.015524612	-0.00441398
2729	20.78294574	-0.015492602	-0.004403479
2730	20.79019755	-0.015460669	-0.004393007
2731	20.79744936	-0.015428812	-0.004382562
2732	20.80470118	-0.01539703	-0.004372146
2733	20.81195299	-0.015365324	-0.004361757
2734	20.8192048	-0.015333694	-0.004351396
2735	20.82645661	-0.015302138	-0.004341062
2736	20.83370843	-0.015270658	-0.004330756
2737	20.84096024	-0.015239252	-0.004320478
2738	20.84821205	-0.015207921	-0.004310227
2739	20.85546387	-0.015176664	-0.004300003
2740	20.86271568	-0.015145481	-0.004289807
2741	20.86996749	-0.015114372	-0.004279638
2742	20.8772193	-0.015083337	-0.004269495
2743	20.88447112	-0.015052375	-0.00425938
2744	20.89172293	-0.015021487	-0.004249292
2745	20.89897474	-0.014990672	-0.004239231
2746	20.90622656	-0.01495993	-0.004229196
2747	20.91347837	-0.01492926	-0.004219188
2748	20.92073018	-0.014898664	-0.004209207
2749	20.927982	-0.014868139	-0.004199252
2750	20.93523381	-0.014837687	-0.004189324
2751	20.94248562	-0.014807307	-0.004179422
2752	20.94973743	-0.014776998	-0.004169546
2753	20.95698925	-0.014746762	-0.004159697
2754	20.96424106	-0.014716596	-0.004149874
2755	20.97149287	-0.014686502	-0.004140077
2756	20.97874469	-0.014656479	-0.004130305
2757	20.9859965	-0.014626527	-0.00412056
2758	20.99324831	-0.014596645	-0.004110841
2759	21.00050013	-0.014566834	-0.004101147
2760	21.00775194	-0.014537094	-0.004091479
2761	21.01500375	-0.014507423	-0.004081837
2762	21.02225556	-0.014477822	-0.004072221
2763	21.02950738	-0.014448291	-0.004062629
2764	21.03675919	-0.01441883	-0.004053064
2765	21.044011	-0.014389438	-0.004043523
2766	21.05126282	-0.014360115	-0.004034008
2767	21.05851463	-0.014330861	-0.004024518
2768	21.06576644	-0.014301676	-0.004015053
2769	21.07301825	-0.01427256	-0.004005613
2770	21.08027007	-0.014243512	-0.003996198
2771	21.08752188	-0.014214532	-0.003986808
2772	21.09477369	-0.01418562	-0.003977443
2773	21.10202551	-0.014156777	-0.003968102
2774	21.10927732	-0.014128001	-0.003958787
2775	21.11652913	-0.014099292	-0.003949495
2776	21.12378095	-0.014070651	-0.003940229
2777	21.13103276	-0.014042078	-0.003930987
2778	21.13828457	-0.014013571	-0.003921769
2779	21.14553638	-0.013985131	-0.003912575
2780	21.1527882	-0.013956758	-0.003903406
2781	21.16004001	-0.013928451	-0.003894261
2782	21.16729182	-0.01390021	-0.00388514
2783	21.17454364	-0.013872036	-0.003876043
2784	21.18179545	-0.013843928	-0.00386697
2785	21.18904726	-0.013815885	-0.003857921
2786	21.19629907	-0.013787908	-0.003848896
2787	21.20355089	-0.013759997	-0.003839895
2788	21.2108027	-0.013732151	-0.003830917
2789	21.21805451	-0.01370437	-0.003821963
2790	21.22530633	-0.013676653	-0.003813032
2791	21.23255814	-0.013649002	-0.003804125
2792	21.23980995	-0.013621415	-0.003795242
2793	21.24706177	-0.013593893	-0.003786381
2794	21.25431358	-0.013566435	-0.003777544
2795	21.26156539	-0.013539041	-0.003768731
2796	21.2688172	-0.01351171	-0.00375994
2797	21.27606902	-0.013484444	-0.003751173
2798	21.28332083	-0.013457241	-0.003742428
2799	21.29057264	-0.013430102	-0.003733706
2800	21.29782446	-0.013403026	-0.003725008
2801	21.30507627	-0.013376013	-0.003716332
2802	21.31232808	-0.013349063	-0.003707679
2803	21.31957989	-0.013322175	-0.003699048
2804	21.32683171	-0.01329535	-0.003690441
2805	21.33408352	-0.013268588	-0.003681855
2806	21.34133533	-0.013241888	-0.003673293
2807	21.34858715	-0.01321525	-0.003664752
2808	21.35583896	-0.013188674	-0.003656234
2809	21.36309077	-0.013162159	-0.003647739
2810	21.37034259	-0.013135707	-0.003639265
2811	21.3775944	-0.013109315	-0.003630814
2812	21.38484621	-0.013082985	-0.003622385
2813	21.39209802	-0.013056717	-0.003613978
2814	21.39934984	-0.013030509	-0.003605593
2815	21.40660165	-0.013004362	-0.00359723
2816	21.41385346	-0.012978275	-0.003588888
2817	21.42110528	-0.012952249	-0.003580569
2818	21.42835709	-0.012926284	-0.003572271
2819	21.4356089	-0.012900378	-0.003563995
2820	21.44286072	-0.012874533	-0.00355574
2821	21.45011253	-0.012848747	-0.003547507
2822	21.45736434	-0.012823021	-0.003539296
2823	21.46461615	-0.012797355	-0.003531106
2824	21.47186797	-0.012771748	-0.003522937
2825	21.47911978	-0.0127462	-0.003514789
2826	21.48637159	-0.012720712	-0.003506663
2827	21.49362341	-0.012695282	-0.003498558
2828	21.50087522	-0.012669911	-0.003490474
2829	21.50812703	-0.012644599	-0.003482411
2830	21.51537884	-0.012619345	-0.00347437
2831	21.52263066	-0.01259415	-0.003466349
2832	21.52988247	-0.012569012	-0.003458348
2833	21.53713428	-0.012543933	-0.003450369
2834	21.5443861	-0.012518912	-0.003442411
2835	21.55163791	-0.012493948	-0.003434473
2836	21.55888972	-0.012469042	-0.003426556
2837	21.56614154	-0.012444193	-0.003418659
2838	21.57339335	-0.012419402	-0.003410783
2839	21.58064516	-0.012394667	-0.003402927
2840	21.58789697	-0.01236999	-0.003395092
2841	21.59514879	-0.012345369	-0.003387277
2842	21.6024006	-0.012320805	-0.003379483
2843	21.60965241	-0.012296298	-0.003371708
2844	21.61690423	-0.012271847	-0.003363954
2845	21.62415604	-0.012247452	-0.00335622
2846	21.63140785	-0.012223114	-0.003348506
2847	21.63865966	-0.012198831	-0.003340812
2848	21.64591148	-0.012174604	-0.003333137
2849	21.65316329	-0.012150433	-0.003325483
2850	21.6604151	-0.012126317	-0.003317849
2851	21.66766692	-0.012102256	-0.003310234
2852	21.67491873	-0.012078251	-0.003302639
2853	21.68217054	-0.012054301	-0.003295064
2854	21.68942236	-0.012030406	-0.003287508
2855	21.69667417	-0.012006565	-0.003279972
2856	21.70392598	-0.01198278	-0.003272455
2857	21.71117779	-0.011959048	-0.003264958
2858	21.71842961	-0.011935372	-0.00325748
2859	21.72568142	-0.011911749	-0.003250022
2860	21.73293323	-0.01188818	-0.003242582
2861	21.74018505	-0.011864666	-0.003235162
2862	21.74743686	-0.011841205	-0.003227761
2863	21.75468867	-0.011817798	-0.003220379
2864	21.76194049	-0.011794444	-0.003213017
2865	21.7691923	-0.011771144	-0.003205673
2866	21.77644411	-0.011747897	-0.003198348
2867	21.78369592	-0.011724703	-0.003191042
2868	21.79094774	-0.011701563	-0.003183755
2869	21.79819955	-0.011678475	-0.003176486
2870	21.80545136	-0.011655439	-0.003169237
2871	21.81270318	-0.011632457	-0.003162006
2872	21.81995499	-0.011609526	-0.003154793
2873	21.8272068	-0.011586648	-0.0031476
2874	21.83445861	-0.011563822	-0.003140424
2875	21.84171043	-0.011541049	-0.003133268
2876	21.84896224	-0.011518327	-0.003126129
2877	21.85621405	-0.011495657	-0.003119009
2878	21.86346587	-0.011473038	-0.003111907
2879	21.87071768	-0.011450471	-0.003104824
2880	21.87796949	-0.011427956	-0.003097759
2881	21.88522131	-0.011405491	-0.003090711
2882	21.89247312	-0.011383078	-0.003083682
2883	21.89972493	-0.011360716	-0.003076671
2884	21.90697674	-0.011338404	-0.003069678
2885	21.91422856	-0.011316144	-0.003062703
2886	21.92148037	-0.011293933	-0.003055746
2887	21.92873218	-0.011271774	-0.003048807
2888	21.935984	-0.011249664	-0.003041885
2889	21.94323581	-0.011227605	-0.003034981
2890	21.95048762	-0.011205596	-0.003028095
2891	21.95773943	-0.011183637	-0.003021227
2892	21.96499125	-0.011161728	-0.003014376
2893	21.97224306	-0.011139868	-0.003007542
2894	21.97949487	-0.011118058	-0.003000727
2895	21.98674669	-0.011096297	-0.002993928
2896	21.9939985	-0.011074586	-0.002987147
2897	22.00125031	-0.011052923	-0.002980383
2898	22.00850213	-0.01103131	-0.002973637
2899	22.01575394	-0.011009746	-0.002966908
2900	22.02300575	-0.01098823	-0.002960196
2901	22.03025756	-0.010966764	-0.002953501
2902	22.03750938	-0.010945345	-0.002946823
2903	22.04476119	-0.010923976	-0.002940163
2904	22.052013	-0.010902654	-0.002933519
2905	22.05926482	-0.010881381	-0.002926892
2906	22.06651663	-0.010860155	-0.002920283
2907	22.07376844	-0.010838978	-0.00291369
2908	22.08102026	-0.010817849	-0.002907113
2909	22.08827207	-0.010796767	-0.002900554
2910	22.09552388	-0.010775732	-0.002894011
2911	22.10277569	-0.010754746	-0.002887485
2912	22.11002751	-0.010733806	-0.002880976
2913	22.11727932	-0.010712914	-0.002874483
2914	22.12453113	-0.010692069	-0.002868007
2915	22.13178295	-0.01067127	-0.002861547
2916	22.13903476	-0.010650519	-0.002855104
2917	22.14628657	-0.010629814	-0.002848677
2918	22.15353838	-0.010609156	-0.002842267
2919	22.1607902	-0.010588545	-0.002835872
2920	22.16804201	-0.010567979	-0.002829494
2921	22.17529382	-0.01054746	-0.002823132
2922	22.18254564	-0.010526988	-0.002816787
2923	22.18979745	-0.010506561	-0.002810457
2924	22.19704926	-0.01048618	-0.002804144
2925	22.20430108	-0.010465845	-0.002797846
2926	22.21155289	-0.010445555	-0.002791565
2927	22.2188047	-0.010425311	-0.002785299
2928	22.22605651	-0.010405113	-0.00277905
2929	22.23330833	-0.01038496	-0.002772816
2930	22.24056014	-0.010364852	-0.002766598
2931	22.24781195	-0.010344789	-0.002760395
2932	22.25506377	-0.010324771	-0.002754209
2933	22.26231558	-0.010304798	-0.002748038
2934	22.26956739	-0.01028487	-0.002741883
2935	22.2768192	-0.010264986	-0.002735743
2936	22.28407102	-0.010245147	-0.002729619
2937	22.29132283	-0.010225352	-0.00272351
2938	22.29857464	-0.010205602	-0.002717417
2939	22.30582646	-0.010185896	-0.00271134
2940	22.31307827	-0.010166234	-0.002705277
2941	22.32033008	-0.010146616	-0.00269923
2942	22.3275819	-0.010127041	-0.002693198
2943	22.33483371	-0.010107511	-0.002687182
2944	22.34208552	-0.010088024	-0.00268118
2945	22.34933733	-0.01006858	-0.002675194
2946	22.35658915	-0.01004918	-0.002669223
2947	22.36384096	-0.010029824	-0.002663267
2948	22.37109277	-0.01001051	-0.002657326
2949	22.37834459	-0.00999124	-0.0026514
2950	22.3855964	-0.009972012	-0.002645489
2951	22.39284821	-0.009952828	-0.002639593
2952	22.40010003	-0.009933686	-0.002633711
2953	22.40735184	-0.009914587	-0.002627845
2954	22.41460365	-0.00989553	-0.002621993
2955	22.42185546	-0.009876516	-0.002616156
2956	22.42910728	-0.009857544	-0.002610334
2957	22.43635909	-0.009838614	-0.002604526
2958	22.4436109	-0.009819727	-0.002598733
2959	22.45086272	-0.009800881	-0.002592955
2960	22.45811453	-0.009782078	-0.002587191
2961	22.46536634	-0.009763316	-0.002581441
2962	22.47261815	-0.009744596	-0.002575706
2963	22.47986997	-0.009725917	-0.002569986
2964	22.48712178	-0.00970728	-0.00256428
2965	22.49437359	-0.009688684	-0.002558588
2966	22.50162541	-0.00967013	-0.00255291
2967	22.50887722	-0.009651617	-0.002547247
2968	22.51612903	-0.009633145	-0.002541598
2969	22.52338085	-0.009614713	-0.002535963
2970	22.53063266	-0.009596323	-0.002530342
2971	22.53788447	-0.009577973	-0.002524735
2972	22.54513628	-0.009559665	-0.002519142
2973	22.5523881	-0.009541396	-0.002513564
2974	22.55963991	-0.009523168	-0.002507999
2975	22.56689172	-0.009504981	-0.002502448
2976	22.57414354	-0.009486834	-0.002496911
2977	22.58139535	-0.009468726	-0.002491388
2978	22.58864716	-0.009450659	-0.002485879
2979	22.59589897	-0.009432632	-0.002480384
2980	22.60315079	-0.009414645	-0.002474902
2981	22.6104026	-0.009396697	-0.002469434
2982	22.61765441	-0.009378789	-0.00246398
2983	22.62490623	-0.009360921	-0.002458539
2984	22.63215804	-0.009343092	-0.002453112
2985	22.63940985	-0.009325303	-0.002447698
2986	22.64666167	-0.009307553	-0.002442298
2987	22.65391348	-0.009289841	-0.002436912
2988	22.66116529	-0.009272169	-0.002431539
2989	22.6684171	-0.009254536	-0.002426179
2990	22.67566892	-0.009236942	-0.002420833
2991	22.68292073	-0.009219387	-0.0024155
2992	22.69017254	-0.00920187	-0.00241018
2993	22.69742436	-0.009184392	-0.002404874
2994	22.70467617	-0.009166952	-0.002399581
2995	22.71192798	-0.009149551	-0.002394301
2996	22.71917979	-0.009132188	-0.002389034
2997	22.72643161	-0.009114863	-0.00238378
2998	22.73368342	-0.009097576	-0.002378539
2999	22.74093523	-0.009080327	-0.002373312
3000	22.74818705	-0.009063117	-0.002368097
3001	22.75543886	-0.009045944	-0.002362895
3002	22.76269067	-0.009028808	-0.002357707
3003	22.76994249	-0.009011711	-0.002352531
3004	22.7771943	-0.008994651	-0.002347368
3005	22.78444611	-0.008977628	-0.002342218
3006	22.79169792	-0.008960643	-0.00233708
3007	22.79894974	-0.008943695	-0.002331956
3008	22.80620155	-0.008926784	-0.002326844
3009	22.81345336	-0.00890991	-0.002321744
3010	22.82070518	-0.008893073	-0.002316658
3011	22.82795699	-0.008876273	-0.002311584
3012	22.8352088	-0.00885951	-0.002306523
3013	22.84246062	-0.008842783	-0.002301474
3014	22.84971243	-0.008826094	-0.002296437
3015	22.85696424	-0.00880944	-0.002291414
3016	22.86421605	-0.008792823	-0.002286402
3017	22.87146787	-0.008776243	-0.002281403
3018	22.87871968	-0.008759698	-0.002276417
3019	22.88597149	-0.00874319	-0.002271442
3020	22.89322331	-0.008726718	-0.00226648
3021	22.90047512	-0.008710282	-0.002261531
3022	22.90772693	-0.008693882	-0.002256593
3023	22.91497874	-0.008677518	-0.002251668
3024	22.92223056	-0.008661189	-0.002246755
3025	22.92948237	-0.008644896	-0.002241854
3026	22.93673418	-0.008628638	-0.002236965
3027	22.943986	-0.008612416	-0.002232088
3028	22.95123781	-0.00859623	-0.002227224
3029	22.95848962	-0.008580078	-0.002222371
3030	22.96574144	-0.008563962	-0.00221753
3031	22.97299325	-0.008547881	-0.002212701
3032	22.98024506	-0.008531835	-0.002207885
3033	22.98749687	-0.008515824	-0.00220308
3034	22.99474869	-0.008499847	-0.002198286
3035	23.0020005	-0.008483906	-0.002193505
3036	23.00925231	-0.008467999	-0.002188735
3037	23.01650413	-0.008452126	-0.002183978
3038	23.02375594	-0.008436289	-0.002179231
3039	23.03100775	-0.008420485	-0.002174497
3040	23.03825956	-0.008404716	-0.002169774
3041	23.04551138	-0.008388981	-0.002165063
3042	23.05276319	-0.008373281	-0.002160363
3043	23.060015	-0.008357614	-0.002155675
3044	23.06726682	-0.008341982	-0.002150999
3045	23.07451863	-0.008326383	-0.002146334
3046	23.08177044	-0.008310818	-0.00214168
3047	23.08902226	-0.008295287	-0.002137038
3048	23.09627407	-0.00827979	-0.002132407
3049	23.10352588	-0.008264326	-0.002127788
3050	23.11077769	-0.008248896	-0.00212318
3051	23.11802951	-0.008233499	-0.002118583
3052	23.12528132	-0.008218135	-0.002113998
3053	23.13253313	-0.008202805	-0.002109424
3054	23.13978495	-0.008187508	-0.002104861
3055	23.14703676	-0.008172244	-0.002100309
3056	23.15428857	-0.008157013	-0.002095768
3057	23.16154039	-0.008141814	-0.002091239
3058	23.1687922	-0.008126649	-0.00208672
3059	23.17604401	-0.008111517	-0.002082213
3060	23.18329582	-0.008096417	-0.002077717
3061	23.19054764	-0.00808135	-0.002073231
3062	23.19779945	-0.008066315	-0.002068757
3063	23.20505126	-0.008051313	-0.002064293
3064	23.21230308	-0.008036343	-0.002059841
3065	23.21955489	-0.008021405	-0.002055399
3066	23.2268067	-0.0080065	-0.002050968
3067	23.23405851	-0.007991627	-0.002046548
3068	23.24131033	-0.007976786	-0.002042139
3069	23.24856214	-0.007961976	-0.002037741
3070	23.25581395	-0.007947199	-0.002033353
3071	23.26306577	-0.007932453	-0.002028976
3072	23.27031758	-0.00791774	-0.00202461
3073	23.27756939	-0.007903058	-0.002020254
3074	23.28482121	-0.007888407	-0.002015909
3075	23.29207302	-0.007873788	-0.002011575
3076	23.29932483	-0.007859201	-0.002007251
3077	23.30657664	-0.007844644	-0.002002937
3078	23.31382846	-0.007830119	-0.001998635
3079	23.32108027	-0.007815626	-0.001994342
3080	23.32833208	-0.007801163	-0.00199006
3081	23.3355839	-0.007786732	-0.001985789
3082	23.34283571	-0.007772331	-0.001981528
3083	23.35008752	-0.007757961	-0.001977277
3084	23.35733933	-0.007743622	-0.001973037
3085	23.36459115	-0.007729314	-0.001968807
3086	23.37184296	-0.007715037	-0.001964587
3087	23.37909477	-0.00770079	-0.001960377
3088	23.38634659	-0.007686574	-0.001956178
3089	23.3935984	-0.007672388	-0.001951989
3090	23.40085021	-0.007658233	-0.00194781
3091	23.40810203	-0.007644107	-0.001943641
3092	23.41535384	-0.007630013	-0.001939482
3093	23.42260565	-0.007615948	-0.001935333
3094	23.42985746	-0.007601913	-0.001931195
3095	23.43710928	-0.007587908	-0.001927066
3096	23.44436109	-0.007573934	-0.001922948
3097	23.4516129	-0.007559989	-0.001918839
3098	23.45886472	-0.007546074	-0.001914741
3099	23.46611653	-0.007532188	-0.001910652
3100	23.47336834	-0.007518333	-0.001906573
3101	23.48062016	-0.007504507	-0.001902504
3102	23.48787197	-0.00749071	-0.001898445
3103	23.49512378	-0.007476943	-0.001894396
3104	23.50237559	-0.007463205	-0.001890357
3105	23.50962741	-0.007449497	-0.001886327
3106	23.51687922	-0.007435817	-0.001882307
3107	23.52413103	-0.007422167	-0.001878297
3108	23.53138285	-0.007408546	-0.001874296
3109	23.53863466	-0.007394954	-0.001870305
3110	23.54588647	-0.007381391	-0.001866324
3111	23.55313828	-0.007367857	-0.001862352
3112	23.5603901	-0.007354351	-0.00185839
3113	23.56764191	-0.007340875	-0.001854438
3114	23.57489372	-0.007327426	-0.001850495
3115	23.58214554	-0.007314007	-0.001846561
3116	23.58939735	-0.007300616	-0.001842637
3117	23.59664916	-0.007287254	-0.001838723
3118	23.60390098	-0.00727392	-0.001834818
3119	23.61115279	-0.007260614	-0.001830922
3120	23.6184046	-0.007247336	-0.001827036
3121	23.62565641	-0.007234087	-0.001823159
3122	23.63290823	-0.007220866	-0.001819291
3123	23.64016004	-0.007207673	-0.001815433
3124	23.64741185	-0.007194507	-0.001811584
3125	23.65466367	-0.00718137	-0.001807744
3126	23.66191548	-0.007168261	-0.001803914
3127	23.66916729	-0.007155179	-0.001800092
3128	23.6764191	-0.007142125	-0.00179628
3129	23.68367092	-0.007129099	-0.001792477
3130	23.69092273	-0.0071161	-0.001788683
3131	23.69817454	-0.007103129	-0.001784898
3132	23.70542636	-0.007090185	-0.001781123
3133	23.71267817	-0.007077269	-0.001777356
3134	23.71992998	-0.00706438	-0.001773599
3135	23.7271818	-0.007051518	-0.00176985
3136	23.73443361	-0.007038683	-0.00176611
3137	23.74168542	-0.007025876	-0.00176238
3138	23.74893723	-0.007013095	-0.001758658
3139	23.75618905	-0.007000342	-0.001754945
3140	23.76344086	-0.006987615	-0.001751241
3141	23.77069267	-0.006974916	-0.001747546
3142	23.77794449	-0.006962243	-0.00174386
3143	23.7851963	-0.006949597	-0.001740183
3144	23.79244811	-0.006936977	-0.001736514
3145	23.79969992	-0.006924384	-0.001732855
3146	23.80695174	-0.006911818	-0.001729204
3147	23.81420355	-0.006899278	-0.001725561
3148	23.82145536	-0.006886765	-0.001721928
3149	23.82870718	-0.006874278	-0.001718303
3150	23.83595899	-0.006861817	-0.001714687
3151	23.8432108	-0.006849382	-0.001711079
3152	23.85046262	-0.006836974	-0.00170748
3153	23.85771443	-0.006824592	-0.001703889
3154	23.86496624	-0.006812235	-0.001700308
3155	23.87221805	-0.006799905	-0.001696734
3156	23.87946987	-0.006787601	-0.00169317
3157	23.88672168	-0.006775322	-0.001689613
3158	23.89397349	-0.006763069	-0.001686065
3159	23.90122531	-0.006750842	-0.001682526
3160	23.90847712	-0.006738641	-0.001678995
3161	23.91572893	-0.006726465	-0.001675473
3162	23.92298075	-0.006714315	-0.001671958
3163	23.93023256	-0.00670219	-0.001668453
3164	23.93748437	-0.006690091	-0.001664955
3165	23.94473618	-0.006678017	-0.001661466
3166	23.951988	-0.006665968	-0.001657985
3167	23.95923981	-0.006653945	-0.001654513
3168	23.96649162	-0.006641947	-0.001651048
3169	23.97374344	-0.006629973	-0.001647592
3170	23.98099525	-0.006618025	-0.001644145
3171	23.98824706	-0.006606102	-0.001640705
3172	23.99549887	-0.006594204	-0.001637273
3173	24.00275069	-0.006582331	-0.00163385
3174	24.0100025	-0.006570483	-0.001630435
3175	24.01725431	-0.006558659	-0.001627028
3176	24.02450613	-0.00654686	-0.001623629
3177	24.03175794	-0.006535086	-0.001620238
3178	24.03900975	-0.006523336	-0.001616855
3179	24.04626157	-0.006511611	-0.00161348
3180	24.05351338	-0.006499911	-0.001610113
3181	24.06076519	-0.006488234	-0.001606754
3182	24.068017	-0.006476582	-0.001603403
3183	24.07526882	-0.006464955	-0.00160006
3184	24.08252063	-0.006453352	-0.001596725
3185	24.08977244	-0.006441772	-0.001593397
3186	24.09702426	-0.006430217	-0.001590078
3187	24.10427607	-0.006418686	-0.001586767
3188	24.11152788	-0.006407179	-0.001583463
3189	24.11877969	-0.006395697	-0.001580167
3190	24.12603151	-0.006384237	-0.001576879
3191	24.13328332	-0.006372802	-0.001573598
3192	24.14053513	-0.006361391	-0.001570326
3193	24.14778695	-0.006350003	-0.001567061
3194	24.15503876	-0.006338639	-0.001563804
3195	24.16229057	-0.006327299	-0.001560554
3196	24.16954239	-0.006315982	-0.001557312
3197	24.1767942	-0.006304688	-0.001554078
3198	24.18404601	-0.006293419	-0.001550852
3199	24.19129782	-0.006282172	-0.001547633
3200	24.19854964	-0.006270949	-0.001544421
3201	24.20580145	-0.006259749	-0.001541218
3202	24.21305326	-0.006248572	-0.001538021
3203	24.22030508	-0.006237419	-0.001534833
3204	24.22755689	-0.006226289	-0.001531651
3205	24.2348087	-0.006215181	-0.001528478
3206	24.24206052	-0.006204097	-0.001525311
3207	24.24931233	-0.006193036	-0.001522152
3208	24.25656414	-0.006181998	-0.001519001
3209	24.26381595	-0.006170982	-0.001515857
3210	24.27106777	-0.006159989	-0.00151272
3211	24.27831958	-0.006149019	-0.001509591
3212	24.28557139	-0.006138072	-0.001506469
3213	24.29282321	-0.006127147	-0.001503355
3214	24.30007502	-0.006116245	-0.001500248
3215	24.30732683	-0.006105366	-0.001497148
3216	24.31457864	-0.006094509	-0.001494055
3217	24.32183046	-0.006083674	-0.001490969
3218	24.32908227	-0.006072862	-0.001487891
3219	24.33633408	-0.006062072	-0.00148482
3220	24.3435859	-0.006051304	-0.001481757
3221	24.35083771	-0.006040559	-0.0014787
3222	24.35808952	-0.006029836	-0.001475651
3223	24.36534134	-0.006019135	-0.001472608
3224	24.37259315	-0.006008456	-0.001469573
3225	24.37984496	-0.005997799	-0.001466545
3226	24.38709677	-0.005987163	-0.001463524
3227	24.39434859	-0.00597655	-0.00146051
3228	24.4016004	-0.005965959	-0.001457503
3229	24.40885221	-0.005955389	-0.001454503
3230	24.41610403	-0.005944842	-0.001451511
3231	24.42335584	-0.005934315	-0.001448525
3232	24.43060765	-0.005923811	-0.001445546
3233	24.43785946	-0.005913328	-0.001442574
3234	24.44511128	-0.005902867	-0.001439609
3235	24.45236309	-0.005892427	-0.001436651
3236	24.4596149	-0.005882009	-0.0014337
3237	24.46686672	-0.005871612	-0.001430756
3238	24.47411853	-0.005861236	-0.001427818
3239	24.48137034	-0.005850882	-0.001424888
3240	24.48862216	-0.005840549	-0.001421964
3241	24.49587397	-0.005830237	-0.001419047
3242	24.50312578	-0.005819947	-0.001416137
3243	24.51037759	-0.005809677	-0.001413234
3244	24.51762941	-0.005799428	-0.001410337
3245	24.52488122	-0.005789201	-0.001407447
3246	24.53213303	-0.005778994	-0.001404564
3247	24.53938485	-0.005768809	-0.001401688
3248	24.54663666	-0.005758644	-0.001398818
3249	24.55388847	-0.0057485	-0.001395955
3250	24.56114029	-0.005738377	-0.001393099
3251	24.5683921	-0.005728274	-0.001390249
3252	24.57564391	-0.005718193	-0.001387406
3253	24.58289572	-0.005708131	-0.00138457
3254	24.59014754	-0.005698091	-0.00138174
3255	24.59739935	-0.005688071	-0.001378916
3256	24.60465116	-0.005678071	-0.0013761
3257	24.61190298	-0.005668092	-0.001373289
3258	24.61915479	-0.005658133	-0.001370486
3259	24.6264066	-0.005648194	-0.001367688
3260	24.63365841	-0.005638276	-0.001364898
3261	24.64091023	-0.005628378	-0.001362113
3262	24.64816204	-0.0056185	-0.001359336
3263	24.65541385	-0.005608643	-0.001356564
3264	24.66266567	-0.005598805	-0.001353799
3265	24.66991748	-0.005588988	-0.001351041
3266	24.67716929	-0.00557919	-0.001348288
3267	24.68442111	-0.005569413	-0.001345543
3268	24.69167292	-0.005559655	-0.001342803
3269	24.69892473	-0.005549917	-0.00134007
3270	24.70617654	-0.005540199	-0.001337343
3271	24.71342836	-0.005530501	-0.001334623
3272	24.72068017	-0.005520823	-0.001331909
3273	24.72793198	-0.005511164	-0.001329201
3274	24.7351838	-0.005501525	-0.001326499
3275	24.74243561	-0.005491905	-0.001323804
3276	24.74968742	-0.005482305	-0.001321114
3277	24.75693923	-0.005472725	-0.001318431
3278	24.76419105	-0.005463164	-0.001315755
3279	24.77144286	-0.005453622	-0.001313084
3280	24.77869467	-0.0054441	-0.00131042
3281	24.78594649	-0.005434597	-0.001307761
3282	24.7931983	-0.005425113	-0.001305109
3283	24.80045011	-0.005415649	-0.001302463
3284	24.80770193	-0.005406204	-0.001299823
3285	24.81495374	-0.005396778	-0.001297189
3286	24.82220555	-0.005387371	-0.001294561
3287	24.82945736	-0.005377983	-0.001291939
3288	24.83670918	-0.005368614	-0.001289324
3289	24.84396099	-0.005359264	-0.001286714
3290	24.8512128	-0.005349933	-0.00128411
3291	24.85846462	-0.005340621	-0.001281512
3292	24.86571643	-0.005331328	-0.001278921
3293	24.87296824	-0.005322053	-0.001276335
3294	24.88022006	-0.005312797	-0.001273755
3295	24.88747187	-0.00530356	-0.001271181
3296	24.89472368	-0.005294342	-0.001268613
3297	24.90197549	-0.005285142	-0.001266051
3298	24.90922731	-0.005275961	-0.001263494
3299	24.91647912	-0.005266798	-0.001260944
3300	24.92373093	-0.005257654	-0.001258399
3301	24.93098275	-0.005248529	-0.001255861
3302	24.93823456	-0.005239421	-0.001253328
3303	24.94548637	-0.005230332	-0.001250801
3304	24.95273818	-0.005221262	-0.001248279
3305	24.95999	-0.00521221	-0.001245764
3306	24.96724181	-0.005203176	-0.001243254
3307	24.97449362	-0.00519416	-0.00124075
3308	24.98174544	-0.005185162	-0.001238252
3309	24.98899725	-0.005176182	-0.001235759
3310	24.99624906	-0.005167221	-0.001233272
3311	25.00350088	-0.005158278	-0.001230791
3312	25.01075269	-0.005149352	-0.001228316
3313	25.0180045	-0.005140445	-0.001225846
3314	25.02525631	-0.005131555	-0.001223382
3315	25.03250813	-0.005122683	-0.001220923
3316	25.03975994	-0.005113829	-0.00121847
3317	25.04701175	-0.005104993	-0.001216023
3318	25.05426357	-0.005096175	-0.001213581
3319	25.06151538	-0.005087374	-0.001211145
3320	25.06876719	-0.005078591	-0.001208714
3321	25.076019	-0.005069826	-0.001206289
3322	25.08327082	-0.005061078	-0.00120387
3323	25.09052263	-0.005052348	-0.001201456
3324	25.09777444	-0.005043635	-0.001199047
3325	25.10502626	-0.00503494	-0.001196644
3326	25.11227807	-0.005026262	-0.001194246
3327	25.11952988	-0.005017601	-0.001191854
3328	25.1267817	-0.005008958	-0.001189468
3329	25.13403351	-0.005000333	-0.001187086
3330	25.14128532	-0.004991724	-0.001184711
3331	25.14853713	-0.004983133	-0.00118234
3332	25.15578895	-0.004974559	-0.001179975
3333	25.16304076	-0.004966002	-0.001177616
3334	25.17029257	-0.004957462	-0.001175261
3335	25.17754439	-0.004948939	-0.001172912
3336	25.1847962	-0.004940433	-0.001170569
3337	25.19204801	-0.004931945	-0.001168231
3338	25.19929982	-0.004923473	-0.001165898
3339	25.20655164	-0.004915018	-0.00116357
3340	25.21380345	-0.00490658	-0.001161248
3341	25.22105526	-0.004898159	-0.001158931
3342	25.22830708	-0.004889754	-0.001156619
3343	25.23555889	-0.004881367	-0.001154312
3344	25.2428107	-0.004872996	-0.001152011
3345	25.25006252	-0.004864642	-0.001149715
3346	25.25731433	-0.004856304	-0.001147424
3347	25.26456614	-0.004847983	-0.001145138
3348	25.27181795	-0.004839679	-0.001142857
3349	25.27906977	-0.004831391	-0.001140582
3350	25.28632158	-0.00482312	-0.001138312
3351	25.29357339	-0.004814865	-0.001136046
3352	25.30082521	-0.004806627	-0.001133786
3353	25.30807702	-0.004798405	-0.001131532
3354	25.31532883	-0.004790199	-0.001129282
3355	25.32258065	-0.00478201	-0.001127037
3356	25.32983246	-0.004773837	-0.001124797
3357	25.33708427	-0.00476568	-0.001122563
3358	25.34433608	-0.004757539	-0.001120333
3359	25.3515879	-0.004749415	-0.001118109
3360	25.35883971	-0.004741306	-0.001115889
3361	25.36609152	-0.004733214	-0.001113675
3362	25.37334334	-0.004725138	-0.001111466
3363	25.38059515	-0.004717078	-0.001109261
3364	25.38784696	-0.004709034	-0.001107062
3365	25.39509877	-0.004701006	-0.001104867
3366	25.40235059	-0.004692993	-0.001102677
3367	25.4096024	-0.004684997	-0.001100493
3368	25.41685421	-0.004677016	-0.001098313
3369	25.42410603	-0.004669052	-0.001096138
3370	25.43135784	-0.004661103	-0.001093968
3371	25.43860965	-0.004653169	-0.001091803
3372	25.44586147	-0.004645252	-0.001089643
3373	25.45311328	-0.00463735	-0.001087488
3374	25.46036509	-0.004629464	-0.001085337
3375	25.4676169	-0.004621593	-0.001083192
3376	25.47486872	-0.004613738	-0.001081051
3377	25.48212053	-0.004605898	-0.001078915
3378	25.48937234	-0.004598074	-0.001076784
3379	25.49662416	-0.004590266	-0.001074657
3380	25.50387597	-0.004582472	-0.001072536
3381	25.51112778	-0.004574695	-0.001070419
3382	25.51837959	-0.004566932	-0.001068307
3383	25.52563141	-0.004559185	-0.001066199
3384	25.53288322	-0.004551453	-0.001064097
3385	25.54013503	-0.004543736	-0.001061999
3386	25.54738685	-0.004536035	-0.001059906
3387	25.55463866	-0.004528349	-0.001057817
3388	25.56189047	-0.004520678	-0.001055733
3389	25.56914229	-0.004513022	-0.001053654
3390	25.5763941	-0.004505381	-0.001051579
3391	25.58364591	-0.004497755	-0.00104951
3392	25.59089772	-0.004490144	-0.001047444
3393	25.59814954	-0.004482548	-0.001045384
3394	25.60540135	-0.004474967	-0.001043328
3395	25.61265316	-0.004467401	-0.001041276
3396	25.61990498	-0.00445985	-0.001039229
3397	25.62715679	-0.004452314	-0.001037187
3398	25.6344086	-0.004444792	-0.00103515
3399	25.64166042	-0.004437286	-0.001033116
3400	25.64891223	-0.004429794	-0.001031088
3401	25.65616404	-0.004422316	-0.001029064
3402	25.66341585	-0.004414854	-0.001027044
3403	25.67066767	-0.004407406	-0.001025029
3404	25.67791948	-0.004399973	-0.001023019
3405	25.68517129	-0.004392554	-0.001021013
3406	25.69242311	-0.00438515	-0.001019011
3407	25.69967492	-0.00437776	-0.001017014
3408	25.70692673	-0.004370385	-0.001015021
3409	25.71417854	-0.004363024	-0.001013033
3410	25.72143036	-0.004355678	-0.001011049
3411	25.72868217	-0.004348346	-0.00100907
3412	25.73593398	-0.004341028	-0.001007095
3413	25.7431858	-0.004333725	-0.001005124
3414	25.75043761	-0.004326436	-0.001003158
3415	25.75768942	-0.004319161	-0.001001196
3416	25.76494124	-0.004311901	-0.000999239
3417	25.77219305	-0.004304654	-0.000997286
3418	25.77944486	-0.004297422	-0.000995337
3419	25.78669667	-0.004290204	-0.000993393
3420	25.79394849	-0.004283	-0.000991453
3421	25.8012003	-0.004275811	-0.000989517
3422	25.80845211	-0.004268635	-0.000987586
3423	25.81570393	-0.004261473	-0.000985658
3424	25.82295574	-0.004254325	-0.000983735
3425	25.83020755	-0.004247191	-0.000981817
3426	25.83745936	-0.004240071	-0.000979902
3427	25.84471118	-0.004232965	-0.000977992
3428	25.85196299	-0.004225873	-0.000976086
3429	25.8592148	-0.004218795	-0.000974185
3430	25.86646662	-0.00421173	-0.000972287
3431	25.87371843	-0.004204679	-0.000970394
3432	25.88097024	-0.004197642	-0.000968505
3433	25.88822206	-0.004190619	-0.00096662
3434	25.89547387	-0.004183609	-0.000964739
3435	25.90272568	-0.004176613	-0.000962863
3436	25.90997749	-0.00416963	-0.000960991
3437	25.91722931	-0.004162661	-0.000959122
3438	25.92448112	-0.004155706	-0.000957258
3439	25.93173293	-0.004148764	-0.000955398
3440	25.93898475	-0.004141836	-0.000953542
3441	25.94623656	-0.004134921	-0.000951691
3442	25.95348837	-0.004128019	-0.000949843
3443	25.96074019	-0.004121131	-0.000947999
3444	25.967992	-0.004114257	-0.00094616
3445	25.97524381	-0.004107395	-0.000944324
3446	25.98249562	-0.004100547	-0.000942493
3447	25.98974744	-0.004093712	-0.000940666
3448	25.99699925	-0.004086891	-0.000938842
3449	26.00425106	-0.004080083	-0.000937023
3450	26.01150288	-0.004073287	-0.000935208
3451	26.01875469	-0.004066505	-0.000933396
3452	26.0260065	-0.004059737	-0.000931589
3453	26.03325831	-0.004052981	-0.000929786
3454	26.04051013	-0.004046238	-0.000927986
3455	26.04776194	-0.004039509	-0.000926191
3456	26.05501375	-0.004032792	-0.0009244
3457	26.06226557	-0.004026089	-0.000922612
3458	26.06951738	-0.004019398	-0.000920828
3459	26.07676919	-0.00401272	-0.000919049
3460	26.08402101	-0.004006056	-0.000917273
3461	26.09127282	-0.003999404	-0.000915501
3462	26.09852463	-0.003992765	-0.000913733
3463	26.10577644	-0.003986138	-0.000911969
3464	26.11302826	-0.003979525	-0.000910209
3465	26.12028007	-0.003972924	-0.000908453
3466	26.12753188	-0.003966336	-0.0009067
3467	26.1347837	-0.003959761	-0.000904952
3468	26.14203551	-0.003953199	-0.000903207
3469	26.14928732	-0.003946649	-0.000901466
3470	26.15653913	-0.003940111	-0.000899729
3471	26.16379095	-0.003933587	-0.000897996
3472	26.17104276	-0.003927075	-0.000896266
3473	26.17829457	-0.003920575	-0.000894541
3474	26.18554639	-0.003914088	-0.000892819
3475	26.1927982	-0.003907614	-0.0008911
3476	26.20005001	-0.003901151	-0.000889386
3477	26.20730183	-0.003894702	-0.000887675
3478	26.21455364	-0.003888265	-0.000885969
3479	26.22180545	-0.00388184	-0.000884265
3480	26.22905726	-0.003875427	-0.000882566
3481	26.23630908	-0.003869027	-0.00088087
3482	26.24356089	-0.003862639	-0.000879178
3483	26.2508127	-0.003856263	-0.00087749
3484	26.25806452	-0.0038499	-0.000875805
3485	26.26531633	-0.003843549	-0.000874124
3486	26.27256814	-0.00383721	-0.000872447
3487	26.27981995	-0.003830883	-0.000870774
3488	26.28707177	-0.003824568	-0.000869104
3489	26.29432358	-0.003818266	-0.000867437
3490	26.30157539	-0.003811975	-0.000865775
3491	26.30882721	-0.003805697	-0.000864116
3492	26.31607902	-0.00379943	-0.00086246
3493	26.32333083	-0.003793176	-0.000860808
3494	26.33058265	-0.003786934	-0.00085916
3495	26.33783446	-0.003780703	-0.000857516
3496	26.34508627	-0.003774485	-0.000855875
3497	26.35233808	-0.003768278	-0.000854237
3498	26.3595899	-0.003762083	-0.000852603
3499	26.36684171	-0.0037559	-0.000850973
3500	26.37409352	-0.003749729	-0.000849346
3501	26.38134534	-0.00374357	-0.000847723
3502	26.38859715	-0.003737422	-0.000846103
3503	26.39584896	-0.003731287	-0.000844487
3504	26.40310078	-0.003725162	-0.000842874
3505	26.41035259	-0.00371905	-0.000841265
3506	26.4176044	-0.003712949	-0.000839659
3507	26.42485621	-0.00370686	-0.000838057
3508	26.43210803	-0.003700783	-0.000836459
3509	26.43935984	-0.003694717	-0.000834863
3510	26.44661165	-0.003688663	-0.000833272
3511	26.45386347	-0.00368262	-0.000831683
3512	26.46111528	-0.003676589	-0.000830098
3513	26.46836709	-0.003670569	-0.000828517
3514	26.4756189	-0.003664561	-0.000826939
3515	26.48287072	-0.003658564	-0.000825364
3516	26.49012253	-0.003652579	-0.000823793
3517	26.49737434	-0.003646605	-0.000822225
3518	26.50462616	-0.003640642	-0.000820661
3519	26.51187797	-0.003634691	-0.0008191
3520	26.51912978	-0.003628751	-0.000817542
3521	26.5263816	-0.003622822	-0.000815988
3522	26.53363341	-0.003616905	-0.000814437
3523	26.54088522	-0.003610999	-0.00081289
3524	26.54813703	-0.003605104	-0.000811346
3525	26.55538885	-0.00359922	-0.000809805
3526	26.56264066	-0.003593347	-0.000808267
3527	26.56989247	-0.003587486	-0.000806733
3528	26.57714429	-0.003581636	-0.000805202
3529	26.5843961	-0.003575797	-0.000803675
3530	26.59164791	-0.003569968	-0.000802151
3531	26.59889972	-0.003564151	-0.00080063
3532	26.60615154	-0.003558345	-0.000799112
3533	26.61340335	-0.00355255	-0.000797598
3534	26.62065516	-0.003546766	-0.000796087
3535	26.62790698	-0.003540993	-0.000794579
3536	26.63515879	-0.003535231	-0.000793074
3537	26.6424106	-0.00352948	-0.000791573
3538	26.64966242	-0.00352374	-0.000790075
3539	26.65691423	-0.00351801	-0.00078858
3540	26.66416604	-0.003512291	-0.000787088
3541	26.67141785	-0.003506584	-0.0007856
3542	26.67866967	-0.003500887	-0.000784114
3543	26.68592148	-0.0034952	-0.000782632
3544	26.69317329	-0.003489525	-0.000781153
3545	26.70042511	-0.00348386	-0.000779678
3546	26.70767692	-0.003478206	-0.000778205
3547	26.71492873	-0.003472563	-0.000776736
3548	26.72218055	-0.00346693	-0.00077527
3549	26.72943236	-0.003461308	-0.000773807
3550	26.73668417	-0.003455696	-0.000772347
3551	26.74393598	-0.003450095	-0.00077089
3552	26.7511878	-0.003444505	-0.000769436
3553	26.75843961	-0.003438925	-0.000767986
3554	26.76569142	-0.003433356	-0.000766538
3555	26.77294324	-0.003427797	-0.000765094
3556	26.78019505	-0.003422249	-0.000763653
3557	26.78744686	-0.003416711	-0.000762215
3558	26.79469867	-0.003411184	-0.00076078
3559	26.80195049	-0.003405666	-0.000759348
3560	26.8092023	-0.00340016	-0.000757919
3561	26.81645411	-0.003394664	-0.000756493
3562	26.82370593	-0.003389178	-0.00075507
3563	26.83095774	-0.003383702	-0.000753651
3564	26.83820955	-0.003378237	-0.000752234
3565	26.84546137	-0.003372782	-0.00075082
3566	26.85271318	-0.003367337	-0.00074941
3567	26.85996499	-0.003361902	-0.000748002
3568	26.8672168	-0.003356478	-0.000746597
3569	26.87446862	-0.003351064	-0.000745196
3570	26.88172043	-0.00334566	-0.000743797
3571	26.88897224	-0.003340266	-0.000742402
3572	26.89622406	-0.003334882	-0.000741009
3573	26.90347587	-0.003329508	-0.000739619
3574	26.91072768	-0.003324145	-0.000738233
3575	26.91797949	-0.003318791	-0.000736849
3576	26.92523131	-0.003313448	-0.000735468
3577	26.93248312	-0.003308114	-0.00073409
3578	26.93973493	-0.003302791	-0.000732716
3579	26.94698675	-0.003297477	-0.000731344
3580	26.95423856	-0.003292174	-0.000729975
3581	26.96149037	-0.00328688	-0.000728609
3582	26.96874219	-0.003281596	-0.000727245
3583	26.975994	-0.003276322	-0.000725885
3584	26.98324581	-0.003271058	-0.000724528
3585	26.99049762	-0.003265804	-0.000723173
3586	26.99774944	-0.00326056	-0.000721822
3587	27.00500125	-0.003255325	-0.000720473
3588	27.01225306	-0.003250101	-0.000719127
3589	27.01950488	-0.003244886	-0.000717784
3590	27.02675669	-0.003239681	-0.000716444
3591	27.0340085	-0.003234485	-0.000715107
3592	27.04126032	-0.003229299	-0.000713772
3593	27.04851213	-0.003224123	-0.000712441
3594	27.05576394	-0.003218957	-0.000711112
3595	27.06301575	-0.0032138	-0.000709786
3596	27.07026757	-0.003208652	-0.000708463
3597	27.07751938	-0.003203515	-0.000707142
3598	27.08477119	-0.003198387	-0.000705825
3599	27.09202301	-0.003193268	-0.00070451
3600	27.09927482	-0.003188159	-0.000703198
3601	27.10652663	-0.00318306	-0.000701889
3602	27.11377844	-0.00317797	-0.000700583
3603	27.12103026	-0.003172889	-0.000699279
3604	27.12828207	-0.003167818	-0.000697978
3605	27.13553388	-0.003162757	-0.00069668
3606	27.1427857	-0.003157705	-0.000695385
3607	27.15003751	-0.003152662	-0.000694092
3608	27.15728932	-0.003147628	-0.000692802
3609	27.16454114	-0.003142604	-0.000691515
3610	27.17179295	-0.00313759	-0.000690231
3611	27.17904476	-0.003132584	-0.000688949
3612	27.18629657	-0.003127588	-0.00068767
3613	27.19354839	-0.003122601	-0.000686394
3614	27.2008002	-0.003117624	-0.00068512
3615	27.20805201	-0.003112655	-0.000683849
3616	27.21530383	-0.003107696	-0.000682581
3617	27.22255564	-0.003102746	-0.000681315
3618	27.22980745	-0.003097805	-0.000680053
3619	27.23705926	-0.003092874	-0.000678792
3620	27.24431108	-0.003087951	-0.000677535
3621	27.25156289	-0.003083038	-0.00067628
3622	27.2588147	-0.003078134	-0.000675028
3623	27.26606652	-0.003073238	-0.000673778
3624	27.27331833	-0.003068352	-0.000672531
3625	27.28057014	-0.003063475	-0.000671287
3626	27.28782196	-0.003058607	-0.000670045
3627	27.29507377	-0.003053748	-0.000668806
3628	27.30232558	-0.003048898	-0.00066757
3629	27.30957739	-0.003044057	-0.000666336
3630	27.31682921	-0.003039225	-0.000665104
3631	27.32408102	-0.003034402	-0.000663876
3632	27.33133283	-0.003029587	-0.00066265
3633	27.33858465	-0.003024782	-0.000661426
3634	27.34583646	-0.003019985	-0.000660205
3635	27.35308827	-0.003015198	-0.000658987
3636	27.36034009	-0.003010419	-0.000657771
3637	27.3675919	-0.003005649	-0.000656558
3638	27.37484371	-0.003000888	-0.000655347
3639	27.38209552	-0.002996135	-0.000654139
3640	27.38934734	-0.002991391	-0.000652933
3641	27.39659915	-0.002986656	-0.00065173
3642	27.40385096	-0.00298193	-0.00065053
3643	27.41110278	-0.002977213	-0.000649332
3644	27.41835459	-0.002972504	-0.000648136
3645	27.4256064	-0.002967804	-0.000646943
3646	27.43285821	-0.002963112	-0.000645752
3647	27.44011003	-0.002958429	-0.000644564
3648	27.44736184	-0.002953755	-0.000643379
3649	27.45461365	-0.002949089	-0.000642196
3650	27.46186547	-0.002944432	-0.000641015
3651	27.46911728	-0.002939784	-0.000639837
3652	27.47636909	-0.002935144	-0.000638662
3653	27.48362091	-0.002930512	-0.000637488
3654	27.49087272	-0.002925889	-0.000636318
3655	27.49812453	-0.002921275	-0.000635149
3656	27.50537634	-0.002916669	-0.000633984
3657	27.51262816	-0.002912071	-0.00063282
3658	27.51987997	-0.002907482	-0.000631659
3659	27.52713178	-0.002902902	-0.000630501
3660	27.5343836	-0.002898329	-0.000629345
3661	27.54163541	-0.002893766	-0.000628191
3662	27.54888722	-0.00288921	-0.00062704
3663	27.55613903	-0.002884663	-0.000625891
3664	27.56339085	-0.002880124	-0.000624744
3665	27.57064266	-0.002875593	-0.0006236
3666	27.57789447	-0.002871071	-0.000622458
3667	27.58514629	-0.002866557	-0.000621319
3668	27.5923981	-0.002862052	-0.000620182
3669	27.59964991	-0.002857554	-0.000619047
3670	27.60690173	-0.002853065	-0.000617915
3671	27.61415354	-0.002848584	-0.000616785
3672	27.62140535	-0.002844111	-0.000615658
3673	27.62865716	-0.002839646	-0.000614533
3674	27.63590898	-0.00283519	-0.00061341
3675	27.64316079	-0.002830742	-0.000612289
3676	27.6504126	-0.002826301	-0.000611171
3677	27.65766442	-0.002821869	-0.000610056
3678	27.66491623	-0.002817445	-0.000608942
3679	27.67216804	-0.002813029	-0.000607831
3680	27.67941985	-0.002808622	-0.000606722
3681	27.68667167	-0.002804222	-0.000605615
3682	27.69392348	-0.00279983	-0.000604511
3683	27.70117529	-0.002795446	-0.000603409
3684	27.70842711	-0.00279107	-0.00060231
3685	27.71567892	-0.002786702	-0.000601212
3686	27.72293073	-0.002782343	-0.000600117
3687	27.73018255	-0.002777991	-0.000599024
3688	27.73743436	-0.002773647	-0.000597934
3689	27.74468617	-0.002769311	-0.000596845
3690	27.75193798	-0.002764982	-0.000595759
3691	27.7591898	-0.002760662	-0.000594675
3692	27.76644161	-0.00275635	-0.000593594
3693	27.77369342	-0.002752045	-0.000592515
3694	27.78094524	-0.002747748	-0.000591437
3695	27.78819705	-0.002743459	-0.000590363
3696	27.79544886	-0.002739178	-0.00058929
3697	27.80270068	-0.002734904	-0.00058822
3698	27.80995249	-0.002730639	-0.000587151
3699	27.8172043	-0.002726381	-0.000586085
3700	27.82445611	-0.002722131	-0.000585022
3701	27.83170793	-0.002717888	-0.00058396
3702	27.83895974	-0.002713653	-0.000582901
3703	27.84621155	-0.002709426	-0.000581843
3704	27.85346337	-0.002705207	-0.000580788
3705	27.86071518	-0.002700995	-0.000579736
3706	27.86796699	-0.002696791	-0.000578685
3707	27.8752188	-0.002692595	-0.000577637
3708	27.88247062	-0.002688406	-0.00057659
3709	27.88972243	-0.002684224	-0.000575546
3710	27.89697424	-0.002680051	-0.000574504
3711	27.90422606	-0.002675884	-0.000573464
3712	27.91147787	-0.002671726	-0.000572427
3713	27.91872968	-0.002667575	-0.000571391
3714	27.9259815	-0.002663431	-0.000570358
3715	27.93323331	-0.002659295	-0.000569326
3716	27.94048512	-0.002655166	-0.000568297
3717	27.94773693	-0.002651045	-0.00056727
3718	27.95498875	-0.002646931	-0.000566245
3719	27.96224056	-0.002642825	-0.000565222
3720	27.96949237	-0.002638726	-0.000564202
3721	27.97674419	-0.002634635	-0.000563183
3722	27.983996	-0.00263055	-0.000562166
3723	27.99124781	-0.002626474	-0.000561152
3724	27.99849962	-0.002622404	-0.00056014
3725	28.00575144	-0.002618342	-0.000559129
3726	28.01300325	-0.002614288	-0.000558121
3727	28.02025506	-0.00261024	-0.000557115
3728	28.02750688	-0.0026062	-0.000556111
3729	28.03475869	-0.002602167	-0.000555109
3730	28.0420105	-0.002598142	-0.000554109
3731	28.04926232	-0.002594124	-0.000553111
3732	28.05651413	-0.002590112	-0.000552115
3733	28.06376594	-0.002586109	-0.000551122
3734	28.07101775	-0.002582112	-0.00055013
3735	28.07826957	-0.002578123	-0.00054914
3736	28.08552138	-0.00257414	-0.000548152
3737	28.09277319	-0.002570165	-0.000547167
3738	28.10002501	-0.002566197	-0.000546183
3739	28.10727682	-0.002562236	-0.000545201
3740	28.11452863	-0.002558283	-0.000544222
3741	28.12178045	-0.002554336	-0.000543244
3742	28.12903226	-0.002550397	-0.000542269
3743	28.13628407	-0.002546464	-0.000541295
3744	28.14353588	-0.002542539	-0.000540323
3745	28.1507877	-0.002538621	-0.000539354
3746	28.15803951	-0.002534709	-0.000538386
3747	28.16529132	-0.002530805	-0.00053742
3748	28.17254314	-0.002526908	-0.000536457
3749	28.17979495	-0.002523017	-0.000535495
3750	28.18704676	-0.002519134	-0.000534535
3751	28.19429857	-0.002515258	-0.000533577
3752	28.20155039	-0.002511388	-0.000532622
3753	28.2088022	-0.002507526	-0.000531668
3754	28.21605401	-0.00250367	-0.000530716
3755	28.22330583	-0.002499822	-0.000529766
3756	28.23055764	-0.00249598	-0.000528818
3757	28.23780945	-0.002492145	-0.000527872
3758	28.24506127	-0.002488317	-0.000526927
3759	28.25231308	-0.002484496	-0.000525985
3760	28.25956489	-0.002480681	-0.000525045
3761	28.2668167	-0.002476874	-0.000524106
3762	28.27406852	-0.002473073	-0.00052317
3763	28.28132033	-0.002469279	-0.000522235
3764	28.28857214	-0.002465492	-0.000521302
3765	28.29582396	-0.002461712	-0.000520372
3766	28.30307577	-0.002457938	-0.000519443
3767	28.31032758	-0.002454171	-0.000518516
3768	28.31757939	-0.002450411	-0.00051759
3769	28.32483121	-0.002446658	-0.000516667
3770	28.33208302	-0.002442911	-0.000515746
3771	28.33933483	-0.002439171	-0.000514826
3772	28.34658665	-0.002435437	-0.000513909
3773	28.35383846	-0.00243171	-0.000512993
3774	28.36109027	-0.00242799	-0.000512079
3775	28.36834209	-0.002424277	-0.000511167
3776	28.3755939	-0.00242057	-0.000510257
3777	28.38284571	-0.00241687	-0.000509348
3778	28.39009752	-0.002413176	-0.000508442
3779	28.39734934	-0.002409489	-0.000507537
3780	28.40460115	-0.002405808	-0.000506634
3781	28.41185296	-0.002402134	-0.000505733
3782	28.41910478	-0.002398467	-0.000504834
3783	28.42635659	-0.002394806	-0.000503937
3784	28.4336084	-0.002391151	-0.000503041
3785	28.44086022	-0.002387503	-0.000502147
3786	28.44811203	-0.002383862	-0.000501255
3787	28.45536384	-0.002380227	-0.000500365
3788	28.46261565	-0.002376598	-0.000499477
3789	28.46986747	-0.002372976	-0.00049859
3790	28.47711928	-0.002369361	-0.000497706
3791	28.48437109	-0.002365751	-0.000496823
3792	28.49162291	-0.002362148	-0.000495942
3793	28.49887472	-0.002358552	-0.000495062
3794	28.50612653	-0.002354962	-0.000494185
3795	28.51337834	-0.002351378	-0.000493309
3796	28.52063016	-0.002347801	-0.000492435
3797	28.52788197	-0.00234423	-0.000491562
3798	28.53513378	-0.002340665	-0.000490692
3799	28.5423856	-0.002337107	-0.000489823
3800	28.54963741	-0.002333554	-0.000488956
3801	28.55688922	-0.002330009	-0.000488091
3802	28.56414104	-0.002326469	-0.000487227
3803	28.57139285	-0.002322936	-0.000486366
3804	28.57864466	-0.002319409	-0.000485506
3805	28.58589647	-0.002315888	-0.000484647
3806	28.59314829	-0.002312373	-0.000483791
3807	28.6004001	-0.002308865	-0.000482936
3808	28.60765191	-0.002305363	-0.000482083
3809	28.61490373	-0.002301867	-0.000481231
3810	28.62215554	-0.002298377	-0.000480382
3811	28.62940735	-0.002294894	-0.000479534
3812	28.63665916	-0.002291416	-0.000478687
3813	28.64391098	-0.002287945	-0.000477843
3814	28.65116279	-0.002284479	-0.000477
3815	28.6584146	-0.00228102	-0.000476159
3816	28.66566642	-0.002277567	-0.000475319
3817	28.67291823	-0.00227412	-0.000474481
3818	28.68017004	-0.00227068	-0.000473645
3819	28.68742186	-0.002267245	-0.000472811
3820	28.69467367	-0.002263816	-0.000471978
3821	28.70192548	-0.002260393	-0.000471147
3822	28.70917729	-0.002256977	-0.000470317
3823	28.71642911	-0.002253566	-0.00046949
3824	28.72368092	-0.002250161	-0.000468664
3825	28.73093273	-0.002246763	-0.000467839
3826	28.73818455	-0.00224337	-0.000467016
3827	28.74543636	-0.002239983	-0.000466195
3828	28.75268817	-0.002236603	-0.000465376
3829	28.75993998	-0.002233228	-0.000464558
3830	28.7671918	-0.002229859	-0.000463742
3831	28.77444361	-0.002226496	-0.000462927
3832	28.78169542	-0.002223139	-0.000462114
3833	28.78894724	-0.002219788	-0.000461303
3834	28.79619905	-0.002216442	-0.000460493
3835	28.80345086	-0.002213103	-0.000459685
3836	28.81070268	-0.002209769	-0.000458879
3837	28.81795449	-0.002206442	-0.000458074
3838	28.8252063	-0.00220312	-0.000457271
3839	28.83245811	-0.002199804	-0.000456469
3840	28.83970993	-0.002196494	-0.000455669
3841	28.84696174	-0.002193189	-0.00045487
3842	28.85421355	-0.00218989	-0.000454074
3843	28.86146537	-0.002186598	-0.000453278
3844	28.86871718	-0.002183311	-0.000452485
3845	28.87596899	-0.002180029	-0.000451693
3846	28.88322081	-0.002176754	-0.000450902
3847	28.89047262	-0.002173484	-0.000450113
3848	28.89772443	-0.00217022	-0.000449326
3849	28.90497624	-0.002166961	-0.00044854
3850	28.91222806	-0.002163708	-0.000447756
3851	28.91947987	-0.002160461	-0.000446973
3852	28.92673168	-0.00215722	-0.000446192
3853	28.9339835	-0.002153984	-0.000445413
3854	28.94123531	-0.002150754	-0.000444635
3855	28.94848712	-0.00214753	-0.000443858
3856	28.95573893	-0.002144311	-0.000443083
3857	28.96299075	-0.002141098	-0.00044231
3858	28.97024256	-0.00213789	-0.000441538
3859	28.97749437	-0.002134688	-0.000440768
3860	28.98474619	-0.002131492	-0.000439999
3861	28.991998	-0.002128301	-0.000439232
3862	28.99924981	-0.002125116	-0.000438466
3863	29.00650163	-0.002121936	-0.000437702
3864	29.01375344	-0.002118762	-0.00043694
3865	29.02100525	-0.002115594	-0.000436179
3866	29.02825706	-0.002112431	-0.000435419
3867	29.03550888	-0.002109273	-0.000434661
3868	29.04276069	-0.002106121	-0.000433904
3869	29.0500125	-0.002102974	-0.000433149
3870	29.05726432	-0.002099833	-0.000432396
3871	29.06451613	-0.002096698	-0.000431643
3872	29.07176794	-0.002093567	-0.000430893
3873	29.07901975	-0.002090443	-0.000430144
3874	29.08627157	-0.002087323	-0.000429396
3875	29.09352338	-0.002084209	-0.00042865
3876	29.10077519	-0.002081101	-0.000427905
3877	29.10802701	-0.002077998	-0.000427162
3878	29.11527882	-0.0020749	-0.00042642
3879	29.12253063	-0.002071808	-0.00042568
3880	29.12978245	-0.002068721	-0.000424941
3881	29.13703426	-0.002065639	-0.000424204
3882	29.14428607	-0.002062563	-0.000423468
3883	29.15153788	-0.002059492	-0.000422734
3884	29.1587897	-0.002056427	-0.000422001
3885	29.16604151	-0.002053366	-0.000421269
3886	29.17329332	-0.002050311	-0.000420539
3887	29.18054514	-0.002047262	-0.000419811
3888	29.18779695	-0.002044217	-0.000419083
3889	29.19504876	-0.002041178	-0.000418358
3890	29.20230058	-0.002038144	-0.000417633
3891	29.20955239	-0.002035116	-0.00041691
3892	29.2168042	-0.002032092	-0.000416189
3893	29.22405601	-0.002029074	-0.000415469
3894	29.23130783	-0.002026061	-0.00041475
3895	29.23855964	-0.002023054	-0.000414033
3896	29.24581145	-0.002020051	-0.000413317
3897	29.25306327	-0.002017054	-0.000412603
3898	29.26031508	-0.002014062	-0.00041189
3899	29.26756689	-0.002011075	-0.000411178
3900	29.2748187	-0.002008093	-0.000410468
3901	29.28207052	-0.002005116	-0.000409759
3902	29.28932233	-0.002002145	-0.000409052
3903	29.29657414	-0.001999178	-0.000408346
3904	29.30382596	-0.001996217	-0.000407642
3905	29.31107777	-0.001993261	-0.000406938
3906	29.31832958	-0.00199031	-0.000406237
3907	29.3255814	-0.001987364	-0.000405536
3908	29.33283321	-0.001984423	-0.000404837
3909	29.34008502	-0.001981487	-0.000404139
3910	29.34733683	-0.001978557	-0.000403443
3911	29.35458865	-0.001975631	-0.000402748
3912	29.36184046	-0.00197271	-0.000402055
3913	29.36909227	-0.001969795	-0.000401362
3914	29.37634409	-0.001966884	-0.000400671
3915	29.3835959	-0.001963978	-0.000399982
3916	29.39084771	-0.001961078	-0.000399294
3917	29.39809952	-0.001958182	-0.000398607
3918	29.40535134	-0.001955292	-0.000397922
3919	29.41260315	-0.001952406	-0.000397238
3920	29.41985496	-0.001949525	-0.000396555
3921	29.42710678	-0.00194665	-0.000395873
3922	29.43435859	-0.001943779	-0.000395193
3923	29.4416104	-0.001940913	-0.000394514
3924	29.44886222	-0.001938052	-0.000393837
3925	29.45611403	-0.001935196	-0.000393161
3926	29.46336584	-0.001932345	-0.000392486
3927	29.47061765	-0.001929499	-0.000391813
3928	29.47786947	-0.001926657	-0.000391141
3929	29.48512128	-0.001923821	-0.00039047
3930	29.49237309	-0.001920989	-0.0003898
3931	29.49962491	-0.001918162	-0.000389132
3932	29.50687672	-0.00191534	-0.000388465
3933	29.51412853	-0.001912523	-0.0003878
3934	29.52138035	-0.001909711	-0.000387135
3935	29.52863216	-0.001906904	-0.000386472
3936	29.53588397	-0.001904101	-0.000385811
3937	29.54313578	-0.001901303	-0.00038515
3938	29.5503876	-0.00189851	-0.000384491
3939	29.55763941	-0.001895722	-0.000383833
3940	29.56489122	-0.001892938	-0.000383177
3941	29.57214304	-0.00189016	-0.000382521
3942	29.57939485	-0.001887386	-0.000381867
3943	29.58664666	-0.001884616	-0.000381215
3944	29.59389847	-0.001881852	-0.000380563
3945	29.60115029	-0.001879092	-0.000379913
3946	29.6084021	-0.001876337	-0.000379264
3947	29.61565391	-0.001873587	-0.000378617
3948	29.62290573	-0.001870841	-0.00037797
3949	29.63015754	-0.0018681	-0.000377325
3950	29.63740935	-0.001865364	-0.000376681
3951	29.64466117	-0.001862632	-0.000376039
3952	29.65191298	-0.001859905	-0.000375397
3953	29.65916479	-0.001857183	-0.000374757
3954	29.6664166	-0.001854465	-0.000374118
3955	29.67366842	-0.001851752	-0.000373481
3956	29.68092023	-0.001849044	-0.000372844
3957	29.68817204	-0.00184634	-0.000372209
3958	29.69542386	-0.001843641	-0.000371575
3959	29.70267567	-0.001840946	-0.000370942
3960	29.70992748	-0.001838256	-0.000370311
3961	29.71717929	-0.001835571	-0.000369681
3962	29.72443111	-0.00183289	-0.000369052
3963	29.73168292	-0.001830214	-0.000368424
3964	29.73893473	-0.001827542	-0.000367797
3965	29.74618655	-0.001824875	-0.000367172
3966	29.75343836	-0.001822212	-0.000366548
3967	29.76069017	-0.001819554	-0.000365925
3968	29.76794199	-0.0018169	-0.000365303
3969	29.7751938	-0.001814251	-0.000364683
3970	29.78244561	-0.001811607	-0.000364063
3971	29.78969742	-0.001808967	-0.000363445
3972	29.79694924	-0.001806331	-0.000362828
3973	29.80420105	-0.0018037	-0.000362213
3974	29.81145286	-0.001801073	-0.000361598
3975	29.81870468	-0.001798451	-0.000360985
3976	29.82595649	-0.001795833	-0.000360373
3977	29.8332083	-0.00179322	-0.000359762
3978	29.84046012	-0.001790611	-0.000359152
3979	29.84771193	-0.001788006	-0.000358543
3980	29.85496374	-0.001785406	-0.000357936
3981	29.86221555	-0.00178281	-0.00035733
3982	29.86946737	-0.001780219	-0.000356724
3983	29.87671918	-0.001777632	-0.00035612
3984	29.88397099	-0.00177505	-0.000355518
3985	29.89122281	-0.001772472	-0.000354916
3986	29.89847462	-0.001769898	-0.000354316
3987	29.90572643	-0.001767328	-0.000353716
3988	29.91297824	-0.001764763	-0.000353118
3989	29.92023006	-0.001762203	-0.000352521
3990	29.92748187	-0.001759646	-0.000351926
3991	29.93473368	-0.001757094	-0.000351331
3992	29.9419855	-0.001754546	-0.000350737
3993	29.94923731	-0.001752003	-0.000350145
3994	29.95648912	-0.001749464	-0.000349554
3995	29.96374094	-0.001746929	-0.000348964
3996	29.97099275	-0.001744398	-0.000348375
3997	29.97824456	-0.001741872	-0.000347787
3998	29.98549637	-0.00173935	-0.0003472
3999	29.99274819	-0.001736832	-0.000346615
4000	30	-0.001734318	5.78106E-05