LJ_3n				
N	4000	R	1	30
				
1	1	1.43868E+12	1.64772E+13	
2	1.007251813	1.31919E+12	1.50049E+13	
3	1.014503626	1.21038E+12	1.36733E+13	
4	1.021755439	1.11122E+12	1.24681E+13	
5	1.029007252	1.0208E+12	1.13765E+13	
6	1.036259065	9.38303E+11	1.03871E+13	
7	1.043510878	8.62978E+11	9.48983E+12	
8	1.050762691	7.94159E+11	8.67544E+12	
9	1.058014504	7.31247E+11	7.93582E+12	
10	1.065266317	6.73698E+11	7.26366E+12	
11	1.07251813	6.21023E+11	6.65241E+12	
12	1.079769942	5.72781E+11	6.0962E+12	
13	1.087021755	5.28572E+11	5.58975E+12	
14	1.094273568	4.88037E+11	5.12832E+12	
15	1.101525381	4.50847E+11	4.70765E+12	
16	1.108777194	4.16708E+11	4.32391E+12	
17	1.116029007	3.85352E+11	3.97364E+12	
18	1.12328082	3.56536E+11	3.65374E+12	
19	1.130532633	3.30039E+11	3.3614E+12	
20	1.137784446	3.05663E+11	3.0941E+12	
21	1.145036259	2.83225E+11	2.84955E+12	
22	1.152288072	2.62561E+11	2.62568E+12	
23	1.159539885	2.4352E+11	2.42065E+12	
24	1.166791698	2.25966E+11	2.23275E+12	
25	1.174043511	2.09774E+11	2.06047E+12	
26	1.181295324	1.94832E+11	1.90241E+12	
27	1.188547137	1.81036E+11	1.75734E+12	
28	1.19579895	1.68293E+11	1.62411E+12	
29	1.203050763	1.56515E+11	1.50169E+12	
30	1.210302576	1.45625E+11	1.38916E+12	
31	1.217554389	1.35551E+11	1.28565E+12	
32	1.224806202	1.26228E+11	1.1904E+12	
33	1.232058015	1.17595E+11	1.10271E+12	
34	1.239309827	1.09598E+11	1.02194E+12	
35	1.24656164	1.02187E+11	9.47497E+11	
36	1.253813453	95316330275	8.78865E+11	
37	1.261065266	88942964126	8.15557E+11	
38	1.268317079	83028697363	7.57133E+11	
39	1.275568892	77538112543	7.03191E+11	
40	1.282820705	72438703562	6.53365E+11	
41	1.290072518	67700621782	6.07321E+11	
42	1.297324331	63296445552	5.64752E+11	
43	1.304576144	59200970859	5.25379E+11	
44	1.311827957	55391021056	4.88946E+11	
45	1.31907977	51845273843	4.5522E+11	
46	1.326331583	48544103858	4.23986E+11	
47	1.333583396	45469439386	3.95047E+11	
48	1.340835209	42604631855	3.68224E+11	
49	1.348087022	39934336920	3.43353E+11	
50	1.355338835	37444406050	3.20281E+11	
51	1.362590648	35121787639	2.9887E+11	
52	1.369842461	32954436760	2.78993E+11	
53	1.377094274	30931232771	2.60532E+11	
54	1.384346087	29041904046	2.4338E+11	
55	1.391597899	27276959184	2.27438E+11	
56	1.398849712	25627624117	2.12614E+11	
57	1.406101525	24085784570	1.98826E+11	
58	1.413353338	22643933405	1.85996E+11	
59	1.420605151	21295122405	1.74054E+11	
60	1.427856964	20032918107	1.62933E+11	
61	1.435108777	18851361326	1.52573E+11	
62	1.44236059	17744930044	1.42919E+11	
63	1.449612403	16708505367	1.3392E+11	
64	1.456864216	15737340288	1.25529E+11	
65	1.464116029	14827031005	1.177E+11	
66	1.471367842	13973490586	1.10395E+11	
67	1.478619655	13172924759	1.03576E+11	
68	1.485871468	12421809670	97208553687	
69	1.493123281	11716871421	91260513475	
70	1.500375094	11055067247	85702576411	
71	1.507626907	10433568194	80507458398	
72	1.51487872	9849743164	75649901338	
73	1.522130533	9301144230	71106514031	
74	1.529382346	8785493090	66855626237	
75	1.536634159	8300668594	62877154769	
76	1.543885971	7844695228	59152480560	
77	1.551137784	7415732504	55664335774	
78	1.558389597	7012065152	52396700081	
79	1.56564141	6632094084	49334705336	
80	1.572893223	6274328029	46464547931	
81	1.580145036	5937375818	43773408169	
82	1.587396849	5619939250	41249376085	
83	1.594648662	5320806490	38881383154	
84	1.601900475	5038845972	36659139411	
85	1.609152288	4773000750	34573075514	
86	1.616404101	4522283273	32614289363	
87	1.623655914	4285770547	30774496881	
88	1.630907727	4062599652	29045986624	
89	1.63815954	3851963590	27421577904	
90	1.645411353	3653107436	25894582148	
91	1.652663166	3465324770	24458767211	
92	1.659914979	3287954365	23108324426	
93	1.667166792	3120377119	21837838163	
94	1.674418605	2962013201	20642257687	
95	1.681670418	2812319409	19516871147	
96	1.688922231	2670786710	18457281521	
97	1.696174044	2536937957	17459384355	
98	1.703425856	2410325767	16519347168	
99	1.710677669	2290530552	15633590383	
100	1.717929482	2177158678	14798769665	
101	1.725181295	2069840769	14011759569	
102	1.732433108	1968230109	13269638372	
103	1.739684921	1872001174	12569674030	
104	1.746936734	1780848249	11909311141	
105	1.754188547	1694484152	11286158861	
106	1.76144036	1612639039	10697979693	
107	1.768692173	1535059291	10142679076	
108	1.775943986	1461506480	9618295720	
109	1.783195799	1391756398	9122992636	
110	1.790447612	1325598162	8655048800	
111	1.797699425	1262833367	8212851398	
112	1.804951238	1203275305	7794888634	
113	1.812203051	1146748231	7399743030	
114	1.819454864	1093086678	7026085196	
115	1.826706677	1042134823	6672668041	
116	1.83395849	993745882.3	6338321378	
117	1.841210303	947781561.2	6021946902	
118	1.848462116	904111528.6	5722513524	
119	1.855713928	862612930.9	5439053007	
120	1.862965741	823169935.9	5170655922	
121	1.870217554	785673306.3	4916467856	
122	1.877469367	750020001	4675685898	
123	1.88472118	716112801.5	4447555348	
124	1.891972993	683859962	4231366656	
125	1.899224806	653174882.5	4026452559	
126	1.906476619	623975801.6	3832185416	
127	1.913728432	596185509.8	3647974719	
128	1.920980245	569731079.5	3473264763	
129	1.928232058	544543613.1	3307532477	
130	1.935483871	520558006.2	3150285398	
131	1.942735684	497712725.8	3001059768	
132	1.949987497	475949601.7	2859418770	
133	1.95723931	455213631.6	2724950867	
134	1.964491123	435452797.6	2597268255	
135	1.971742936	416617894	2476005412	
136	1.978994749	398662365.9	2360817745	
137	1.986246562	381542157.2	2251380319	
138	1.993498375	365215568.2	2147386671	
139	2.000750188	349643121.8	2048547701	
140	2.008002001	334787437	1954590623	
141	2.015253813	320613111.4	1865257998	
142	2.022505626	307086609.3	1780306816	
143	2.029757439	294176157.3	1699507641	
144	2.037009252	281851645.7	1622643806	
145	2.044261065	270084536.4	1549510665	
146	2.051512878	258847774.9	1479914882	
147	2.058764691	248115708.9	1413673772	
148	2.066016504	237864011.2	1350614679	
149	2.073268317	228069606.1	1290574393	
150	2.08052013	218710602	1233398603	
151	2.087771943	209766226.1	1178941382	
152	2.095023756	201216763.7	1127064707	
153	2.102275569	193043501.3	1077638004	
154	2.109527382	185228672	1030537722	
155	2.116779195	177755405.2	985646934.6	
156	2.124031008	170607678	942854962.2	
157	2.131282821	163770270.2	902057019.7	
158	2.138534634	157228721.4	863153883.3	
159	2.145786447	150969290.9	826051578.7	
160	2.15303826	144978919.4	790661086.3	
161	2.160290073	139245193	756898065.1	
162	2.167541885	133756309.9	724682591.7	
163	2.174793698	128501047.3	693938916	
164	2.182045511	123468732	664595229.8	
165	2.189297324	118649211.7	636583449.8	
166	2.196549137	114032827.6	609839013.1	
167	2.20380095	109610389.2	584300684	
168	2.211052763	105373149.9	559910372.9	
169	2.218304576	101312784.6	536612964.9	
170	2.225556389	97421367.76	514356158.4	
171	2.232808202	93691353.11	493090313	
172	2.240060015	90115554.39	472768306.2	
173	2.247311828	86687127.06	453345398.2	
174	2.254563641	83399551.03	434779104	
175	2.261815454	80246614.29	417029073.4	
176	2.269067267	77222397.46	400056977	
177	2.27631908	74321259.09	383826399.4	
178	2.283570893	71537821.83	368302737.8	
179	2.290822706	68866959.27	353453106.2	
180	2.298074519	66303783.45	339246245.6	
181	2.305326332	63843633.14	325652438.5	
182	2.312578145	61482062.56	312643428.3	
183	2.319829957	59214830.9	300192343.5	
184	2.32708177	57037892.18	288273625.5	
185	2.334333583	54947385.77	276862960.8	
186	2.341585396	52939627.36	265937217	
187	2.348837209	51011100.4	255474381.2	
188	2.356089022	49158447.98	245453503.7	
189	2.363340835	47378465.08	235854642.8	
190	2.370592648	45668091.33	226658813.8	
191	2.377844461	44024404	217847940	
192	2.385096274	42444611.49	209404807.3	
193	2.392348087	40926047	201313020	
194	2.3995999	39466162.63	193556959.8	
195	2.406851713	38062523.76	186121746.8	
196	2.414103526	36712803.67	178993202.7	
197	2.421355339	35414778.44	172157815.2	
198	2.428607152	34166322.17	165602705.4	
199	2.435858965	32965402.32	159315596	
200	2.443110778	31810075.42	153284781.9	
201	2.450362591	30698482.85	147499101.6	
202	2.457614404	29628846.96	141947910.4	
203	2.464866217	28599467.26	136621055.4	
204	2.47211803	27608716.92	131508851.4	
205	2.479369842	26655039.33	126602057.6	
206	2.486621655	25736944.89	121891856.5	
207	2.493873468	24853007.95	117369833.2	
208	2.501125281	24001863.87	113027955.9	
209	2.508377094	23182206.28	108858557.3	
210	2.515628907	22392784.38	104854317.3	
211	2.52288072	21632400.48	101008246.2	
212	2.530132533	20899907.58	97313669.02	
213	2.537384346	20194207.05	93764210.35	
214	2.544636159	19514246.53	90353780.16	
215	2.551887972	18859017.82	87076560.26	
216	2.559139785	18227554.89	83926991.47	
217	2.566391598	17618932.05	80899761.39	
218	2.573643411	17032262.11	77989792.77	
219	2.580895224	16466694.72	75192232.51	
220	2.588147037	15921414.72	72502441.15	
221	2.59539885	15395640.58	69915982.93	
222	2.602650663	14888622.94	67428616.3	
223	2.609902476	14399643.23	65036284.9	
224	2.617154289	13928012.26	62735109.04	
225	2.624406102	13473068.98	60521377.46	
226	2.631657914	13034179.27	58391539.67	
227	2.638909727	12610734.75	56342198.52	
228	2.64616154	12202151.66	54370103.2	
229	2.653413353	11807869.85	52472142.55	
230	2.660665166	11427351.68	50645338.72	
231	2.667916979	11060081.16	48886841.1	
232	2.675168792	10705562.93	47193920.56	
233	2.682420605	10363321.45	45563963.98	
234	2.689672418	10032900.1	43994469.01	
235	2.696924231	9713860.443	42483039.09	
236	2.704176044	9405781.39	41027378.72	
237	2.711427857	9108258.513	39625288.96	
238	2.71867967	8820903.329	38274663.09	
239	2.725931483	8543342.632	36973482.54	
240	2.733183296	8275217.852	35719812.96	
241	2.740435109	8016184.45	34511800.52	
242	2.747686922	7765911.328	33347668.33	
243	2.754938735	7524080.275	32225713.09	
244	2.762190548	7290385.431	31144301.83	
245	2.769442361	7064532.78	30101868.84	
246	2.776694174	6846239.657	29096912.76	
247	2.783945986	6635234.288	28127993.73	
248	2.791197799	6431255.339	27193730.75	
249	2.798449612	6234051.49	26292799.15	
250	2.805701425	6043381.029	25423928.1	
251	2.812953238	5859011.458	24585898.33	
252	2.820205051	5680719.122	23777539.91	
253	2.827456864	5508288.85	22997730.14	
254	2.834708677	5341513.612	22245391.48	
255	2.84196049	5180194.194	21519489.71	
256	2.849212303	5024138.88	20819032.01	
257	2.856464116	4873163.154	20143065.22	
258	2.863715929	4727089.413	19490674.19	
259	2.870967742	4585746.689	18860980.16	
260	2.878219555	4448970.389	18253139.2	
261	2.885471368	4316602.038	17666340.78	
262	2.892723181	4188489.039	17099806.36	
263	2.899974994	4064484.442	16552788.05	
264	2.907226807	3944446.719	16024567.31	
265	2.91447862	3828239.554	15514453.78	
266	2.921730433	3715731.637	15021784.05	
267	2.928982246	3606796.469	14545920.59	
268	2.936234059	3501312.174	14086250.66	
269	2.943485871	3399161.319	13642185.28	
270	2.950737684	3300230.743	13213158.28	
271	2.957989497	3204411.39	12798625.34	
272	2.96524131	3111598.153	12398063.1	
273	2.972493123	3021689.719	12010968.31	
274	2.979744936	2934588.423	11636857.03	
275	2.986996749	2850200.113	11275263.79	
276	2.994248562	2768434.009	10925740.91	
277	3.001500375	2689202.579	10587857.72	
278	3.008752188	2612421.415	10261199.92	
279	3.016004001	2538009.113	9945368.9	
280	3.023255814	2465887.158	9639981.098	
281	3.030507627	2395979.818	9344667.425	
282	3.03775944	2328214.038	9059072.67	
283	3.045011253	2262519.337	8782854.95	
284	3.052263066	2198827.716	8515685.18	
285	3.059514879	2137073.56	8257246.563	
286	3.066766692	2077193.552	8007234.108	
287	3.074018505	2019126.588	7765354.16	
288	3.081270318	1962813.692	7531323.957	
289	3.088522131	1908197.94	7304871.196	
290	3.095773943	1855224.38	7085733.629	
291	3.103025756	1803839.965	6873658.665	
292	3.110277569	1753993.478	6668402.995	
293	3.117529382	1705635.467	6469732.231	
294	3.124781195	1658718.179	6277420.559	
295	3.132033008	1613195.499	6091250.404	
296	3.139284821	1569022.891	5911012.113	
297	3.146536634	1526157.337	5736503.653	
298	3.153788447	1484557.285	5567530.311	
299	3.16104026	1444182.597	5403904.415	
300	3.168292073	1404994.493	5245445.069	
301	3.175543886	1366955.506	5091977.884	
302	3.182795699	1330029.435	4943334.74	
303	3.190047512	1294181.296	4799353.541	
304	3.197299325	1259377.282	4659877.986	
305	3.204551138	1225584.718	4524757.353	
306	3.211802951	1192772.024	4393846.286	
307	3.219054764	1160908.673	4267004.592	
308	3.226306577	1129965.154	4144097.045	
309	3.23355839	1099912.937	4024993.205	
310	3.240810203	1070724.439	3909567.232	
311	3.248062016	1042372.989	3797697.718	
312	3.255313828	1014832.796	3689267.521	
313	3.262565641	988078.9175	3584163.604	
314	3.269817454	962087.2335	3482276.885	
315	3.277069267	936834.4129	3383502.089	
316	3.28432108	912297.8886	3287737.608	
317	3.291572893	888455.8304	3194885.363	
318	3.298824706	865287.1194	3104850.679	
319	3.306076519	842771.323	3017542.155	
320	3.313328332	820888.6717	2932871.545	
321	3.320580145	799620.0358	2850753.646	
322	3.327831958	778946.9036	2771106.18	
323	3.335083771	758851.3599	2693849.697	
324	3.342335584	739316.0658	2618907.461	
325	3.349587397	720324.2388	2546205.361	
326	3.35683921	701859.6337	2475671.81	
327	3.364091023	683906.5248	2407237.658	
328	3.371342836	666449.6876	2340836.1	
329	3.378594649	649474.3821	2276402.594	
330	3.385846462	632966.3362	2213874.78	
331	3.393098275	616911.7304	2153192.401	
332	3.400350088	601297.1819	2094297.228	
333	3.4076019	586109.7301	2037132.987	
334	3.414853713	571336.8227	1981645.29	
335	3.422105526	556966.3018	1927781.57	
336	3.429357339	542986.3904	1875491.011	
337	3.436609152	529385.6804	1824724.492	
338	3.443860965	516153.1197	1775434.523	
339	3.451112778	503278.0006	1727575.191	
340	3.458364591	490749.9485	1681102.102	
341	3.465616404	478558.9105	1635972.326	
342	3.472868217	466695.1452	1592144.352	
343	3.48012003	455149.2121	1549578.031	
344	3.487371843	443911.9621	1508234.534	
345	3.494623656	432974.5274	1468076.303	
346	3.501875469	422328.3126	1429067.009	
347	3.509127282	411964.986	1391171.507	
348	3.516379095	401876.4704	1354355.798	
349	3.523630908	392054.9355	1318586.985	
350	3.530882721	382492.7893	1283833.241	
351	3.538134534	373182.6708	1250063.767	
352	3.545386347	364117.4422	1217248.759	
353	3.55263816	355290.1819	1185359.374	
354	3.559889972	346694.1774	1154367.696	
355	3.567141785	338322.9188	1124246.707	
356	3.574393598	330170.092	1094970.253	
357	3.581645411	322229.5725	1066513.017	
358	3.588897224	314495.4196	1038850.488	
359	3.596149037	306961.8701	1011958.94	
360	3.60340085	299623.3332	985815.3957	
361	3.610652663	292474.3843	960397.6106	
362	3.617904476	285509.7605	935684.0429	
363	3.625156289	278724.3548	911653.8316	
364	3.632408102	272113.2118	888286.7737	
365	3.639659915	265671.5223	865563.3017	
366	3.646911728	259394.6191	843464.4631	
367	3.654163541	253277.9726	821971.8993	
368	3.661415354	247317.1861	801067.826	
369	3.668667167	241507.9921	780735.0145	
370	3.67591898	235846.2478	760956.773	
371	3.683170793	230327.9316	741716.9286	
372	3.690422606	224949.1392	722999.8108	
373	3.697674419	219706.0798	704790.2345	
374	3.704926232	214595.0728	687073.4842	
375	3.712178045	209612.5444	669835.2987	
376	3.719429857	204755.0241	653061.856	
377	3.72668167	200019.1417	636739.759	
378	3.733933483	195401.6241	620856.0221	
379	3.741185296	190899.2923	605398.0569	
380	3.748437109	186509.0589	590353.6602	
381	3.755688922	182227.9245	575711.0011	
382	3.762940735	178052.976	561458.6089	
383	3.770192548	173981.3832	547585.3616	
384	3.777444361	170010.3966	534080.4747	
385	3.784696174	166137.3449	520933.4901	
386	3.791947987	162359.6327	508134.266	
387	3.7991998	158674.738	495672.9664	
388	3.806451613	155080.2104	483540.0515	
389	3.813703426	151573.6684	471726.2681	
390	3.820955239	148152.7977	460222.6409	
391	3.828207052	144815.3492	449020.463	
392	3.835458865	141559.1368	438111.2878	
393	3.842710678	138382.0357	427486.9207	
394	3.849962491	135281.9805	417139.4111	
395	3.857214304	132256.9635	407061.0447	
396	3.864466117	129305.033	397244.336	
397	3.871717929	126424.2913	387682.0211	
398	3.878969742	123612.8938	378367.0508	
399	3.886221555	120869.0467	369292.584	
400	3.893473368	118191.006	360451.9807	
401	3.900725181	115577.0757	351838.7965	
402	3.907976994	113025.6065	343446.7757	
403	3.915228807	110534.9947	335269.846	
404	3.92248062	108103.6805	327302.1126	
405	3.929732433	105730.1468	319537.8525	
406	3.936984246	103412.9181	311971.5096	
407	3.944236059	101150.5591	304597.6892	
408	3.951487872	98941.67359	297411.1532	
409	3.958739685	96784.90354	290406.8152	
410	3.965991498	94678.92763	283579.7359	
411	3.973243311	92622.46043	276925.1186	
412	3.980495124	90614.25127	270438.3047	
413	3.987746937	88653.08327	264114.7695	
414	3.99499875	86737.77236	257950.1185	
415	4.002250563	84867.16635	251940.0828	
416	4.009502376	83040.14399	246080.5157	
417	4.016754189	81255.61412	240367.3891	
418	4.024006002	79512.51478	234796.7894	
419	4.031257814	77809.81238	229364.9146	
420	4.038509627	76146.50092	224068.0705	
421	4.04576144	74521.60118	218902.6677	
422	4.053013253	72934.15998	213865.2185	
423	4.060265066	71383.24942	208952.3336	
424	4.067516879	69867.96618	204160.7193	
425	4.074768692	68387.43083	199487.1746	
426	4.082020505	66940.78716	194928.5886	
427	4.089272318	65527.20149	190481.9374	
428	4.096524131	64145.86211	186144.2821	
429	4.103775944	62795.97859	181912.7658	
430	4.111027757	61476.78124	177784.6112	
431	4.11827957	60187.5205	173757.1185	
432	4.125531383	58927.46637	169827.6632	
433	4.132783196	57695.90793	165993.6932	
434	4.140035009	56492.15271	162252.7275	
435	4.147286822	55315.52628	158602.3536	
436	4.154538635	54165.37168	155040.2255	
437	4.161790448	53041.04896	151564.0622	
438	4.169042261	51941.93473	148171.6452	
439	4.176294074	50867.42168	144860.817	
440	4.183545886	49816.91813	141629.4794	
441	4.190797699	48789.84764	138475.5916	
442	4.198049512	47785.64855	135397.1685	
443	4.205301325	46803.77361	132392.2793	
444	4.212553138	45843.68956	129459.0457	
445	4.219804951	44904.87678	126595.6404	
446	4.227056764	43986.82887	123800.286	
447	4.234308577	43089.05235	121071.2531	
448	4.24156039	42211.06627	118406.8589	
449	4.248812203	41352.40188	115805.4665	
450	4.256064016	40512.6023	113265.4827	
451	4.263315829	39691.2222	110785.3575	
452	4.270567642	38887.82751	108363.5824	
453	4.277819455	38101.99508	105998.6894	
454	4.285071268	37333.31241	103689.2498	
455	4.292323081	36581.37737	101433.8733	
456	4.299574894	35845.79789	99231.20644	
457	4.306826707	35126.19174	97079.93198	
458	4.31407852	34422.18623	94978.76773	
459	4.321330333	33733.41798	92926.46553	
460	4.328582146	33059.53263	90921.81033	
461	4.335833958	32400.18467	88963.61925	
462	4.343085771	31755.03714	87050.74068	
463	4.350337584	31123.76145	85182.05339	
464	4.357589397	30506.03713	83356.46572	
465	4.36484121	29901.55164	81572.91469	
466	4.372093023	29310.00012	79830.36524	
467	4.379344836	28731.08524	78127.80947	
468	4.386596649	28164.51698	76464.26583	
469	4.393848462	27610.01243	74838.77845	
470	4.401100275	27067.2956	73250.41635	
471	4.408352088	26536.09728	71698.27286	
472	4.415603901	26016.15482	70181.46484	
473	4.422855714	25507.21196	68699.1321	
474	4.430107527	25009.01871	67250.43673	
475	4.43735934	24521.33112	65834.56253	
476	4.444611153	24043.91119	64450.71436	
477	4.451862966	23576.52666	63098.11761	
478	4.459114779	23118.95092	61776.0176	
479	4.466366592	22670.96279	60483.67907	
480	4.473618405	22232.34646	59220.38564	
481	4.480870218	21802.8913	57985.43927	
482	4.488122031	21382.39174	56778.15979	
483	4.495373843	20970.64715	55597.88442	
484	4.502625656	20567.46169	54443.96728	
485	4.509877469	20172.64422	53315.77892	
486	4.517129282	19786.00817	52212.70591	
487	4.524381095	19407.37139	51134.15041	
488	4.531632908	19036.5561	50079.52969	
489	4.538884721	18673.38871	49048.27581	
490	4.546136534	18317.69979	48039.83516	
491	4.553388347	17969.32389	47053.66808	
492	4.56064016	17628.09949	46089.24854	
493	4.567891973	17293.86888	45146.06371	
494	4.575143786	16966.47807	44223.61364	
495	4.582395599	16645.7767	43321.41093	
496	4.589647412	16331.61793	42438.98034	
497	4.596899225	16023.85838	41575.85856	
498	4.604151038	15722.35803	40731.5938	
499	4.611402851	15426.98013	39905.74554	
500	4.618654664	15137.59113	39097.88421	
501	4.625906477	14854.06059	38307.59093	
502	4.63315829	14576.26111	37534.45717	
503	4.640410103	14304.06824	36778.08456	
504	4.647661915	14037.36045	36038.08454	
505	4.654913728	13776.019	35314.07816	
506	4.662165541	13519.92791	34605.69581	
507	4.669417354	13268.97388	33912.57696	
508	4.676669167	13023.04622	33234.36995	
509	4.68392098	12782.03678	32570.73174	
510	4.691172793	12545.83993	31921.32771	
511	4.698424606	12314.35243	31285.8314	
512	4.705676419	12087.47343	30663.92433	
513	4.712928232	11865.10439	30055.2958	
514	4.720180045	11647.14901	29459.64266	
515	4.727431858	11433.51319	28876.66912	
516	4.734683671	11224.10498	28306.0866	
517	4.741935484	11018.83454	27747.61347	
518	4.749187297	10817.61404	27200.97496	
519	4.75643911	10620.35765	26665.90291	
520	4.763690923	10426.98151	26142.13563	
521	4.770942736	10237.40364	25629.41776	
522	4.778194549	10051.54389	25127.50006	
523	4.785446362	9869.323962	24636.13927	
524	4.792698175	9690.667288	24155.09798	
525	4.799949987	9515.499035	23684.14446	
526	4.8072018	9343.74605	23223.05253	
527	4.814453613	9175.336817	22771.60138	
528	4.821705426	9010.201423	22329.5755	
529	4.828957239	8848.271518	21896.76448	
530	4.836209052	8689.480278	21472.96294	
531	4.843460865	8533.762367	21057.97035	
532	4.850712678	8381.053905	20651.59094	
533	4.857964491	8231.29243	20253.63358	
534	4.865216304	8084.416867	19863.91165	
535	4.872468117	7940.367496	19482.24293	
536	4.87971993	7799.085914	19108.44949	
537	4.886971743	7660.515013	18742.3576	
538	4.894223556	7524.598941	18383.7976	
539	4.901475369	7391.283079	18032.60382	
540	4.908727182	7260.514009	17688.61444	
541	4.915978995	7132.239486	17351.67147	
542	4.923230808	7006.40841	17021.62058	
543	4.930482621	6882.970802	16698.31104	
544	4.937734434	6761.877773	16381.59564	
545	4.944986247	6643.081506	16071.33058	
546	4.95223806	6526.535223	15767.37541	
547	4.959489872	6412.193165	15469.59295	
548	4.966741685	6300.010571	15177.84915	
549	4.973993498	6189.943648	14892.01311	
550	4.981245311	6081.949554	14611.95692	
551	4.988497124	5975.986376	14337.55563	
552	4.995748937	5872.013104	14068.68716	
553	5.00300075	5769.989616	13805.23225	
554	5.010252563	5669.876654	13547.07436	
555	5.017504376	5571.635805	13294.09963	
556	5.024756189	5475.229481	13046.19681	
557	5.032008002	5380.620902	12803.25718	
558	5.039259815	5287.774076	12565.17451	
559	5.046511628	5196.65378	12331.84499	
560	5.053763441	5107.225547	12103.16717	
561	5.061015254	5019.455643	11879.04191	
562	5.068267067	4933.311053	11659.37232	
563	5.07551888	4848.759465	11444.0637	
564	5.082770693	4765.769256	11233.02349	
565	5.090022506	4684.309471	11026.16123	
566	5.097274319	4604.349812	10823.3885	
567	5.104526132	4525.860623	10624.61887	
568	5.111777944	4448.812874	10429.76786	
569	5.119029757	4373.178149	10238.75288	
570	5.12628157	4298.928628	10051.4932	
571	5.133533383	4226.037079	9867.909887	
572	5.140785196	4154.476843	9687.925795	
573	5.148037009	4084.221817	9511.465487	
574	5.155288822	4015.246448	9338.455213	
575	5.162540635	3947.525718	9168.822865	
576	5.169792448	3881.035129	9002.497941	
577	5.177044261	3815.750698	8839.411506	
578	5.184296074	3751.648939	8679.496155	
579	5.191547887	3688.706857	8522.685976	
580	5.1987997	3626.901932	8368.916514	
581	5.206051513	3566.212115	8218.124742	
582	5.213303326	3506.615811	8070.249022	
583	5.220555139	3448.091875	7925.229074	
584	5.227806952	3390.619596	7783.005945	
585	5.235058765	3334.178693	7643.521979	
586	5.242310578	3278.749301	7506.720784	
587	5.249562391	3224.311966	7372.547205	
588	5.256814204	3170.847633	7240.947292	
589	5.264066017	3118.337638	7111.868279	
590	5.271317829	3066.763699	6985.258547	
591	5.278569642	3016.107911	6861.067605	
592	5.285821455	2966.352732	6739.246061	
593	5.293073268	2917.48098	6619.745595	
594	5.300325081	2869.475823	6502.518939	
595	5.307576894	2822.320772	6387.519847	
596	5.314828707	2775.999673	6274.703077	
597	5.32208052	2730.4967	6164.024363	
598	5.329332333	2685.796348	6055.440397	
599	5.336584146	2641.883427	5948.908803	
600	5.343835959	2598.743053	5844.388118	
601	5.351087772	2556.360643	5741.837774	
602	5.358339585	2514.72191	5641.218069	
603	5.365591398	2473.812852	5542.490157	
604	5.372843211	2433.61975	5445.616023	
605	5.380095024	2394.129161	5350.558463	
606	5.387346837	2355.327912	5257.281072	
607	5.39459865	2317.203093	5165.748218	
608	5.401850463	2279.742053	5075.92503	
609	5.409102276	2242.932394	4987.77738	
610	5.416354089	2206.761965	4901.271863	
611	5.423605901	2171.218859	4816.375785	
612	5.430857714	2136.291402	4733.057144	
613	5.438109527	2101.968157	4651.284615	
614	5.44536134	2068.237911	4571.027538	
615	5.452613153	2035.089674	4492.255896	
616	5.459864966	2002.512675	4414.940308	
617	5.467116779	1970.496354	4339.052011	
618	5.474368592	1939.03036	4264.562846	
619	5.481620405	1908.104548	4191.445248	
620	5.488872218	1877.708971	4119.672226	
621	5.496124031	1847.833879	4049.217359	
622	5.503375844	1818.469712	3980.054775	
623	5.510627657	1789.607099	3912.159145	
624	5.51787947	1761.236853	3845.505667	
625	5.525131283	1733.349965	3780.070056	
626	5.532383096	1705.937604	3715.828535	
627	5.539634909	1678.99111	3652.757817	
628	5.546886722	1652.501994	3590.835102	
629	5.554138535	1626.461929	3530.03806	
630	5.561390348	1600.862754	3470.344826	
631	5.568642161	1575.696462	3411.733985	
632	5.575893973	1550.955205	3354.184565	
633	5.583145786	1526.631286	3297.676027	
634	5.590397599	1502.717157	3242.188255	
635	5.597649412	1479.205414	3187.701546	
636	5.604901225	1456.088798	3134.196602	
637	5.612153038	1433.360191	3081.654523	
638	5.619404851	1411.012609	3030.056793	
639	5.626656664	1389.039204	2979.385279	
640	5.633908477	1367.433259	2929.622214	
641	5.64116029	1346.188187	2880.750197	
642	5.648412103	1325.297525	2832.752182	
643	5.655663916	1304.754936	2785.611469	
644	5.662915729	1284.554203	2739.311697	
645	5.670167542	1264.689227	2693.83684	
646	5.677419355	1245.154026	2649.171193	
647	5.684671168	1225.942732	2605.299373	
648	5.691922981	1207.049588	2562.206307	
649	5.699174794	1188.468947	2519.877226	
650	5.706426607	1170.195269	2478.29766	
651	5.71367842	1152.223118	2437.45343	
652	5.720930233	1134.547161	2397.330644	
653	5.728182046	1117.162168	2357.915688	
654	5.735433858	1100.063004	2319.195221	
655	5.742685671	1083.244635	2281.156172	
656	5.749937484	1066.702117	2243.785729	
657	5.757189297	1050.430602	2207.071338	
658	5.76444111	1034.425334	2171.000695	
659	5.771692923	1018.681643	2135.561744	
660	5.778944736	1003.194948	2100.742666	
661	5.786196549	987.9607555	2066.53188	
662	5.793448362	972.9746529	2032.918034	
663	5.800700175	958.2323116	1999.890001	
664	5.807951988	943.7294833	1967.436877	
665	5.815203801	929.4619991	1935.547971	
666	5.822455614	915.4257673	1904.212806	
667	5.829707427	901.6167722	1873.421111	
668	5.83695924	888.0310727	1843.162818	
669	5.844211053	874.6648007	1813.428058	
670	5.851462866	861.5141596	1784.207156	
671	5.858714679	848.575423	1755.490626	
672	5.865966492	835.8449334	1727.26917	
673	5.873218305	823.3191004	1699.533673	
674	5.880470118	810.9944001	1672.275197	
675	5.88772193	798.8673732	1645.484979	
676	5.894973743	786.9346239	1619.154429	
677	5.902225556	775.1928189	1593.275123	
678	5.909477369	763.6386857	1567.838801	
679	5.916729182	752.269012	1542.837367	
680	5.923980995	741.080644	1518.262879	
681	5.931232808	730.0704855	1494.107551	
682	5.938484621	719.235497	1470.363748	
683	5.945736434	708.5726942	1447.023982	
684	5.952988247	698.0791469	1424.080912	
685	5.96024006	687.7519785	1401.527338	
686	5.967491873	677.5883644	1379.356197	
687	5.974743686	667.5855313	1357.560566	
688	5.981995499	657.740756	1336.133653	
689	5.989247312	648.0513646	1315.068797	
690	5.996499125	638.5147317	1294.359465	
691	6.003750938	629.128279	1273.999252	
692	6.011002751	619.8894747	1253.981871	
693	6.018254564	610.7958327	1234.301159	
694	6.025506377	601.8449116	1214.95107	
695	6.03275819	593.0343137	1195.925675	
696	6.040010003	584.3616844	1177.219154	
697	6.047261815	575.8247113	1158.825803	
698	6.054513628	567.4211233	1140.740023	
699	6.061765441	559.14869	1122.956324	
700	6.069017254	551.0052208	1105.469318	
701	6.076269067	542.9885641	1088.273721	
702	6.08352088	535.0966066	1071.364348	
703	6.090772693	527.3272728	1054.736114	
704	6.098024506	519.6785237	1038.384027	
705	6.105276319	512.148357	1022.303192	
706	6.112528132	504.7348055	1006.488805	
707	6.119779945	497.4359369	990.9361546	
708	6.127031758	490.2498533	975.640615	
709	6.134283571	483.17469	960.5976492	
710	6.141535384	476.2086156	945.8028052	
711	6.148787197	469.3498305	931.2517142	
712	6.15603901	462.5965673	916.9400895	
713	6.163290823	455.9470893	902.8637246	
714	6.170542636	449.3996904	889.0184914	
715	6.177794449	442.9526946	875.4003391	
716	6.185046262	436.6044551	862.0052923	
717	6.192298075	430.3533539	848.8294499	
718	6.199549887	424.1978015	835.868983	
719	6.2068017	418.136236	823.1201341	
720	6.214053513	412.1671228	810.5792155	
721	6.221305326	406.2889539	798.2426077	
722	6.228557139	400.5002478	786.1067584	
723	6.235808952	394.7995487	774.1681808	
724	6.243060765	389.1854258	762.4234528	
725	6.250312578	383.6564735	750.8692152	
726	6.257564391	378.2113104	739.502171	
727	6.264816204	372.848579	728.3190837	
728	6.272068017	367.5669453	717.3167765	
729	6.27931983	362.3650982	706.4921307	
730	6.286571643	357.2417494	695.8420852	
731	6.293823456	352.1956327	685.3636347	
732	6.301075269	347.2255038	675.0538291	
733	6.308327082	342.3301397	664.9097723	
734	6.315578895	337.5083384	654.928621	
735	6.322830708	332.7589186	645.1075838	
736	6.330082521	328.0807191	635.4439201	
737	6.337334334	323.4725986	625.9349396	
738	6.344586147	318.9334355	616.5780003	
739	6.351837959	314.4621272	607.3705088	
740	6.359089772	310.0575899	598.3099184	
741	6.366341585	305.7187582	589.3937288	
742	6.373593398	301.4445852	580.6194846	
743	6.380845211	297.2340413	571.9847752	
744	6.388097024	293.0861147	563.4872335	
745	6.395348837	288.9998106	555.1245349	
746	6.40260065	284.9741513	546.8943968	
747	6.409852463	281.0081755	538.7945778	
748	6.417104276	277.100938	530.8228768	
749	6.424356089	273.2515098	522.977132	
750	6.431607902	269.4589774	515.2552208	
751	6.438859715	265.7224429	507.6550584	
752	6.446111528	262.0410234	500.1745973	
753	6.453363341	258.4138508	492.8118268	
754	6.460615154	254.8400716	485.5647719	
755	6.467866967	251.3188467	478.4314931	
756	6.47511878	247.849351	471.4100853	
757	6.482370593	244.4307732	464.4986773	
758	6.489622406	241.0623157	457.6954315	
759	6.496874219	237.743194	450.9985426	
760	6.504126032	234.472637	444.4062374	
761	6.511377844	231.2498861	437.9167743	
762	6.518629657	228.0741955	431.5284425	
763	6.52588147	224.944832	425.2395614	
764	6.533133283	221.8610742	419.0484801	
765	6.540385096	218.822213	412.953577	
766	6.547636909	215.8275509	406.9532588	
767	6.554888722	212.876402	401.0459606	
768	6.562140535	209.9680917	395.2301447	
769	6.569392348	207.1019566	389.5043009	
770	6.576644161	204.2773443	383.866945	
771	6.583895974	201.493613	378.3166192	
772	6.591147787	198.7501317	372.851891	
773	6.5983996	196.0462795	367.4713532	
774	6.605651413	193.381446	362.173623	
775	6.612903226	190.7550306	356.9573419	
776	6.620155039	188.1664427	351.8211749	
777	6.627406852	185.6151014	346.7638106	
778	6.634658665	183.1004351	341.7839602	
779	6.641910478	180.6218817	336.8803572	
780	6.649162291	178.1788884	332.0517574	
781	6.656414104	175.7709112	327.296938	
782	6.663665916	173.397415	322.6146974	
783	6.670917729	171.0578735	318.0038549	
784	6.678169542	168.7517691	313.4632502	
785	6.685421355	166.4785922	308.9917429	
786	6.692673168	164.2378419	304.5882125	
787	6.699924981	162.0290251	300.2515577	
788	6.707176794	159.851657	295.9806962	
789	6.714428607	157.7052604	291.7745643	
790	6.72168042	155.5893658	287.6321167	
791	6.728932233	153.5035115	283.5523259	
792	6.736184046	151.447243	279.534182	
793	6.743435859	149.4201134	275.5766926	
794	6.750687672	147.4216828	271.6788821	
795	6.757939485	145.4515184	267.8397916	
796	6.765191298	143.5091943	264.0584788	
797	6.772443111	141.5942916	260.3340172	
798	6.779694924	139.706398	256.6654962	
799	6.786946737	137.8451078	253.0520207	
800	6.79419855	136.0100219	249.4927109	
801	6.801450363	134.2007475	245.9867019	
802	6.808702176	132.4168979	242.5331433	
803	6.815953988	130.6580929	239.1311995	
804	6.823205801	128.9239582	235.7800486	
805	6.830457614	127.2141254	232.4788831	
806	6.837709427	125.528232	229.2269087	
807	6.84496124	123.8659213	226.0233449	
808	6.852213053	122.2268423	222.867424	
809	6.859464866	120.6106494	219.7583915	
810	6.866716679	119.0170027	216.6955055	
811	6.873968492	117.4455674	213.6780366	
812	6.881220305	115.8960143	210.7052677	
813	6.888472118	114.3680191	207.7764936	
814	6.895723931	112.8612628	204.891021	
815	6.902975744	111.3754314	202.0481683	
816	6.910227557	109.9102159	199.2472652	
817	6.91747937	108.465312	196.4876526	
818	6.924731183	107.0404203	193.7686825	
819	6.931982996	105.6352461	191.0897175	
820	6.939234809	104.2494992	188.4501311	
821	6.946486622	102.8828941	185.849307	
822	6.953738435	101.5351497	183.2866394	
823	6.960990248	100.2059892	180.7615322	
824	6.968242061	98.89514043	178.2733995	
825	6.975493873	97.60233508	175.8216651	
826	6.982745686	96.32730925	173.4057621	
827	6.989997499	95.0698031	171.0251332	
828	6.997249312	93.82956082	168.6792302	
829	7.004501125	92.6063306	166.3675141	
830	7.011752938	91.3998645	164.0894546	
831	7.019004751	90.20991847	161.8445303	
832	7.026256564	89.03625221	159.6322283	
833	7.033508377	87.87862915	157.4520441	
834	7.04076019	86.73681637	155.3034816	
835	7.048012003	85.61058457	153.1860528	
836	7.055263816	84.49970797	151.0992775	
837	7.062515629	83.40396427	149.0426838	
838	7.069767442	82.32313461	147.0158071	
839	7.077019255	81.25700347	145.0181907	
840	7.084271068	80.20535868	143.0493851	
841	7.091522881	79.1679913	141.1089483	
842	7.098774694	78.1446956	139.1964455	
843	7.106026507	77.13526901	137.3114489	
844	7.11327832	76.13951207	135.4535377	
845	7.120530133	75.15722835	133.622298	
846	7.127781945	74.18822444	131.8173225	
847	7.135033758	73.23230987	130.0382107	
848	7.142285571	72.28929709	128.2845682	
849	7.149537384	71.3590014	126.5560075	
850	7.156789197	70.4412409	124.852147	
851	7.16404101	69.53583649	123.1726114	
852	7.171292823	68.64261175	121.5170313	
853	7.178544636	67.76139296	119.8850436	
854	7.185796449	66.89200905	118.2762907	
855	7.193048262	66.03429152	116.690421	
856	7.200300075	65.18807441	115.1270883	
857	7.207551888	64.3531943	113.5859522	
858	7.214803701	63.52949022	112.0666776	
859	7.222055514	62.71680363	110.5689349	
860	7.229307327	61.9149784	109.0923997	
861	7.23655914	61.12386072	107.6367529	
862	7.243810953	60.34329912	106.2016802	
863	7.251062766	59.5731444	104.7868726	
864	7.258314579	58.8132496	103.3920261	
865	7.265566392	58.06346997	102.0168412	
866	7.272818205	57.32366292	100.6610235	
867	7.280070018	56.593688	99.32428311	
868	7.28732183	55.87340688	98.00633478	
869	7.294573643	55.16268327	96.7068978	
870	7.301825456	54.46138294	95.42569592	
871	7.309077269	53.76937364	94.16245724	
872	7.316329082	53.08652511	92.9169142	
873	7.323580895	52.41270903	91.68880343	
874	7.330832708	51.74779898	90.47786577	
875	7.338084521	51.09167042	89.2838461	
876	7.345336334	50.44420067	88.10649336	
877	7.352588147	49.80526886	86.94556043	
878	7.35983996	49.17475592	85.80080409	
879	7.367091773	48.55254454	84.67198492	
880	7.374343586	47.93851914	83.5588673	
881	7.381595399	47.33256586	82.46121927	
882	7.388847212	46.73457252	81.37881254	
883	7.396099025	46.1444286	80.31142237	
884	7.403350838	45.56202519	79.25882755	
885	7.410602651	44.98725499	78.22081032	
886	7.417854464	44.42001231	77.19715634	
887	7.425106277	43.86019297	76.1876546	
888	7.43235809	43.30769435	75.19209738	
889	7.439609902	42.76241532	74.21028021	
890	7.446861715	42.22425625	73.24200178	
891	7.454113528	41.69311895	72.28706393	
892	7.461365341	41.16890669	71.34527156	
893	7.468617154	40.65152412	70.41643262	
894	7.475868967	40.14087732	69.50035802	
895	7.48312078	39.63687373	68.59686161	
896	7.490372593	39.13942212	67.7057601	
897	7.497624406	38.64843261	66.82687307	
898	7.504876219	38.16381663	65.96002285	
899	7.512128032	37.68548688	65.10503453	
900	7.519379845	37.21335735	64.26173591	
901	7.526631658	36.74734326	63.42995741	
902	7.533883471	36.28736107	62.60953209	
903	7.541135284	35.83332845	61.80029556	
904	7.548387097	35.38516427	61.00208596	
905	7.55563891	34.94278855	60.21474392	
906	7.562890723	34.50612249	59.4381125	
907	7.570142536	34.07508842	58.67203717	
908	7.577394349	33.64960978	57.91636577	
909	7.584646162	33.22961113	57.17094846	
910	7.591897974	32.8150181	56.43563771	
911	7.599149787	32.40575742	55.71028821	
912	7.6064016	32.00175683	54.99475688	
913	7.613653413	31.60294514	54.28890282	
914	7.620905226	31.20925217	53.59258729	
915	7.628157039	30.82060875	52.90567363	
916	7.635408852	30.4369467	52.22802727	
917	7.642660665	30.05819881	51.5595157	
918	7.649912478	29.68429885	50.90000839	
919	7.657164291	29.31518151	50.24937681	
920	7.664416104	28.95078243	49.60749436	
921	7.671667917	28.59103816	48.97423637	
922	7.67891973	28.23588616	48.34948004	
923	7.686171543	27.88526477	47.73310444	
924	7.693423356	27.53911323	47.12499045	
925	7.700675169	27.19737161	46.52502074	
926	7.707926982	26.85998086	45.93307977	
927	7.715178795	26.52688276	45.34905372	
928	7.722430608	26.1980199	44.77283048	
929	7.729682421	25.87333571	44.20429964	
930	7.736934234	25.5527744	43.64335243	
931	7.744186047	25.23628097	43.08988172	
932	7.751437859	24.92380121	42.54378197	
933	7.758689672	24.61528166	42.00494924	
934	7.765941485	24.31066962	41.47328113	
935	7.773193298	24.00991315	40.94867677	
936	7.780445111	23.712961	40.4310368	
937	7.787696924	23.41976269	39.92026334	
938	7.794948737	23.1302684	39.41625998	
939	7.80220055	22.84442906	38.91893171	
940	7.809452363	22.56219625	38.42818497	
941	7.816704176	22.28352224	37.94392757	
942	7.823955989	22.00835997	37.4660687	
943	7.831207802	21.73666305	36.99451889	
944	7.838459615	21.46838572	36.52918999	
945	7.845711428	21.20348286	36.06999517	
946	7.852963241	20.94191001	35.61684888	
947	7.860215054	20.68362328	35.16966681	
948	7.867466867	20.42857943	34.72836594	
949	7.87471868	20.17673582	34.29286444	
950	7.881970493	19.92805038	33.86308169	
951	7.889222306	19.68248165	33.43893827	
952	7.896474119	19.43998872	33.02035593	
953	7.903725931	19.20053128	32.60725755	
954	7.910977744	18.96406954	32.19956716	
955	7.918229557	18.73056431	31.79720991	
956	7.92548137	18.49997689	31.40011203	
957	7.932733183	18.27226915	31.00820083	
958	7.939984996	18.04740348	30.62140472	
959	7.947236809	17.82534278	30.2396531	
960	7.954488622	17.60605047	29.86287645	
961	7.961740435	17.38949047	29.49100624	
962	7.968992248	17.17562721	29.12397496	
963	7.976244061	16.96442559	28.76171605	
964	7.983495874	16.75585101	28.40416395	
965	7.990747687	16.54986932	28.05125405	
966	7.9979995	16.34644688	27.70292266	
967	8.005251313	16.14555046	27.35910704	
968	8.012503126	15.94714734	27.01974534	
969	8.019754939	15.7512052	26.68477662	
970	8.027006752	15.55769219	26.35414082	
971	8.034258565	15.36657689	26.02777875	
972	8.041510378	15.17782831	25.70563206	
973	8.048762191	14.99141587	25.38764328	
974	8.056014004	14.80730943	25.07375573	
975	8.063265816	14.62547924	24.76391356	
976	8.070517629	14.44589597	24.45806175	
977	8.077769442	14.26853069	24.15614604	
978	8.085021255	14.09335483	23.85811296	
979	8.092273068	13.92034026	23.56390982	
980	8.099524881	13.74945919	23.27348468	
981	8.106776694	13.58068424	22.98678633	
982	8.114028507	13.41398836	22.70376433	
983	8.12128032	13.24934491	22.42436892	
984	8.128532133	13.08672758	22.14855108	
985	8.135783946	12.92611043	21.8762625	
986	8.143035759	12.76746787	21.60745553	
987	8.150287572	12.61077464	21.34208322	
988	8.157539385	12.45600584	21.08009929	
989	8.164791198	12.30313691	20.82145811	
990	8.172043011	12.15214359	20.56611471	
991	8.179294824	12.00300197	20.31402476	
992	8.186546637	11.85568846	20.06514455	
993	8.19379845	11.71017979	19.819431	
994	8.201050263	11.56645298	19.57684164	
995	8.208302076	11.42448539	19.3373346	
996	8.215553888	11.28425465	19.10086861	
997	8.222805701	11.14573873	18.86740298	
998	8.230057514	11.00891585	18.63689759	
999	8.237309327	10.87376456	18.4093129	
1000	8.24456114	10.74026366	18.18460992	
1001	8.251812953	10.60839227	17.96275021	
1002	8.259064766	10.47812977	17.74369587	
1003	8.266316579	10.3494558	17.52740955	
1004	8.273568392	10.22235031	17.3138544	
1005	8.280820205	10.09679347	17.10299412	
1006	8.288072018	9.97276576	16.8947929	
1007	8.295323831	9.850247882	16.68921542	
1008	8.302575644	9.729220813	16.48622689	
1009	8.309827457	9.60966578	16.28579299	
1010	8.31707927	9.491564255	16.08787987	
1011	8.324331083	9.374897959	15.89245417	
1012	8.331582896	9.259648854	15.699483	
1013	8.338834709	9.14579914	15.50893391	
1014	8.346086522	9.033331252	15.32077492	
1015	8.353338335	8.922227858	15.13497449	
1016	8.360590148	8.812471854	14.95150152	
1017	8.36784196	8.704046362	14.77032535	
1018	8.375093773	8.596934725	14.59141574	
1019	8.382345586	8.491120507	14.41474287	
1020	8.389597399	8.386587488	14.24027733	
1021	8.396849212	8.283319661	14.06799014	
1022	8.404101025	8.181301228	13.89785269	
1023	8.411352838	8.080516599	13.7298368	
1024	8.418604651	7.980950391	13.56391465	
1025	8.425856464	7.882587419	13.40005883	
1026	8.433108277	7.785412699	13.2382423	
1027	8.44036009	7.689411442	13.07843839	
1028	8.447611903	7.594569053	12.92062079	
1029	8.454863716	7.500871128	12.76476358	
1030	8.462115529	7.40830345	12.61084118	
1031	8.469367342	7.316851989	12.45882835	
1032	8.476619155	7.226502896	12.30870023	
1033	8.483870968	7.137242504	12.16043227	
1034	8.491122781	7.049057324	12.01400027	
1035	8.498374594	6.961934041	11.86938038	
1036	8.505626407	6.875859515	11.72654904	
1037	8.51287822	6.790820774	11.58548305	
1038	8.520130033	6.706805018	11.44615951	
1039	8.527381845	6.62379961	11.30855583	
1040	8.534633658	6.541792079	11.17264973	
1041	8.541885471	6.460770113	11.03841925	
1042	8.549137284	6.380721561	10.90584271	
1043	8.556389097	6.30163443	10.77489874	
1044	8.56364091	6.223496879	10.64556626	
1045	8.570892723	6.146297224	10.51782446	
1046	8.578144536	6.070023928	10.39165285	
1047	8.585396349	5.994665606	10.26703118	
1048	8.592648162	5.920211016	10.14393949	
1049	8.599899975	5.846649064	10.02235809	
1050	8.607151788	5.773968798	9.90226758	
1051	8.614403601	5.702159406	9.783648784	
1052	8.621655414	5.631210215	9.666482812	
1053	8.628907227	5.561110689	9.550751022	
1054	8.63615904	5.491850429	9.436435024	
1055	8.643410853	5.423419168	9.32351668	
1056	8.650662666	5.355806769	9.211978093	
1057	8.657914479	5.289003227	9.101801611	
1058	8.665166292	5.222998664	8.992969819	
1059	8.672418105	5.157783329	8.885465536	
1060	8.679669917	5.093347595	8.779271812	
1061	8.68692173	5.029681958	8.674371929	
1062	8.694173543	4.966777035	8.570749389	
1063	8.701425356	4.904623564	8.468387919	
1064	8.708677169	4.843212398	8.367271463	
1065	8.715928982	4.782534511	8.267384181	
1066	8.723180795	4.722580987	8.168710446	
1067	8.730432608	4.663343027	8.07123484	
1068	8.737684421	4.604811941	7.97494215	
1069	8.744936234	4.546979153	7.879817369	
1070	8.752188047	4.489836191	7.78584569	
1071	8.75943986	4.433374694	7.693012502	
1072	8.766691673	4.377586407	7.601303392	
1073	8.773943486	4.322463176	7.510704136	
1074	8.781195299	4.267996955	7.421200702	
1075	8.788447112	4.214179795	7.332779245	
1076	8.795698925	4.161003852	7.245426103	
1077	8.802950738	4.108461377	7.159127796	
1078	8.810202551	4.056544721	7.073871024	
1079	8.817454364	4.005246332	6.989642663	
1080	8.824706177	3.954558751	6.906429762	
1081	8.831957989	3.904474614	6.824219545	
1082	8.839209802	3.85498665	6.742999401	
1083	8.846461615	3.80608768	6.662756891	
1084	8.853713428	3.757770613	6.583479735	
1085	8.860965241	3.710028449	6.50515582	
1086	8.868217054	3.662854276	6.42777319	
1087	8.875468867	3.616241267	6.35132005	
1088	8.88272068	3.570182682	6.275784756	
1089	8.889972493	3.524671865	6.201155823	
1090	8.897224306	3.479702243	6.127421913	
1091	8.904476119	3.435267325	6.054571839	
1092	8.911727932	3.391360703	5.982594562	
1093	8.918979745	3.347976046	5.911479185	
1094	8.926231558	3.305107105	5.841214957	
1095	8.933483371	3.262747706	5.771791268	
1096	8.940735184	3.220891756	5.703197646	
1097	8.947986997	3.179533233	5.635423757	
1098	8.95523881	3.138666194	5.568459401	
1099	8.962490623	3.098284768	5.502294513	
1100	8.969742436	3.058383158	5.43691916	
1101	8.976994249	3.018955637	5.372323537	
1102	8.984246062	2.979996551	5.308497969	
1103	8.991497874	2.941500317	5.245432905	
1104	8.998749687	2.903461419	5.18311892	
1105	9.0060015	2.86587441	5.121546713	
1106	9.013253313	2.828733911	5.060707101	
1107	9.020505126	2.79203461	5.000591024	
1108	9.027756939	2.755771259	4.941189536	
1109	9.035008752	2.719938677	4.882493812	
1110	9.042260565	2.684531745	4.824495136	
1111	9.049512378	2.649545409	4.76718491	
1112	9.056764191	2.614974675	4.710554644	
1113	9.064016004	2.580814614	4.654595961	
1114	9.071267817	2.547060355	4.59930059	
1115	9.07851963	2.513707087	4.544660368	
1116	9.085771443	2.48075006	4.490667238	
1117	9.093023256	2.448184581	4.437313245	
1118	9.100275069	2.416006016	4.384590541	
1119	9.107526882	2.384209785	4.332491374	
1120	9.114778695	2.352791368	4.281008096	
1121	9.122030508	2.321746298	4.230133155	
1122	9.129282321	2.291070164	4.179859098	
1123	9.136534134	2.260758607	4.130178567	
1124	9.143785946	2.230807325	4.081084298	
1125	9.151037759	2.201212065	4.032569123	
1126	9.158289572	2.171968628	3.984625962	
1127	9.165541385	2.143072866	3.937247829	
1128	9.172793198	2.114520681	3.890427827	
1129	9.180045011	2.086308026	3.844159145	
1130	9.187296824	2.058430903	3.798435063	
1131	9.194548637	2.030885363	3.753248944	
1132	9.20180045	2.003667503	3.708594238	
1133	9.209052263	1.976773471	3.664464476	
1134	9.216304076	1.950199461	3.620853275	
1135	9.223555889	1.92394171	3.57775433	
1136	9.230807702	1.897996505	3.535161419	
1137	9.238059515	1.872360175	3.493068398	
1138	9.245311328	1.847029097	3.451469202	
1139	9.252563141	1.821999688	3.410357842	
1140	9.259814954	1.79726841	3.369728406	
1141	9.267066767	1.77283177	3.329575058	
1142	9.27431858	1.748686315	3.289892034	
1143	9.281570393	1.724828633	3.250673644	
1144	9.288822206	1.701255356	3.211914272	
1145	9.296074019	1.677963154	3.17360837	
1146	9.303325831	1.65494874	3.135750463	
1147	9.310577644	1.632208864	3.098335144	
1148	9.317829457	1.609740317	3.061357073	
1149	9.32508127	1.587539928	3.024810981	
1150	9.332333083	1.565604565	2.988691662	
1151	9.339584896	1.543931132	2.952993978	
1152	9.346836709	1.522516572	2.917712855	
1153	9.354088522	1.501357864	2.882843283	
1154	9.361340335	1.480452024	2.848380315	
1155	9.368592148	1.459796103	2.814319067	
1156	9.375843961	1.439387187	2.780654715	
1157	9.383095774	1.419222399	2.747382497	
1158	9.390347587	1.399298895	2.71449771	
1159	9.3975994	1.379613866	2.68199571	
1160	9.404851213	1.360164534	2.649871912	
1161	9.412103026	1.340948159	2.618121789	
1162	9.419354839	1.321962029	2.586740868	
1163	9.426606652	1.303203469	2.555724735	
1164	9.433858465	1.284669831	2.52506903	
1165	9.441110278	1.266358503	2.494769448	
1166	9.448362091	1.248266901	2.464821736	
1167	9.455613903	1.230392475	2.435221696	
1168	9.462865716	1.212732703	2.405965183	
1169	9.470117529	1.195285093	2.377048101	
1170	9.477369342	1.178047185	2.348466408	
1171	9.484621155	1.161016546	2.320216109	
1172	9.491872968	1.144190773	2.292293263	
1173	9.499124781	1.127567491	2.264693974	
1174	9.506376594	1.111144354	2.237414398	
1175	9.513628407	1.094919043	2.210450734	
1176	9.52088022	1.078889268	2.183799234	
1177	9.528132033	1.063052764	2.157456193	
1178	9.535383846	1.047407295	2.131417951	
1179	9.542635659	1.031950651	2.105680896	
1180	9.549887472	1.016680647	2.08024146	
1181	9.557139285	1.001595125	2.055096118	
1182	9.564391098	0.986691952	2.03024139	
1183	9.571642911	0.971969022	2.005673838	
1184	9.578894724	0.95742425	1.981390067	
1185	9.586146537	0.94305558	1.957386724	
1186	9.59339835	0.928860977	1.933660496	
1187	9.600650163	0.914838433	1.910208114	
1188	9.607901975	0.900985961	1.887026346	
1189	9.615153788	0.887301599	1.864112001	
1190	9.622405601	0.873783408	1.841461927	
1191	9.629657414	0.86042947	1.819073012	
1192	9.636909227	0.847237893	1.796942181	
1193	9.64416104	0.834206804	1.775066397	
1194	9.651412853	0.821334355	1.753442661	
1195	9.658664666	0.808618717	1.732068009	
1196	9.665916479	0.796058083	1.710939516	
1197	9.673168292	0.78365067	1.690054289	
1198	9.680420105	0.771394713	1.669409475	
1199	9.687671918	0.759288467	1.649002253	
1200	9.694923731	0.747330211	1.628829837	
1201	9.702175544	0.735518242	1.608889475	
1202	9.709427357	0.723850876	1.58917845	
1203	9.71667917	0.712326452	1.569694075	
1204	9.723930983	0.700943324	1.550433699	
1205	9.731182796	0.689699869	1.531394703	
1206	9.738434609	0.678594481	1.512574497	
1207	9.745686422	0.667625573	1.493970525	
1208	9.752938235	0.656791579	1.475580263	
1209	9.760190048	0.646090946	1.457401216	
1210	9.76744186	0.635522145	1.439430918	
1211	9.774693673	0.625083662	1.421666936	
1212	9.781945486	0.614773999	1.404106865	
1213	9.789197299	0.604591679	1.38674833	
1214	9.796449112	0.594535239	1.369588982	
1215	9.803700925	0.584603236	1.352626505	
1216	9.810952738	0.574794242	1.335858607	
1217	9.818204551	0.565106845	1.319283026	
1218	9.825456364	0.555539651	1.302897527	
1219	9.832708177	0.546091282	1.286699901	
1220	9.83995999	0.536760375	1.270687967	
1221	9.847211803	0.527545583	1.25485957	
1222	9.854463616	0.518445577	1.23921258	
1223	9.861715429	0.509459039	1.223744894	
1224	9.868967242	0.50058467	1.208454433	
1225	9.876219055	0.491821184	1.193339145	
1226	9.883470868	0.483167312	1.178397002	
1227	9.890722681	0.474621797	1.163625998	
1228	9.897974494	0.466183399	1.149024154	
1229	9.905226307	0.457850891	1.134589514	
1230	9.91247812	0.44962306	1.120320146	
1231	9.919729932	0.441498708	1.106214139	
1232	9.926981745	0.43347665	1.092269608	
1233	9.934233558	0.425555715	1.078484688	
1234	9.941485371	0.417734746	1.064857537	
1235	9.948737184	0.410012598	1.051386337	
1236	9.955988997	0.402388141	1.03806929	
1237	9.96324081	0.394860257	1.024904618	
1238	9.970492623	0.38742784	1.011890568	
1239	9.977744436	0.380089799	0.999025404	
1240	9.984996249	0.372845054	0.986307414	
1241	9.992248062	0.365692537	0.973734905	
1242	9.999499875	0.358631193	0.961306205	
1243	10.00675169	0.351659981	0.949019659	
1244	10.0140035	0.344777867	0.936873635	
1245	10.02125531	0.337983835	0.92486652	
1246	10.02850713	0.331276876	0.912996719	
1247	10.03575894	0.324655995	0.901262657	
1248	10.04301075	0.318120206	0.889662777	
1249	10.05026257	0.311668538	0.87819554	
1250	10.05751438	0.305300029	0.866859426	
1251	10.06476619	0.299013726	0.855652934	
1252	10.072018	0.292808691	0.84457458	
1253	10.07926982	0.286683994	0.833622896	
1254	10.08652163	0.280638717	0.822796435	
1255	10.09377344	0.274671951	0.812093762	
1256	10.10102526	0.268782799	0.801513465	
1257	10.10827707	0.262970373	0.791054143	
1258	10.11552888	0.257233797	0.780714416	
1259	10.1227807	0.251572202	0.770492918	
1260	10.13003251	0.245984731	0.7603883	
1261	10.13728432	0.240470537	0.750399227	
1262	10.14453613	0.235028783	0.740524383	
1263	10.15178795	0.229658638	0.730762465	
1264	10.15903976	0.224359286	0.721112187	
1265	10.16629157	0.219129915	0.711572276	
1266	10.17354339	0.213969726	0.702141476	
1267	10.1807952	0.208877927	0.692818544	
1268	10.18804701	0.203853737	0.683602255	
1269	10.19529882	0.198896381	0.674491394	
1270	10.20255064	0.194005096	0.665484763	
1271	10.20980245	0.189179125	0.656581177	
1272	10.21705426	0.184417721	0.647779466	
1273	10.22430608	0.179720145	0.639078473	
1274	10.23155789	0.175085668	0.630477054	
1275	10.2388097	0.170513566	0.621974079	
1276	10.24606152	0.166003126	0.613568431	
1277	10.25331333	0.161553643	0.605259007	
1278	10.26056514	0.157164418	0.597044715	
1279	10.26781695	0.152834761	0.588924478	
1280	10.27506877	0.148563991	0.580897231	
1281	10.28232058	0.144351433	0.572961919	
1282	10.28957239	0.14019642	0.565117503	
1283	10.29682421	0.136098294	0.557362953	
1284	10.30407602	0.132056402	0.549697253	
1285	10.31132783	0.1280701	0.542119398	
1286	10.31857964	0.124138752	0.534628396	
1287	10.32583146	0.120261727	0.527223264	
1288	10.33308327	0.116438402	0.519903032	
1289	10.34033508	0.112668163	0.512666741	
1290	10.3475869	0.108950399	0.505513445	
1291	10.35483871	0.10528451	0.498442206	
1292	10.36209052	0.101669901	0.491452097	
1293	10.36934234	0.098105982	0.484542205	
1294	10.37659415	0.094592173	0.477711625	
1295	10.38384596	0.091127897	0.470959463	
1296	10.39109777	0.087712587	0.464284834	
1297	10.39834959	0.08434568	0.457686866	
1298	10.4056014	0.081026621	0.451164695	
1299	10.41285321	0.077754859	0.444717469	
1300	10.42010503	0.074529851	0.438344343	
1301	10.42735684	0.07135106	0.432044484	
1302	10.43460865	0.068217954	0.425817067	
1303	10.44186047	0.065130008	0.419661279	
1304	10.44911228	0.062086703	0.413576314	
1305	10.45636409	0.059087525	0.407561376	
1306	10.4636159	0.056131966	0.401615679	
1307	10.47086772	0.053219525	0.395738444	
1308	10.47811953	0.050349703	0.389928904	
1309	10.48537134	0.047522012	0.384186298	
1310	10.49262316	0.044735965	0.378509875	
1311	10.49987497	0.041991082	0.372898893	
1312	10.50712678	0.039286889	0.367352618	
1313	10.51437859	0.036622916	0.361870324	
1314	10.52163041	0.033998701	0.356451294	
1315	10.52888222	0.031413782	0.35109482	
1316	10.53613403	0.028867708	0.3458002	
1317	10.54338585	0.02636003	0.340566742	
1318	10.55063766	0.023890304	0.33539376	
1319	10.55788947	0.021458091	0.330280579	
1320	10.56514129	0.019062958	0.325226528	
1321	10.5723931	0.016704476	0.320230946	
1322	10.57964491	0.014382221	0.315293179	
1323	10.58689672	0.012095774	0.310412581	
1324	10.59414854	0.00984472	0.305588512	
1325	10.60140035	0.007628649	0.300820341	
1326	10.60865216	0.005447156	0.296107443	
1327	10.61590398	0.003299841	0.2914492	
1328	10.62315579	0.001186306	0.286845002	
1329	10.6304076	-0.000893841	0.282294245	
1330	10.63765941	-0.002940986	0.277796334	
1331	10.64491123	-0.004955513	0.273350677	
1332	10.65216304	-0.006937801	0.268956692	
1333	10.65941485	-0.008888225	0.264613803	
1334	10.66666667	-0.010807154	0.260321439	
1335	10.67391848	-0.012694957	0.256079038	
1336	10.68117029	-0.014551994	0.251886041	
1337	10.68842211	-0.016378624	0.247741899	
1338	10.69567392	-0.018175202	0.243646066	
1339	10.70292573	-0.019942078	0.239598006	
1340	10.71017754	-0.021679598	0.235597184	
1341	10.71742936	-0.023388105	0.231643076	
1342	10.72468117	-0.025067937	0.227735162	
1343	10.73193298	-0.02671943	0.223872926	
1344	10.7391848	-0.028342914	0.22005586	
1345	10.74643661	-0.029938718	0.216283463	
1346	10.75368842	-0.031507165	0.212555236	
1347	10.76094024	-0.033048576	0.208870688	
1348	10.76819205	-0.034563267	0.205229334	
1349	10.77544386	-0.036051552	0.201630693	
1350	10.78269567	-0.03751374	0.19807429	
1351	10.78994749	-0.038950138	0.194559656	
1352	10.7971993	-0.040361048	0.191086327	
1353	10.80445111	-0.04174677	0.187653843	
1354	10.81170293	-0.043107601	0.18426175	
1355	10.81895474	-0.044443833	0.1809096	
1356	10.82620655	-0.045755755	0.17759695	
1357	10.83345836	-0.047043655	0.17432336	
1358	10.84071018	-0.048307816	0.171088396	
1359	10.84796199	-0.049548517	0.167891631	
1360	10.8552138	-0.050766035	0.164732639	
1361	10.86246562	-0.051960646	0.161611002	
1362	10.86971743	-0.053132618	0.158526305	
1363	10.87696924	-0.054282222	0.155478138	
1364	10.88422106	-0.05540972	0.152466096	
1365	10.89147287	-0.056515376	0.149489778	
1366	10.89872468	-0.057599447	0.146548787	
1367	10.90597649	-0.058662192	0.143642733	
1368	10.91322831	-0.059703862	0.140771227	
1369	10.92048012	-0.060724709	0.137933887	
1370	10.92773193	-0.061724979	0.135130333	
1371	10.93498375	-0.062704919	0.132360192	
1372	10.94223556	-0.063664771	0.129623092	
1373	10.94948737	-0.064604773	0.126918668	
1374	10.95673918	-0.065525164	0.124246557	
1375	10.963991	-0.066426176	0.121606402	
1376	10.97124281	-0.067308043	0.118997848	
1377	10.97849462	-0.068170993	0.116420546	
1378	10.98574644	-0.069015253	0.113874148	
1379	10.99299825	-0.069841047	0.111358313	
1380	11.00025006	-0.070648597	0.108872702	
1381	11.00750188	-0.071438122	0.106416981	
1382	11.01475369	-0.072209838	0.103990818	
1383	11.0220055	-0.07296396	0.101593886	
1384	11.02925731	-0.073700699	0.099225862	
1385	11.03650913	-0.074420267	0.096886424	
1386	11.04376094	-0.075122869	0.094575258	
1387	11.05101275	-0.075808711	0.09229205	
1388	11.05826457	-0.076477996	0.090036489	
1389	11.06551638	-0.077130924	0.087808271	
1390	11.07276819	-0.077767693	0.085607093	
1391	11.08002001	-0.078388499	0.083432655	
1392	11.08727182	-0.078993537	0.081284661	
1393	11.09452363	-0.079582999	0.079162819	
1394	11.10177544	-0.080157072	0.077066839	
1395	11.10902726	-0.080715947	0.074996435	
1396	11.11627907	-0.081259807	0.072951324	
1397	11.12353088	-0.081788836	0.070931226	
1398	11.1307827	-0.082303216	0.068935864	
1399	11.13803451	-0.082803126	0.066964964	
1400	11.14528632	-0.083288744	0.065018256	
1401	11.15253813	-0.083760244	0.063095473	
1402	11.15978995	-0.0842178	0.061196348	
1403	11.16704176	-0.084661585	0.059320621	
1404	11.17429357	-0.085091767	0.057468032	
1405	11.18154539	-0.085508514	0.055638325	
1406	11.1887972	-0.085911993	0.053831248	
1407	11.19604901	-0.086302367	0.052046549	
1408	11.20330083	-0.086679799	0.050283982	
1409	11.21055264	-0.087044449	0.0485433	
1410	11.21780445	-0.087396476	0.046824263	
1411	11.22505626	-0.087736037	0.045126629	
1412	11.23230808	-0.088063287	0.043450163	
1413	11.23955989	-0.088378379	0.04179463	
1414	11.2468117	-0.088681466	0.040159799	
1415	11.25406352	-0.088972697	0.038545439	
1416	11.26131533	-0.089252222	0.036951325	
1417	11.26856714	-0.089520186	0.035377232	
1418	11.27581895	-0.089776735	0.033822939	
1419	11.28307077	-0.090022012	0.032288227	
1420	11.29032258	-0.090256161	0.030772877	
1421	11.29757439	-0.09047932	0.029276677	
1422	11.30482621	-0.090691629	0.027799414	
1423	11.31207802	-0.090893225	0.026340879	
1424	11.31932983	-0.091084244	0.024900863	
1425	11.32658165	-0.09126482	0.023479161	
1426	11.33383346	-0.091435087	0.022075572	
1427	11.34108527	-0.091595175	0.020689893	
1428	11.34833708	-0.091745214	0.019321927	
1429	11.3555889	-0.091885333	0.017971477	
1430	11.36284071	-0.092015659	0.016638349	
1431	11.37009252	-0.092136317	0.015322351	
1432	11.37734434	-0.092247432	0.014023293	
1433	11.38459615	-0.092349126	0.012740987	
1434	11.39184796	-0.092441521	0.011475247	
1435	11.39909977	-0.092524738	0.010225891	
1436	11.40635159	-0.092598894	0.008992735	
1437	11.4136034	-0.092664108	0.0077756	
1438	11.42085521	-0.092720495	0.006574309	
1439	11.42810703	-0.092768171	0.005388685	
1440	11.43535884	-0.092807248	0.004218554	
1441	11.44261065	-0.09283784	0.003063745	
1442	11.44986247	-0.092860058	0.001924088	
1443	11.45711428	-0.092874011	0.000799414	
1444	11.46436609	-0.092879808	-0.000310444	
1445	11.4716179	-0.092877557	-0.00140565	
1446	11.47886972	-0.092867364	-0.002486366	
1447	11.48612153	-0.092849333	-0.003552754	
1448	11.49337334	-0.092823569	-0.004604974	
1449	11.50062516	-0.092790175	-0.005643182	
1450	11.50787697	-0.092749251	-0.006667534	
1451	11.51512878	-0.0927009	-0.007678185	
1452	11.5223806	-0.092645219	-0.008675288	
1453	11.52963241	-0.092582307	-0.009658992	
1454	11.53688422	-0.092512262	-0.010629447	
1455	11.54413603	-0.092435179	-0.011586801	
1456	11.55138785	-0.092351154	-0.0125312	
1457	11.55863966	-0.09226028	-0.013462787	
1458	11.56589147	-0.092162651	-0.014381706	
1459	11.57314329	-0.092058357	-0.015288097	
1460	11.5803951	-0.091947491	-0.016182102	
1461	11.58764691	-0.091830141	-0.017063857	
1462	11.59489872	-0.091706397	-0.017933499	
1463	11.60215054	-0.091576347	-0.018791163	
1464	11.60940235	-0.091440077	-0.019636984	
1465	11.61665416	-0.091297673	-0.020471094	
1466	11.62390598	-0.091149221	-0.021293622	
1467	11.63115779	-0.090994803	-0.022104699	
1468	11.6384096	-0.090834504	-0.022904453	
1469	11.64566142	-0.090668405	-0.02369301	
1470	11.65291323	-0.090496588	-0.024470495	
1471	11.66016504	-0.090319132	-0.025237033	
1472	11.66741685	-0.090136118	-0.025992745	
1473	11.67466867	-0.089947624	-0.026737753	
1474	11.68192048	-0.089753727	-0.027472177	
1475	11.68917229	-0.089554503	-0.028196136	
1476	11.69642411	-0.08935003	-0.028909746	
1477	11.70367592	-0.089140382	-0.029613124	
1478	11.71092773	-0.088925633	-0.030306385	
1479	11.71817954	-0.088705857	-0.030989641	
1480	11.72543136	-0.088481126	-0.031663006	
1481	11.73268317	-0.088251512	-0.03232659	
1482	11.73993498	-0.088017086	-0.032980503	
1483	11.7471868	-0.087777917	-0.033624854	
1484	11.75443861	-0.087534076	-0.034259751	
1485	11.76169042	-0.087285631	-0.034885299	
1486	11.76894224	-0.087032649	-0.035501604	
1487	11.77619405	-0.086775198	-0.03610877	
1488	11.78344586	-0.086513344	-0.0367069	
1489	11.79069767	-0.086247152	-0.037296096	
1490	11.79794949	-0.085976688	-0.037876458	
1491	11.8052013	-0.085702015	-0.038448086	
1492	11.81245311	-0.085423197	-0.039011078	
1493	11.81970493	-0.085140296	-0.039565533	
1494	11.82695674	-0.084853374	-0.040111546	
1495	11.83420855	-0.084562492	-0.040649213	
1496	11.84146037	-0.084267712	-0.041178628	
1497	11.84871218	-0.083969092	-0.041699885	
1498	11.85596399	-0.083666692	-0.042213075	
1499	11.8632158	-0.083360571	-0.042718291	
1500	11.87046762	-0.083050786	-0.043215622	
1501	11.87771943	-0.082737394	-0.043705158	
1502	11.88497124	-0.082420453	-0.044186988	
1503	11.89222306	-0.082100017	-0.044661198	
1504	11.89947487	-0.081776142	-0.045127875	
1505	11.90672668	-0.081448884	-0.045587105	
1506	11.91397849	-0.081118294	-0.046038973	
1507	11.92123031	-0.080784428	-0.046483562	
1508	11.92848212	-0.080447338	-0.046920955	
1509	11.93573393	-0.080107076	-0.047351234	
1510	11.94298575	-0.079763694	-0.047774479	
1511	11.95023756	-0.079417242	-0.048190773	
1512	11.95748937	-0.079067772	-0.048600192	
1513	11.96474119	-0.078715332	-0.049002817	
1514	11.971993	-0.078359973	-0.049398724	
1515	11.97924481	-0.078001743	-0.049787991	
1516	11.98649662	-0.07764069	-0.050170693	
1517	11.99374844	-0.077276861	-0.050546905	
1518	12.00100025	-0.076910304	-0.050916702	
1519	12.00825206	-0.076541066	-0.051280158	
1520	12.01550388	-0.076169192	-0.051637344	
1521	12.02275569	-0.075794728	-0.051988334	
1522	12.0300075	-0.075417718	-0.052333198	
1523	12.03725931	-0.075038207	-0.052672006	
1524	12.04451113	-0.07465624	-0.053004829	
1525	12.05176294	-0.074271859	-0.053331734	
1526	12.05901475	-0.073885107	-0.053652791	
1527	12.06626657	-0.073496027	-0.053968067	
1528	12.07351838	-0.073104661	-0.054277628	
1529	12.08077019	-0.072711049	-0.054581541	
1530	12.08802201	-0.072315234	-0.05487987	
1531	12.09527382	-0.071917256	-0.055172681	
1532	12.10252563	-0.071517154	-0.055460036	
1533	12.10977744	-0.071114968	-0.055742	
1534	12.11702926	-0.070710737	-0.056018635	
1535	12.12428107	-0.070304501	-0.056290002	
1536	12.13153288	-0.069896296	-0.056556163	
1537	12.1387847	-0.069486161	-0.056817178	
1538	12.14603651	-0.069074134	-0.057073108	
1539	12.15328832	-0.06866025	-0.057324011	
1540	12.16054014	-0.068244547	-0.057569946	
1541	12.16779195	-0.067827061	-0.057810971	
1542	12.17504376	-0.067407827	-0.058047143	
1543	12.18229557	-0.06698688	-0.058278519	
1544	12.18954739	-0.066564255	-0.058505154	
1545	12.1967992	-0.066139986	-0.058727106	
1546	12.20405101	-0.065714108	-0.058944428	
1547	12.21130283	-0.065286654	-0.059157175	
1548	12.21855464	-0.064857658	-0.0593654	
1549	12.22580645	-0.064427151	-0.059569156	
1550	12.23305826	-0.063995166	-0.059768497	
1551	12.24031008	-0.063561736	-0.059963474	
1552	12.24756189	-0.063126892	-0.060154139	
1553	12.2548137	-0.062690666	-0.060340542	
1554	12.26206552	-0.062253088	-0.060522734	
1555	12.26931733	-0.061814188	-0.060700765	
1556	12.27656914	-0.061373997	-0.060874683	
1557	12.28382096	-0.060932546	-0.061044539	
1558	12.29107277	-0.060489862	-0.061210379	
1559	12.29832458	-0.060045976	-0.061372252	
1560	12.30557639	-0.059600916	-0.061530204	
1561	12.31282821	-0.05915471	-0.061684283	
1562	12.32008002	-0.058707387	-0.061834535	
1563	12.32733183	-0.058258975	-0.061981005	
1564	12.33458365	-0.0578095	-0.062123738	
1565	12.34183546	-0.05735899	-0.062262779	
1566	12.34908727	-0.056907472	-0.062398173	
1567	12.35633908	-0.056454973	-0.062529963	
1568	12.3635909	-0.056001517	-0.062658193	
1569	12.37084271	-0.055547131	-0.062782904	
1570	12.37809452	-0.055091842	-0.06290414	
1571	12.38534634	-0.054635673	-0.063021943	
1572	12.39259815	-0.054178649	-0.063136354	
1573	12.39984996	-0.053720796	-0.063247413	
1574	12.40710178	-0.053262138	-0.063355162	
1575	12.41435359	-0.052802698	-0.06345964	
1576	12.4216054	-0.052342501	-0.063560887	
1577	12.42885721	-0.051881569	-0.063658943	
1578	12.43610903	-0.051419926	-0.063753846	
1579	12.44336084	-0.050957595	-0.063845635	
1580	12.45061265	-0.050494599	-0.063934348	
1581	12.45786447	-0.050030959	-0.064020022	
1582	12.46511628	-0.049566697	-0.064102694	
1583	12.47236809	-0.049101837	-0.064182401	
1584	12.4796199	-0.048636398	-0.064259181	
1585	12.48687172	-0.048170402	-0.064333067	
1586	12.49412353	-0.047703871	-0.064404097	
1587	12.50137534	-0.047236824	-0.064472306	
1588	12.50862716	-0.046769283	-0.064537728	
1589	12.51587897	-0.046301268	-0.064600397	
1590	12.52313078	-0.045832798	-0.064660349	
1591	12.5303826	-0.045363893	-0.064717615	
1592	12.53763441	-0.044894573	-0.064772231	
1593	12.54488622	-0.044424857	-0.064824229	
1594	12.55213803	-0.043954764	-0.064873642	
1595	12.55938985	-0.043484312	-0.064920501	
1596	12.56664166	-0.043013521	-0.064964839	
1597	12.57389347	-0.042542408	-0.065006688	
1598	12.58114529	-0.042070992	-0.065046078	
1599	12.5883971	-0.04159929	-0.065083041	
1600	12.59564891	-0.04112732	-0.065117606	
1601	12.60290073	-0.040655099	-0.065149806	
1602	12.61015254	-0.040182645	-0.065179669	
1603	12.61740435	-0.039709974	-0.065207224	
1604	12.62465616	-0.039237103	-0.065232502	
1605	12.63190798	-0.03876405	-0.065255532	
1606	12.63915979	-0.038290829	-0.065276341	
1607	12.6464116	-0.037817457	-0.065294958	
1608	12.65366342	-0.03734395	-0.065311412	
1609	12.66091523	-0.036870324	-0.065325729	
1610	12.66816704	-0.036396594	-0.065337938	
1611	12.67541885	-0.035922775	-0.065348066	
1612	12.68267067	-0.035448883	-0.065356138	
1613	12.68992248	-0.034974933	-0.065362183	
1614	12.69717429	-0.034500939	-0.065366226	
1615	12.70442611	-0.034026915	-0.065368294	
1616	12.71167792	-0.033552876	-0.065368411	
1617	12.71892973	-0.033078837	-0.065366603	
1618	12.72618155	-0.03260481	-0.065362896	
1619	12.73343336	-0.032130811	-0.065357314	
1620	12.74068517	-0.031656852	-0.065349882	
1621	12.74793698	-0.031182947	-0.065340624	
1622	12.7551888	-0.030709109	-0.065329565	
1623	12.76244061	-0.030235351	-0.065316727	
1624	12.76969242	-0.029761686	-0.065302136	
1625	12.77694424	-0.029288127	-0.065285813	
1626	12.78419605	-0.028814687	-0.065267782	
1627	12.79144786	-0.028341377	-0.065248066	
1628	12.79869967	-0.02786821	-0.065226687	
1629	12.80595149	-0.027395199	-0.065203668	
1630	12.8132033	-0.026922354	-0.06517903	
1631	12.82045511	-0.026449688	-0.065152796	
1632	12.82770693	-0.025977212	-0.065124987	
1633	12.83495874	-0.025504938	-0.065095624	
1634	12.84221055	-0.025032876	-0.065064729	
1635	12.84946237	-0.024561039	-0.065032322	
1636	12.85671418	-0.024089437	-0.064998424	
1637	12.86396599	-0.023618081	-0.064963055	
1638	12.8712178	-0.023146981	-0.064926236	
1639	12.87846962	-0.022676148	-0.064887987	
1640	12.88572143	-0.022205592	-0.064848326	
1641	12.89297324	-0.021735324	-0.064807275	
1642	12.90022506	-0.021265354	-0.064764852	
1643	12.90747687	-0.020795691	-0.064721076	
1644	12.91472868	-0.020326346	-0.064675966	
1645	12.9219805	-0.019857328	-0.064629541	
1646	12.92923231	-0.019388647	-0.06458182	
1647	12.93648412	-0.018920312	-0.06453282	
1648	12.94373593	-0.018452332	-0.06448256	
1649	12.95098775	-0.017984716	-0.064431058	
1650	12.95823956	-0.017517474	-0.064378331	
1651	12.96549137	-0.017050615	-0.064324397	
1652	12.97274319	-0.016584146	-0.064269273	
1653	12.979995	-0.016118077	-0.064212976	
1654	12.98724681	-0.015652417	-0.064155523	
1655	12.99449862	-0.015187173	-0.064096932	
1656	13.00175044	-0.014722354	-0.064037218	
1657	13.00900225	-0.014257968	-0.063976397	
1658	13.01625406	-0.013794023	-0.063914487	
1659	13.02350588	-0.013330527	-0.063851503	
1660	13.03075769	-0.012867488	-0.063787461	
1661	13.0380095	-0.012404913	-0.063722377	
1662	13.04526132	-0.011942811	-0.063656265	
1663	13.05251313	-0.011481187	-0.063589142	
1664	13.05976494	-0.011020051	-0.063521023	
1665	13.06701675	-0.010559408	-0.063451922	
1666	13.07426857	-0.010099267	-0.063381854	
1667	13.08152038	-0.009639633	-0.063310834	
1668	13.08877219	-0.009180515	-0.063238877	
1669	13.09602401	-0.008721919	-0.063165997	
1670	13.10327582	-0.008263851	-0.063092208	
1671	13.11052763	-0.007806318	-0.063017523	
1672	13.11777944	-0.007349326	-0.062941958	
1673	13.12503126	-0.006892883	-0.062865525	
1674	13.13228307	-0.006436994	-0.062788238	
1675	13.13953488	-0.005981666	-0.062710111	
1676	13.1467867	-0.005526904	-0.062631156	
1677	13.15403851	-0.005072714	-0.062551388	
1678	13.16129032	-0.004619103	-0.062470818	
1679	13.16854214	-0.004166076	-0.06238946	
1680	13.17579395	-0.00371364	-0.062307326	
1681	13.18304576	-0.003261799	-0.062224429	
1682	13.19029757	-0.002810559	-0.062140781	
1683	13.19754939	-0.002359925	-0.062056395	
1684	13.2048012	-0.001909904	-0.061971282	
1685	13.21205301	-0.0014605	-0.061885455	
1686	13.21930483	-0.001011718	-0.061798925	
1687	13.22655664	-0.000563564	-0.061711704	
1688	13.23380845	-0.000116042	-0.061623804	
1689	13.24106027	0.000330842	-0.061535236	
1690	13.24831208	0.000777084	-0.061446012	
1691	13.25556389	0.001222679	-0.061356142	
1692	13.2628157	0.001667622	-0.061265638	
1693	13.27006752	0.002111909	-0.06117451	
1694	13.27731933	0.002555535	-0.06108277	
1695	13.28457114	0.002998496	-0.060990428	
1696	13.29182296	0.003440787	-0.060897495	
1697	13.29907477	0.003882405	-0.06080398	
1698	13.30632658	0.004323344	-0.060709896	
1699	13.31357839	0.004763601	-0.060615251	
1700	13.32083021	0.005203171	-0.060520056	
1701	13.32808202	0.005642051	-0.06042432	
1702	13.33533383	0.006080237	-0.060328055	
1703	13.34258565	0.006517725	-0.060231269	
1704	13.34983746	0.006954511	-0.060133971	
1705	13.35708927	0.007390591	-0.060036173	
1706	13.36434109	0.007825962	-0.059937882	
1707	13.3715929	0.00826062	-0.059839109	
1708	13.37884471	0.008694562	-0.059739863	
1709	13.38609652	0.009127785	-0.059640152	
1710	13.39334834	0.009560284	-0.059539986	
1711	13.40060015	0.009992057	-0.059439373	
1712	13.40785196	0.0104231	-0.059338323	
1713	13.41510378	0.01085341	-0.059236844	
1714	13.42235559	0.011282985	-0.059134945	
1715	13.4296074	0.011711821	-0.059032634	
1716	13.43685921	0.012139914	-0.05892992	
1717	13.44411103	0.012567263	-0.05882681	
1718	13.45136284	0.012993864	-0.058723314	
1719	13.45861465	0.013419714	-0.058619439	
1720	13.46586647	0.013844812	-0.058515193	
1721	13.47311828	0.014269153	-0.058410584	
1722	13.48037009	0.014692735	-0.05830562	
1723	13.48762191	0.015115557	-0.05820031	
1724	13.49487372	0.015537615	-0.058094659	
1725	13.50212553	0.015958906	-0.057988677	
1726	13.50937734	0.016379429	-0.05788237	
1727	13.51662916	0.016799181	-0.057775746	
1728	13.52388097	0.01721816	-0.057668812	
1729	13.53113278	0.017636364	-0.057561575	
1730	13.5383846	0.01805379	-0.057454043	
1731	13.54563641	0.018470436	-0.057346223	
1732	13.55288822	0.0188863	-0.057238121	
1733	13.56014004	0.01930138	-0.057129745	
1734	13.56739185	0.019715674	-0.057021101	
1735	13.57464366	0.02012918	-0.056912196	
1736	13.58189547	0.020541897	-0.056803036	
1737	13.58914729	0.020953822	-0.056693629	
1738	13.5963991	0.021364954	-0.05658398	
1739	13.60365091	0.02177529	-0.056474097	
1740	13.61090273	0.02218483	-0.056363985	
1741	13.61815454	0.022593571	-0.05625365	
1742	13.62540635	0.023001512	-0.0561431	
1743	13.63265816	0.023408651	-0.056032339	
1744	13.63990998	0.023814987	-0.055921375	
1745	13.64716179	0.024220518	-0.055810212	
1746	13.6544136	0.024625243	-0.055698858	
1747	13.66166542	0.025029161	-0.055587317	
1748	13.66891723	0.02543227	-0.055475596	
1749	13.67616904	0.025834569	-0.0553637	
1750	13.68342086	0.026236056	-0.055251635	
1751	13.69067267	0.02663673	-0.055139406	
1752	13.69792448	0.027036591	-0.055027019	
1753	13.70517629	0.027435637	-0.054914479	
1754	13.71242811	0.027833866	-0.054801792	
1755	13.71967992	0.028231279	-0.054688963	
1756	13.72693173	0.028627873	-0.054575997	
1757	13.73418355	0.029023648	-0.054462899	
1758	13.74143536	0.029418602	-0.054349674	
1759	13.74868717	0.029812736	-0.054236329	
1760	13.75593898	0.030206048	-0.054122866	
1761	13.7631908	0.030598537	-0.054009292	
1762	13.77044261	0.030990202	-0.053895611	
1763	13.77769442	0.031381043	-0.053781828	
1764	13.78494624	0.031771059	-0.053667948	
1765	13.79219805	0.032160248	-0.053553975	
1766	13.79944986	0.032548612	-0.053439914	
1767	13.80670168	0.032936148	-0.05332577	
1768	13.81395349	0.033322857	-0.053211547	
1769	13.8212053	0.033708737	-0.05309725	
1770	13.82845711	0.034093788	-0.052982882	
1771	13.83570893	0.03447801	-0.052868449	
1772	13.84296074	0.034861402	-0.052753954	
1773	13.85021255	0.035243964	-0.052639402	
1774	13.85746437	0.035625695	-0.052524797	
1775	13.86471618	0.036006595	-0.052410143	
1776	13.87196799	0.036386664	-0.052295444	
1777	13.8792198	0.0367659	-0.052180705	
1778	13.88647162	0.037144305	-0.052065929	
1779	13.89372343	0.037521878	-0.05195112	
1780	13.90097524	0.037898617	-0.051836282	
1781	13.90822706	0.038274524	-0.051721418	
1782	13.91547887	0.038649598	-0.051606533	
1783	13.92273068	0.039023839	-0.051491631	
1784	13.9299825	0.039397247	-0.051376715	
1785	13.93723431	0.039769821	-0.051261788	
1786	13.94448612	0.040141562	-0.051146854	
1787	13.95173793	0.04051247	-0.051031918	
1788	13.95898975	0.040882544	-0.050916981	
1789	13.96624156	0.041251784	-0.050802048	
1790	13.97349337	0.041620191	-0.050687122	
1791	13.98074519	0.041987764	-0.050572207	
1792	13.987997	0.042354505	-0.050457306	
1793	13.99524881	0.042720412	-0.050342421	
1794	14.00250063	0.043085485	-0.050227557	
1795	14.00975244	0.043449726	-0.050112717	
1796	14.01700425	0.043813134	-0.049997903	
1797	14.02425606	0.04417571	-0.049883119	
1798	14.03150788	0.044537453	-0.049768367	
1799	14.03875969	0.044898364	-0.049653652	
1800	14.0460115	0.045258443	-0.049538975	
1801	14.05326332	0.04561769	-0.04942434	
1802	14.06051513	0.045976106	-0.04930975	
1803	14.06776694	0.046333691	-0.049195207	
1804	14.07501875	0.046690446	-0.049080715	
1805	14.08227057	0.04704637	-0.048966276	
1806	14.08952238	0.047401464	-0.048851892	
1807	14.09677419	0.047755729	-0.048737568	
1808	14.10402601	0.048109165	-0.048623304	
1809	14.11127782	0.048461772	-0.048509105	
1810	14.11852963	0.048813551	-0.048394972	
1811	14.12578145	0.049164502	-0.048280908	
1812	14.13303326	0.049514626	-0.048166916	
1813	14.14028507	0.049863924	-0.048052998	
1814	14.14753688	0.050212395	-0.047939157	
1815	14.1547887	0.050560041	-0.047825395	
1816	14.16204051	0.050906862	-0.047711714	
1817	14.16929232	0.051252858	-0.047598117	
1818	14.17654414	0.051598031	-0.047484606	
1819	14.18379595	0.05194238	-0.047371184	
1820	14.19104776	0.052285907	-0.047257852	
1821	14.19829957	0.052628612	-0.047144614	
1822	14.20555139	0.052970496	-0.04703147	
1823	14.2128032	0.05331156	-0.046918424	
1824	14.22005501	0.053651803	-0.046805478	
1825	14.22730683	0.053991228	-0.046692632	
1826	14.23455864	0.054329834	-0.046579891	
1827	14.24181045	0.054667623	-0.046467255	
1828	14.24906227	0.055004594	-0.046354727	
1829	14.25631408	0.05534075	-0.046242309	
1830	14.26356589	0.055676091	-0.046130003	
1831	14.2708177	0.056010617	-0.04601781	
1832	14.27806952	0.05634433	-0.045905732	
1833	14.28532133	0.056677229	-0.045793772	
1834	14.29257314	0.057009317	-0.045681932	
1835	14.29982496	0.057340594	-0.045570212	
1836	14.30707677	0.057671061	-0.045458615	
1837	14.31432858	0.058000718	-0.045347143	
1838	14.3215804	0.058329567	-0.045235797	
1839	14.32883221	0.058657609	-0.04512458	
1840	14.33608402	0.058984844	-0.045013492	
1841	14.34333583	0.059311273	-0.044902536	
1842	14.35058765	0.059636898	-0.044791712	
1843	14.35783946	0.059961719	-0.044681024	
1844	14.36509127	0.060285737	-0.044570472	
1845	14.37234309	0.060608954	-0.044460057	
1846	14.3795949	0.06093137	-0.044349782	
1847	14.38684671	0.061252986	-0.044239648	
1848	14.39409852	0.061573804	-0.044129656	
1849	14.40135034	0.061893824	-0.044019808	
1850	14.40860215	0.062213048	-0.043910106	
1851	14.41585396	0.062531475	-0.04380055	
1852	14.42310578	0.062849109	-0.043691143	
1853	14.43035759	0.063165949	-0.043581884	
1854	14.4376094	0.063481996	-0.043472777	
1855	14.44486122	0.063797253	-0.043363822	
1856	14.45211303	0.064111719	-0.043255021	
1857	14.45936484	0.064425397	-0.043146374	
1858	14.46661665	0.064738286	-0.043037883	
1859	14.47386847	0.065050389	-0.04292955	
1860	14.48112028	0.065361706	-0.042821375	
1861	14.48837209	0.065672238	-0.04271336	
1862	14.49562391	0.065981988	-0.042605506	
1863	14.50287572	0.066290955	-0.042497814	
1864	14.51012753	0.066599141	-0.042390285	
1865	14.51737934	0.066906547	-0.042282921	
1866	14.52463116	0.067213175	-0.042175722	
1867	14.53188297	0.067519026	-0.04206869	
1868	14.53913478	0.0678241	-0.041961825	
1869	14.5463866	0.068128399	-0.041855129	
1870	14.55363841	0.068431925	-0.041748603	
1871	14.56089022	0.068734678	-0.041642247	
1872	14.56814204	0.06903666	-0.041536063	
1873	14.57539385	0.069337871	-0.041430052	
1874	14.58264566	0.069638314	-0.041324214	
1875	14.58989747	0.06993799	-0.041218551	
1876	14.59714929	0.070236899	-0.041113064	
1877	14.6044011	0.070535043	-0.041007753	
1878	14.61165291	0.070832424	-0.040902619	
1879	14.61890473	0.071129042	-0.040797663	
1880	14.62615654	0.071424899	-0.040692887	
1881	14.63340835	0.071719996	-0.04058829	
1882	14.64066017	0.072014335	-0.040483874	
1883	14.64791198	0.072307916	-0.040379639	
1884	14.65516379	0.072600742	-0.040275587	
1885	14.6624156	0.072892813	-0.040171718	
1886	14.66966742	0.073184131	-0.040068033	
1887	14.67691923	0.073474697	-0.039964532	
1888	14.68417104	0.073764512	-0.039861216	
1889	14.69142286	0.074053578	-0.039758087	
1890	14.69867467	0.074341896	-0.039655144	
1891	14.70592648	0.074629468	-0.039552388	
1892	14.71317829	0.074916295	-0.039449821	
1893	14.72043011	0.075202377	-0.039347442	
1894	14.72768192	0.075487718	-0.039245253	
1895	14.73493373	0.075772317	-0.039143254	
1896	14.74218555	0.076056176	-0.039041445	
1897	14.74943736	0.076339298	-0.038939827	
1898	14.75668917	0.076621682	-0.038838402	
1899	14.76394099	0.076903331	-0.038737168	
1900	14.7711928	0.077184245	-0.038636128	
1901	14.77844461	0.077464427	-0.038535281	
1902	14.78569642	0.077743878	-0.038434627	
1903	14.79294824	0.078022599	-0.038334169	
1904	14.80020005	0.078300591	-0.038233905	
1905	14.80745186	0.078577856	-0.038133837	
1906	14.81470368	0.078854396	-0.038033965	
1907	14.82195549	0.079130211	-0.03793429	
1908	14.8292073	0.079405303	-0.037834811	
1909	14.83645911	0.079679674	-0.03773553	
1910	14.84371093	0.079953325	-0.037636446	
1911	14.85096274	0.080226258	-0.037537561	
1912	14.85821455	0.080498473	-0.037438874	
1913	14.86546637	0.080769973	-0.037340387	
1914	14.87271818	0.081040758	-0.037242099	
1915	14.87996999	0.081310831	-0.03714401	
1916	14.88722181	0.081580192	-0.037046122	
1917	14.89447362	0.081848844	-0.036948434	
1918	14.90172543	0.082116787	-0.036850948	
1919	14.90897724	0.082384023	-0.036753662	
1920	14.91622906	0.082650554	-0.036656578	
1921	14.92348087	0.082916381	-0.036559696	
1922	14.93073268	0.083181505	-0.036463016	
1923	14.9379845	0.083445928	-0.036366539	
1924	14.94523631	0.083709651	-0.036270264	
1925	14.95248812	0.083972676	-0.036174192	
1926	14.95973993	0.084235005	-0.036078324	
1927	14.96699175	0.084496638	-0.035982659	
1928	14.97424356	0.084757577	-0.035887198	
1929	14.98149537	0.085017825	-0.03579194	
1930	14.98874719	0.085277381	-0.035696887	
1931	14.995999	0.085536248	-0.035602039	
1932	15.00325081	0.085794428	-0.035507395	
1933	15.01050263	0.086051921	-0.035412956	
1934	15.01775444	0.086308729	-0.035318723	
1935	15.02500625	0.086564853	-0.035224694	
1936	15.03225806	0.086820296	-0.035130871	
1937	15.03950988	0.087075059	-0.035037253	
1938	15.04676169	0.087329142	-0.034943841	
1939	15.0540135	0.087582549	-0.034850635	
1940	15.06126532	0.087835279	-0.034757635	
1941	15.06851713	0.088087335	-0.034664842	
1942	15.07576894	0.088338718	-0.034572254	
1943	15.08302076	0.088589429	-0.034479873	
1944	15.09027257	0.088839471	-0.034387699	
1945	15.09752438	0.089088844	-0.034295731	
1946	15.10477619	0.08933755	-0.034203969	
1947	15.11202801	0.089585591	-0.034112415	
1948	15.11927982	0.089832968	-0.034021067	
1949	15.12653163	0.090079682	-0.033929927	
1950	15.13378345	0.090325736	-0.033838993	
1951	15.14103526	0.09057113	-0.033748266	
1952	15.14828707	0.090815866	-0.033657747	
1953	15.15553888	0.091059946	-0.033567435	
1954	15.1627907	0.09130337	-0.03347733	
1955	15.17004251	0.091546142	-0.033387432	
1956	15.17729432	0.091788261	-0.033297741	
1957	15.18454614	0.09202973	-0.033208258	
1958	15.19179795	0.09227055	-0.033118981	
1959	15.19904976	0.092510723	-0.033029913	
1960	15.20630158	0.09275025	-0.032941051	
1961	15.21355339	0.092989132	-0.032852397	
1962	15.2208052	0.093227371	-0.03276395	
1963	15.22805701	0.093464969	-0.03267571	
1964	15.23530883	0.093701928	-0.032587677	
1965	15.24256064	0.093938247	-0.032499851	
1966	15.24981245	0.09417393	-0.032412233	
1967	15.25706427	0.094408978	-0.032324822	
1968	15.26431608	0.094643391	-0.032237617	
1969	15.27156789	0.094877172	-0.03215062	
1970	15.2788197	0.095110323	-0.03206383	
1971	15.28607152	0.095342843	-0.031977246	
1972	15.29332333	0.095574736	-0.031890869	
1973	15.30057514	0.095806003	-0.031804699	
1974	15.30782696	0.096036645	-0.031718735	
1975	15.31507877	0.096266663	-0.031632978	
1976	15.32233058	0.09649606	-0.031547427	
1977	15.3295824	0.096724836	-0.031462083	
1978	15.33683421	0.096952993	-0.031376945	
1979	15.34408602	0.097180533	-0.031292013	
1980	15.35133783	0.097407456	-0.031207286	
1981	15.35858965	0.097633766	-0.031122766	
1982	15.36584146	0.097859462	-0.031038452	
1983	15.37309327	0.098084547	-0.030954343	
1984	15.38034509	0.098309022	-0.030870439	
1985	15.3875969	0.098532889	-0.030786741	
1986	15.39484871	0.098756149	-0.030703248	
1987	15.40210053	0.098978803	-0.03061996	
1988	15.40935234	0.099200853	-0.030536877	
1989	15.41660415	0.099422301	-0.030453999	
1990	15.42385596	0.099643148	-0.030371325	
1991	15.43110778	0.099863395	-0.030288856	
1992	15.43835959	0.100083044	-0.030206591	
1993	15.4456114	0.100302096	-0.03012453	
1994	15.45286322	0.100520554	-0.030042673	
1995	15.46011503	0.100738418	-0.029961019	
1996	15.46736684	0.100955689	-0.029879569	
1997	15.47461865	0.10117237	-0.029798323	
1998	15.48187047	0.101388462	-0.029717279	
1999	15.48912228	0.101603966	-0.029636439	
2000	15.49637409	0.101818884	-0.029555801	
2001	15.50362591	0.102033218	-0.029475366	
2002	15.51087772	0.102246967	-0.029395133	
2003	15.51812953	0.102460135	-0.029315103	
2004	15.52538135	0.102672723	-0.029235274	
2005	15.53263316	0.102884732	-0.029155647	
2006	15.53988497	0.103096163	-0.029076221	
2007	15.54713678	0.103307018	-0.028996997	
2008	15.5543886	0.103517299	-0.028917973	
2009	15.56164041	0.103727007	-0.028839151	
2010	15.56889222	0.103936143	-0.028760529	
2011	15.57614404	0.104144709	-0.028682107	
2012	15.58339585	0.104352706	-0.028603886	
2013	15.59064766	0.104560136	-0.028525864	
2014	15.59789947	0.104767001	-0.028448042	
2015	15.60515129	0.1049733	-0.028370419	
2016	15.6124031	0.105179037	-0.028292995	
2017	15.61965491	0.105384213	-0.028215771	
2018	15.62690673	0.105588828	-0.028138744	
2019	15.63415854	0.105792885	-0.028061916	
2020	15.64141035	0.105996385	-0.027985287	
2021	15.64866217	0.106199329	-0.027908854	
2022	15.65591398	0.106401719	-0.02783262	
2023	15.66316579	0.106603556	-0.027756583	
2024	15.6704176	0.106804841	-0.027680742	
2025	15.67766942	0.107005577	-0.027605099	
2026	15.68492123	0.107205764	-0.027529651	
2027	15.69217304	0.107405404	-0.0274544	
2028	15.69942486	0.107604498	-0.027379345	
2029	15.70667667	0.107803048	-0.027304485	
2030	15.71392848	0.108001055	-0.027229821	
2031	15.7211803	0.108198521	-0.027155352	
2032	15.72843211	0.108395446	-0.027081077	
2033	15.73568392	0.108591833	-0.027006997	
2034	15.74293573	0.108787683	-0.026933111	
2035	15.75018755	0.108982997	-0.026859418	
2036	15.75743936	0.109177776	-0.02678592	
2037	15.76469117	0.109372023	-0.026712614	
2038	15.77194299	0.109565737	-0.026639501	
2039	15.7791948	0.109758922	-0.026566581	
2040	15.78644661	0.109951578	-0.026493853	
2041	15.79369842	0.110143706	-0.026421317	
2042	15.80095024	0.110335309	-0.026348973	
2043	15.80820205	0.110526387	-0.02627682	
2044	15.81545386	0.110716941	-0.026204859	
2045	15.82270568	0.110906974	-0.026133088	
2046	15.82995749	0.111096486	-0.026061507	
2047	15.8372093	0.111285479	-0.025990116	
2048	15.84446112	0.111473955	-0.025918915	
2049	15.85171293	0.111661914	-0.025847904	
2050	15.85896474	0.111849358	-0.025777082	
2051	15.86621655	0.112036289	-0.025706448	
2052	15.87346837	0.112222707	-0.025636003	
2053	15.88072018	0.112408615	-0.025565746	
2054	15.88797199	0.112594013	-0.025495676	
2055	15.89522381	0.112778903	-0.025425794	
2056	15.90247562	0.112963286	-0.0253561	
2057	15.90972743	0.113147163	-0.025286592	
2058	15.91697924	0.113330537	-0.02521727	
2059	15.92423106	0.113513408	-0.025148135	
2060	15.93148287	0.113695777	-0.025079185	
2061	15.93873468	0.113877647	-0.02501042	
2062	15.9459865	0.114059018	-0.024941841	
2063	15.95323831	0.114239891	-0.024873446	
2064	15.96049012	0.114420269	-0.024805236	
2065	15.96774194	0.114600152	-0.02473721	
2066	15.97499375	0.114779542	-0.024669367	
2067	15.98224556	0.114958439	-0.024601708	
2068	15.98949737	0.115136846	-0.024534232	
2069	15.99674919	0.115314764	-0.024466938	
2070	16.004001	0.115492194	-0.024399826	
2071	16.01125281	0.115669136	-0.024332897	
2072	16.01850463	0.115845594	-0.024266149	
2073	16.02575644	0.116021568	-0.024199582	
2074	16.03300825	0.116197059	-0.024133196	
2075	16.04026007	0.116372068	-0.02406699	
2076	16.04751188	0.116546597	-0.024000965	
2077	16.05476369	0.116720648	-0.023935119	
2078	16.0620155	0.116894221	-0.023869452	
2079	16.06926732	0.117067318	-0.023803965	
2080	16.07651913	0.117239939	-0.023738656	
2081	16.08377094	0.117412088	-0.023673526	
2082	16.09102276	0.117583764	-0.023608573	
2083	16.09827457	0.117754969	-0.023543798	
2084	16.10552638	0.117925704	-0.0234792	
2085	16.11277819	0.118095971	-0.023414779	
2086	16.12003001	0.11826577	-0.023350535	
2087	16.12728182	0.118435104	-0.023286466	
2088	16.13453363	0.118603973	-0.023222574	
2089	16.14178545	0.118772379	-0.023158856	
2090	16.14903726	0.118940323	-0.023095314	
2091	16.15628907	0.119107805	-0.023031946	
2092	16.16354089	0.119274829	-0.022968752	
2093	16.1707927	0.119441394	-0.022905732	
2094	16.17804451	0.119607502	-0.022842885	
2095	16.18529632	0.119773154	-0.022780212	
2096	16.19254814	0.119938352	-0.022717711	
2097	16.19979995	0.120103097	-0.022655383	
2098	16.20705176	0.120267389	-0.022593226	
2099	16.21430358	0.120431231	-0.022531241	
2100	16.22155539	0.120594624	-0.022469428	
2101	16.2288072	0.120757568	-0.022407785	
2102	16.23605901	0.120920065	-0.022346312	
2103	16.24331083	0.121082116	-0.022285009	
2104	16.25056264	0.121243723	-0.022223876	
2105	16.25781445	0.121404886	-0.022162912	
2106	16.26506627	0.121565607	-0.022102117	
2107	16.27231808	0.121725888	-0.022041491	
2108	16.27956989	0.121885729	-0.021981032	
2109	16.28682171	0.122045131	-0.021920741	
2110	16.29407352	0.122204096	-0.021860618	
2111	16.30132533	0.122362625	-0.021800661	
2112	16.30857714	0.122520719	-0.02174087	
2113	16.31582896	0.12267838	-0.021681246	
2114	16.32308077	0.122835609	-0.021621788	
2115	16.33033258	0.122992406	-0.021562494	
2116	16.3375844	0.123148773	-0.021503366	
2117	16.34483621	0.123304711	-0.021444401	
2118	16.35208802	0.123460222	-0.021385601	
2119	16.35933983	0.123615306	-0.021326965	
2120	16.36659165	0.123769966	-0.021268491	
2121	16.37384346	0.123924201	-0.021210181	
2122	16.38109527	0.124078013	-0.021152033	
2123	16.38834709	0.124231404	-0.021094046	
2124	16.3955989	0.124384374	-0.021036221	
2125	16.40285071	0.124536924	-0.020978557	
2126	16.41010253	0.124689057	-0.020921054	
2127	16.41735434	0.124840772	-0.020863711	
2128	16.42460615	0.124992072	-0.020806527	
2129	16.43185796	0.125142957	-0.020749503	
2130	16.43910978	0.125293429	-0.020692638	
2131	16.44636159	0.125443488	-0.020635931	
2132	16.4536134	0.125593136	-0.020579382	
2133	16.46086522	0.125742374	-0.02052299	
2134	16.46811703	0.125891203	-0.020466755	
2135	16.47536884	0.126039624	-0.020410676	
2136	16.48262066	0.126187638	-0.020354753	
2137	16.48987247	0.126335247	-0.020298986	
2138	16.49712428	0.126482451	-0.020243374	
2139	16.50437609	0.126629252	-0.020187915	
2140	16.51162791	0.126775651	-0.020132611	
2141	16.51887972	0.126921649	-0.02007746	
2142	16.52613153	0.127067247	-0.020022461	
2143	16.53338335	0.127212447	-0.019967615	
2144	16.54063516	0.127357248	-0.01991292	
2145	16.54788697	0.127501653	-0.019858376	
2146	16.55513878	0.127645662	-0.019803982	
2147	16.5623906	0.127789277	-0.019749737	
2148	16.56964241	0.127932498	-0.019695642	
2149	16.57689422	0.128075327	-0.019641694	
2150	16.58414604	0.128217765	-0.019587894	
2151	16.59139785	0.128359813	-0.019534241	
2152	16.59864966	0.128501472	-0.019480734	
2153	16.60590148	0.128642742	-0.019427372	
2154	16.61315329	0.128783626	-0.019374154	
2155	16.6204051	0.128924124	-0.01932108	
2156	16.62765691	0.129064236	-0.019268148	
2157	16.63490873	0.129203965	-0.019215358	
2158	16.64216054	0.129343312	-0.019162708	
2159	16.64941235	0.129482276	-0.019110198	
2160	16.65666417	0.12962086	-0.019057826	
2161	16.66391598	0.129759063	-0.019005592	
2162	16.67116779	0.129896888	-0.018953494	
2163	16.6784196	0.130034336	-0.01890153	
2164	16.68567142	0.130171406	-0.018849701	
2165	16.69292323	0.1303081	-0.018798003	
2166	16.70017504	0.13044442	-0.018746436	
2167	16.70742686	0.130580366	-0.018694998	
2168	16.71467867	0.130715938	-0.018643687	
2169	16.72193048	0.130851139	-0.018592502	
2170	16.7291823	0.130985968	-0.018541441	
2171	16.73643411	0.131120427	-0.018490502	
2172	16.74368592	0.131254517	-0.018439683	
2173	16.75093773	0.131388238	-0.018388981	
2174	16.75818955	0.131521591	-0.018338394	
2175	16.76544136	0.131654578	-0.01828792	
2176	16.77269317	0.131787199	-0.018237556	
2177	16.77994499	0.131919454	-0.018187299	
2178	16.7871968	0.132051345	-0.018137147	
2179	16.79444861	0.132182872	-0.018087095	
2180	16.80170043	0.132314036	-0.018037141	
2181	16.80895224	0.132444838	-0.01798728	
2182	16.81620405	0.132575279	-0.017937509	
2183	16.82345586	0.132705358	-0.017887824	
2184	16.83070768	0.132835077	-0.01783822	
2185	16.83795949	0.132964437	-0.017788692	
2186	16.8452113	0.133093437	-0.017739236	
2187	16.85246312	0.133222079	-0.017689844	
2188	16.85971493	0.133350362	-0.017640513	
2189	16.86696674	0.133478288	-0.017591235	
2190	16.87421855	0.133605856	-0.017542004	
2191	16.88147037	0.133733067	-0.017492812	
2192	16.88872218	0.133859922	-0.017443651	
2193	16.89597399	0.13398642	-0.017394514	
2194	16.90322581	0.134112562	-0.01734539	
2195	16.91047762	0.134238347	-0.017296272	
2196	16.91772943	0.134363777	-0.017247147	
2197	16.92498125	0.13448885	-0.017198006	
2198	16.93223306	0.134613567	-0.017148836	
2199	16.93948487	0.134737927	-0.017099624	
2200	16.94673668	0.13486193	-0.017050358	
2201	16.9539885	0.134985576	-0.017001021	
2202	16.96124031	0.135108864	-0.016951598	
2203	16.96849212	0.135231794	-0.016902073	
2204	16.97574394	0.135354365	-0.016852427	
2205	16.98299575	0.135476575	-0.016802639	
2206	16.99024756	0.135598425	-0.016752691	
2207	16.99749937	0.135719912	-0.016702557	
2208	17.00475119	0.135841036	-0.016652215	
2209	17.012003	0.135961795	-0.016601638	
2210	17.01925481	0.136082187	-0.016550798	
2211	17.02650663	0.13620221	-0.016499665	
2212	17.03375844	0.136321863	-0.016448206	
2213	17.04101025	0.136441142	-0.016396386	
2214	17.04826207	0.136560046	-0.016344168	
2215	17.05551388	0.13667857	-0.016291511	
2216	17.06276569	0.136796713	-0.016238371	
2217	17.0700175	0.136914471	-0.016184703	
2218	17.07726932	0.137031839	-0.016130456	
2219	17.08452113	0.137148814	-0.016075576	
2220	17.09177294	0.137265392	-0.016020004	
2221	17.09902476	0.137381566	-0.015963679	
2222	17.10627657	0.137497331	-0.015906533	
2223	17.11352838	0.137612682	-0.015848494	
2224	17.1207802	0.137727613	-0.015789484	
2225	17.12803201	0.137842115	-0.01572942	
2226	17.13528382	0.137956182	-0.015668211	
2227	17.14253563	0.138069805	-0.015605762	
2228	17.14978745	0.138182975	-0.015541969	
2229	17.15703926	0.138295682	-0.015476719	
2230	17.16429107	0.138407917	-0.015409892	
2231	17.17154289	0.138519666	-0.01534136	
2232	17.1787947	0.138630919	-0.015270982	
2233	17.18604651	0.138741661	-0.015198611	
2234	17.19329832	0.138851879	-0.015124084	
2235	17.20055014	0.138961556	-0.01504723	
2236	17.20780195	0.139070675	-0.014967862	
2237	17.21505376	0.13917922	-0.01488578	
2238	17.22230558	0.139287169	-0.014800769	
2239	17.22955739	0.139394501	-0.014712599	
2240	17.2368092	0.139501194	-0.01462102	
2241	17.24406102	0.139607223	-0.014525765	
2242	17.25131283	0.139712561	-0.014426547	
2243	17.25856464	0.13981718	-0.014323057	
2244	17.26581645	0.139921048	-0.014214963	
2245	17.27306827	0.140024132	-0.014101908	
2246	17.28032008	0.140126396	-0.013983507	
2247	17.28757189	0.140227802	-0.013859349	
2248	17.29482371	0.140328308	-0.013728989	
2249	17.30207552	0.140427868	-0.013591951	
2250	17.30932733	0.140526434	-0.013447722	
2251	17.31657914	0.140623954	-0.013295752	
2252	17.32383096	0.140720373	-0.013135449	
2253	17.33108277	0.140815628	-0.012966177	
2254	17.33833458	0.140909657	-0.012787254	
2255	17.3455864	0.141002387	-0.012597945	
2256	17.35283821	0.141093745	-0.012397462	
2257	17.36009002	0.141183649	-0.012184959	
2258	17.36734184	0.141272013	-0.011959527	
2259	17.37459365	0.141358741	-0.01172019	
2260	17.38184546	0.141443733	-0.0114659	
2261	17.38909727	0.141526882	-0.011195532	
2262	17.39634909	0.14160807	-0.010907879	
2263	17.4036009	0.141687172	-0.010601646	
2264	17.41085271	0.141764053	-0.010275445	
2265	17.41810453	0.141838569	-0.009927784	
2266	17.42535634	0.141910563	-0.009557066	
2267	17.43260815	0.141979869	-0.009161578	
2268	17.43985996	0.142046307	-0.008739484	
2269	17.44711178	0.142109684	-0.008288819	
2270	17.45436359	0.142169793	-0.007807475	
2271	17.4616154	0.142226411	-0.007293198	
2272	17.46886722	0.1422793	-0.006743573	
2273	17.47611903	0.142328204	-0.006156018	
2274	17.48337084	0.142372846	-0.005527773	
2275	17.49062266	0.142412932	-0.004855885	
2276	17.49787447	0.142448146	-0.004137202	
2277	17.50512628	0.142478148	-0.003368357	
2278	17.51237809	0.142502575	-0.002545757	
2279	17.51962991	0.142521036	-0.00166557	
2280	17.52688172	0.142533115	-0.000723715	
2281	17.53413353	0.142538363	0.000284156	
2282	17.54138535	0.142536302	0.001362669	
2283	17.54863716	0.142526421	0.002516742	
2284	17.55588897	0.14250817	0.003751598	
2285	17.56314079	0.142480964	0.005072775	
2286	17.5703926	0.142444177	0.006486147	
2287	17.57764441	0.142397141	0.007997926	
2288	17.58489622	0.142339141	0.009614682	
2289	17.59214804	0.142269417	0.011343346	
2290	17.59939985	0.142187157	0.013191222	
2291	17.60665166	0.142091497	0.015165992	
2292	17.61390348	0.141981516	0.017275723	
2293	17.62115529	0.141856236	0.019528863	
2294	17.6284071	0.141714616	0.021934242	
2295	17.63565891	0.141555553	0.024501063	
2296	17.64291073	0.141377876	0.027238892	
2297	17.65016254	0.141180345	0.030157642	
2298	17.65741435	0.140961647	0.033267542	
2299	17.66466617	0.140720397	0.036579113	
2300	17.67191798	0.140455132	0.040103122	
2301	17.67916979	0.140164312	0.043850533	
2302	17.68642161	0.139846316	0.047832443	
2303	17.69367342	0.139499444	0.05206001	
2304	17.70092523	0.139121915	0.056544364	
2305	17.70817704	0.138711866	0.061296498	
2306	17.71542886	0.138267355	0.066327157	
2307	17.72268067	0.137786363	0.071646691	
2308	17.72993248	0.137266794	0.0772649	
2309	17.7371843	0.136706484	0.083190861	
2310	17.74443611	0.136103199	0.089432724	
2311	17.75168792	0.13545465	0.095997494	
2312	17.75893973	0.134758494	0.102890792	
2313	17.76619155	0.134012349	0.110116592	
2314	17.77344336	0.133213804	0.117676938	
2315	17.78069517	0.132360433	0.125571651	
2316	17.78794699	0.131449811	0.133798008	
2317	17.7951988	0.130479533	0.142350423	
2318	17.80245061	0.129447234	0.151220116	
2319	17.80970243	0.128350614	0.160394782	
2320	17.81695424	0.127187461	0.169858269	
2321	17.82420605	0.125955681	0.179590277	
2322	17.83145786	0.124653326	0.189566077	
2323	17.83870968	0.123278628	0.199756275	
2324	17.84596149	0.121830033	0.210126621	
2325	17.8532133	0.120306234	0.220637889	
2326	17.86046512	0.118706209	0.231245832	
2327	17.86771693	0.117029258	0.241901222	
2328	17.87496874	0.115275035	0.252550003	
2329	17.88222056	0.11344359	0.263133556	
2330	17.88947237	0.111535395	0.273589081	
2331	17.89672418	0.109551378	0.283850119	
2332	17.90397599	0.10749295	0.293847199	
2333	17.91122781	0.105362025	0.303508619	
2334	17.91847962	0.103161037	0.312761349	
2335	17.92573143	0.10089295	0.321532042	
2336	17.93298325	0.09856126	0.329748144	
2337	17.94023506	0.096169988	0.337339069	
2338	17.94748687	0.093723668	0.34423741	
2339	17.95473868	0.091227323	0.350380171	
2340	17.9619905	0.088686432	0.35570996	
2341	17.96924231	0.086106889	0.360176122	
2342	17.97649412	0.08349496	0.363735769	
2343	17.98374594	0.080857216	0.366354677	
2344	17.99099775	0.07820048	0.368008006	
2345	17.99824956	0.075531755	0.368680836	
2346	18.00550138	0.072858151	0.368368477	
2347	18.01275319	0.070186811	0.367076566	
2348	18.020005	0.067524841	0.364820919	
2349	18.02725681	0.064879228	0.361627177	
2350	18.03450863	0.062256775	0.357530227	
2351	18.04176044	0.059664033	0.352573444	
2352	18.04901225	0.057107236	0.346807769	
2353	18.05626407	0.054592251	0.340290661	
2354	18.06351588	0.052124527	0.333084956	
2355	18.07076769	0.049709057	0.325257671	
2356	18.0780195	0.047350349	0.316878791	
2357	18.08527132	0.045052403	0.308020072	
2358	18.09252313	0.042818699	0.298753887	
2359	18.09977494	0.040652192	0.289152155	
2360	18.10702676	0.038555315	0.279285358	
2361	18.11427857	0.03652999	0.269221678	
2362	18.12153038	0.034577644	0.259026246	
2363	18.1287822	0.032699234	0.248760534	
2364	18.13603401	0.03089527	0.238481866	
2365	18.14328582	0.029165844	0.228243059	
2366	18.15053763	0.027510668	0.218092185	
2367	18.15778945	0.025929104	0.208072441	
2368	18.16504126	0.024420202	0.198222121	
2369	18.17229307	0.022982732	0.188574669	
2370	18.17954489	0.021615224	0.179158812	
2371	18.1867967	0.020315997	0.169998747	
2372	18.19404851	0.019083198	0.161114383	
2373	18.20130033	0.017914827	0.152521606	
2374	18.20855214	0.016808769	0.144232586	
2375	18.21580395	0.015762821	0.136256084	
2376	18.22305576	0.014774717	0.128597773	
2377	18.23030758	0.01384215	0.121260556	
2378	18.23755939	0.012962791	0.114244884	
2379	18.2448112	0.012134309	0.107549051	
2380	18.25206302	0.011354383	0.101169486	
2381	18.25931483	0.010620721	0.095101019	
2382	18.26656664	0.009931066	0.089337139	
2383	18.27381845	0.00928321	0.083870217	
2384	18.28107027	0.008674999	0.078691723	
2385	18.28832208	0.008104341	0.073792413	
2386	18.29557389	0.007569213	0.069162498	
2387	18.30282571	0.007067659	0.064791802	
2388	18.31007752	0.006597801	0.060669886	
2389	18.31732933	0.006157834	0.056786171	
2390	18.32458115	0.005746032	0.053130032	
2391	18.33183296	0.005360743	0.049690891	
2392	18.33908477	0.005000394	0.046458282	
2393	18.34633658	0.004663487	0.043421916	
2394	18.3535884	0.004348599	0.040571728	
2395	18.36084021	0.004054381	0.037897917	
2396	18.36809202	0.003779552	0.035390982	
2397	18.37534384	0.003522903	0.03304174	
2398	18.38259565	0.003283291	0.030841347	
2399	18.38984746	0.003059635	0.02878131	
2400	18.39709927	0.002850918	0.026853493	
2401	18.40435109	0.002656182	0.025050123	
2402	18.4116029	0.002474523	0.023363787	
2403	18.41885471	0.002305093	0.021787429	
2404	18.42610653	0.002147095	0.020314347	
2405	18.43335834	0.001999779	0.018938184	
2406	18.44061015	0.001862443	0.017652919	
2407	18.44786197	0.001734427	0.016452857	
2408	18.45511378	0.001615114	0.015332618	
2409	18.46236559	0.001503925	0.014287127	
2410	18.4696174	0.001400317	0.013311599	
2411	18.47686922	0.001303784	0.012401528	
2412	18.48412103	0.00121385	0.011552675	
2413	18.49137284	0.001130073	0.010761055	
2414	18.49862466	0.001052035	0.010022925	
2415	18.50587647	0.000979351	0.009334771	
2416	18.51312828	0.000911657	0.008693295	
2417	18.5203801	0.000848615	0.008095408	
2418	18.52763191	0.000789909	0.007538212	
2419	18.53488372	0.000735243	0.007018995	
2420	18.54213553	0.000684342	0.006535218	
2421	18.54938735	0.00063695	0.006084504	
2422	18.55663916	0.000592827	0.005664631	
2423	18.56389097	0.000551748	0.005273521	
2424	18.57114279	0.000513505	0.004909231	
2425	18.5783946	0.000477904	0.004569947	
2426	18.58564641	0.000444764	0.004253972	
2427	18.59289822	0.000413915	0.003959725	
2428	18.60015004	0.0003852	0.003685726	
2429	18.60740185	0.000358472	0.003430596	
2430	18.61465366	0.000333593	0.003193047	
2431	18.62190548	0.000310438	0.002971879	
2432	18.62915729	0.000288887	0.00276597	
2433	18.6364091	0.000268828	0.002574276	
2434	18.64366092	0.00025016	0.002395822	
2435	18.65091273	0.000232786	0.0022297	
2436	18.65816454	0.000216617	0.002075062	
2437	18.66541635	0.000201569	0.001931119	
2438	18.67266817	0.000187565	0.001797135	
2439	18.67991998	0.000174532	0.001672425	
2440	18.68717179	0.000162404	0.001556349	
2441	18.69442361	0.000151118	0.001448312	
2442	18.70167542	0.000140615	0.00134776	
2443	18.70892723	0.000130841	0.001254175	
2444	18.71617904	0.000121746	0.001167078	
2445	18.72343086	0.000113283	0.001086019	
2446	18.73068267	0.000105407	0.001010581	
2447	18.73793448	9.80785E-05	0.000940376	
2448	18.7451863	9.1259E-05	0.000875041	
2449	18.75243811	8.49134E-05	0.00081424	
2450	18.75968992	7.90087E-05	0.000757658	
2451	18.76694174	7.35143E-05	0.000705004	
2452	18.77419355	6.84017E-05	0.000656005	
2453	18.78144536	6.36445E-05	0.000610408	
2454	18.78869717	5.92179E-05	0.000567977	
2455	18.79594899	5.50991E-05	0.000528494	
2456	18.8032008	5.12665E-05	0.000491752	
2457	18.81045261	4.77004E-05	0.000457563	
2458	18.81770443	4.43823E-05	0.000425749	
2459	18.82495624	4.12948E-05	0.000396145	
2460	18.83220805	3.8422E-05	0.000368598	
2461	18.83945986	3.5749E-05	0.000342966	
2462	18.84671168	3.32619E-05	0.000319115	
2463	18.85396349	3.09478E-05	0.000296921	
2464	18.8612153	2.87945E-05	0.000276271	
2465	18.86846712	2.67911E-05	0.000257055	
2466	18.87571893	2.4927E-05	0.000239176	
2467	18.88297074	2.31925E-05	0.000222539	
2468	18.89022256	2.15787E-05	0.000207059	
2469	18.89747437	2.00771E-05	0.000192656	
2470	18.90472618	1.868E-05	0.000179254	
2471	18.91197799	1.73801E-05	0.000166783	
2472	18.91922981	1.61706E-05	0.00015518	
2473	18.92648162	1.50453E-05	0.000144384	
2474	18.93373343	1.39983E-05	0.000134339	
2475	18.94098525	1.3024E-05	0.000124992	
2476	18.94823706	1.21176E-05	0.000116296	
2477	18.95548887	1.12743E-05	0.000108204	
2478	18.96274069	1.04896E-05	0.000100675	
2479	18.9699925	9.75952E-06	9.36698E-05	
2480	18.97724431	9.08025E-06	8.71519E-05	
2481	18.98449612	8.44824E-06	8.10873E-05	
2482	18.99174794	7.86021E-06	7.54447E-05	
2483	18.99899975	7.3131E-06	7.01946E-05	
2484	19.00625156	6.80406E-06	6.53097E-05	
2485	19.01350338	6.33045E-06	6.07647E-05	
2486	19.02075519	5.88979E-06	5.65359E-05	
2487	19.028007	5.4798E-06	5.26013E-05	
2488	19.03525881	5.09835E-06	4.89405E-05	
2489	19.04251063	4.74344E-06	4.55344E-05	
2490	19.04976244	4.41323E-06	4.23653E-05	
2491	19.05701425	4.10601E-06	3.94166E-05	
2492	19.06426607	3.82017E-06	3.66732E-05	
2493	19.07151788	3.55422E-06	3.41207E-05	
2494	19.07876969	3.30678E-06	3.17457E-05	
2495	19.08602151	3.07657E-06	2.95361E-05	
2496	19.09327332	2.86238E-06	2.74802E-05	
2497	19.10052513	2.6631E-06	2.55674E-05	
2498	19.10777694	2.47769E-06	2.37877E-05	
2499	19.11502876	2.30518E-06	2.21318E-05	
2500	19.12228057	2.14469E-06	2.05912E-05	
2501	19.12953238	1.99536E-06	1.91578E-05	
2502	19.1367842	1.85643E-06	1.78242E-05	
2503	19.14403601	1.72718E-06	1.65834E-05	
2504	19.15128782	1.60692E-06	1.5429E-05	
2505	19.15853963	1.49503E-06	1.43549E-05	
2506	19.16579145	1.39093E-06	1.33555E-05	
2507	19.17304326	1.29408E-06	1.24257E-05	
2508	19.18029507	1.20397E-06	1.15607E-05	
2509	19.18754689	1.12013E-06	1.07558E-05	
2510	19.1947987	1.04213E-06	1.0007E-05	
2511	19.20205051	9.69566E-07	9.31027E-06	
2512	19.20930233	9.0205E-07	8.66206E-06	
2513	19.21655414	8.39234E-07	8.05897E-06	
2514	19.22380595	7.80792E-07	7.49786E-06	
2515	19.23105776	7.26419E-07	6.97582E-06	
2516	19.23830958	6.75832E-07	6.49011E-06	
2517	19.24556139	6.28767E-07	6.03822E-06	
2518	19.2528132	5.84979E-07	5.61778E-06	
2519	19.26006502	5.4424E-07	5.22661E-06	
2520	19.26731683	5.06337E-07	4.86268E-06	
2521	19.27456864	4.71074E-07	4.52408E-06	
2522	19.28182046	4.38266E-07	4.20906E-06	
2523	19.28907227	4.07743E-07	3.91597E-06	
2524	19.29632408	3.79345E-07	3.64328E-06	
2525	19.30357589	3.52925E-07	3.38958E-06	
2526	19.31082771	3.28344E-07	3.15354E-06	
2527	19.31807952	3.05475E-07	2.93393E-06	
2528	19.32533133	2.84199E-07	2.72962E-06	
2529	19.33258315	2.64404E-07	2.53953E-06	
2530	19.33983496	2.45988E-07	2.36268E-06	
2531	19.34708677	2.28854E-07	2.19814E-06	
2532	19.35433858	2.12914E-07	2.04505E-06	
2533	19.3615904	1.98083E-07	1.90263E-06	
2534	19.36884221	1.84286E-07	1.77012E-06	
2535	19.37609402	1.71449E-07	1.64684E-06	
2536	19.38334584	1.59507E-07	1.53215E-06	
2537	19.39059765	1.48396E-07	1.42544E-06	
2538	19.39784946	1.38059E-07	1.32616E-06	
2539	19.40510128	1.28442E-07	1.2338E-06	
2540	19.41235309	1.19494E-07	1.14786E-06	
2541	19.4196049	1.1117E-07	1.06792E-06	
2542	19.42685671	1.03426E-07	9.93534E-07	
2543	19.43410853	9.62211E-08	9.24333E-07	
2544	19.44136034	8.9518E-08	8.59951E-07	
2545	19.44861215	8.32818E-08	8.00052E-07	
2546	19.45586397	7.748E-08	7.44325E-07	
2547	19.46311578	7.20823E-08	6.92479E-07	
2548	19.47036759	6.70606E-08	6.44244E-07	
2549	19.4776194	6.23886E-08	5.99368E-07	
2550	19.48487122	5.80421E-08	5.57618E-07	
2551	19.49212303	5.39984E-08	5.18775E-07	
2552	19.49937484	5.02363E-08	4.82637E-07	
2553	19.50662666	4.67363E-08	4.49017E-07	
2554	19.51387847	4.34801E-08	4.17738E-07	
2555	19.52113028	4.04508E-08	3.88637E-07	
2556	19.5283821	3.76325E-08	3.61564E-07	
2557	19.53563391	3.50105E-08	3.36376E-07	
2558	19.54288572	3.25711E-08	3.12943E-07	
2559	19.55013753	3.03017E-08	2.91142E-07	
2560	19.55738935	2.81904E-08	2.70859E-07	
2561	19.56464116	2.62262E-08	2.51989E-07	
2562	19.57189297	2.43988E-08	2.34434E-07	
2563	19.57914479	2.26987E-08	2.18101E-07	
2564	19.5863966	2.11171E-08	2.02906E-07	
2565	19.59364841	1.96457E-08	1.8877E-07	
2566	19.60090023	1.82768E-08	1.75618E-07	
2567	19.60815204	1.70032E-08	1.63383E-07	
2568	19.61540385	1.58184E-08	1.51999E-07	
2569	19.62265566	1.47161E-08	1.41409E-07	
2570	19.62990748	1.36906E-08	1.31557E-07	
2571	19.63715929	1.27366E-08	1.2239E-07	
2572	19.6444111	1.18491E-08	1.13863E-07	
2573	19.65166292	1.10234E-08	1.05929E-07	
2574	19.65891473	1.02552E-08	9.85486E-08	
2575	19.66616654	9.54052E-09	9.16819E-08	
2576	19.67341835	8.87566E-09	8.52937E-08	
2577	19.68067017	8.25712E-09	7.93505E-08	
2578	19.68792198	7.68169E-09	7.38214E-08	
2579	19.69517379	7.14635E-09	6.86774E-08	
2580	19.70242561	6.64831E-09	6.38919E-08	
2581	19.70967742	6.18498E-09	5.94398E-08	
2582	19.71692923	5.75393E-09	5.52978E-08	
2583	19.72418105	5.35292E-09	5.14445E-08	
2584	19.73143286	4.97986E-09	4.78596E-08	
2585	19.73868467	4.63279E-09	4.45245E-08	
2586	19.74593648	4.30991E-09	4.14218E-08	
2587	19.7531883	4.00952E-09	3.85352E-08	
2588	19.76044011	3.73007E-09	3.58498E-08	
2589	19.76769192	3.4701E-09	3.33515E-08	
2590	19.77494374	3.22824E-09	3.10273E-08	
2591	19.78219555	3.00323E-09	2.8865E-08	
2592	19.78944736	2.79391E-09	2.68534E-08	
2593	19.79669917	2.59917E-09	2.4982E-08	
2594	19.80395099	2.41801E-09	2.32409E-08	
2595	19.8112028	2.24947E-09	2.16212E-08	
2596	19.81845461	2.09268E-09	2.01144E-08	
2597	19.82570643	1.94681E-09	1.87125E-08	
2598	19.83295824	1.81111E-09	1.74084E-08	
2599	19.84021005	1.68487E-09	1.61951E-08	
2600	19.84746187	1.56743E-09	1.50664E-08	
2601	19.85471368	1.45817E-09	1.40163E-08	
2602	19.86196549	1.35652E-09	1.30394E-08	
2603	19.8692173	1.26197E-09	1.21306E-08	
2604	19.87646912	1.174E-09	1.12851E-08	
2605	19.88372093	1.09216E-09	1.04985E-08	
2606	19.89097274	1.01603E-09	9.76677E-09	
2607	19.89822456	9.45199E-10	9.08602E-09	
2608	19.90547637	8.79309E-10	8.4527E-09	
2609	19.91272818	8.18012E-10	7.86353E-09	
2610	19.91997999	7.60987E-10	7.31542E-09	
2611	19.92723181	7.07937E-10	6.80551E-09	
2612	19.93448362	6.58585E-10	6.33114E-09	
2613	19.94173543	6.12672E-10	5.88983E-09	
2614	19.94898725	5.6996E-10	5.47927E-09	
2615	19.95623906	5.30226E-10	5.09734E-09	
2616	19.96349087	4.93261E-10	4.74202E-09	
2617	19.97074269	4.58873E-10	4.41146E-09	
2618	19.9779945	4.26882E-10	4.10395E-09	
2619	19.98524631	3.97121E-10	3.81786E-09	
2620	19.99249812	3.69434E-10	3.55172E-09	
2621	19.99974994	3.43678E-10	3.30413E-09	
2622	20.00700175	3.19717E-10	3.07379E-09	
2623	20.01425356	2.97426E-10	2.85952E-09	
2624	20.02150538	2.76689E-10	2.66018E-09	
2625	20.02875719	2.57398E-10	2.47472E-09	
2626	20.036009	2.39452E-10	2.30221E-09	
2627	20.04326082	2.22757E-10	2.14171E-09	
2628	20.05051263	2.07226E-10	1.9924E-09	
2629	20.05776444	1.92777E-10	1.8535E-09	
2630	20.06501625	1.79336E-10	1.72428E-09	
2631	20.07226807	1.66832E-10	1.60407E-09	
2632	20.07951988	1.55199E-10	1.49224E-09	
2633	20.08677169	1.44378E-10	1.3882E-09	
2634	20.09402351	1.34311E-10	1.29142E-09	
2635	20.10127532	1.24946E-10	1.20138E-09	
2636	20.10852713	1.16234E-10	1.11762E-09	
2637	20.11577894	1.08129E-10	1.0397E-09	
2638	20.12303076	1.00589E-10	9.67213E-10	
2639	20.13028257	9.3575E-11	8.99774E-10	
2640	20.13753438	8.70501E-11	8.37044E-10	
2641	20.1447862	8.098E-11	7.78679E-10	
2642	20.15203801	7.53331E-11	7.24388E-10	
2643	20.15928982	7.008E-11	6.73883E-10	
2644	20.16654164	6.51931E-11	6.26896E-10	
2645	20.17379345	6.0647E-11	5.83184E-10	
2646	20.18104526	5.64179E-11	5.4252E-10	
2647	20.18829707	5.24836E-11	5.04692E-10	
2648	20.19554889	4.88237E-11	4.69502E-10	
2649	20.2028007	4.54189E-11	4.36764E-10	
2650	20.21005251	4.22516E-11	4.06311E-10	
2651	20.21730433	3.93051E-11	3.77981E-10	
2652	20.22455614	3.65641E-11	3.51621E-10	
2653	20.23180795	3.40142E-11	3.27106E-10	
2654	20.23905976	3.16421E-11	3.04293E-10	
2655	20.24631158	2.94354E-11	2.83076E-10	
2656	20.25356339	2.73826E-11	2.63334E-10	
2657	20.2608152	2.54729E-11	2.44971E-10	
2658	20.26806702	2.36965E-11	2.27894E-10	
2659	20.27531883	2.20438E-11	2.11998E-10	
2660	20.28257064	2.05064E-11	1.97212E-10	
2661	20.28982246	1.90763E-11	1.83464E-10	
2662	20.29707427	1.77458E-11	1.70668E-10	
2663	20.30432608	1.65082E-11	1.58764E-10	
2664	20.31157789	1.53569E-11	1.47696E-10	
2665	20.31882971	1.42858E-11	1.37397E-10	
2666	20.32608152	1.32894E-11	1.27811E-10	
2667	20.33333333	1.23626E-11	1.18899E-10	
2668	20.34058515	1.15003E-11	1.10609E-10	
2669	20.34783696	1.06982E-11	1.02895E-10	
2670	20.35508877	9.95203E-12	9.57174E-11	
2671	20.36234059	9.25791E-12	8.90448E-11	
2672	20.3695924	8.61217E-12	8.28316E-11	
2673	20.37684421	8.01149E-12	7.70576E-11	
2674	20.38409602	7.45269E-12	7.16819E-11	
2675	20.39134784	6.93286E-12	6.66791E-11	
2676	20.39859965	6.44932E-12	6.20341E-11	
2677	20.40585146	5.99946E-12	5.7706E-11	
2678	20.41310328	5.58099E-12	5.36795E-11	
2679	20.42035509	5.19171E-12	4.99394E-11	
2680	20.4276069	4.82956E-12	4.6455E-11	
2681	20.43485871	4.49268E-12	4.3211E-11	
2682	20.44211053	4.17932E-12	4.02025E-11	
2683	20.44936234	3.88778E-12	3.73935E-11	
2684	20.45661415	3.61661E-12	3.47894E-11	
2685	20.46386597	3.36432E-12	3.23645E-11	
2686	20.47111778	3.12962E-12	3.01035E-11	
2687	20.47836959	2.91132E-12	2.80013E-11	
2688	20.48562141	2.70826E-12	2.60529E-11	
2689	20.49287322	2.51933E-12	2.42325E-11	
2690	20.50012503	2.3436E-12	2.25455E-11	
2691	20.50737684	2.1801E-12	2.09713E-11	
2692	20.51462866	2.02802E-12	1.951E-11	
2693	20.52188047	1.88654E-12	1.81461E-11	
2694	20.52913228	1.75495E-12	1.68849E-11	
2695	20.5363841	1.6325E-12	1.57006E-11	
2696	20.54363591	1.51864E-12	1.46088E-11	
2697	20.55088772	1.4127E-12	1.3594E-11	
2698	20.55813953	1.31412E-12	1.26408E-11	
2699	20.56539135	1.22245E-12	1.17596E-11	
2700	20.57264316	1.13717E-12	1.094E-11	
2701	20.57989497	1.05784E-12	1.01769E-11	
2702	20.58714679	9.84039E-13	9.46527E-12	
2703	20.5943986	9.15398E-13	8.80505E-12	
2704	20.60165041	8.51546E-13	8.19631E-12	
2705	20.60890223	7.92108E-13	7.61833E-12	
2706	20.61615404	7.36861E-13	7.08672E-12	
2707	20.62340585	6.85469E-13	6.59631E-12	
2708	20.63065766	6.37634E-13	6.13676E-12	
2709	20.63790948	5.93131E-13	5.70291E-12	
2710	20.64516129	5.51775E-13	5.31034E-12	
2711	20.6524131	5.13265E-13	4.93833E-12	
2712	20.65966492	4.77454E-13	4.59207E-12	
2713	20.66691673	4.44153E-13	4.27159E-12	
2714	20.67416854	4.13176E-13	3.97692E-12	
2715	20.68142036	3.84336E-13	3.69767E-12	
2716	20.68867217	3.57521E-13	3.43905E-12	
2717	20.69592398	3.32582E-13	3.20109E-12	
2718	20.70317579	3.09368E-13	2.9786E-12	
2719	20.71042761	2.87768E-13	2.76639E-12	
2720	20.71767942	2.67707E-13	2.57486E-12	
2721	20.72493123	2.49034E-13	2.39885E-12	
2722	20.73218305	2.31638E-13	2.22793E-12	
2723	20.73943486	2.15482E-13	2.07254E-12	
2724	20.74668667	2.00452E-13	1.92748E-12	
2725	20.75393848	1.86474E-13	1.79275E-12	
2726	20.7611903	1.73474E-13	1.67358E-12	
2727	20.76844211	1.61337E-13	1.54912E-12	
2728	20.77569392	1.50103E-13	1.44545E-12	
2729	20.78294574	1.39621E-13	1.34171E-12	
2730	20.79019755	1.29891E-13	1.25356E-12	
2731	20.79744936	1.20801E-13	1.16014E-12	
2732	20.80470118	1.12388E-13	1.08232E-12	
2733	20.81195299	1.04539E-13	1.00446E-12	
2734	20.8192048	9.72546E-14	9.36987E-13	
2735	20.82645661	9.04597E-14	8.69477E-13	
2736	20.83370843	8.41544E-14	8.12371E-13	
2737	20.84096024	7.82633E-14	7.50009E-13	
2738	20.84821205	7.28243E-14	7.03281E-13	
2739	20.85546387	6.77243E-14	6.51303E-13	
2740	20.86271568	6.30011E-14	6.04519E-13	
2741	20.86996749	5.86173E-14	5.62936E-13	
2742	20.8772193	5.4535E-14	5.26556E-13	
2743	20.88447112	5.07165E-14	4.90155E-13	
2744	20.89172293	4.7162E-14	4.53733E-13	
2745	20.89897474	4.38716E-14	4.22521E-13	
2746	20.90622656	4.08076E-14	3.91292E-13	
2747	20.91347837	3.797E-14	3.65277E-13	
2748	20.92073018	3.53211E-14	3.39247E-13	
2749	20.927982	3.28609E-14	3.18436E-13	
2750	20.93523381	3.05517E-14	2.92379E-13	
2751	20.94248562	2.84314E-14	2.71544E-13	
2752	20.94973743	2.64622E-14	2.55933E-13	
2753	20.95698925	2.46062E-14	2.35076E-13	
2754	20.96424106	2.29015E-14	2.24684E-13	
2755	20.97149287	2.12721E-14	2.03808E-13	
2756	20.97874469	1.97942E-14	1.88161E-13	
2757	20.9859965	1.84296E-14	1.77746E-13	
2758	20.99324831	1.71407E-14	1.67326E-13	
2759	21.00050013	1.59272E-14	1.51657E-13	
2760	21.00775194	1.48275E-14	1.41223E-13	
2761	21.01500375	1.38033E-14	1.36029E-13	
2762	21.02225556	1.28169E-14	1.2034E-13	
2763	21.02950738	1.19442E-14	1.15136E-13	
2764	21.03675919	1.11093E-14	1.09929E-13	
2765	21.044011	1.03121E-14	9.94711E-14	
2766	21.05126282	9.59072E-15	8.90076E-14	
2767	21.05851463	8.94526E-15	8.90385E-14	
2768	21.06576644	8.29956E-15	7.85677E-14	
2769	21.07301825	7.72981E-15	7.33432E-14	
2770	21.08027007	7.19793E-15	6.81159E-14	
2771	21.08752188	6.70397E-15	6.81393E-14	
2772	21.09477369	6.20984E-15	5.76539E-14	
2773	21.10202551	5.79174E-15	5.76736E-14	
2774	21.10927732	5.3735E-15	5.24372E-14	
2775	21.11652913	4.99324E-15	4.7198E-14	
2776	21.12378095	4.65097E-15	4.19562E-14	
2777	21.13103276	4.34671E-15	4.19704E-14	
2778	21.13828457	4.04235E-15	4.19845E-14	
2779	21.14553638	3.73788E-15	3.67382E-14	
2780	21.1527882	3.47147E-15	3.14892E-14	
2781	21.16004001	3.24311E-15	3.14997E-14	
2782	21.16729182	3.01468E-15	2.62472E-14	
2783	21.17454364	2.82434E-15	3.15199E-14	
2784	21.18179545	2.59577E-15	2.10008E-14	
2785	21.18904726	2.44347E-15	2.62734E-14	
2786	21.19629907	2.25294E-15	2.10156E-14	
2787	21.20355089	2.10054E-15	2.10225E-14	
2788	21.2108027	1.94809E-15	1.57612E-14	
2789	21.21805451	1.83379E-15	2.10355E-14	
2790	21.22530633	1.68125E-15	1.57724E-14	
2791	21.23255814	1.56687E-15	1.57776E-14	
2792	21.23980995	1.45245E-15	1.05111E-14	
2793	21.24706177	1.37623E-15	1.5787E-14	
2794	21.25431358	1.26174E-15	1.05189E-14	
2795	21.26156539	1.18546E-15	1.05223E-14	
2796	21.2688172	1.10916E-15	1.05257E-14	
2797	21.27606902	1.03283E-15	1.05291E-14	
2798	21.28332083	9.56472E-16	1.05324E-14	
2799	21.29057264	8.80093E-16	1.05358E-14	
2800	21.29782446	8.0369E-16	5.26089E-15	
2801	21.30507627	7.65539E-16	5.26258E-15	
2802	21.31232808	7.27375E-16	1.05442E-14	
2803	21.31957989	6.50911E-16	5.26676E-15	
2804	21.32683171	6.12718E-16	5.26844E-15	
2805	21.33408352	5.74512E-16	5.2701E-15	
2806	21.34133533	5.36294E-16	5.27176E-15	
2807	21.34858715	4.98064E-16	5.27341E-15	
2808	21.35583896	4.59822E-16	5.27506E-15	
2809	21.36309077	4.21569E-16	5.27671E-15	
2810	21.37034259	3.83303E-16	-8.08079E-18	
2811	21.3775944	3.83362E-16	5.27917E-15	
2812	21.38484621	3.45078E-16	5.28079E-15	
2813	21.39209802	3.06783E-16	-6.41971E-18	
2814	21.39934984	3.06829E-16	5.28323E-15	
2815	21.40660165	2.68516E-16	-5.59122E-18	
2816	21.41385346	2.68557E-16	5.28565E-15	
2817	21.42110528	2.30226E-16	-4.77028E-18	
2818	21.42835709	2.30261E-16	5.28806E-15	
2819	21.4356089	1.91913E-16	-3.95683E-18	
2820	21.44286072	1.91941E-16	-3.94766E-18	
2821	21.45011253	1.9197E-16	5.29125E-15	
2822	21.45736434	1.53599E-16	-3.14353E-18	
2823	21.46461615	1.53622E-16	-3.13625E-18	
2824	21.47186797	1.53644E-16	5.29441E-15	
2825	21.47911978	1.1525E-16	-2.34132E-18	
2826	21.48637159	1.15267E-16	-2.33591E-18	
2827	21.49362341	1.15284E-16	-2.33051E-18	
2828	21.50087522	1.15301E-16	-2.32512E-18	
2829	21.50812703	1.15318E-16	5.29911E-15	
2830	21.51537884	7.68899E-17	-1.54293E-18	
2831	21.52263066	7.69011E-17	-1.53937E-18	
2832	21.52988247	7.69122E-17	-1.53582E-18	
2833	21.53713428	7.69234E-17	-1.53227E-18	
2834	21.5443861	7.69345E-17	-1.52874E-18	
2835	21.55163791	7.69456E-17	-1.52521E-18	
2836	21.55888972	7.69566E-17	5.30527E-15	
2837	21.56614154	3.84838E-17	-7.59095E-19	
2838	21.57339335	3.84893E-17	-7.57346E-19	
2839	21.58064516	3.84948E-17	-7.55602E-19	
2840	21.58789697	3.85003E-17	-7.53862E-19	
2841	21.59514879	3.85058E-17	-7.52127E-19	
2842	21.6024006	3.85112E-17	-7.50396E-19	
2843	21.60965241	3.85167E-17	-7.4867E-19	
2844	21.61690423	3.85221E-17	-7.46948E-19	
2845	21.62415604	3.85275E-17	-7.4523E-19	
2846	21.63140785	3.85329E-17	-7.43518E-19	
2847	21.63865966	3.85383E-17	-7.41809E-19	
2848	21.64591148	3.85437E-17	-7.40105E-19	
2849	21.65316329	3.85491E-17	-7.38406E-19	
2850	21.6604151	3.85544E-17	-7.3671E-19	
2851	21.66766692	3.85598E-17	5.31726E-15	
2852	21.67491873	0	0	
2853	21.68217054	0	0	
2854	21.68942236	0	0	
2855	21.69667417	0	0	
2856	21.70392598	0	0	
2857	21.71117779	0	0	
2858	21.71842961	0	0	
2859	21.72568142	0	0	
2860	21.73293323	0	0	
2861	21.74018505	0	0	
2862	21.74743686	0	0	
2863	21.75468867	0	0	
2864	21.76194049	0	0	
2865	21.7691923	0	0	
2866	21.77644411	0	0	
2867	21.78369592	0	0	
2868	21.79094774	0	0	
2869	21.79819955	0	0	
2870	21.80545136	0	0	
2871	21.81270318	0	0	
2872	21.81995499	0	0	
2873	21.8272068	0	0	
2874	21.83445861	0	0	
2875	21.84171043	0	0	
2876	21.84896224	0	0	
2877	21.85621405	0	0	
2878	21.86346587	0	0	
2879	21.87071768	0	0	
2880	21.87796949	0	0	
2881	21.88522131	0	0	
2882	21.89247312	0	0	
2883	21.89972493	0	0	
2884	21.90697674	0	0	
2885	21.91422856	0	0	
2886	21.92148037	0	0	
2887	21.92873218	0	0	
2888	21.935984	0	0	
2889	21.94323581	0	0	
2890	21.95048762	0	0	
2891	21.95773943	0	0	
2892	21.96499125	0	0	
2893	21.97224306	0	0	
2894	21.97949487	0	0	
2895	21.98674669	0	0	
2896	21.9939985	0	0	
2897	22.00125031	0	0	
2898	22.00850213	0	0	
2899	22.01575394	0	0	
2900	22.02300575	0	0	
2901	22.03025756	0	0	
2902	22.03750938	0	0	
2903	22.04476119	0	0	
2904	22.052013	0	0	
2905	22.05926482	0	0	
2906	22.06651663	0	0	
2907	22.07376844	0	0	
2908	22.08102026	0	0	
2909	22.08827207	0	0	
2910	22.09552388	0	0	
2911	22.10277569	0	0	
2912	22.11002751	0	0	
2913	22.11727932	0	0	
2914	22.12453113	0	0	
2915	22.13178295	0	0	
2916	22.13903476	0	0	
2917	22.14628657	0	0	
2918	22.15353838	0	0	
2919	22.1607902	0	0	
2920	22.16804201	0	0	
2921	22.17529382	0	0	
2922	22.18254564	0	0	
2923	22.18979745	0	0	
2924	22.19704926	0	0	
2925	22.20430108	0	0	
2926	22.21155289	0	0	
2927	22.2188047	0	0	
2928	22.22605651	0	0	
2929	22.23330833	0	0	
2930	22.24056014	0	0	
2931	22.24781195	0	0	
2932	22.25506377	0	0	
2933	22.26231558	0	0	
2934	22.26956739	0	0	
2935	22.2768192	0	0	
2936	22.28407102	0	0	
2937	22.29132283	0	0	
2938	22.29857464	0	0	
2939	22.30582646	0	0	
2940	22.31307827	0	0	
2941	22.32033008	0	0	
2942	22.3275819	0	0	
2943	22.33483371	0	0	
2944	22.34208552	0	0	
2945	22.34933733	0	0	
2946	22.35658915	0	0	
2947	22.36384096	0	0	
2948	22.37109277	0	0	
2949	22.37834459	0	0	
2950	22.3855964	0	0	
2951	22.39284821	0	0	
2952	22.40010003	0	0	
2953	22.40735184	0	0	
2954	22.41460365	0	0	
2955	22.42185546	0	0	
2956	22.42910728	0	0	
2957	22.43635909	0	0	
2958	22.4436109	0	0	
2959	22.45086272	0	0	
2960	22.45811453	0	0	
2961	22.46536634	0	0	
2962	22.47261815	0	0	
2963	22.47986997	0	0	
2964	22.48712178	0	0	
2965	22.49437359	0	0	
2966	22.50162541	0	0	
2967	22.50887722	0	0	
2968	22.51612903	0	0	
2969	22.52338085	0	0	
2970	22.53063266	0	0	
2971	22.53788447	0	0	
2972	22.54513628	0	0	
2973	22.5523881	0	0	
2974	22.55963991	0	0	
2975	22.56689172	0	0	
2976	22.57414354	0	0	
2977	22.58139535	0	0	
2978	22.58864716	0	0	
2979	22.59589897	0	0	
2980	22.60315079	0	0	
2981	22.6104026	0	0	
2982	22.61765441	0	0	
2983	22.62490623	0	0	
2984	22.63215804	0	0	
2985	22.63940985	0	0	
2986	22.64666167	0	0	
2987	22.65391348	0	0	
2988	22.66116529	0	0	
2989	22.6684171	0	0	
2990	22.67566892	0	0	
2991	22.68292073	0	0	
2992	22.69017254	0	0	
2993	22.69742436	0	0	
2994	22.70467617	0	0	
2995	22.71192798	0	0	
2996	22.71917979	0	0	
2997	22.72643161	0	0	
2998	22.73368342	0	0	
2999	22.74093523	0	0	
3000	22.74818705	0	0	
3001	22.75543886	0	0	
3002	22.76269067	0	0	
3003	22.76994249	0	0	
3004	22.7771943	0	0	
3005	22.78444611	0	0	
3006	22.79169792	0	0	
3007	22.79894974	0	0	
3008	22.80620155	0	0	
3009	22.81345336	0	0	
3010	22.82070518	0	0	
3011	22.82795699	0	0	
3012	22.8352088	0	0	
3013	22.84246062	0	0	
3014	22.84971243	0	0	
3015	22.85696424	0	0	
3016	22.86421605	0	0	
3017	22.87146787	0	0	
3018	22.87871968	0	0	
3019	22.88597149	0	0	
3020	22.89322331	0	0	
3021	22.90047512	0	0	
3022	22.90772693	0	0	
3023	22.91497874	0	0	
3024	22.92223056	0	0	
3025	22.92948237	0	0	
3026	22.93673418	0	0	
3027	22.943986	0	0	
3028	22.95123781	0	0	
3029	22.95848962	0	0	
3030	22.96574144	0	0	
3031	22.97299325	0	0	
3032	22.98024506	0	0	
3033	22.98749687	0	0	
3034	22.99474869	0	0	
3035	23.0020005	0	0	
3036	23.00925231	0	0	
3037	23.01650413	0	0	
3038	23.02375594	0	0	
3039	23.03100775	0	0	
3040	23.03825956	0	0	
3041	23.04551138	0	0	
3042	23.05276319	0	0	
3043	23.060015	0	0	
3044	23.06726682	0	0	
3045	23.07451863	0	0	
3046	23.08177044	0	0	
3047	23.08902226	0	0	
3048	23.09627407	0	0	
3049	23.10352588	0	0	
3050	23.11077769	0	0	
3051	23.11802951	0	0	
3052	23.12528132	0	0	
3053	23.13253313	0	0	
3054	23.13978495	0	0	
3055	23.14703676	0	0	
3056	23.15428857	0	0	
3057	23.16154039	0	0	
3058	23.1687922	0	0	
3059	23.17604401	0	0	
3060	23.18329582	0	0	
3061	23.19054764	0	0	
3062	23.19779945	0	0	
3063	23.20505126	0	0	
3064	23.21230308	0	0	
3065	23.21955489	0	0	
3066	23.2268067	0	0	
3067	23.23405851	0	0	
3068	23.24131033	0	0	
3069	23.24856214	0	0	
3070	23.25581395	0	0	
3071	23.26306577	0	0	
3072	23.27031758	0	0	
3073	23.27756939	0	0	
3074	23.28482121	0	0	
3075	23.29207302	0	0	
3076	23.29932483	0	0	
3077	23.30657664	0	0	
3078	23.31382846	0	0	
3079	23.32108027	0	0	
3080	23.32833208	0	0	
3081	23.3355839	0	0	
3082	23.34283571	0	0	
3083	23.35008752	0	0	
3084	23.35733933	0	0	
3085	23.36459115	0	0	
3086	23.37184296	0	0	
3087	23.37909477	0	0	
3088	23.38634659	0	0	
3089	23.3935984	0	0	
3090	23.40085021	0	0	
3091	23.40810203	0	0	
3092	23.41535384	0	0	
3093	23.42260565	0	0	
3094	23.42985746	0	0	
3095	23.43710928	0	0	
3096	23.44436109	0	0	
3097	23.4516129	0	0	
3098	23.45886472	0	0	
3099	23.46611653	0	0	
3100	23.47336834	0	0	
3101	23.48062016	0	0	
3102	23.48787197	0	0	
3103	23.49512378	0	0	
3104	23.50237559	0	0	
3105	23.50962741	0	0	
3106	23.51687922	0	0	
3107	23.52413103	0	0	
3108	23.53138285	0	0	
3109	23.53863466	0	0	
3110	23.54588647	0	0	
3111	23.55313828	0	0	
3112	23.5603901	0	0	
3113	23.56764191	0	0	
3114	23.57489372	0	0	
3115	23.58214554	0	0	
3116	23.58939735	0	0	
3117	23.59664916	0	0	
3118	23.60390098	0	0	
3119	23.61115279	0	0	
3120	23.6184046	0	0	
3121	23.62565641	0	0	
3122	23.63290823	0	0	
3123	23.64016004	0	0	
3124	23.64741185	0	0	
3125	23.65466367	0	0	
3126	23.66191548	0	0	
3127	23.66916729	0	0	
3128	23.6764191	0	0	
3129	23.68367092	0	0	
3130	23.69092273	0	0	
3131	23.69817454	0	0	
3132	23.70542636	0	0	
3133	23.71267817	0	0	
3134	23.71992998	0	0	
3135	23.7271818	0	0	
3136	23.73443361	0	0	
3137	23.74168542	0	0	
3138	23.74893723	0	0	
3139	23.75618905	0	0	
3140	23.76344086	0	0	
3141	23.77069267	0	0	
3142	23.77794449	0	0	
3143	23.7851963	0	0	
3144	23.79244811	0	0	
3145	23.79969992	0	0	
3146	23.80695174	0	0	
3147	23.81420355	0	0	
3148	23.82145536	0	0	
3149	23.82870718	0	0	
3150	23.83595899	0	0	
3151	23.8432108	0	0	
3152	23.85046262	0	0	
3153	23.85771443	0	0	
3154	23.86496624	0	0	
3155	23.87221805	0	0	
3156	23.87946987	0	0	
3157	23.88672168	0	0	
3158	23.89397349	0	0	
3159	23.90122531	0	0	
3160	23.90847712	0	0	
3161	23.91572893	0	0	
3162	23.92298075	0	0	
3163	23.93023256	0	0	
3164	23.93748437	0	0	
3165	23.94473618	0	0	
3166	23.951988	0	0	
3167	23.95923981	0	0	
3168	23.96649162	0	0	
3169	23.97374344	0	0	
3170	23.98099525	0	0	
3171	23.98824706	0	0	
3172	23.99549887	0	0	
3173	24.00275069	0	0	
3174	24.0100025	0	0	
3175	24.01725431	0	0	
3176	24.02450613	0	0	
3177	24.03175794	0	0	
3178	24.03900975	0	0	
3179	24.04626157	0	0	
3180	24.05351338	0	0	
3181	24.06076519	0	0	
3182	24.068017	0	0	
3183	24.07526882	0	0	
3184	24.08252063	0	0	
3185	24.08977244	0	0	
3186	24.09702426	0	0	
3187	24.10427607	0	0	
3188	24.11152788	0	0	
3189	24.11877969	0	0	
3190	24.12603151	0	0	
3191	24.13328332	0	0	
3192	24.14053513	0	0	
3193	24.14778695	0	0	
3194	24.15503876	0	0	
3195	24.16229057	0	0	
3196	24.16954239	0	0	
3197	24.1767942	0	0	
3198	24.18404601	0	0	
3199	24.19129782	0	0	
3200	24.19854964	0	0	
3201	24.20580145	0	0	
3202	24.21305326	0	0	
3203	24.22030508	0	0	
3204	24.22755689	0	0	
3205	24.2348087	0	0	
3206	24.24206052	0	0	
3207	24.24931233	0	0	
3208	24.25656414	0	0	
3209	24.26381595	0	0	
3210	24.27106777	0	0	
3211	24.27831958	0	0	
3212	24.28557139	0	0	
3213	24.29282321	0	0	
3214	24.30007502	0	0	
3215	24.30732683	0	0	
3216	24.31457864	0	0	
3217	24.32183046	0	0	
3218	24.32908227	0	0	
3219	24.33633408	0	0	
3220	24.3435859	0	0	
3221	24.35083771	0	0	
3222	24.35808952	0	0	
3223	24.36534134	0	0	
3224	24.37259315	0	0	
3225	24.37984496	0	0	
3226	24.38709677	0	0	
3227	24.39434859	0	0	
3228	24.4016004	0	0	
3229	24.40885221	0	0	
3230	24.41610403	0	0	
3231	24.42335584	0	0	
3232	24.43060765	0	0	
3233	24.43785946	0	0	
3234	24.44511128	0	0	
3235	24.45236309	0	0	
3236	24.4596149	0	0	
3237	24.46686672	0	0	
3238	24.47411853	0	0	
3239	24.48137034	0	0	
3240	24.48862216	0	0	
3241	24.49587397	0	0	
3242	24.50312578	0	0	
3243	24.51037759	0	0	
3244	24.51762941	0	0	
3245	24.52488122	0	0	
3246	24.53213303	0	0	
3247	24.53938485	0	0	
3248	24.54663666	0	0	
3249	24.55388847	0	0	
3250	24.56114029	0	0	
3251	24.5683921	0	0	
3252	24.57564391	0	0	
3253	24.58289572	0	0	
3254	24.59014754	0	0	
3255	24.59739935	0	0	
3256	24.60465116	0	0	
3257	24.61190298	0	0	
3258	24.61915479	0	0	
3259	24.6264066	0	0	
3260	24.63365841	0	0	
3261	24.64091023	0	0	
3262	24.64816204	0	0	
3263	24.65541385	0	0	
3264	24.66266567	0	0	
3265	24.66991748	0	0	
3266	24.67716929	0	0	
3267	24.68442111	0	0	
3268	24.69167292	0	0	
3269	24.69892473	0	0	
3270	24.70617654	0	0	
3271	24.71342836	0	0	
3272	24.72068017	0	0	
3273	24.72793198	0	0	
3274	24.7351838	0	0	
3275	24.74243561	0	0	
3276	24.74968742	0	0	
3277	24.75693923	0	0	
3278	24.76419105	0	0	
3279	24.77144286	0	0	
3280	24.77869467	0	0	
3281	24.78594649	0	0	
3282	24.7931983	0	0	
3283	24.80045011	0	0	
3284	24.80770193	0	0	
3285	24.81495374	0	0	
3286	24.82220555	0	0	
3287	24.82945736	0	0	
3288	24.83670918	0	0	
3289	24.84396099	0	0	
3290	24.8512128	0	0	
3291	24.85846462	0	0	
3292	24.86571643	0	0	
3293	24.87296824	0	0	
3294	24.88022006	0	0	
3295	24.88747187	0	0	
3296	24.89472368	0	0	
3297	24.90197549	0	0	
3298	24.90922731	0	0	
3299	24.91647912	0	0	
3300	24.92373093	0	0	
3301	24.93098275	0	0	
3302	24.93823456	0	0	
3303	24.94548637	0	0	
3304	24.95273818	0	0	
3305	24.95999	0	0	
3306	24.96724181	0	0	
3307	24.97449362	0	0	
3308	24.98174544	0	0	
3309	24.98899725	0	0	
3310	24.99624906	0	0	
3311	25.00350088	0	0	
3312	25.01075269	0	0	
3313	25.0180045	0	0	
3314	25.02525631	0	0	
3315	25.03250813	0	0	
3316	25.03975994	0	0	
3317	25.04701175	0	0	
3318	25.05426357	0	0	
3319	25.06151538	0	0	
3320	25.06876719	0	0	
3321	25.076019	0	0	
3322	25.08327082	0	0	
3323	25.09052263	0	0	
3324	25.09777444	0	0	
3325	25.10502626	0	0	
3326	25.11227807	0	0	
3327	25.11952988	0	0	
3328	25.1267817	0	0	
3329	25.13403351	0	0	
3330	25.14128532	0	0	
3331	25.14853713	0	0	
3332	25.15578895	0	0	
3333	25.16304076	0	0	
3334	25.17029257	0	0	
3335	25.17754439	0	0	
3336	25.1847962	0	0	
3337	25.19204801	0	0	
3338	25.19929982	0	0	
3339	25.20655164	0	0	
3340	25.21380345	0	0	
3341	25.22105526	0	0	
3342	25.22830708	0	0	
3343	25.23555889	0	0	
3344	25.2428107	0	0	
3345	25.25006252	0	0	
3346	25.25731433	0	0	
3347	25.26456614	0	0	
3348	25.27181795	0	0	
3349	25.27906977	0	0	
3350	25.28632158	0	0	
3351	25.29357339	0	0	
3352	25.30082521	0	0	
3353	25.30807702	0	0	
3354	25.31532883	0	0	
3355	25.32258065	0	0	
3356	25.32983246	0	0	
3357	25.33708427	0	0	
3358	25.34433608	0	0	
3359	25.3515879	0	0	
3360	25.35883971	0	0	
3361	25.36609152	0	0	
3362	25.37334334	0	0	
3363	25.38059515	0	0	
3364	25.38784696	0	0	
3365	25.39509877	0	0	
3366	25.40235059	0	0	
3367	25.4096024	0	0	
3368	25.41685421	0	0	
3369	25.42410603	0	0	
3370	25.43135784	0	0	
3371	25.43860965	0	0	
3372	25.44586147	0	0	
3373	25.45311328	0	0	
3374	25.46036509	0	0	
3375	25.4676169	0	0	
3376	25.47486872	0	0	
3377	25.48212053	0	0	
3378	25.48937234	0	0	
3379	25.49662416	0	0	
3380	25.50387597	0	0	
3381	25.51112778	0	0	
3382	25.51837959	0	0	
3383	25.52563141	0	0	
3384	25.53288322	0	0	
3385	25.54013503	0	0	
3386	25.54738685	0	0	
3387	25.55463866	0	0	
3388	25.56189047	0	0	
3389	25.56914229	0	0	
3390	25.5763941	0	0	
3391	25.58364591	0	0	
3392	25.59089772	0	0	
3393	25.59814954	0	0	
3394	25.60540135	0	0	
3395	25.61265316	0	0	
3396	25.61990498	0	0	
3397	25.62715679	0	0	
3398	25.6344086	0	0	
3399	25.64166042	0	0	
3400	25.64891223	0	0	
3401	25.65616404	0	0	
3402	25.66341585	0	0	
3403	25.67066767	0	0	
3404	25.67791948	0	0	
3405	25.68517129	0	0	
3406	25.69242311	0	0	
3407	25.69967492	0	0	
3408	25.70692673	0	0	
3409	25.71417854	0	0	
3410	25.72143036	0	0	
3411	25.72868217	0	0	
3412	25.73593398	0	0	
3413	25.7431858	0	0	
3414	25.75043761	0	0	
3415	25.75768942	0	0	
3416	25.76494124	0	0	
3417	25.77219305	0	0	
3418	25.77944486	0	0	
3419	25.78669667	0	0	
3420	25.79394849	0	0	
3421	25.8012003	0	0	
3422	25.80845211	0	0	
3423	25.81570393	0	0	
3424	25.82295574	0	0	
3425	25.83020755	0	0	
3426	25.83745936	0	0	
3427	25.84471118	0	0	
3428	25.85196299	0	0	
3429	25.8592148	0	0	
3430	25.86646662	0	0	
3431	25.87371843	0	0	
3432	25.88097024	0	0	
3433	25.88822206	0	0	
3434	25.89547387	0	0	
3435	25.90272568	0	0	
3436	25.90997749	0	0	
3437	25.91722931	0	0	
3438	25.92448112	0	0	
3439	25.93173293	0	0	
3440	25.93898475	0	0	
3441	25.94623656	0	0	
3442	25.95348837	0	0	
3443	25.96074019	0	0	
3444	25.967992	0	0	
3445	25.97524381	0	0	
3446	25.98249562	0	0	
3447	25.98974744	0	0	
3448	25.99699925	0	0	
3449	26.00425106	0	0	
3450	26.01150288	0	0	
3451	26.01875469	0	0	
3452	26.0260065	0	0	
3453	26.03325831	0	0	
3454	26.04051013	0	0	
3455	26.04776194	0	0	
3456	26.05501375	0	0	
3457	26.06226557	0	0	
3458	26.06951738	0	0	
3459	26.07676919	0	0	
3460	26.08402101	0	0	
3461	26.09127282	0	0	
3462	26.09852463	0	0	
3463	26.10577644	0	0	
3464	26.11302826	0	0	
3465	26.12028007	0	0	
3466	26.12753188	0	0	
3467	26.1347837	0	0	
3468	26.14203551	0	0	
3469	26.14928732	0	0	
3470	26.15653913	0	0	
3471	26.16379095	0	0	
3472	26.17104276	0	0	
3473	26.17829457	0	0	
3474	26.18554639	0	0	
3475	26.1927982	0	0	
3476	26.20005001	0	0	
3477	26.20730183	0	0	
3478	26.21455364	0	0	
3479	26.22180545	0	0	
3480	26.22905726	0	0	
3481	26.23630908	0	0	
3482	26.24356089	0	0	
3483	26.2508127	0	0	
3484	26.25806452	0	0	
3485	26.26531633	0	0	
3486	26.27256814	0	0	
3487	26.27981995	0	0	
3488	26.28707177	0	0	
3489	26.29432358	0	0	
3490	26.30157539	0	0	
3491	26.30882721	0	0	
3492	26.31607902	0	0	
3493	26.32333083	0	0	
3494	26.33058265	0	0	
3495	26.33783446	0	0	
3496	26.34508627	0	0	
3497	26.35233808	0	0	
3498	26.3595899	0	0	
3499	26.36684171	0	0	
3500	26.37409352	0	0	
3501	26.38134534	0	0	
3502	26.38859715	0	0	
3503	26.39584896	0	0	
3504	26.40310078	0	0	
3505	26.41035259	0	0	
3506	26.4176044	0	0	
3507	26.42485621	0	0	
3508	26.43210803	0	0	
3509	26.43935984	0	0	
3510	26.44661165	0	0	
3511	26.45386347	0	0	
3512	26.46111528	0	0	
3513	26.46836709	0	0	
3514	26.4756189	0	0	
3515	26.48287072	0	0	
3516	26.49012253	0	0	
3517	26.49737434	0	0	
3518	26.50462616	0	0	
3519	26.51187797	0	0	
3520	26.51912978	0	0	
3521	26.5263816	0	0	
3522	26.53363341	0	0	
3523	26.54088522	0	0	
3524	26.54813703	0	0	
3525	26.55538885	0	0	
3526	26.56264066	0	0	
3527	26.56989247	0	0	
3528	26.57714429	0	0	
3529	26.5843961	0	0	
3530	26.59164791	0	0	
3531	26.59889972	0	0	
3532	26.60615154	0	0	
3533	26.61340335	0	0	
3534	26.62065516	0	0	
3535	26.62790698	0	0	
3536	26.63515879	0	0	
3537	26.6424106	0	0	
3538	26.64966242	0	0	
3539	26.65691423	0	0	
3540	26.66416604	0	0	
3541	26.67141785	0	0	
3542	26.67866967	0	0	
3543	26.68592148	0	0	
3544	26.69317329	0	0	
3545	26.70042511	0	0	
3546	26.70767692	0	0	
3547	26.71492873	0	0	
3548	26.72218055	0	0	
3549	26.72943236	0	0	
3550	26.73668417	0	0	
3551	26.74393598	0	0	
3552	26.7511878	0	0	
3553	26.75843961	0	0	
3554	26.76569142	0	0	
3555	26.77294324	0	0	
3556	26.78019505	0	0	
3557	26.78744686	0	0	
3558	26.79469867	0	0	
3559	26.80195049	0	0	
3560	26.8092023	0	0	
3561	26.81645411	0	0	
3562	26.82370593	0	0	
3563	26.83095774	0	0	
3564	26.83820955	0	0	
3565	26.84546137	0	0	
3566	26.85271318	0	0	
3567	26.85996499	0	0	
3568	26.8672168	0	0	
3569	26.87446862	0	0	
3570	26.88172043	0	0	
3571	26.88897224	0	0	
3572	26.89622406	0	0	
3573	26.90347587	0	0	
3574	26.91072768	0	0	
3575	26.91797949	0	0	
3576	26.92523131	0	0	
3577	26.93248312	0	0	
3578	26.93973493	0	0	
3579	26.94698675	0	0	
3580	26.95423856	0	0	
3581	26.96149037	0	0	
3582	26.96874219	0	0	
3583	26.975994	0	0	
3584	26.98324581	0	0	
3585	26.99049762	0	0	
3586	26.99774944	0	0	
3587	27.00500125	0	0	
3588	27.01225306	0	0	
3589	27.01950488	0	0	
3590	27.02675669	0	0	
3591	27.0340085	0	0	
3592	27.04126032	0	0	
3593	27.04851213	0	0	
3594	27.05576394	0	0	
3595	27.06301575	0	0	
3596	27.07026757	0	0	
3597	27.07751938	0	0	
3598	27.08477119	0	0	
3599	27.09202301	0	0	
3600	27.09927482	0	0	
3601	27.10652663	0	0	
3602	27.11377844	0	0	
3603	27.12103026	0	0	
3604	27.12828207	0	0	
3605	27.13553388	0	0	
3606	27.1427857	0	0	
3607	27.15003751	0	0	
3608	27.15728932	0	0	
3609	27.16454114	0	0	
3610	27.17179295	0	0	
3611	27.17904476	0	0	
3612	27.18629657	0	0	
3613	27.19354839	0	0	
3614	27.2008002	0	0	
3615	27.20805201	0	0	
3616	27.21530383	0	0	
3617	27.22255564	0	0	
3618	27.22980745	0	0	
3619	27.23705926	0	0	
3620	27.24431108	0	0	
3621	27.25156289	0	0	
3622	27.2588147	0	0	
3623	27.26606652	0	0	
3624	27.27331833	0	0	
3625	27.28057014	0	0	
3626	27.28782196	0	0	
3627	27.29507377	0	0	
3628	27.30232558	0	0	
3629	27.30957739	0	0	
3630	27.31682921	0	0	
3631	27.32408102	0	0	
3632	27.33133283	0	0	
3633	27.33858465	0	0	
3634	27.34583646	0	0	
3635	27.35308827	0	0	
3636	27.36034009	0	0	
3637	27.3675919	0	0	
3638	27.37484371	0	0	
3639	27.38209552	0	0	
3640	27.38934734	0	0	
3641	27.39659915	0	0	
3642	27.40385096	0	0	
3643	27.41110278	0	0	
3644	27.41835459	0	0	
3645	27.4256064	0	0	
3646	27.43285821	0	0	
3647	27.44011003	0	0	
3648	27.44736184	0	0	
3649	27.45461365	0	0	
3650	27.46186547	0	0	
3651	27.46911728	0	0	
3652	27.47636909	0	0	
3653	27.48362091	0	0	
3654	27.49087272	0	0	
3655	27.49812453	0	0	
3656	27.50537634	0	0	
3657	27.51262816	0	0	
3658	27.51987997	0	0	
3659	27.52713178	0	0	
3660	27.5343836	0	0	
3661	27.54163541	0	0	
3662	27.54888722	0	0	
3663	27.55613903	0	0	
3664	27.56339085	0	0	
3665	27.57064266	0	0	
3666	27.57789447	0	0	
3667	27.58514629	0	0	
3668	27.5923981	0	0	
3669	27.59964991	0	0	
3670	27.60690173	0	0	
3671	27.61415354	0	0	
3672	27.62140535	0	0	
3673	27.62865716	0	0	
3674	27.63590898	0	0	
3675	27.64316079	0	0	
3676	27.6504126	0	0	
3677	27.65766442	0	0	
3678	27.66491623	0	0	
3679	27.67216804	0	0	
3680	27.67941985	0	0	
3681	27.68667167	0	0	
3682	27.69392348	0	0	
3683	27.70117529	0	0	
3684	27.70842711	0	0	
3685	27.71567892	0	0	
3686	27.72293073	0	0	
3687	27.73018255	0	0	
3688	27.73743436	0	0	
3689	27.74468617	0	0	
3690	27.75193798	0	0	
3691	27.7591898	0	0	
3692	27.76644161	0	0	
3693	27.77369342	0	0	
3694	27.78094524	0	0	
3695	27.78819705	0	0	
3696	27.79544886	0	0	
3697	27.80270068	0	0	
3698	27.80995249	0	0	
3699	27.8172043	0	0	
3700	27.82445611	0	0	
3701	27.83170793	0	0	
3702	27.83895974	0	0	
3703	27.84621155	0	0	
3704	27.85346337	0	0	
3705	27.86071518	0	0	
3706	27.86796699	0	0	
3707	27.8752188	0	0	
3708	27.88247062	0	0	
3709	27.88972243	0	0	
3710	27.89697424	0	0	
3711	27.90422606	0	0	
3712	27.91147787	0	0	
3713	27.91872968	0	0	
3714	27.9259815	0	0	
3715	27.93323331	0	0	
3716	27.94048512	0	0	
3717	27.94773693	0	0	
3718	27.95498875	0	0	
3719	27.96224056	0	0	
3720	27.96949237	0	0	
3721	27.97674419	0	0	
3722	27.983996	0	0	
3723	27.99124781	0	0	
3724	27.99849962	0	0	
3725	28.00575144	0	0	
3726	28.01300325	0	0	
3727	28.02025506	0	0	
3728	28.02750688	0	0	
3729	28.03475869	0	0	
3730	28.0420105	0	0	
3731	28.04926232	0	0	
3732	28.05651413	0	0	
3733	28.06376594	0	0	
3734	28.07101775	0	0	
3735	28.07826957	0	0	
3736	28.08552138	0	0	
3737	28.09277319	0	0	
3738	28.10002501	0	0	
3739	28.10727682	0	0	
3740	28.11452863	0	0	
3741	28.12178045	0	0	
3742	28.12903226	0	0	
3743	28.13628407	0	0	
3744	28.14353588	0	0	
3745	28.1507877	0	0	
3746	28.15803951	0	0	
3747	28.16529132	0	0	
3748	28.17254314	0	0	
3749	28.17979495	0	0	
3750	28.18704676	0	0	
3751	28.19429857	0	0	
3752	28.20155039	0	0	
3753	28.2088022	0	0	
3754	28.21605401	0	0	
3755	28.22330583	0	0	
3756	28.23055764	0	0	
3757	28.23780945	0	0	
3758	28.24506127	0	0	
3759	28.25231308	0	0	
3760	28.25956489	0	0	
3761	28.2668167	0	0	
3762	28.27406852	0	0	
3763	28.28132033	0	0	
3764	28.28857214	0	0	
3765	28.29582396	0	0	
3766	28.30307577	0	0	
3767	28.31032758	0	0	
3768	28.31757939	0	0	
3769	28.32483121	0	0	
3770	28.33208302	0	0	
3771	28.33933483	0	0	
3772	28.34658665	0	0	
3773	28.35383846	0	0	
3774	28.36109027	0	0	
3775	28.36834209	0	0	
3776	28.3755939	0	0	
3777	28.38284571	0	0	
3778	28.39009752	0	0	
3779	28.39734934	0	0	
3780	28.40460115	0	0	
3781	28.41185296	0	0	
3782	28.41910478	0	0	
3783	28.42635659	0	0	
3784	28.4336084	0	0	
3785	28.44086022	0	0	
3786	28.44811203	0	0	
3787	28.45536384	0	0	
3788	28.46261565	0	0	
3789	28.46986747	0	0	
3790	28.47711928	0	0	
3791	28.48437109	0	0	
3792	28.49162291	0	0	
3793	28.49887472	0	0	
3794	28.50612653	0	0	
3795	28.51337834	0	0	
3796	28.52063016	0	0	
3797	28.52788197	0	0	
3798	28.53513378	0	0	
3799	28.5423856	0	0	
3800	28.54963741	0	0	
3801	28.55688922	0	0	
3802	28.56414104	0	0	
3803	28.57139285	0	0	
3804	28.57864466	0	0	
3805	28.58589647	0	0	
3806	28.59314829	0	0	
3807	28.6004001	0	0	
3808	28.60765191	0	0	
3809	28.61490373	0	0	
3810	28.62215554	0	0	
3811	28.62940735	0	0	
3812	28.63665916	0	0	
3813	28.64391098	0	0	
3814	28.65116279	0	0	
3815	28.6584146	0	0	
3816	28.66566642	0	0	
3817	28.67291823	0	0	
3818	28.68017004	0	0	
3819	28.68742186	0	0	
3820	28.69467367	0	0	
3821	28.70192548	0	0	
3822	28.70917729	0	0	
3823	28.71642911	0	0	
3824	28.72368092	0	0	
3825	28.73093273	0	0	
3826	28.73818455	0	0	
3827	28.74543636	0	0	
3828	28.75268817	0	0	
3829	28.75993998	0	0	
3830	28.7671918	0	0	
3831	28.77444361	0	0	
3832	28.78169542	0	0	
3833	28.78894724	0	0	
3834	28.79619905	0	0	
3835	28.80345086	0	0	
3836	28.81070268	0	0	
3837	28.81795449	0	0	
3838	28.8252063	0	0	
3839	28.83245811	0	0	
3840	28.83970993	0	0	
3841	28.84696174	0	0	
3842	28.85421355	0	0	
3843	28.86146537	0	0	
3844	28.86871718	0	0	
3845	28.87596899	0	0	
3846	28.88322081	0	0	
3847	28.89047262	0	0	
3848	28.89772443	0	0	
3849	28.90497624	0	0	
3850	28.91222806	0	0	
3851	28.91947987	0	0	
3852	28.92673168	0	0	
3853	28.9339835	0	0	
3854	28.94123531	0	0	
3855	28.94848712	0	0	
3856	28.95573893	0	0	
3857	28.96299075	0	0	
3858	28.97024256	0	0	
3859	28.97749437	0	0	
3860	28.98474619	0	0	
3861	28.991998	0	0	
3862	28.99924981	0	0	
3863	29.00650163	0	0	
3864	29.01375344	0	0	
3865	29.02100525	0	0	
3866	29.02825706	0	0	
3867	29.03550888	0	0	
3868	29.04276069	0	0	
3869	29.0500125	0	0	
3870	29.05726432	0	0	
3871	29.06451613	0	0	
3872	29.07176794	0	0	
3873	29.07901975	0	0	
3874	29.08627157	0	0	
3875	29.09352338	0	0	
3876	29.10077519	0	0	
3877	29.10802701	0	0	
3878	29.11527882	0	0	
3879	29.12253063	0	0	
3880	29.12978245	0	0	
3881	29.13703426	0	0	
3882	29.14428607	0	0	
3883	29.15153788	0	0	
3884	29.1587897	0	0	
3885	29.16604151	0	0	
3886	29.17329332	0	0	
3887	29.18054514	0	0	
3888	29.18779695	0	0	
3889	29.19504876	0	0	
3890	29.20230058	0	0	
3891	29.20955239	0	0	
3892	29.2168042	0	0	
3893	29.22405601	0	0	
3894	29.23130783	0	0	
3895	29.23855964	0	0	
3896	29.24581145	0	0	
3897	29.25306327	0	0	
3898	29.26031508	0	0	
3899	29.26756689	0	0	
3900	29.2748187	0	0	
3901	29.28207052	0	0	
3902	29.28932233	0	0	
3903	29.29657414	0	0	
3904	29.30382596	0	0	
3905	29.31107777	0	0	
3906	29.31832958	0	0	
3907	29.3255814	0	0	
3908	29.33283321	0	0	
3909	29.34008502	0	0	
3910	29.34733683	0	0	
3911	29.35458865	0	0	
3912	29.36184046	0	0	
3913	29.36909227	0	0	
3914	29.37634409	0	0	
3915	29.3835959	0	0	
3916	29.39084771	0	0	
3917	29.39809952	0	0	
3918	29.40535134	0	0	
3919	29.41260315	0	0	
3920	29.41985496	0	0	
3921	29.42710678	0	0	
3922	29.43435859	0	0	
3923	29.4416104	0	0	
3924	29.44886222	0	0	
3925	29.45611403	0	0	
3926	29.46336584	0	0	
3927	29.47061765	0	0	
3928	29.47786947	0	0	
3929	29.48512128	0	0	
3930	29.49237309	0	0	
3931	29.49962491	0	0	
3932	29.50687672	0	0	
3933	29.51412853	0	0	
3934	29.52138035	0	0	
3935	29.52863216	0	0	
3936	29.53588397	0	0	
3937	29.54313578	0	0	
3938	29.5503876	0	0	
3939	29.55763941	0	0	
3940	29.56489122	0	0	
3941	29.57214304	0	0	
3942	29.57939485	0	0	
3943	29.58664666	0	0	
3944	29.59389847	0	0	
3945	29.60115029	0	0	
3946	29.6084021	0	0	
3947	29.61565391	0	0	
3948	29.62290573	0	0	
3949	29.63015754	0	0	
3950	29.63740935	0	0	
3951	29.64466117	0	0	
3952	29.65191298	0	0	
3953	29.65916479	0	0	
3954	29.6664166	0	0	
3955	29.67366842	0	0	
3956	29.68092023	0	0	
3957	29.68817204	0	0	
3958	29.69542386	0	0	
3959	29.70267567	0	0	
3960	29.70992748	0	0	
3961	29.71717929	0	0	
3962	29.72443111	0	0	
3963	29.73168292	0	0	
3964	29.73893473	0	0	
3965	29.74618655	0	0	
3966	29.75343836	0	0	
3967	29.76069017	0	0	
3968	29.76794199	0	0	
3969	29.7751938	0	0	
3970	29.78244561	0	0	
3971	29.78969742	0	0	
3972	29.79694924	0	0	
3973	29.80420105	0	0	
3974	29.81145286	0	0	
3975	29.81870468	0	0	
3976	29.82595649	0	0	
3977	29.8332083	0	0	
3978	29.84046012	0	0	
3979	29.84771193	0	0	
3980	29.85496374	0	0	
3981	29.86221555	0	0	
3982	29.86946737	0	0	
3983	29.87671918	0	0	
3984	29.88397099	0	0	
3985	29.89122281	0	0	
3986	29.89847462	0	0	
3987	29.90572643	0	0	
3988	29.91297824	0	0	
3989	29.92023006	0	0	
3990	29.92748187	0	0	
3991	29.93473368	0	0	
3992	29.9419855	0	0	
3993	29.94923731	0	0	
3994	29.95648912	0	0	
3995	29.96374094	0	0	
3996	29.97099275	0	0	
3997	29.97824456	0	0	
3998	29.98549637	0	0	
3999	29.99274819	0	0	
4000	30	0	0	